<?xml version="1.0" encoding="UTF-8"?>
<gpx xmlns:gpxdata="http://www.cluetrust.com/XML/GPXDATA/1/0" xmlns:xsi="http://www.w3.org/2001/XMLSchema-instance" xmlns="http://www.topografix.com/GPX/1/1" version="1.1" creator="http://ridewithgps.com/" xsi:schemaLocation="http://www.topografix.com/GPX/1/1 http://www.topografix.com/GPX/1/1/gpx.xsd http://www.cluetrust.com/XML/GPXDATA/1/0 http://www.cluetrust.com/Schemas/gpxdata10.xsd">
  <metadata>
    <name>SRRC Day 3 - King City to Paso Robles</name>
    <link href="https://ridewithgps.com/routes/34579442">
      <text>SRRC Day 3 - King City to Paso Robles</text>
    </link>
    <time>2020-11-04T13:33:42Z</time>
  </metadata>
  <trk>
    <name>SRRC Day 3 - King City to Paso Robles</name>
    <trkseg>
      <trkpt lat="36.20199" lon="-121.12889">
        <ele>96.4</ele>
      </trkpt>
      <trkpt lat="36.20207" lon="-121.12893">
        <ele>96.5</ele>
      </trkpt>
      <trkpt lat="36.20221" lon="-121.12899">
        <ele>96.7</ele>
      </trkpt>
      <trkpt lat="36.202419" lon="-121.12909">
        <ele>97.2</ele>
      </trkpt>
      <trkpt lat="36.20252" lon="-121.12914">
        <ele>97.3</ele>
      </trkpt>
      <trkpt lat="36.20284" lon="-121.12928">
        <ele>97.9</ele>
      </trkpt>
      <trkpt lat="36.20295" lon="-121.12934">
        <ele>98.1</ele>
      </trkpt>
      <trkpt lat="36.20311" lon="-121.12943">
        <ele>98.3</ele>
      </trkpt>
      <trkpt lat="36.2032" lon="-121.12948">
        <ele>98.4</ele>
      </trkpt>
      <trkpt lat="36.20328" lon="-121.12952">
        <ele>98.4</ele>
      </trkpt>
      <trkpt lat="36.20342" lon="-121.1296">
        <ele>98.4</ele>
      </trkpt>
      <trkpt lat="36.20344" lon="-121.12961">
        <ele>98.4</ele>
      </trkpt>
      <trkpt lat="36.20361" lon="-121.1297">
        <ele>98.4</ele>
      </trkpt>
      <trkpt lat="36.203719" lon="-121.12976">
        <ele>98.5</ele>
      </trkpt>
      <trkpt lat="36.203719" lon="-121.12976">
        <ele>98.5</ele>
      </trkpt>
      <trkpt lat="36.20402" lon="-121.12995">
        <ele>98.4</ele>
      </trkpt>
      <trkpt lat="36.2042" lon="-121.13006">
        <ele>98.4</ele>
      </trkpt>
      <trkpt lat="36.20452" lon="-121.13028">
        <ele>98.4</ele>
      </trkpt>
      <trkpt lat="36.20455" lon="-121.1303">
        <ele>98.4</ele>
      </trkpt>
      <trkpt lat="36.20499" lon="-121.13063">
        <ele>98.5</ele>
      </trkpt>
      <trkpt lat="36.20555" lon="-121.13109">
        <ele>98.6</ele>
      </trkpt>
      <trkpt lat="36.20604" lon="-121.13148">
        <ele>98.7</ele>
      </trkpt>
      <trkpt lat="36.20622" lon="-121.13163">
        <ele>98.7</ele>
      </trkpt>
      <trkpt lat="36.206829" lon="-121.13212">
        <ele>98.2</ele>
      </trkpt>
      <trkpt lat="36.20705" lon="-121.13229">
        <ele>98.1</ele>
      </trkpt>
      <trkpt lat="36.20709" lon="-121.13233">
        <ele>98.0</ele>
      </trkpt>
      <trkpt lat="36.20764" lon="-121.13277">
        <ele>97.7</ele>
      </trkpt>
      <trkpt lat="36.20848" lon="-121.13345">
        <ele>97.1</ele>
      </trkpt>
      <trkpt lat="36.20848" lon="-121.13345">
        <ele>97.1</ele>
      </trkpt>
      <trkpt lat="36.20836" lon="-121.13361">
        <ele>96.9</ele>
      </trkpt>
      <trkpt lat="36.20762" lon="-121.13458">
        <ele>96.2</ele>
      </trkpt>
      <trkpt lat="36.2075" lon="-121.13477">
        <ele>96.0</ele>
      </trkpt>
      <trkpt lat="36.20711" lon="-121.13526">
        <ele>95.5</ele>
      </trkpt>
      <trkpt lat="36.20688" lon="-121.13556">
        <ele>95.1</ele>
      </trkpt>
      <trkpt lat="36.20664" lon="-121.13588">
        <ele>94.9</ele>
      </trkpt>
      <trkpt lat="36.20656" lon="-121.13599">
        <ele>94.9</ele>
      </trkpt>
      <trkpt lat="36.20595" lon="-121.1368">
        <ele>94.5</ele>
      </trkpt>
      <trkpt lat="36.2058" lon="-121.137">
        <ele>94.4</ele>
      </trkpt>
      <trkpt lat="36.2057" lon="-121.13714">
        <ele>94.3</ele>
      </trkpt>
      <trkpt lat="36.20549" lon="-121.13743">
        <ele>94.1</ele>
      </trkpt>
      <trkpt lat="36.20545" lon="-121.13749">
        <ele>94.0</ele>
      </trkpt>
      <trkpt lat="36.20535" lon="-121.13761">
        <ele>93.9</ele>
      </trkpt>
      <trkpt lat="36.20526" lon="-121.13776">
        <ele>93.8</ele>
      </trkpt>
      <trkpt lat="36.20525" lon="-121.13776">
        <ele>93.8</ele>
      </trkpt>
      <trkpt lat="36.20523" lon="-121.13779">
        <ele>93.8</ele>
      </trkpt>
      <trkpt lat="36.2052" lon="-121.13783">
        <ele>93.8</ele>
      </trkpt>
      <trkpt lat="36.20517" lon="-121.13788">
        <ele>93.8</ele>
      </trkpt>
      <trkpt lat="36.20514" lon="-121.13794">
        <ele>93.7</ele>
      </trkpt>
      <trkpt lat="36.205101" lon="-121.138018">
        <ele>93.7</ele>
      </trkpt>
      <trkpt lat="36.2051" lon="-121.13802">
        <ele>93.7</ele>
      </trkpt>
      <trkpt lat="36.20508" lon="-121.13806">
        <ele>93.6</ele>
      </trkpt>
      <trkpt lat="36.20502" lon="-121.13841">
        <ele>93.5</ele>
      </trkpt>
      <trkpt lat="36.2049" lon="-121.13882">
        <ele>93.3</ele>
      </trkpt>
      <trkpt lat="36.2048" lon="-121.13911">
        <ele>93.2</ele>
      </trkpt>
      <trkpt lat="36.20478" lon="-121.13916">
        <ele>93.2</ele>
      </trkpt>
      <trkpt lat="36.20461" lon="-121.1396">
        <ele>92.9</ele>
      </trkpt>
      <trkpt lat="36.20461" lon="-121.1396">
        <ele>92.9</ele>
      </trkpt>
      <trkpt lat="36.204569" lon="-121.13971">
        <ele>92.8</ele>
      </trkpt>
      <trkpt lat="36.20455" lon="-121.13976">
        <ele>92.8</ele>
      </trkpt>
      <trkpt lat="36.204479" lon="-121.13999">
        <ele>92.7</ele>
      </trkpt>
      <trkpt lat="36.204009" lon="-121.14092">
        <ele>92.5</ele>
      </trkpt>
      <trkpt lat="36.20396" lon="-121.14104">
        <ele>92.5</ele>
      </trkpt>
      <trkpt lat="36.2039" lon="-121.14124">
        <ele>92.5</ele>
      </trkpt>
      <trkpt lat="36.20384" lon="-121.14149">
        <ele>92.4</ele>
      </trkpt>
      <trkpt lat="36.20382" lon="-121.1421">
        <ele>91.6</ele>
      </trkpt>
      <trkpt lat="36.20381" lon="-121.14242">
        <ele>88.4</ele>
      </trkpt>
      <trkpt lat="36.20381" lon="-121.142432">
        <ele>88.6</ele>
      </trkpt>
      <trkpt lat="36.20381" lon="-121.14245">
        <ele>88.8</ele>
      </trkpt>
      <trkpt lat="36.20381" lon="-121.142451">
        <ele>88.8</ele>
      </trkpt>
      <trkpt lat="36.20366" lon="-121.142484">
        <ele>86.5</ele>
      </trkpt>
      <trkpt lat="36.20366" lon="-121.142484">
        <ele>86.5</ele>
      </trkpt>
      <trkpt lat="36.202517" lon="-121.14286">
        <ele>85.0</ele>
      </trkpt>
      <trkpt lat="36.20234" lon="-121.142946">
        <ele>85.0</ele>
      </trkpt>
      <trkpt lat="36.202259" lon="-121.142995">
        <ele>85.0</ele>
      </trkpt>
      <trkpt lat="36.202165" lon="-121.143069">
        <ele>85.1</ele>
      </trkpt>
      <trkpt lat="36.202033" lon="-121.143255">
        <ele>85.4</ele>
      </trkpt>
      <trkpt lat="36.201867" lon="-121.143554">
        <ele>85.7</ele>
      </trkpt>
      <trkpt lat="36.201867" lon="-121.143554">
        <ele>85.7</ele>
      </trkpt>
      <trkpt lat="36.201299" lon="-121.14461">
        <ele>87.1</ele>
      </trkpt>
      <trkpt lat="36.20073" lon="-121.145666">
        <ele>89.2</ele>
      </trkpt>
      <trkpt lat="36.20046" lon="-121.146005">
        <ele>89.9</ele>
      </trkpt>
      <trkpt lat="36.20046" lon="-121.146005">
        <ele>89.9</ele>
      </trkpt>
      <trkpt lat="36.199115" lon="-121.147266">
        <ele>91.2</ele>
      </trkpt>
      <trkpt lat="36.198422" lon="-121.147935">
        <ele>91.7</ele>
      </trkpt>
      <trkpt lat="36.198185" lon="-121.148193">
        <ele>92.0</ele>
      </trkpt>
      <trkpt lat="36.19803" lon="-121.14837">
        <ele>92.7</ele>
      </trkpt>
      <trkpt lat="36.198" lon="-121.14834">
        <ele>92.8</ele>
      </trkpt>
      <trkpt lat="36.19796" lon="-121.14829">
        <ele>92.9</ele>
      </trkpt>
      <trkpt lat="36.19787" lon="-121.14819">
        <ele>93.5</ele>
      </trkpt>
      <trkpt lat="36.197809" lon="-121.14813">
        <ele>94.2</ele>
      </trkpt>
      <trkpt lat="36.19773" lon="-121.14804">
        <ele>94.9</ele>
      </trkpt>
      <trkpt lat="36.19759" lon="-121.1479">
        <ele>96.4</ele>
      </trkpt>
      <trkpt lat="36.19732" lon="-121.14761">
        <ele>98.6</ele>
      </trkpt>
      <trkpt lat="36.19727" lon="-121.14756">
        <ele>98.7</ele>
      </trkpt>
      <trkpt lat="36.19727" lon="-121.14756">
        <ele>98.7</ele>
      </trkpt>
      <trkpt lat="36.19719" lon="-121.14748">
        <ele>99.1</ele>
      </trkpt>
      <trkpt lat="36.19704" lon="-121.14734">
        <ele>99.4</ele>
      </trkpt>
      <trkpt lat="36.19685" lon="-121.14714">
        <ele>99.7</ele>
      </trkpt>
      <trkpt lat="36.19634" lon="-121.14663">
        <ele>100.7</ele>
      </trkpt>
      <trkpt lat="36.19595" lon="-121.14623">
        <ele>101.3</ele>
      </trkpt>
      <trkpt lat="36.1956" lon="-121.14588">
        <ele>101.8</ele>
      </trkpt>
      <trkpt lat="36.19543" lon="-121.14573">
        <ele>101.9</ele>
      </trkpt>
      <trkpt lat="36.19534" lon="-121.14564">
        <ele>102.0</ele>
      </trkpt>
      <trkpt lat="36.1952" lon="-121.14553">
        <ele>102.2</ele>
      </trkpt>
      <trkpt lat="36.19488" lon="-121.14528">
        <ele>102.2</ele>
      </trkpt>
      <trkpt lat="36.19474" lon="-121.14517">
        <ele>102.1</ele>
      </trkpt>
      <trkpt lat="36.19464" lon="-121.14511">
        <ele>102.1</ele>
      </trkpt>
      <trkpt lat="36.19455" lon="-121.14504">
        <ele>102.0</ele>
      </trkpt>
      <trkpt lat="36.19448" lon="-121.14499">
        <ele>101.9</ele>
      </trkpt>
      <trkpt lat="36.19431" lon="-121.14488">
        <ele>101.8</ele>
      </trkpt>
      <trkpt lat="36.19417" lon="-121.1448">
        <ele>101.8</ele>
      </trkpt>
      <trkpt lat="36.19394" lon="-121.14468">
        <ele>101.7</ele>
      </trkpt>
      <trkpt lat="36.19359" lon="-121.14452">
        <ele>101.1</ele>
      </trkpt>
      <trkpt lat="36.19355" lon="-121.1445">
        <ele>101.0</ele>
      </trkpt>
      <trkpt lat="36.19317" lon="-121.14435">
        <ele>100.8</ele>
      </trkpt>
      <trkpt lat="36.19291" lon="-121.14423">
        <ele>100.7</ele>
      </trkpt>
      <trkpt lat="36.1923" lon="-121.14398">
        <ele>98.9</ele>
      </trkpt>
      <trkpt lat="36.19094" lon="-121.14342">
        <ele>105.8</ele>
      </trkpt>
      <trkpt lat="36.18943" lon="-121.14273">
        <ele>106.6</ele>
      </trkpt>
      <trkpt lat="36.18874" lon="-121.14226">
        <ele>107.0</ele>
      </trkpt>
      <trkpt lat="36.18791" lon="-121.1415">
        <ele>107.1</ele>
      </trkpt>
      <trkpt lat="36.1852" lon="-121.13842">
        <ele>108.6</ele>
      </trkpt>
      <trkpt lat="36.183929" lon="-121.137">
        <ele>107.5</ele>
      </trkpt>
      <trkpt lat="36.18389" lon="-121.13696">
        <ele>107.4</ele>
      </trkpt>
      <trkpt lat="36.18315" lon="-121.13625">
        <ele>106.2</ele>
      </trkpt>
      <trkpt lat="36.18234" lon="-121.13562">
        <ele>105.1</ele>
      </trkpt>
      <trkpt lat="36.18202" lon="-121.1354">
        <ele>104.9</ele>
      </trkpt>
      <trkpt lat="36.18164" lon="-121.13516">
        <ele>104.7</ele>
      </trkpt>
      <trkpt lat="36.1813" lon="-121.13497">
        <ele>103.2</ele>
      </trkpt>
      <trkpt lat="36.18095" lon="-121.13479">
        <ele>102.8</ele>
      </trkpt>
      <trkpt lat="36.18056" lon="-121.13461">
        <ele>102.8</ele>
      </trkpt>
      <trkpt lat="36.17994" lon="-121.13434">
        <ele>102.8</ele>
      </trkpt>
      <trkpt lat="36.17918" lon="-121.13401">
        <ele>103.0</ele>
      </trkpt>
      <trkpt lat="36.17793" lon="-121.13346">
        <ele>103.8</ele>
      </trkpt>
      <trkpt lat="36.17668" lon="-121.13291">
        <ele>105.1</ele>
      </trkpt>
      <trkpt lat="36.17583" lon="-121.13254">
        <ele>106.0</ele>
      </trkpt>
      <trkpt lat="36.17405" lon="-121.13177">
        <ele>107.4</ele>
      </trkpt>
      <trkpt lat="36.173609" lon="-121.13157">
        <ele>107.6</ele>
      </trkpt>
      <trkpt lat="36.17319" lon="-121.13139">
        <ele>107.8</ele>
      </trkpt>
      <trkpt lat="36.17222" lon="-121.13097">
        <ele>109.2</ele>
      </trkpt>
      <trkpt lat="36.1717" lon="-121.13077">
        <ele>110.0</ele>
      </trkpt>
      <trkpt lat="36.17133" lon="-121.13066">
        <ele>109.3</ele>
      </trkpt>
      <trkpt lat="36.17095" lon="-121.13055">
        <ele>109.2</ele>
      </trkpt>
      <trkpt lat="36.17072" lon="-121.1305">
        <ele>109.1</ele>
      </trkpt>
      <trkpt lat="36.17046" lon="-121.13045">
        <ele>108.8</ele>
      </trkpt>
      <trkpt lat="36.17027" lon="-121.13042">
        <ele>108.6</ele>
      </trkpt>
      <trkpt lat="36.16998" lon="-121.13038">
        <ele>108.2</ele>
      </trkpt>
      <trkpt lat="36.16979" lon="-121.13036">
        <ele>108.0</ele>
      </trkpt>
      <trkpt lat="36.16944" lon="-121.13034">
        <ele>108.2</ele>
      </trkpt>
      <trkpt lat="36.1693" lon="-121.13033">
        <ele>108.7</ele>
      </trkpt>
      <trkpt lat="36.16909" lon="-121.13033">
        <ele>109.4</ele>
      </trkpt>
      <trkpt lat="36.16876" lon="-121.13034">
        <ele>111.7</ele>
      </trkpt>
      <trkpt lat="36.16854" lon="-121.13035">
        <ele>113.5</ele>
      </trkpt>
      <trkpt lat="36.16829" lon="-121.13037">
        <ele>114.6</ele>
      </trkpt>
      <trkpt lat="36.16809" lon="-121.13039">
        <ele>115.0</ele>
      </trkpt>
      <trkpt lat="36.16789" lon="-121.13043">
        <ele>115.2</ele>
      </trkpt>
      <trkpt lat="36.16776" lon="-121.13045">
        <ele>115.3</ele>
      </trkpt>
      <trkpt lat="36.16755" lon="-121.13049">
        <ele>115.2</ele>
      </trkpt>
      <trkpt lat="36.16739" lon="-121.13052">
        <ele>115.1</ele>
      </trkpt>
      <trkpt lat="36.16724" lon="-121.13055">
        <ele>115.1</ele>
      </trkpt>
      <trkpt lat="36.16687" lon="-121.13066">
        <ele>114.9</ele>
      </trkpt>
      <trkpt lat="36.1666" lon="-121.13074">
        <ele>114.4</ele>
      </trkpt>
      <trkpt lat="36.16614" lon="-121.13091">
        <ele>114.0</ele>
      </trkpt>
      <trkpt lat="36.16589" lon="-121.13101">
        <ele>114.0</ele>
      </trkpt>
      <trkpt lat="36.16543" lon="-121.1312">
        <ele>114.6</ele>
      </trkpt>
      <trkpt lat="36.16516" lon="-121.13131">
        <ele>115.2</ele>
      </trkpt>
      <trkpt lat="36.16477" lon="-121.13147">
        <ele>116.0</ele>
      </trkpt>
      <trkpt lat="36.16446" lon="-121.13159">
        <ele>116.2</ele>
      </trkpt>
      <trkpt lat="36.164319" lon="-121.13164">
        <ele>116.3</ele>
      </trkpt>
      <trkpt lat="36.16418" lon="-121.13168">
        <ele>116.3</ele>
      </trkpt>
      <trkpt lat="36.16393" lon="-121.13176">
        <ele>117.5</ele>
      </trkpt>
      <trkpt lat="36.16367" lon="-121.13183">
        <ele>119.3</ele>
      </trkpt>
      <trkpt lat="36.1635" lon="-121.13186">
        <ele>119.6</ele>
      </trkpt>
      <trkpt lat="36.16332" lon="-121.1319">
        <ele>119.9</ele>
      </trkpt>
      <trkpt lat="36.16302" lon="-121.13195">
        <ele>120.1</ele>
      </trkpt>
      <trkpt lat="36.16272" lon="-121.13198">
        <ele>120.0</ele>
      </trkpt>
      <trkpt lat="36.16239" lon="-121.132">
        <ele>119.6</ele>
      </trkpt>
      <trkpt lat="36.16217" lon="-121.13201">
        <ele>119.3</ele>
      </trkpt>
      <trkpt lat="36.16192" lon="-121.13201">
        <ele>118.9</ele>
      </trkpt>
      <trkpt lat="36.16149" lon="-121.13199">
        <ele>118.3</ele>
      </trkpt>
      <trkpt lat="36.161119" lon="-121.13193">
        <ele>118.1</ele>
      </trkpt>
      <trkpt lat="36.16073" lon="-121.13186">
        <ele>118.5</ele>
      </trkpt>
      <trkpt lat="36.16034" lon="-121.13177">
        <ele>119.5</ele>
      </trkpt>
      <trkpt lat="36.15979" lon="-121.13163">
        <ele>121.4</ele>
      </trkpt>
      <trkpt lat="36.15817" lon="-121.13121">
        <ele>127.1</ele>
      </trkpt>
      <trkpt lat="36.15773" lon="-121.13109">
        <ele>126.9</ele>
      </trkpt>
      <trkpt lat="36.15594" lon="-121.13062">
        <ele>126.5</ele>
      </trkpt>
      <trkpt lat="36.15556" lon="-121.13051">
        <ele>126.4</ele>
      </trkpt>
      <trkpt lat="36.15522" lon="-121.1304">
        <ele>126.4</ele>
      </trkpt>
      <trkpt lat="36.154829" lon="-121.13027">
        <ele>126.5</ele>
      </trkpt>
      <trkpt lat="36.15446" lon="-121.13014">
        <ele>127.1</ele>
      </trkpt>
      <trkpt lat="36.15354" lon="-121.12981">
        <ele>126.7</ele>
      </trkpt>
      <trkpt lat="36.1533" lon="-121.12972">
        <ele>126.9</ele>
      </trkpt>
      <trkpt lat="36.1527" lon="-121.12949">
        <ele>129.0</ele>
      </trkpt>
      <trkpt lat="36.15213" lon="-121.12929">
        <ele>129.2</ele>
      </trkpt>
      <trkpt lat="36.15146" lon="-121.12904">
        <ele>130.0</ele>
      </trkpt>
      <trkpt lat="36.15083" lon="-121.12881">
        <ele>130.4</ele>
      </trkpt>
      <trkpt lat="36.15062" lon="-121.12874">
        <ele>130.3</ele>
      </trkpt>
      <trkpt lat="36.15011" lon="-121.12855">
        <ele>131.4</ele>
      </trkpt>
      <trkpt lat="36.149009" lon="-121.12815">
        <ele>134.9</ele>
      </trkpt>
      <trkpt lat="36.14873" lon="-121.12805">
        <ele>135.4</ele>
      </trkpt>
      <trkpt lat="36.14842" lon="-121.12795">
        <ele>135.7</ele>
      </trkpt>
      <trkpt lat="36.14815" lon="-121.12786">
        <ele>136.1</ele>
      </trkpt>
      <trkpt lat="36.14787" lon="-121.12779">
        <ele>136.6</ele>
      </trkpt>
      <trkpt lat="36.14753" lon="-121.1277">
        <ele>137.5</ele>
      </trkpt>
      <trkpt lat="36.14712" lon="-121.1276">
        <ele>138.6</ele>
      </trkpt>
      <trkpt lat="36.14692" lon="-121.12756">
        <ele>138.9</ele>
      </trkpt>
      <trkpt lat="36.14669" lon="-121.12752">
        <ele>139.2</ele>
      </trkpt>
      <trkpt lat="36.1464" lon="-121.12747">
        <ele>139.7</ele>
      </trkpt>
      <trkpt lat="36.14619" lon="-121.12744">
        <ele>140.2</ele>
      </trkpt>
      <trkpt lat="36.14599" lon="-121.12742">
        <ele>141.0</ele>
      </trkpt>
      <trkpt lat="36.14497" lon="-121.12729">
        <ele>141.9</ele>
      </trkpt>
      <trkpt lat="36.14446" lon="-121.12722">
        <ele>142.0</ele>
      </trkpt>
      <trkpt lat="36.14388" lon="-121.12715">
        <ele>142.2</ele>
      </trkpt>
      <trkpt lat="36.14363" lon="-121.12713">
        <ele>142.4</ele>
      </trkpt>
      <trkpt lat="36.14334" lon="-121.12711">
        <ele>143.0</ele>
      </trkpt>
      <trkpt lat="36.14288" lon="-121.1271">
        <ele>146.6</ele>
      </trkpt>
      <trkpt lat="36.142629" lon="-121.1271">
        <ele>147.2</ele>
      </trkpt>
      <trkpt lat="36.14225" lon="-121.12711">
        <ele>147.7</ele>
      </trkpt>
      <trkpt lat="36.14204" lon="-121.12713">
        <ele>148.0</ele>
      </trkpt>
      <trkpt lat="36.14172" lon="-121.12715">
        <ele>148.2</ele>
      </trkpt>
      <trkpt lat="36.14126" lon="-121.12721">
        <ele>148.1</ele>
      </trkpt>
      <trkpt lat="36.14086" lon="-121.12727">
        <ele>148.1</ele>
      </trkpt>
      <trkpt lat="36.14056" lon="-121.12733">
        <ele>148.1</ele>
      </trkpt>
      <trkpt lat="36.14006" lon="-121.12744">
        <ele>148.3</ele>
      </trkpt>
      <trkpt lat="36.13961" lon="-121.12756">
        <ele>148.5</ele>
      </trkpt>
      <trkpt lat="36.13901" lon="-121.12775">
        <ele>148.2</ele>
      </trkpt>
      <trkpt lat="36.13853" lon="-121.1279">
        <ele>148.4</ele>
      </trkpt>
      <trkpt lat="36.13796" lon="-121.1281">
        <ele>149.1</ele>
      </trkpt>
      <trkpt lat="36.13736" lon="-121.1283">
        <ele>148.9</ele>
      </trkpt>
      <trkpt lat="36.1372" lon="-121.12835">
        <ele>148.8</ele>
      </trkpt>
      <trkpt lat="36.1366" lon="-121.12852">
        <ele>148.9</ele>
      </trkpt>
      <trkpt lat="36.13609" lon="-121.12865">
        <ele>150.1</ele>
      </trkpt>
      <trkpt lat="36.13557" lon="-121.12877">
        <ele>151.3</ele>
      </trkpt>
      <trkpt lat="36.13507" lon="-121.12887">
        <ele>152.0</ele>
      </trkpt>
      <trkpt lat="36.13485" lon="-121.1289">
        <ele>152.1</ele>
      </trkpt>
      <trkpt lat="36.13441" lon="-121.12897">
        <ele>152.8</ele>
      </trkpt>
      <trkpt lat="36.13385" lon="-121.12904">
        <ele>153.3</ele>
      </trkpt>
      <trkpt lat="36.1333" lon="-121.12909">
        <ele>155.5</ele>
      </trkpt>
      <trkpt lat="36.13275" lon="-121.12912">
        <ele>157.1</ele>
      </trkpt>
      <trkpt lat="36.13221" lon="-121.12913">
        <ele>157.8</ele>
      </trkpt>
      <trkpt lat="36.13168" lon="-121.12913">
        <ele>158.1</ele>
      </trkpt>
      <trkpt lat="36.13133" lon="-121.12912">
        <ele>158.2</ele>
      </trkpt>
      <trkpt lat="36.13092" lon="-121.12909">
        <ele>158.3</ele>
      </trkpt>
      <trkpt lat="36.13058" lon="-121.12906">
        <ele>158.4</ele>
      </trkpt>
      <trkpt lat="36.13018" lon="-121.12902">
        <ele>158.8</ele>
      </trkpt>
      <trkpt lat="36.12933" lon="-121.12893">
        <ele>160.2</ele>
      </trkpt>
      <trkpt lat="36.1283" lon="-121.1288">
        <ele>160.4</ele>
      </trkpt>
      <trkpt lat="36.127809" lon="-121.12875">
        <ele>160.1</ele>
      </trkpt>
      <trkpt lat="36.12751" lon="-121.12872">
        <ele>160.2</ele>
      </trkpt>
      <trkpt lat="36.12615" lon="-121.12857">
        <ele>164.1</ele>
      </trkpt>
      <trkpt lat="36.12458" lon="-121.12839">
        <ele>165.3</ele>
      </trkpt>
      <trkpt lat="36.123399" lon="-121.12826">
        <ele>166.0</ele>
      </trkpt>
      <trkpt lat="36.122459" lon="-121.12815">
        <ele>166.5</ele>
      </trkpt>
      <trkpt lat="36.122" lon="-121.12811">
        <ele>168.4</ele>
      </trkpt>
      <trkpt lat="36.12154" lon="-121.12809">
        <ele>169.9</ele>
      </trkpt>
      <trkpt lat="36.12115" lon="-121.12809">
        <ele>170.9</ele>
      </trkpt>
      <trkpt lat="36.12072" lon="-121.1281">
        <ele>174.2</ele>
      </trkpt>
      <trkpt lat="36.12028" lon="-121.12813">
        <ele>176.4</ele>
      </trkpt>
      <trkpt lat="36.11985" lon="-121.12817">
        <ele>176.1</ele>
      </trkpt>
      <trkpt lat="36.11936" lon="-121.12823">
        <ele>175.9</ele>
      </trkpt>
      <trkpt lat="36.11894" lon="-121.12828">
        <ele>176.0</ele>
      </trkpt>
      <trkpt lat="36.11854" lon="-121.12833">
        <ele>176.3</ele>
      </trkpt>
      <trkpt lat="36.11808" lon="-121.12839">
        <ele>176.6</ele>
      </trkpt>
      <trkpt lat="36.11764" lon="-121.12844">
        <ele>176.6</ele>
      </trkpt>
      <trkpt lat="36.11712" lon="-121.1285">
        <ele>176.7</ele>
      </trkpt>
      <trkpt lat="36.11666" lon="-121.12856">
        <ele>177.0</ele>
      </trkpt>
      <trkpt lat="36.1161" lon="-121.12862">
        <ele>177.0</ele>
      </trkpt>
      <trkpt lat="36.11571" lon="-121.12868">
        <ele>178.4</ele>
      </trkpt>
      <trkpt lat="36.11557" lon="-121.12869">
        <ele>180.9</ele>
      </trkpt>
      <trkpt lat="36.11504" lon="-121.12876">
        <ele>183.1</ele>
      </trkpt>
      <trkpt lat="36.11482" lon="-121.12878">
        <ele>183.0</ele>
      </trkpt>
      <trkpt lat="36.11428" lon="-121.12885">
        <ele>183.0</ele>
      </trkpt>
      <trkpt lat="36.11407" lon="-121.12888">
        <ele>183.1</ele>
      </trkpt>
      <trkpt lat="36.11385" lon="-121.12893">
        <ele>183.2</ele>
      </trkpt>
      <trkpt lat="36.11351" lon="-121.12902">
        <ele>183.4</ele>
      </trkpt>
      <trkpt lat="36.11344" lon="-121.12904">
        <ele>183.5</ele>
      </trkpt>
      <trkpt lat="36.11311" lon="-121.12917">
        <ele>184.4</ele>
      </trkpt>
      <trkpt lat="36.11287" lon="-121.12928">
        <ele>185.8</ele>
      </trkpt>
      <trkpt lat="36.11263" lon="-121.12941">
        <ele>186.0</ele>
      </trkpt>
      <trkpt lat="36.11242" lon="-121.12953">
        <ele>185.3</ele>
      </trkpt>
      <trkpt lat="36.11218" lon="-121.12969">
        <ele>185.3</ele>
      </trkpt>
      <trkpt lat="36.11198" lon="-121.12984">
        <ele>186.1</ele>
      </trkpt>
      <trkpt lat="36.11177" lon="-121.13">
        <ele>187.1</ele>
      </trkpt>
      <trkpt lat="36.111579" lon="-121.13017">
        <ele>187.3</ele>
      </trkpt>
      <trkpt lat="36.11132" lon="-121.13042">
        <ele>187.3</ele>
      </trkpt>
      <trkpt lat="36.11109" lon="-121.13068">
        <ele>187.3</ele>
      </trkpt>
      <trkpt lat="36.11094" lon="-121.13087">
        <ele>187.5</ele>
      </trkpt>
      <trkpt lat="36.11069" lon="-121.13121">
        <ele>187.7</ele>
      </trkpt>
      <trkpt lat="36.11051" lon="-121.13149">
        <ele>188.5</ele>
      </trkpt>
      <trkpt lat="36.11029" lon="-121.13185">
        <ele>190.0</ele>
      </trkpt>
      <trkpt lat="36.109969" lon="-121.13235">
        <ele>190.4</ele>
      </trkpt>
      <trkpt lat="36.10966" lon="-121.13287">
        <ele>193.4</ele>
      </trkpt>
      <trkpt lat="36.10933" lon="-121.13339">
        <ele>192.3</ele>
      </trkpt>
      <trkpt lat="36.10904" lon="-121.13385">
        <ele>192.7</ele>
      </trkpt>
      <trkpt lat="36.10874" lon="-121.13434">
        <ele>195.5</ele>
      </trkpt>
      <trkpt lat="36.10846" lon="-121.1348">
        <ele>196.1</ele>
      </trkpt>
      <trkpt lat="36.10816" lon="-121.13526">
        <ele>196.9</ele>
      </trkpt>
      <trkpt lat="36.10785" lon="-121.13572">
        <ele>197.1</ele>
      </trkpt>
      <trkpt lat="36.10757" lon="-121.13612">
        <ele>197.0</ele>
      </trkpt>
      <trkpt lat="36.10743" lon="-121.1363">
        <ele>197.6</ele>
      </trkpt>
      <trkpt lat="36.10723" lon="-121.13656">
        <ele>198.5</ele>
      </trkpt>
      <trkpt lat="36.10692" lon="-121.13695">
        <ele>201.3</ele>
      </trkpt>
      <trkpt lat="36.10656" lon="-121.13741">
        <ele>202.2</ele>
      </trkpt>
      <trkpt lat="36.106229" lon="-121.13783">
        <ele>202.2</ele>
      </trkpt>
      <trkpt lat="36.10592" lon="-121.13822">
        <ele>202.3</ele>
      </trkpt>
      <trkpt lat="36.10561" lon="-121.1386">
        <ele>202.8</ele>
      </trkpt>
      <trkpt lat="36.10528" lon="-121.13902">
        <ele>206.2</ele>
      </trkpt>
      <trkpt lat="36.10496" lon="-121.13946">
        <ele>208.2</ele>
      </trkpt>
      <trkpt lat="36.10467" lon="-121.13985">
        <ele>208.3</ele>
      </trkpt>
      <trkpt lat="36.10436" lon="-121.1403">
        <ele>210.2</ele>
      </trkpt>
      <trkpt lat="36.10405" lon="-121.14079">
        <ele>210.8</ele>
      </trkpt>
      <trkpt lat="36.10373" lon="-121.14128">
        <ele>209.8</ele>
      </trkpt>
      <trkpt lat="36.103409" lon="-121.14183">
        <ele>209.8</ele>
      </trkpt>
      <trkpt lat="36.10309" lon="-121.14238">
        <ele>210.2</ele>
      </trkpt>
      <trkpt lat="36.1027" lon="-121.14304">
        <ele>211.7</ele>
      </trkpt>
      <trkpt lat="36.10234" lon="-121.14364">
        <ele>214.4</ele>
      </trkpt>
      <trkpt lat="36.10203" lon="-121.14419">
        <ele>214.4</ele>
      </trkpt>
      <trkpt lat="36.10172" lon="-121.14476">
        <ele>215.0</ele>
      </trkpt>
      <trkpt lat="36.10138" lon="-121.14542">
        <ele>218.6</ele>
      </trkpt>
      <trkpt lat="36.10117" lon="-121.14586">
        <ele>220.5</ele>
      </trkpt>
      <trkpt lat="36.10084" lon="-121.14658">
        <ele>220.6</ele>
      </trkpt>
      <trkpt lat="36.10066" lon="-121.14701">
        <ele>221.2</ele>
      </trkpt>
      <trkpt lat="36.10044" lon="-121.14754">
        <ele>222.2</ele>
      </trkpt>
      <trkpt lat="36.10032" lon="-121.14785">
        <ele>224.1</ele>
      </trkpt>
      <trkpt lat="36.1001" lon="-121.14845">
        <ele>225.1</ele>
      </trkpt>
      <trkpt lat="36.099939" lon="-121.14892">
        <ele>225.1</ele>
      </trkpt>
      <trkpt lat="36.0998" lon="-121.14935">
        <ele>225.0</ele>
      </trkpt>
      <trkpt lat="36.09957" lon="-121.15006">
        <ele>225.3</ele>
      </trkpt>
      <trkpt lat="36.09943" lon="-121.15058">
        <ele>226.7</ele>
      </trkpt>
      <trkpt lat="36.09934" lon="-121.1509">
        <ele>226.9</ele>
      </trkpt>
      <trkpt lat="36.09929" lon="-121.15112">
        <ele>227.4</ele>
      </trkpt>
      <trkpt lat="36.09922" lon="-121.15142">
        <ele>227.6</ele>
      </trkpt>
      <trkpt lat="36.09913" lon="-121.15178">
        <ele>228.5</ele>
      </trkpt>
      <trkpt lat="36.09913" lon="-121.15178">
        <ele>228.5</ele>
      </trkpt>
      <trkpt lat="36.09869" lon="-121.15369">
        <ele>232.9</ele>
      </trkpt>
      <trkpt lat="36.09863" lon="-121.15395">
        <ele>233.6</ele>
      </trkpt>
      <trkpt lat="36.09747" lon="-121.15899">
        <ele>243.4</ele>
      </trkpt>
      <trkpt lat="36.09708" lon="-121.16016">
        <ele>244.6</ele>
      </trkpt>
      <trkpt lat="36.09671" lon="-121.16099">
        <ele>246.6</ele>
      </trkpt>
      <trkpt lat="36.0965" lon="-121.16141">
        <ele>245.7</ele>
      </trkpt>
      <trkpt lat="36.09626" lon="-121.16176">
        <ele>246.4</ele>
      </trkpt>
      <trkpt lat="36.0954" lon="-121.1629">
        <ele>250.9</ele>
      </trkpt>
      <trkpt lat="36.09433" lon="-121.16426">
        <ele>255.2</ele>
      </trkpt>
      <trkpt lat="36.09409" lon="-121.16455">
        <ele>254.2</ele>
      </trkpt>
      <trkpt lat="36.09392" lon="-121.16478">
        <ele>253.5</ele>
      </trkpt>
      <trkpt lat="36.09373" lon="-121.16504">
        <ele>254.5</ele>
      </trkpt>
      <trkpt lat="36.09332" lon="-121.16559">
        <ele>251.9</ele>
      </trkpt>
      <trkpt lat="36.09301" lon="-121.16608">
        <ele>254.0</ele>
      </trkpt>
      <trkpt lat="36.09279" lon="-121.16647">
        <ele>258.2</ele>
      </trkpt>
      <trkpt lat="36.09237" lon="-121.1672">
        <ele>263.0</ele>
      </trkpt>
      <trkpt lat="36.0915" lon="-121.16875">
        <ele>267.6</ele>
      </trkpt>
      <trkpt lat="36.09129" lon="-121.1691">
        <ele>268.2</ele>
      </trkpt>
      <trkpt lat="36.09106" lon="-121.16947">
        <ele>269.0</ele>
      </trkpt>
      <trkpt lat="36.09084" lon="-121.16976">
        <ele>268.6</ele>
      </trkpt>
      <trkpt lat="36.09067" lon="-121.16996">
        <ele>268.7</ele>
      </trkpt>
      <trkpt lat="36.09053" lon="-121.17014">
        <ele>269.1</ele>
      </trkpt>
      <trkpt lat="36.09032" lon="-121.17035">
        <ele>271.0</ele>
      </trkpt>
      <trkpt lat="36.09014" lon="-121.17052">
        <ele>271.5</ele>
      </trkpt>
      <trkpt lat="36.08992" lon="-121.1707">
        <ele>272.0</ele>
      </trkpt>
      <trkpt lat="36.08955" lon="-121.17098">
        <ele>274.4</ele>
      </trkpt>
      <trkpt lat="36.08836" lon="-121.17184">
        <ele>290.2</ele>
      </trkpt>
      <trkpt lat="36.08724" lon="-121.1726">
        <ele>291.4</ele>
      </trkpt>
      <trkpt lat="36.08669" lon="-121.173">
        <ele>298.2</ele>
      </trkpt>
      <trkpt lat="36.08627" lon="-121.17332">
        <ele>302.5</ele>
      </trkpt>
      <trkpt lat="36.08576" lon="-121.17374">
        <ele>312.1</ele>
      </trkpt>
      <trkpt lat="36.08519" lon="-121.17427">
        <ele>314.8</ele>
      </trkpt>
      <trkpt lat="36.08502" lon="-121.17442">
        <ele>313.6</ele>
      </trkpt>
      <trkpt lat="36.08477" lon="-121.17467">
        <ele>305.5</ele>
      </trkpt>
      <trkpt lat="36.0847" lon="-121.17475">
        <ele>305.2</ele>
      </trkpt>
      <trkpt lat="36.0847" lon="-121.17475">
        <ele>305.2</ele>
      </trkpt>
      <trkpt lat="36.084449" lon="-121.17502">
        <ele>306.6</ele>
      </trkpt>
      <trkpt lat="36.08425" lon="-121.17526">
        <ele>324.0</ele>
      </trkpt>
      <trkpt lat="36.08323" lon="-121.17642">
        <ele>334.3</ele>
      </trkpt>
      <trkpt lat="36.08216" lon="-121.17765">
        <ele>357.7</ele>
      </trkpt>
      <trkpt lat="36.08191" lon="-121.17793">
        <ele>361.1</ele>
      </trkpt>
      <trkpt lat="36.08159" lon="-121.17821">
        <ele>365.3</ele>
      </trkpt>
      <trkpt lat="36.08142" lon="-121.17836">
        <ele>367.4</ele>
      </trkpt>
      <trkpt lat="36.08106" lon="-121.17863">
        <ele>368.3</ele>
      </trkpt>
      <trkpt lat="36.08086" lon="-121.17876">
        <ele>369.0</ele>
      </trkpt>
      <trkpt lat="36.08049" lon="-121.17897">
        <ele>373.1</ele>
      </trkpt>
      <trkpt lat="36.0803" lon="-121.17906">
        <ele>380.1</ele>
      </trkpt>
      <trkpt lat="36.08001" lon="-121.17919">
        <ele>385.5</ele>
      </trkpt>
      <trkpt lat="36.07975" lon="-121.17928">
        <ele>390.0</ele>
      </trkpt>
      <trkpt lat="36.07958" lon="-121.17933">
        <ele>392.5</ele>
      </trkpt>
      <trkpt lat="36.07932" lon="-121.1794">
        <ele>394.0</ele>
      </trkpt>
      <trkpt lat="36.07906" lon="-121.17945">
        <ele>396.3</ele>
      </trkpt>
      <trkpt lat="36.07885" lon="-121.17948">
        <ele>400.2</ele>
      </trkpt>
      <trkpt lat="36.07867" lon="-121.17949">
        <ele>400.4</ele>
      </trkpt>
      <trkpt lat="36.07857" lon="-121.17949">
        <ele>399.6</ele>
      </trkpt>
      <trkpt lat="36.0782" lon="-121.1795">
        <ele>409.1</ele>
      </trkpt>
      <trkpt lat="36.07778" lon="-121.1795">
        <ele>431.5</ele>
      </trkpt>
      <trkpt lat="36.07767" lon="-121.17949">
        <ele>433.7</ele>
      </trkpt>
      <trkpt lat="36.07654" lon="-121.17944">
        <ele>448.1</ele>
      </trkpt>
      <trkpt lat="36.07616" lon="-121.17942">
        <ele>449.9</ele>
      </trkpt>
      <trkpt lat="36.075719" lon="-121.17939">
        <ele>449.7</ele>
      </trkpt>
      <trkpt lat="36.07533" lon="-121.17937">
        <ele>450.9</ele>
      </trkpt>
      <trkpt lat="36.07518" lon="-121.17937">
        <ele>450.5</ele>
      </trkpt>
      <trkpt lat="36.07489" lon="-121.17936">
        <ele>445.8</ele>
      </trkpt>
      <trkpt lat="36.07452" lon="-121.17938">
        <ele>440.1</ele>
      </trkpt>
      <trkpt lat="36.074219" lon="-121.17944">
        <ele>439.6</ele>
      </trkpt>
      <trkpt lat="36.07392" lon="-121.17953">
        <ele>437.2</ele>
      </trkpt>
      <trkpt lat="36.07365" lon="-121.17964">
        <ele>434.0</ele>
      </trkpt>
      <trkpt lat="36.0735" lon="-121.1797">
        <ele>434.1</ele>
      </trkpt>
      <trkpt lat="36.07329" lon="-121.17983">
        <ele>433.9</ele>
      </trkpt>
      <trkpt lat="36.07298" lon="-121.18003">
        <ele>433.2</ele>
      </trkpt>
      <trkpt lat="36.07276" lon="-121.1802">
        <ele>428.5</ele>
      </trkpt>
      <trkpt lat="36.07256" lon="-121.18038">
        <ele>427.8</ele>
      </trkpt>
      <trkpt lat="36.07219" lon="-121.18076">
        <ele>424.9</ele>
      </trkpt>
      <trkpt lat="36.07116" lon="-121.1819">
        <ele>418.7</ele>
      </trkpt>
      <trkpt lat="36.07047" lon="-121.18265">
        <ele>417.9</ele>
      </trkpt>
      <trkpt lat="36.06993" lon="-121.18325">
        <ele>415.0</ele>
      </trkpt>
      <trkpt lat="36.069809" lon="-121.18337">
        <ele>414.6</ele>
      </trkpt>
      <trkpt lat="36.06965" lon="-121.18353">
        <ele>414.7</ele>
      </trkpt>
      <trkpt lat="36.06952" lon="-121.18363">
        <ele>414.8</ele>
      </trkpt>
      <trkpt lat="36.06922" lon="-121.18386">
        <ele>413.6</ele>
      </trkpt>
      <trkpt lat="36.06905" lon="-121.18394">
        <ele>414.0</ele>
      </trkpt>
      <trkpt lat="36.06889" lon="-121.18404">
        <ele>414.2</ele>
      </trkpt>
      <trkpt lat="36.06868" lon="-121.18413">
        <ele>413.8</ele>
      </trkpt>
      <trkpt lat="36.068399" lon="-121.18424">
        <ele>413.1</ele>
      </trkpt>
      <trkpt lat="36.06832" lon="-121.18426">
        <ele>412.9</ele>
      </trkpt>
      <trkpt lat="36.06817" lon="-121.1843">
        <ele>412.4</ele>
      </trkpt>
      <trkpt lat="36.06789" lon="-121.18436">
        <ele>409.5</ele>
      </trkpt>
      <trkpt lat="36.0677" lon="-121.18438">
        <ele>409.4</ele>
      </trkpt>
      <trkpt lat="36.06684" lon="-121.18446">
        <ele>407.6</ele>
      </trkpt>
      <trkpt lat="36.06665" lon="-121.18447">
        <ele>407.2</ele>
      </trkpt>
      <trkpt lat="36.06665" lon="-121.18448">
        <ele>407.0</ele>
      </trkpt>
      <trkpt lat="36.06363" lon="-121.18474">
        <ele>397.3</ele>
      </trkpt>
      <trkpt lat="36.06284" lon="-121.18481">
        <ele>395.9</ele>
      </trkpt>
      <trkpt lat="36.06223" lon="-121.18486">
        <ele>395.4</ele>
      </trkpt>
      <trkpt lat="36.06209" lon="-121.18486">
        <ele>395.2</ele>
      </trkpt>
      <trkpt lat="36.06194" lon="-121.18486">
        <ele>394.7</ele>
      </trkpt>
      <trkpt lat="36.06168" lon="-121.18485">
        <ele>392.0</ele>
      </trkpt>
      <trkpt lat="36.06151" lon="-121.18483">
        <ele>391.1</ele>
      </trkpt>
      <trkpt lat="36.06134" lon="-121.18481">
        <ele>391.1</ele>
      </trkpt>
      <trkpt lat="36.06112" lon="-121.18476">
        <ele>391.2</ele>
      </trkpt>
      <trkpt lat="36.06088" lon="-121.18471">
        <ele>390.8</ele>
      </trkpt>
      <trkpt lat="36.06066" lon="-121.18465">
        <ele>390.4</ele>
      </trkpt>
      <trkpt lat="36.06044" lon="-121.18458">
        <ele>390.1</ele>
      </trkpt>
      <trkpt lat="36.06027" lon="-121.18451">
        <ele>389.9</ele>
      </trkpt>
      <trkpt lat="36.06006" lon="-121.18442">
        <ele>389.5</ele>
      </trkpt>
      <trkpt lat="36.05993" lon="-121.18435">
        <ele>389.3</ele>
      </trkpt>
      <trkpt lat="36.05978" lon="-121.18427">
        <ele>389.0</ele>
      </trkpt>
      <trkpt lat="36.05927" lon="-121.18398">
        <ele>384.9</ele>
      </trkpt>
      <trkpt lat="36.05891" lon="-121.18376">
        <ele>385.0</ele>
      </trkpt>
      <trkpt lat="36.05814" lon="-121.18331">
        <ele>384.0</ele>
      </trkpt>
      <trkpt lat="36.05724" lon="-121.18281">
        <ele>384.1</ele>
      </trkpt>
      <trkpt lat="36.05687" lon="-121.18264">
        <ele>379.4</ele>
      </trkpt>
      <trkpt lat="36.05661" lon="-121.18255">
        <ele>379.1</ele>
      </trkpt>
      <trkpt lat="36.05628" lon="-121.18245">
        <ele>378.8</ele>
      </trkpt>
      <trkpt lat="36.05617" lon="-121.18242">
        <ele>378.8</ele>
      </trkpt>
      <trkpt lat="36.055459" lon="-121.18223">
        <ele>377.5</ele>
      </trkpt>
      <trkpt lat="36.05455" lon="-121.18199">
        <ele>377.3</ele>
      </trkpt>
      <trkpt lat="36.05406" lon="-121.18187">
        <ele>377.2</ele>
      </trkpt>
      <trkpt lat="36.05384" lon="-121.18181">
        <ele>377.7</ele>
      </trkpt>
      <trkpt lat="36.05354" lon="-121.18174">
        <ele>377.4</ele>
      </trkpt>
      <trkpt lat="36.05323" lon="-121.18168">
        <ele>377.0</ele>
      </trkpt>
      <trkpt lat="36.053019" lon="-121.18165">
        <ele>376.6</ele>
      </trkpt>
      <trkpt lat="36.05261" lon="-121.18162">
        <ele>375.2</ele>
      </trkpt>
      <trkpt lat="36.05247" lon="-121.18161">
        <ele>374.7</ele>
      </trkpt>
      <trkpt lat="36.05194" lon="-121.18161">
        <ele>371.9</ele>
      </trkpt>
      <trkpt lat="36.05173" lon="-121.18161">
        <ele>371.4</ele>
      </trkpt>
      <trkpt lat="36.05156" lon="-121.18163">
        <ele>371.1</ele>
      </trkpt>
      <trkpt lat="36.05134" lon="-121.18165">
        <ele>370.7</ele>
      </trkpt>
      <trkpt lat="36.05103" lon="-121.1817">
        <ele>369.8</ele>
      </trkpt>
      <trkpt lat="36.05078" lon="-121.18175">
        <ele>369.7</ele>
      </trkpt>
      <trkpt lat="36.05056" lon="-121.1818">
        <ele>369.3</ele>
      </trkpt>
      <trkpt lat="36.05025" lon="-121.18188">
        <ele>369.0</ele>
      </trkpt>
      <trkpt lat="36.05" lon="-121.18196">
        <ele>368.6</ele>
      </trkpt>
      <trkpt lat="36.04976" lon="-121.18205">
        <ele>368.2</ele>
      </trkpt>
      <trkpt lat="36.04895" lon="-121.18238">
        <ele>367.2</ele>
      </trkpt>
      <trkpt lat="36.048699" lon="-121.18247">
        <ele>366.9</ele>
      </trkpt>
      <trkpt lat="36.04846" lon="-121.18255">
        <ele>366.8</ele>
      </trkpt>
      <trkpt lat="36.04811" lon="-121.18266">
        <ele>366.7</ele>
      </trkpt>
      <trkpt lat="36.04782" lon="-121.18273">
        <ele>366.7</ele>
      </trkpt>
      <trkpt lat="36.04749" lon="-121.1828">
        <ele>366.7</ele>
      </trkpt>
      <trkpt lat="36.04716" lon="-121.18286">
        <ele>366.7</ele>
      </trkpt>
      <trkpt lat="36.04685" lon="-121.18291">
        <ele>365.8</ele>
      </trkpt>
      <trkpt lat="36.04665" lon="-121.18292">
        <ele>363.0</ele>
      </trkpt>
      <trkpt lat="36.04647" lon="-121.18294">
        <ele>362.4</ele>
      </trkpt>
      <trkpt lat="36.04609" lon="-121.18296">
        <ele>361.6</ele>
      </trkpt>
      <trkpt lat="36.04578" lon="-121.18296">
        <ele>361.1</ele>
      </trkpt>
      <trkpt lat="36.04552" lon="-121.18296">
        <ele>361.1</ele>
      </trkpt>
      <trkpt lat="36.04528" lon="-121.18293">
        <ele>360.8</ele>
      </trkpt>
      <trkpt lat="36.04501" lon="-121.18291">
        <ele>360.8</ele>
      </trkpt>
      <trkpt lat="36.04464" lon="-121.18287">
        <ele>360.6</ele>
      </trkpt>
      <trkpt lat="36.04425" lon="-121.1828">
        <ele>360.4</ele>
      </trkpt>
      <trkpt lat="36.043999" lon="-121.18274">
        <ele>360.3</ele>
      </trkpt>
      <trkpt lat="36.04386" lon="-121.18271">
        <ele>360.3</ele>
      </trkpt>
      <trkpt lat="36.04363" lon="-121.18265">
        <ele>356.5</ele>
      </trkpt>
      <trkpt lat="36.04286" lon="-121.1824">
        <ele>354.6</ele>
      </trkpt>
      <trkpt lat="36.04225" lon="-121.1822">
        <ele>354.8</ele>
      </trkpt>
      <trkpt lat="36.04192" lon="-121.18209">
        <ele>354.4</ele>
      </trkpt>
      <trkpt lat="36.04174" lon="-121.18203">
        <ele>353.7</ele>
      </trkpt>
      <trkpt lat="36.04152" lon="-121.18196">
        <ele>353.4</ele>
      </trkpt>
      <trkpt lat="36.03976" lon="-121.18138">
        <ele>352.2</ele>
      </trkpt>
      <trkpt lat="36.039119" lon="-121.18117">
        <ele>351.1</ele>
      </trkpt>
      <trkpt lat="36.03897" lon="-121.18111">
        <ele>350.7</ele>
      </trkpt>
      <trkpt lat="36.03866" lon="-121.18099">
        <ele>349.8</ele>
      </trkpt>
      <trkpt lat="36.03843" lon="-121.18089">
        <ele>349.5</ele>
      </trkpt>
      <trkpt lat="36.0382" lon="-121.18079">
        <ele>348.9</ele>
      </trkpt>
      <trkpt lat="36.03812" lon="-121.18075">
        <ele>348.9</ele>
      </trkpt>
      <trkpt lat="36.03805" lon="-121.18071">
        <ele>348.9</ele>
      </trkpt>
      <trkpt lat="36.03789" lon="-121.18063">
        <ele>348.8</ele>
      </trkpt>
      <trkpt lat="36.03773" lon="-121.18055">
        <ele>348.4</ele>
      </trkpt>
      <trkpt lat="36.037529" lon="-121.18044">
        <ele>348.4</ele>
      </trkpt>
      <trkpt lat="36.0375" lon="-121.18042">
        <ele>348.4</ele>
      </trkpt>
      <trkpt lat="36.03734" lon="-121.18032">
        <ele>348.4</ele>
      </trkpt>
      <trkpt lat="36.03675" lon="-121.17994">
        <ele>348.0</ele>
      </trkpt>
      <trkpt lat="36.03569" lon="-121.17927">
        <ele>346.7</ele>
      </trkpt>
      <trkpt lat="36.03499" lon="-121.17882">
        <ele>346.5</ele>
      </trkpt>
      <trkpt lat="36.03464" lon="-121.17861">
        <ele>345.5</ele>
      </trkpt>
      <trkpt lat="36.03446" lon="-121.1785">
        <ele>345.0</ele>
      </trkpt>
      <trkpt lat="36.03426" lon="-121.17839">
        <ele>343.7</ele>
      </trkpt>
      <trkpt lat="36.03413" lon="-121.17831">
        <ele>342.3</ele>
      </trkpt>
      <trkpt lat="36.03404" lon="-121.17826">
        <ele>342.1</ele>
      </trkpt>
      <trkpt lat="36.03396" lon="-121.17822">
        <ele>342.0</ele>
      </trkpt>
      <trkpt lat="36.03365" lon="-121.17808">
        <ele>341.9</ele>
      </trkpt>
      <trkpt lat="36.03342" lon="-121.17799">
        <ele>341.9</ele>
      </trkpt>
      <trkpt lat="36.03316" lon="-121.1779">
        <ele>341.9</ele>
      </trkpt>
      <trkpt lat="36.03293" lon="-121.17782">
        <ele>341.8</ele>
      </trkpt>
      <trkpt lat="36.032559" lon="-121.17772">
        <ele>341.8</ele>
      </trkpt>
      <trkpt lat="36.03224" lon="-121.17765">
        <ele>341.7</ele>
      </trkpt>
      <trkpt lat="36.03199" lon="-121.17761">
        <ele>341.7</ele>
      </trkpt>
      <trkpt lat="36.03187" lon="-121.17759">
        <ele>341.6</ele>
      </trkpt>
      <trkpt lat="36.03178" lon="-121.17757">
        <ele>341.6</ele>
      </trkpt>
      <trkpt lat="36.03173" lon="-121.17757">
        <ele>341.6</ele>
      </trkpt>
      <trkpt lat="36.03164" lon="-121.17756">
        <ele>341.6</ele>
      </trkpt>
      <trkpt lat="36.0314" lon="-121.17754">
        <ele>341.6</ele>
      </trkpt>
      <trkpt lat="36.03117" lon="-121.17753">
        <ele>341.5</ele>
      </trkpt>
      <trkpt lat="36.03099" lon="-121.17753">
        <ele>341.6</ele>
      </trkpt>
      <trkpt lat="36.03036" lon="-121.17754">
        <ele>341.6</ele>
      </trkpt>
      <trkpt lat="36.0295" lon="-121.17756">
        <ele>339.8</ele>
      </trkpt>
      <trkpt lat="36.02705" lon="-121.17762">
        <ele>336.1</ele>
      </trkpt>
      <trkpt lat="36.02499" lon="-121.17768">
        <ele>335.6</ele>
      </trkpt>
      <trkpt lat="36.02487" lon="-121.17768">
        <ele>335.6</ele>
      </trkpt>
      <trkpt lat="36.02476" lon="-121.17769">
        <ele>335.6</ele>
      </trkpt>
      <trkpt lat="36.02413" lon="-121.1777">
        <ele>335.8</ele>
      </trkpt>
      <trkpt lat="36.02347" lon="-121.17772">
        <ele>335.9</ele>
      </trkpt>
      <trkpt lat="36.02323" lon="-121.17774">
        <ele>336.0</ele>
      </trkpt>
      <trkpt lat="36.02278" lon="-121.17777">
        <ele>336.0</ele>
      </trkpt>
      <trkpt lat="36.0225" lon="-121.1778">
        <ele>336.1</ele>
      </trkpt>
      <trkpt lat="36.02207" lon="-121.17786">
        <ele>337.0</ele>
      </trkpt>
      <trkpt lat="36.0217" lon="-121.17791">
        <ele>336.8</ele>
      </trkpt>
      <trkpt lat="36.02154" lon="-121.17794">
        <ele>336.4</ele>
      </trkpt>
      <trkpt lat="36.02055" lon="-121.1781">
        <ele>336.3</ele>
      </trkpt>
      <trkpt lat="36.02042" lon="-121.17813">
        <ele>336.3</ele>
      </trkpt>
      <trkpt lat="36.02032" lon="-121.17814">
        <ele>336.3</ele>
      </trkpt>
      <trkpt lat="36.01982" lon="-121.17822">
        <ele>336.3</ele>
      </trkpt>
      <trkpt lat="36.01919" lon="-121.17833">
        <ele>336.2</ele>
      </trkpt>
      <trkpt lat="36.01822" lon="-121.17849">
        <ele>335.2</ele>
      </trkpt>
      <trkpt lat="36.01778" lon="-121.17857">
        <ele>334.9</ele>
      </trkpt>
      <trkpt lat="36.01748" lon="-121.17862">
        <ele>334.8</ele>
      </trkpt>
      <trkpt lat="36.01712" lon="-121.17868">
        <ele>334.8</ele>
      </trkpt>
      <trkpt lat="36.01668" lon="-121.17875">
        <ele>334.7</ele>
      </trkpt>
      <trkpt lat="36.01573" lon="-121.17891">
        <ele>334.7</ele>
      </trkpt>
      <trkpt lat="36.01421" lon="-121.17916">
        <ele>334.8</ele>
      </trkpt>
      <trkpt lat="36.01411" lon="-121.17918">
        <ele>334.7</ele>
      </trkpt>
      <trkpt lat="36.01096" lon="-121.1797">
        <ele>329.9</ele>
      </trkpt>
      <trkpt lat="36.01045" lon="-121.17978">
        <ele>329.9</ele>
      </trkpt>
      <trkpt lat="36.00993" lon="-121.17987">
        <ele>329.9</ele>
      </trkpt>
      <trkpt lat="36.00927" lon="-121.17998">
        <ele>329.9</ele>
      </trkpt>
      <trkpt lat="36.00877" lon="-121.18006">
        <ele>329.9</ele>
      </trkpt>
      <trkpt lat="36.00827" lon="-121.18015">
        <ele>329.8</ele>
      </trkpt>
      <trkpt lat="36.00788" lon="-121.1802">
        <ele>328.8</ele>
      </trkpt>
      <trkpt lat="36.00762" lon="-121.18022">
        <ele>326.9</ele>
      </trkpt>
      <trkpt lat="36.00743" lon="-121.18024">
        <ele>326.1</ele>
      </trkpt>
      <trkpt lat="36.00714" lon="-121.18024">
        <ele>325.7</ele>
      </trkpt>
      <trkpt lat="36.0069" lon="-121.18024">
        <ele>325.8</ele>
      </trkpt>
      <trkpt lat="36.00664" lon="-121.18023">
        <ele>325.9</ele>
      </trkpt>
      <trkpt lat="36.00643" lon="-121.18021">
        <ele>325.9</ele>
      </trkpt>
      <trkpt lat="36.00623" lon="-121.18019">
        <ele>326.5</ele>
      </trkpt>
      <trkpt lat="36.00597" lon="-121.18016">
        <ele>327.8</ele>
      </trkpt>
      <trkpt lat="36.005809" lon="-121.18013">
        <ele>327.3</ele>
      </trkpt>
      <trkpt lat="36.00567" lon="-121.1801">
        <ele>325.7</ele>
      </trkpt>
      <trkpt lat="36.005429" lon="-121.18005">
        <ele>325.0</ele>
      </trkpt>
      <trkpt lat="36.00524" lon="-121.18">
        <ele>325.3</ele>
      </trkpt>
      <trkpt lat="36.00377" lon="-121.17965">
        <ele>326.7</ele>
      </trkpt>
      <trkpt lat="36.00261" lon="-121.17938">
        <ele>324.9</ele>
      </trkpt>
      <trkpt lat="36.00199" lon="-121.17923">
        <ele>325.5</ele>
      </trkpt>
      <trkpt lat="36.00161" lon="-121.17914">
        <ele>325.6</ele>
      </trkpt>
      <trkpt lat="36.00139" lon="-121.17909">
        <ele>325.2</ele>
      </trkpt>
      <trkpt lat="36.00116" lon="-121.17904">
        <ele>324.9</ele>
      </trkpt>
      <trkpt lat="36.00098" lon="-121.179">
        <ele>324.8</ele>
      </trkpt>
      <trkpt lat="36.00082" lon="-121.17898">
        <ele>324.9</ele>
      </trkpt>
      <trkpt lat="36.00059" lon="-121.17895">
        <ele>325.0</ele>
      </trkpt>
      <trkpt lat="36.000369" lon="-121.17893">
        <ele>325.6</ele>
      </trkpt>
      <trkpt lat="36.00011" lon="-121.17891">
        <ele>326.7</ele>
      </trkpt>
      <trkpt lat="35.99993" lon="-121.17891">
        <ele>327.1</ele>
      </trkpt>
      <trkpt lat="35.99971" lon="-121.17891">
        <ele>327.2</ele>
      </trkpt>
      <trkpt lat="35.99944" lon="-121.17892">
        <ele>327.0</ele>
      </trkpt>
      <trkpt lat="35.99921" lon="-121.17893">
        <ele>326.0</ele>
      </trkpt>
      <trkpt lat="35.99895" lon="-121.17896">
        <ele>323.4</ele>
      </trkpt>
      <trkpt lat="35.99871" lon="-121.17899">
        <ele>323.0</ele>
      </trkpt>
      <trkpt lat="35.99832" lon="-121.17907">
        <ele>323.6</ele>
      </trkpt>
      <trkpt lat="35.99767" lon="-121.17922">
        <ele>323.3</ele>
      </trkpt>
      <trkpt lat="35.99673" lon="-121.17945">
        <ele>322.6</ele>
      </trkpt>
      <trkpt lat="35.99636" lon="-121.17953">
        <ele>322.2</ele>
      </trkpt>
      <trkpt lat="35.99601" lon="-121.17959">
        <ele>321.9</ele>
      </trkpt>
      <trkpt lat="35.99571" lon="-121.17963">
        <ele>321.9</ele>
      </trkpt>
      <trkpt lat="35.99535" lon="-121.17968">
        <ele>322.2</ele>
      </trkpt>
      <trkpt lat="35.994929" lon="-121.17972">
        <ele>322.7</ele>
      </trkpt>
      <trkpt lat="35.99477" lon="-121.17973">
        <ele>322.8</ele>
      </trkpt>
      <trkpt lat="35.99454" lon="-121.17974">
        <ele>322.0</ele>
      </trkpt>
      <trkpt lat="35.99428" lon="-121.17975">
        <ele>320.6</ele>
      </trkpt>
      <trkpt lat="35.99384" lon="-121.17976">
        <ele>318.4</ele>
      </trkpt>
      <trkpt lat="35.99332" lon="-121.17975">
        <ele>318.8</ele>
      </trkpt>
      <trkpt lat="35.99311" lon="-121.17974">
        <ele>319.3</ele>
      </trkpt>
      <trkpt lat="35.99282" lon="-121.17972">
        <ele>319.9</ele>
      </trkpt>
      <trkpt lat="35.99254" lon="-121.1797">
        <ele>320.0</ele>
      </trkpt>
      <trkpt lat="35.99223" lon="-121.17966">
        <ele>319.1</ele>
      </trkpt>
      <trkpt lat="35.992" lon="-121.17963">
        <ele>318.9</ele>
      </trkpt>
      <trkpt lat="35.99184" lon="-121.17961">
        <ele>318.9</ele>
      </trkpt>
      <trkpt lat="35.99166" lon="-121.17959">
        <ele>318.9</ele>
      </trkpt>
      <trkpt lat="35.99152" lon="-121.17956">
        <ele>318.8</ele>
      </trkpt>
      <trkpt lat="35.99125" lon="-121.17952">
        <ele>318.8</ele>
      </trkpt>
      <trkpt lat="35.99012" lon="-121.1793">
        <ele>319.0</ele>
      </trkpt>
      <trkpt lat="35.9891" lon="-121.1791">
        <ele>315.7</ele>
      </trkpt>
      <trkpt lat="35.98743" lon="-121.17878">
        <ele>314.8</ele>
      </trkpt>
      <trkpt lat="35.98356" lon="-121.17804">
        <ele>309.3</ele>
      </trkpt>
      <trkpt lat="35.98255" lon="-121.17785">
        <ele>312.8</ele>
      </trkpt>
      <trkpt lat="35.98215" lon="-121.17777">
        <ele>313.0</ele>
      </trkpt>
      <trkpt lat="35.98185" lon="-121.1777">
        <ele>313.1</ele>
      </trkpt>
      <trkpt lat="35.98151" lon="-121.17761">
        <ele>313.1</ele>
      </trkpt>
      <trkpt lat="35.98106" lon="-121.17747">
        <ele>311.5</ele>
      </trkpt>
      <trkpt lat="35.98059" lon="-121.17733">
        <ele>308.5</ele>
      </trkpt>
      <trkpt lat="35.98044" lon="-121.17728">
        <ele>307.8</ele>
      </trkpt>
      <trkpt lat="35.97945" lon="-121.17696">
        <ele>305.9</ele>
      </trkpt>
      <trkpt lat="35.97896" lon="-121.1768">
        <ele>306.5</ele>
      </trkpt>
      <trkpt lat="35.978319" lon="-121.1766">
        <ele>307.9</ele>
      </trkpt>
      <trkpt lat="35.97765" lon="-121.17638">
        <ele>307.4</ele>
      </trkpt>
      <trkpt lat="35.97696" lon="-121.17616">
        <ele>307.6</ele>
      </trkpt>
      <trkpt lat="35.97623" lon="-121.17592">
        <ele>304.8</ele>
      </trkpt>
      <trkpt lat="35.97535" lon="-121.17563">
        <ele>301.1</ele>
      </trkpt>
      <trkpt lat="35.97491" lon="-121.1755">
        <ele>300.7</ele>
      </trkpt>
      <trkpt lat="35.97462" lon="-121.17542">
        <ele>300.4</ele>
      </trkpt>
      <trkpt lat="35.9744" lon="-121.17538">
        <ele>300.4</ele>
      </trkpt>
      <trkpt lat="35.97421" lon="-121.17535">
        <ele>300.3</ele>
      </trkpt>
      <trkpt lat="35.97386" lon="-121.17531">
        <ele>299.5</ele>
      </trkpt>
      <trkpt lat="35.97365" lon="-121.17531">
        <ele>297.9</ele>
      </trkpt>
      <trkpt lat="35.97354" lon="-121.17531">
        <ele>297.3</ele>
      </trkpt>
      <trkpt lat="35.97333" lon="-121.17532">
        <ele>296.4</ele>
      </trkpt>
      <trkpt lat="35.97318" lon="-121.17534">
        <ele>296.1</ele>
      </trkpt>
      <trkpt lat="35.97305" lon="-121.17536">
        <ele>295.9</ele>
      </trkpt>
      <trkpt lat="35.97287" lon="-121.17539">
        <ele>295.6</ele>
      </trkpt>
      <trkpt lat="35.9727" lon="-121.17542">
        <ele>295.2</ele>
      </trkpt>
      <trkpt lat="35.97256" lon="-121.17546">
        <ele>295.1</ele>
      </trkpt>
      <trkpt lat="35.97225" lon="-121.17555">
        <ele>295.1</ele>
      </trkpt>
      <trkpt lat="35.97211" lon="-121.17561">
        <ele>295.2</ele>
      </trkpt>
      <trkpt lat="35.97179" lon="-121.17574">
        <ele>295.4</ele>
      </trkpt>
      <trkpt lat="35.9713" lon="-121.17596">
        <ele>296.1</ele>
      </trkpt>
      <trkpt lat="35.97112" lon="-121.17602">
        <ele>296.3</ele>
      </trkpt>
      <trkpt lat="35.97101" lon="-121.17606">
        <ele>296.5</ele>
      </trkpt>
      <trkpt lat="35.97088" lon="-121.17611">
        <ele>296.5</ele>
      </trkpt>
      <trkpt lat="35.97076" lon="-121.17616">
        <ele>296.5</ele>
      </trkpt>
      <trkpt lat="35.970619" lon="-121.17621">
        <ele>296.3</ele>
      </trkpt>
      <trkpt lat="35.97049" lon="-121.17625">
        <ele>296.0</ele>
      </trkpt>
      <trkpt lat="35.97036" lon="-121.17628">
        <ele>295.7</ele>
      </trkpt>
      <trkpt lat="35.97027" lon="-121.1763">
        <ele>295.6</ele>
      </trkpt>
      <trkpt lat="35.970149" lon="-121.17631">
        <ele>295.3</ele>
      </trkpt>
      <trkpt lat="35.97004" lon="-121.17633">
        <ele>295.2</ele>
      </trkpt>
      <trkpt lat="35.97" lon="-121.17633">
        <ele>295.1</ele>
      </trkpt>
      <trkpt lat="35.96992" lon="-121.17633">
        <ele>295.0</ele>
      </trkpt>
      <trkpt lat="35.96975" lon="-121.17634">
        <ele>294.9</ele>
      </trkpt>
      <trkpt lat="35.96961" lon="-121.17633">
        <ele>294.7</ele>
      </trkpt>
      <trkpt lat="35.96945" lon="-121.17632">
        <ele>294.5</ele>
      </trkpt>
      <trkpt lat="35.96931" lon="-121.1763">
        <ele>294.4</ele>
      </trkpt>
      <trkpt lat="35.96918" lon="-121.17627">
        <ele>294.2</ele>
      </trkpt>
      <trkpt lat="35.96907" lon="-121.17624">
        <ele>294.0</ele>
      </trkpt>
      <trkpt lat="35.96869" lon="-121.17609">
        <ele>293.3</ele>
      </trkpt>
      <trkpt lat="35.96849" lon="-121.17599">
        <ele>292.9</ele>
      </trkpt>
      <trkpt lat="35.96826" lon="-121.17585">
        <ele>292.5</ele>
      </trkpt>
      <trkpt lat="35.96804" lon="-121.1757">
        <ele>292.1</ele>
      </trkpt>
      <trkpt lat="35.96787" lon="-121.17557">
        <ele>291.7</ele>
      </trkpt>
      <trkpt lat="35.967709" lon="-121.1754">
        <ele>291.2</ele>
      </trkpt>
      <trkpt lat="35.96755" lon="-121.17521">
        <ele>290.7</ele>
      </trkpt>
      <trkpt lat="35.96741" lon="-121.17504">
        <ele>290.3</ele>
      </trkpt>
      <trkpt lat="35.96732" lon="-121.17493">
        <ele>290.0</ele>
      </trkpt>
      <trkpt lat="35.9673" lon="-121.17489">
        <ele>289.9</ele>
      </trkpt>
      <trkpt lat="35.96722" lon="-121.17476">
        <ele>289.6</ele>
      </trkpt>
      <trkpt lat="35.96713" lon="-121.17461">
        <ele>289.3</ele>
      </trkpt>
      <trkpt lat="35.96707" lon="-121.17449">
        <ele>289.1</ele>
      </trkpt>
      <trkpt lat="35.966859" lon="-121.1741">
        <ele>288.4</ele>
      </trkpt>
      <trkpt lat="35.96666" lon="-121.17373">
        <ele>287.8</ele>
      </trkpt>
      <trkpt lat="35.96616" lon="-121.17278">
        <ele>287.0</ele>
      </trkpt>
      <trkpt lat="35.96598" lon="-121.17244">
        <ele>287.1</ele>
      </trkpt>
      <trkpt lat="35.96581" lon="-121.17211">
        <ele>287.4</ele>
      </trkpt>
      <trkpt lat="35.96566" lon="-121.17182">
        <ele>287.4</ele>
      </trkpt>
      <trkpt lat="35.96545" lon="-121.17144">
        <ele>287.4</ele>
      </trkpt>
      <trkpt lat="35.965269" lon="-121.17108">
        <ele>287.4</ele>
      </trkpt>
      <trkpt lat="35.96512" lon="-121.17081">
        <ele>287.4</ele>
      </trkpt>
      <trkpt lat="35.96463" lon="-121.16986">
        <ele>287.5</ele>
      </trkpt>
      <trkpt lat="35.964329" lon="-121.1693">
        <ele>289.0</ele>
      </trkpt>
      <trkpt lat="35.96401" lon="-121.16869">
        <ele>289.8</ele>
      </trkpt>
      <trkpt lat="35.96346" lon="-121.16765">
        <ele>290.4</ele>
      </trkpt>
      <trkpt lat="35.96285" lon="-121.16647">
        <ele>290.0</ele>
      </trkpt>
      <trkpt lat="35.96272" lon="-121.16622">
        <ele>289.9</ele>
      </trkpt>
      <trkpt lat="35.96173" lon="-121.16435">
        <ele>290.5</ele>
      </trkpt>
      <trkpt lat="35.96147" lon="-121.16385">
        <ele>290.7</ele>
      </trkpt>
      <trkpt lat="35.96147" lon="-121.16385">
        <ele>290.7</ele>
      </trkpt>
      <trkpt lat="35.96103" lon="-121.1643">
        <ele>289.2</ele>
      </trkpt>
      <trkpt lat="35.96147" lon="-121.16385">
        <ele>290.7</ele>
      </trkpt>
      <trkpt lat="35.96147" lon="-121.16385">
        <ele>290.7</ele>
      </trkpt>
      <trkpt lat="35.9612" lon="-121.16334">
        <ele>290.9</ele>
      </trkpt>
      <trkpt lat="35.9605" lon="-121.16201">
        <ele>289.2</ele>
      </trkpt>
      <trkpt lat="35.95967" lon="-121.16041">
        <ele>287.4</ele>
      </trkpt>
      <trkpt lat="35.95901" lon="-121.15918">
        <ele>287.7</ele>
      </trkpt>
      <trkpt lat="35.95884" lon="-121.1589">
        <ele>287.8</ele>
      </trkpt>
      <trkpt lat="35.958599" lon="-121.1585">
        <ele>287.8</ele>
      </trkpt>
      <trkpt lat="35.9584" lon="-121.15815">
        <ele>287.4</ele>
      </trkpt>
      <trkpt lat="35.95802" lon="-121.15753">
        <ele>287.4</ele>
      </trkpt>
      <trkpt lat="35.95669" lon="-121.15538">
        <ele>287.6</ele>
      </trkpt>
      <trkpt lat="35.95344" lon="-121.15019">
        <ele>287.4</ele>
      </trkpt>
      <trkpt lat="35.95093" lon="-121.14621">
        <ele>283.5</ele>
      </trkpt>
      <trkpt lat="35.95" lon="-121.14473">
        <ele>284.1</ele>
      </trkpt>
      <trkpt lat="35.94842" lon="-121.14219">
        <ele>285.7</ele>
      </trkpt>
      <trkpt lat="35.94806" lon="-121.14162">
        <ele>286.0</ele>
      </trkpt>
      <trkpt lat="35.94746" lon="-121.14068">
        <ele>283.8</ele>
      </trkpt>
      <trkpt lat="35.94624" lon="-121.13873">
        <ele>281.3</ele>
      </trkpt>
      <trkpt lat="35.94593" lon="-121.13824">
        <ele>281.3</ele>
      </trkpt>
      <trkpt lat="35.94524" lon="-121.13714">
        <ele>281.3</ele>
      </trkpt>
      <trkpt lat="35.94366" lon="-121.13461">
        <ele>281.3</ele>
      </trkpt>
      <trkpt lat="35.9435" lon="-121.13433">
        <ele>281.3</ele>
      </trkpt>
      <trkpt lat="35.94327" lon="-121.13391">
        <ele>281.4</ele>
      </trkpt>
      <trkpt lat="35.94316" lon="-121.13368">
        <ele>281.5</ele>
      </trkpt>
      <trkpt lat="35.94302" lon="-121.1334">
        <ele>281.6</ele>
      </trkpt>
      <trkpt lat="35.94295" lon="-121.13323">
        <ele>281.7</ele>
      </trkpt>
      <trkpt lat="35.94285" lon="-121.13303">
        <ele>281.8</ele>
      </trkpt>
      <trkpt lat="35.94276" lon="-121.13281">
        <ele>282.0</ele>
      </trkpt>
      <trkpt lat="35.94267" lon="-121.13259">
        <ele>282.0</ele>
      </trkpt>
      <trkpt lat="35.94252" lon="-121.13221">
        <ele>281.9</ele>
      </trkpt>
      <trkpt lat="35.94239" lon="-121.13182">
        <ele>281.7</ele>
      </trkpt>
      <trkpt lat="35.94224" lon="-121.13135">
        <ele>281.8</ele>
      </trkpt>
      <trkpt lat="35.94214" lon="-121.13105">
        <ele>281.9</ele>
      </trkpt>
      <trkpt lat="35.94204" lon="-121.13066">
        <ele>282.0</ele>
      </trkpt>
      <trkpt lat="35.942" lon="-121.1305">
        <ele>282.1</ele>
      </trkpt>
      <trkpt lat="35.94194" lon="-121.13024">
        <ele>282.2</ele>
      </trkpt>
      <trkpt lat="35.94189" lon="-121.13">
        <ele>282.2</ele>
      </trkpt>
      <trkpt lat="35.94186" lon="-121.12988">
        <ele>282.3</ele>
      </trkpt>
      <trkpt lat="35.941809" lon="-121.12962">
        <ele>282.3</ele>
      </trkpt>
      <trkpt lat="35.94129" lon="-121.12673">
        <ele>283.3</ele>
      </trkpt>
      <trkpt lat="35.94115" lon="-121.12601">
        <ele>283.5</ele>
      </trkpt>
      <trkpt lat="35.9408" lon="-121.12407">
        <ele>284.0</ele>
      </trkpt>
      <trkpt lat="35.94053" lon="-121.12256">
        <ele>285.3</ele>
      </trkpt>
      <trkpt lat="35.94018" lon="-121.12065">
        <ele>287.2</ele>
      </trkpt>
      <trkpt lat="35.94" lon="-121.11968">
        <ele>290.7</ele>
      </trkpt>
      <trkpt lat="35.93953" lon="-121.1171">
        <ele>293.5</ele>
      </trkpt>
      <trkpt lat="35.93938" lon="-121.11631">
        <ele>291.7</ele>
      </trkpt>
      <trkpt lat="35.93918" lon="-121.11517">
        <ele>287.9</ele>
      </trkpt>
      <trkpt lat="35.93878" lon="-121.11299">
        <ele>294.2</ele>
      </trkpt>
      <trkpt lat="35.93857" lon="-121.11186">
        <ele>299.7</ele>
      </trkpt>
      <trkpt lat="35.9381" lon="-121.10923">
        <ele>299.4</ele>
      </trkpt>
      <trkpt lat="35.93766" lon="-121.10687">
        <ele>294.1</ele>
      </trkpt>
      <trkpt lat="35.93756" lon="-121.10628">
        <ele>289.4</ele>
      </trkpt>
      <trkpt lat="35.9373" lon="-121.10488">
        <ele>291.7</ele>
      </trkpt>
      <trkpt lat="35.93722" lon="-121.10442">
        <ele>292.2</ele>
      </trkpt>
      <trkpt lat="35.93716" lon="-121.10401">
        <ele>292.8</ele>
      </trkpt>
      <trkpt lat="35.937109" lon="-121.10355">
        <ele>292.9</ele>
      </trkpt>
      <trkpt lat="35.93708" lon="-121.10318">
        <ele>292.9</ele>
      </trkpt>
      <trkpt lat="35.93706" lon="-121.10289">
        <ele>292.9</ele>
      </trkpt>
      <trkpt lat="35.93705" lon="-121.10196">
        <ele>293.3</ele>
      </trkpt>
      <trkpt lat="35.937019" lon="-121.09995">
        <ele>293.0</ele>
      </trkpt>
      <trkpt lat="35.93696" lon="-121.09632">
        <ele>291.8</ele>
      </trkpt>
      <trkpt lat="35.93692" lon="-121.09337">
        <ele>292.2</ele>
      </trkpt>
      <trkpt lat="35.93688" lon="-121.09107">
        <ele>287.8</ele>
      </trkpt>
      <trkpt lat="35.93683" lon="-121.08796">
        <ele>293.5</ele>
      </trkpt>
      <trkpt lat="35.93682" lon="-121.08649">
        <ele>287.8</ele>
      </trkpt>
      <trkpt lat="35.93678" lon="-121.08215">
        <ele>288.9</ele>
      </trkpt>
      <trkpt lat="35.93678" lon="-121.0821">
        <ele>288.9</ele>
      </trkpt>
      <trkpt lat="35.93675" lon="-121.07665">
        <ele>288.3</ele>
      </trkpt>
      <trkpt lat="35.93673" lon="-121.07375">
        <ele>293.5</ele>
      </trkpt>
      <trkpt lat="35.93673" lon="-121.07314">
        <ele>293.5</ele>
      </trkpt>
      <trkpt lat="35.93673" lon="-121.07275">
        <ele>293.5</ele>
      </trkpt>
      <trkpt lat="35.93672" lon="-121.07184">
        <ele>294.8</ele>
      </trkpt>
      <trkpt lat="35.93672" lon="-121.07152">
        <ele>296.1</ele>
      </trkpt>
      <trkpt lat="35.93667" lon="-121.0662">
        <ele>299.6</ele>
      </trkpt>
      <trkpt lat="35.93657" lon="-121.06522">
        <ele>299.6</ele>
      </trkpt>
      <trkpt lat="35.93635" lon="-121.06419">
        <ele>299.8</ele>
      </trkpt>
      <trkpt lat="35.93595" lon="-121.06297">
        <ele>300.2</ele>
      </trkpt>
      <trkpt lat="35.93553" lon="-121.06207">
        <ele>300.8</ele>
      </trkpt>
      <trkpt lat="35.933929" lon="-121.05906">
        <ele>303.9</ele>
      </trkpt>
      <trkpt lat="35.93209" lon="-121.05559">
        <ele>303.7</ele>
      </trkpt>
      <trkpt lat="35.93128" lon="-121.05407">
        <ele>304.0</ele>
      </trkpt>
      <trkpt lat="35.93108" lon="-121.05372">
        <ele>304.4</ele>
      </trkpt>
      <trkpt lat="35.93015" lon="-121.05195">
        <ele>299.3</ele>
      </trkpt>
      <trkpt lat="35.92993" lon="-121.05153">
        <ele>298.5</ele>
      </trkpt>
      <trkpt lat="35.92926" lon="-121.05025">
        <ele>301.2</ele>
      </trkpt>
      <trkpt lat="35.9235" lon="-121.03941">
        <ele>324.0</ele>
      </trkpt>
      <trkpt lat="35.92282" lon="-121.03815">
        <ele>327.7</ele>
      </trkpt>
      <trkpt lat="35.92266" lon="-121.03787">
        <ele>327.7</ele>
      </trkpt>
      <trkpt lat="35.92227" lon="-121.03723">
        <ele>324.0</ele>
      </trkpt>
      <trkpt lat="35.92196" lon="-121.03673">
        <ele>323.9</ele>
      </trkpt>
      <trkpt lat="35.92143" lon="-121.03591">
        <ele>323.7</ele>
      </trkpt>
      <trkpt lat="35.91921" lon="-121.03247">
        <ele>309.0</ele>
      </trkpt>
      <trkpt lat="35.9186" lon="-121.03152">
        <ele>307.4</ele>
      </trkpt>
      <trkpt lat="35.91798" lon="-121.03053">
        <ele>306.1</ele>
      </trkpt>
      <trkpt lat="35.91733" lon="-121.02953">
        <ele>306.3</ele>
      </trkpt>
      <trkpt lat="35.91699" lon="-121.02899">
        <ele>310.4</ele>
      </trkpt>
      <trkpt lat="35.91689" lon="-121.02883">
        <ele>311.3</ele>
      </trkpt>
      <trkpt lat="35.91614" lon="-121.02767">
        <ele>316.8</ele>
      </trkpt>
      <trkpt lat="35.91396" lon="-121.02428">
        <ele>308.8</ele>
      </trkpt>
      <trkpt lat="35.91247" lon="-121.02196">
        <ele>308.1</ele>
      </trkpt>
      <trkpt lat="35.91175" lon="-121.02083">
        <ele>308.8</ele>
      </trkpt>
      <trkpt lat="35.911499" lon="-121.02043">
        <ele>307.3</ele>
      </trkpt>
      <trkpt lat="35.91135" lon="-121.02017">
        <ele>306.9</ele>
      </trkpt>
      <trkpt lat="35.91113" lon="-121.01977">
        <ele>303.0</ele>
      </trkpt>
      <trkpt lat="35.91098" lon="-121.0195">
        <ele>301.5</ele>
      </trkpt>
      <trkpt lat="35.91091" lon="-121.01937">
        <ele>301.1</ele>
      </trkpt>
      <trkpt lat="35.91064" lon="-121.01882">
        <ele>303.5</ele>
      </trkpt>
      <trkpt lat="35.91045" lon="-121.0184">
        <ele>304.5</ele>
      </trkpt>
      <trkpt lat="35.91027" lon="-121.01797">
        <ele>307.9</ele>
      </trkpt>
      <trkpt lat="35.90964" lon="-121.01652">
        <ele>311.7</ele>
      </trkpt>
      <trkpt lat="35.9093" lon="-121.01573">
        <ele>311.0</ele>
      </trkpt>
      <trkpt lat="35.90902" lon="-121.01507">
        <ele>311.4</ele>
      </trkpt>
      <trkpt lat="35.90891" lon="-121.01481">
        <ele>311.7</ele>
      </trkpt>
      <trkpt lat="35.90886" lon="-121.0147">
        <ele>311.9</ele>
      </trkpt>
      <trkpt lat="35.90886" lon="-121.0147">
        <ele>311.9</ele>
      </trkpt>
      <trkpt lat="35.90882" lon="-121.01461">
        <ele>312.5</ele>
      </trkpt>
      <trkpt lat="35.90874" lon="-121.01438">
        <ele>313.7</ele>
      </trkpt>
      <trkpt lat="35.90865" lon="-121.01414">
        <ele>315.1</ele>
      </trkpt>
      <trkpt lat="35.9086" lon="-121.01399">
        <ele>316.1</ele>
      </trkpt>
      <trkpt lat="35.90849" lon="-121.01361">
        <ele>317.0</ele>
      </trkpt>
      <trkpt lat="35.90846" lon="-121.01349">
        <ele>317.2</ele>
      </trkpt>
      <trkpt lat="35.90843" lon="-121.01336">
        <ele>317.4</ele>
      </trkpt>
      <trkpt lat="35.90837" lon="-121.01309">
        <ele>319.0</ele>
      </trkpt>
      <trkpt lat="35.90832" lon="-121.01287">
        <ele>321.7</ele>
      </trkpt>
      <trkpt lat="35.90829" lon="-121.01273">
        <ele>322.6</ele>
      </trkpt>
      <trkpt lat="35.90828" lon="-121.01264">
        <ele>322.9</ele>
      </trkpt>
      <trkpt lat="35.90827" lon="-121.01256">
        <ele>323.2</ele>
      </trkpt>
      <trkpt lat="35.90827" lon="-121.01251">
        <ele>323.4</ele>
      </trkpt>
      <trkpt lat="35.90825" lon="-121.01242">
        <ele>323.5</ele>
      </trkpt>
      <trkpt lat="35.90823" lon="-121.01227">
        <ele>323.7</ele>
      </trkpt>
      <trkpt lat="35.908209" lon="-121.01208">
        <ele>323.7</ele>
      </trkpt>
      <trkpt lat="35.90819" lon="-121.01182">
        <ele>323.5</ele>
      </trkpt>
      <trkpt lat="35.90817" lon="-121.0116">
        <ele>321.8</ele>
      </trkpt>
      <trkpt lat="35.90816" lon="-121.01129">
        <ele>318.2</ele>
      </trkpt>
      <trkpt lat="35.90814" lon="-121.01074">
        <ele>317.4</ele>
      </trkpt>
      <trkpt lat="35.9081" lon="-121.00956">
        <ele>314.1</ele>
      </trkpt>
      <trkpt lat="35.90801" lon="-121.00715">
        <ele>317.8</ele>
      </trkpt>
      <trkpt lat="35.90799" lon="-121.00652">
        <ele>318.4</ele>
      </trkpt>
      <trkpt lat="35.90794" lon="-121.00504">
        <ele>318.0</ele>
      </trkpt>
      <trkpt lat="35.9079" lon="-121.00409">
        <ele>321.9</ele>
      </trkpt>
      <trkpt lat="35.90788" lon="-121.00371">
        <ele>322.9</ele>
      </trkpt>
      <trkpt lat="35.90786" lon="-121.00353">
        <ele>323.2</ele>
      </trkpt>
      <trkpt lat="35.90785" lon="-121.00335">
        <ele>323.3</ele>
      </trkpt>
      <trkpt lat="35.9078" lon="-121.00308">
        <ele>323.6</ele>
      </trkpt>
      <trkpt lat="35.90777" lon="-121.00286">
        <ele>323.2</ele>
      </trkpt>
      <trkpt lat="35.90773" lon="-121.00266">
        <ele>324.0</ele>
      </trkpt>
      <trkpt lat="35.90767" lon="-121.00237">
        <ele>324.5</ele>
      </trkpt>
      <trkpt lat="35.90678" lon="-120.99842">
        <ele>328.9</ele>
      </trkpt>
      <trkpt lat="35.90645" lon="-120.99697">
        <ele>331.1</ele>
      </trkpt>
      <trkpt lat="35.90634" lon="-120.99644">
        <ele>333.3</ele>
      </trkpt>
      <trkpt lat="35.90628" lon="-120.99618">
        <ele>334.4</ele>
      </trkpt>
      <trkpt lat="35.90626" lon="-120.996">
        <ele>335.7</ele>
      </trkpt>
      <trkpt lat="35.90623" lon="-120.99575">
        <ele>337.9</ele>
      </trkpt>
      <trkpt lat="35.90621" lon="-120.99557">
        <ele>338.7</ele>
      </trkpt>
      <trkpt lat="35.9062" lon="-120.99541">
        <ele>339.1</ele>
      </trkpt>
      <trkpt lat="35.9062" lon="-120.99522">
        <ele>339.7</ele>
      </trkpt>
      <trkpt lat="35.9062" lon="-120.99487">
        <ele>340.2</ele>
      </trkpt>
      <trkpt lat="35.90622" lon="-120.99464">
        <ele>340.3</ele>
      </trkpt>
      <trkpt lat="35.90629" lon="-120.99407">
        <ele>341.1</ele>
      </trkpt>
      <trkpt lat="35.9064" lon="-120.99336">
        <ele>341.9</ele>
      </trkpt>
      <trkpt lat="35.90643" lon="-120.99311">
        <ele>341.5</ele>
      </trkpt>
      <trkpt lat="35.90645" lon="-120.9929">
        <ele>341.1</ele>
      </trkpt>
      <trkpt lat="35.90647" lon="-120.99267">
        <ele>340.9</ele>
      </trkpt>
      <trkpt lat="35.90648" lon="-120.99249">
        <ele>340.8</ele>
      </trkpt>
      <trkpt lat="35.90647" lon="-120.99221">
        <ele>340.8</ele>
      </trkpt>
      <trkpt lat="35.90646" lon="-120.99192">
        <ele>340.8</ele>
      </trkpt>
      <trkpt lat="35.90644" lon="-120.9917">
        <ele>340.0</ele>
      </trkpt>
      <trkpt lat="35.90642" lon="-120.99154">
        <ele>338.8</ele>
      </trkpt>
      <trkpt lat="35.90638" lon="-120.99132">
        <ele>337.3</ele>
      </trkpt>
      <trkpt lat="35.90596" lon="-120.98899">
        <ele>332.1</ele>
      </trkpt>
      <trkpt lat="35.9058" lon="-120.98803">
        <ele>326.8</ele>
      </trkpt>
      <trkpt lat="35.90574" lon="-120.98772">
        <ele>325.5</ele>
      </trkpt>
      <trkpt lat="35.90573" lon="-120.98767">
        <ele>325.4</ele>
      </trkpt>
      <trkpt lat="35.905679" lon="-120.98734">
        <ele>325.2</ele>
      </trkpt>
      <trkpt lat="35.90542" lon="-120.98587">
        <ele>323.4</ele>
      </trkpt>
      <trkpt lat="35.90522" lon="-120.98474">
        <ele>314.2</ele>
      </trkpt>
      <trkpt lat="35.90507" lon="-120.98396">
        <ele>314.6</ele>
      </trkpt>
      <trkpt lat="35.90497" lon="-120.98327">
        <ele>317.6</ele>
      </trkpt>
      <trkpt lat="35.90471" lon="-120.98182">
        <ele>312.0</ele>
      </trkpt>
      <trkpt lat="35.90448" lon="-120.98057">
        <ele>316.2</ele>
      </trkpt>
      <trkpt lat="35.90441" lon="-120.98028">
        <ele>317.8</ele>
      </trkpt>
      <trkpt lat="35.90434" lon="-120.97996">
        <ele>318.0</ele>
      </trkpt>
      <trkpt lat="35.90404" lon="-120.97892">
        <ele>318.0</ele>
      </trkpt>
      <trkpt lat="35.90374" lon="-120.97787">
        <ele>321.7</ele>
      </trkpt>
      <trkpt lat="35.90331" lon="-120.97641">
        <ele>326.2</ele>
      </trkpt>
      <trkpt lat="35.90309" lon="-120.97568">
        <ele>328.8</ele>
      </trkpt>
      <trkpt lat="35.90293" lon="-120.97511">
        <ele>329.3</ele>
      </trkpt>
      <trkpt lat="35.90289" lon="-120.97494">
        <ele>330.7</ele>
      </trkpt>
      <trkpt lat="35.902859" lon="-120.97483">
        <ele>331.9</ele>
      </trkpt>
      <trkpt lat="35.90284" lon="-120.97471">
        <ele>332.5</ele>
      </trkpt>
      <trkpt lat="35.90281" lon="-120.97456">
        <ele>333.0</ele>
      </trkpt>
      <trkpt lat="35.90279" lon="-120.97434">
        <ele>333.2</ele>
      </trkpt>
      <trkpt lat="35.902769" lon="-120.97412">
        <ele>333.8</ele>
      </trkpt>
      <trkpt lat="35.90276" lon="-120.97397">
        <ele>334.4</ele>
      </trkpt>
      <trkpt lat="35.90276" lon="-120.97379">
        <ele>334.9</ele>
      </trkpt>
      <trkpt lat="35.902769" lon="-120.97361">
        <ele>335.0</ele>
      </trkpt>
      <trkpt lat="35.902769" lon="-120.97352">
        <ele>335.3</ele>
      </trkpt>
      <trkpt lat="35.90278" lon="-120.97337">
        <ele>335.6</ele>
      </trkpt>
      <trkpt lat="35.90281" lon="-120.97316">
        <ele>335.2</ele>
      </trkpt>
      <trkpt lat="35.90284" lon="-120.97296">
        <ele>334.6</ele>
      </trkpt>
      <trkpt lat="35.90287" lon="-120.97281">
        <ele>335.7</ele>
      </trkpt>
      <trkpt lat="35.90291" lon="-120.97266">
        <ele>338.0</ele>
      </trkpt>
      <trkpt lat="35.90295" lon="-120.97249">
        <ele>341.0</ele>
      </trkpt>
      <trkpt lat="35.90318" lon="-120.97179">
        <ele>350.1</ele>
      </trkpt>
      <trkpt lat="35.903239" lon="-120.97161">
        <ele>351.4</ele>
      </trkpt>
      <trkpt lat="35.90328" lon="-120.97147">
        <ele>350.6</ele>
      </trkpt>
      <trkpt lat="35.90332" lon="-120.97132">
        <ele>348.7</ele>
      </trkpt>
      <trkpt lat="35.90336" lon="-120.97114">
        <ele>347.7</ele>
      </trkpt>
      <trkpt lat="35.9034" lon="-120.97098">
        <ele>347.6</ele>
      </trkpt>
      <trkpt lat="35.903419" lon="-120.97082">
        <ele>348.9</ele>
      </trkpt>
      <trkpt lat="35.90345" lon="-120.97065">
        <ele>351.0</ele>
      </trkpt>
      <trkpt lat="35.90347" lon="-120.97054">
        <ele>352.3</ele>
      </trkpt>
      <trkpt lat="35.90348" lon="-120.97043">
        <ele>353.7</ele>
      </trkpt>
      <trkpt lat="35.90349" lon="-120.97026">
        <ele>355.8</ele>
      </trkpt>
      <trkpt lat="35.90351" lon="-120.96992">
        <ele>354.1</ele>
      </trkpt>
      <trkpt lat="35.90352" lon="-120.96948">
        <ele>352.1</ele>
      </trkpt>
      <trkpt lat="35.90354" lon="-120.96926">
        <ele>351.8</ele>
      </trkpt>
      <trkpt lat="35.90355" lon="-120.96908">
        <ele>351.8</ele>
      </trkpt>
      <trkpt lat="35.90357" lon="-120.96895">
        <ele>351.8</ele>
      </trkpt>
      <trkpt lat="35.90358" lon="-120.96882">
        <ele>352.1</ele>
      </trkpt>
      <trkpt lat="35.903619" lon="-120.96862">
        <ele>352.3</ele>
      </trkpt>
      <trkpt lat="35.9037" lon="-120.96827">
        <ele>353.0</ele>
      </trkpt>
      <trkpt lat="35.90382" lon="-120.9678">
        <ele>353.7</ele>
      </trkpt>
      <trkpt lat="35.9039" lon="-120.96749">
        <ele>355.9</ele>
      </trkpt>
      <trkpt lat="35.90395" lon="-120.9672">
        <ele>356.8</ele>
      </trkpt>
      <trkpt lat="35.90397" lon="-120.96687">
        <ele>355.0</ele>
      </trkpt>
      <trkpt lat="35.90398" lon="-120.96663">
        <ele>352.5</ele>
      </trkpt>
      <trkpt lat="35.90397" lon="-120.9664">
        <ele>350.9</ele>
      </trkpt>
      <trkpt lat="35.90396" lon="-120.96623">
        <ele>350.1</ele>
      </trkpt>
      <trkpt lat="35.90394" lon="-120.96609">
        <ele>349.3</ele>
      </trkpt>
      <trkpt lat="35.9039" lon="-120.96587">
        <ele>346.8</ele>
      </trkpt>
      <trkpt lat="35.90388" lon="-120.96577">
        <ele>345.7</ele>
      </trkpt>
      <trkpt lat="35.90383" lon="-120.96559">
        <ele>344.4</ele>
      </trkpt>
      <trkpt lat="35.90379" lon="-120.96546">
        <ele>343.6</ele>
      </trkpt>
      <trkpt lat="35.90374" lon="-120.96528">
        <ele>342.4</ele>
      </trkpt>
      <trkpt lat="35.90366" lon="-120.96509">
        <ele>340.6</ele>
      </trkpt>
      <trkpt lat="35.90357" lon="-120.96488">
        <ele>339.0</ele>
      </trkpt>
      <trkpt lat="35.90345" lon="-120.96466">
        <ele>338.0</ele>
      </trkpt>
      <trkpt lat="35.90332" lon="-120.96443">
        <ele>337.1</ele>
      </trkpt>
      <trkpt lat="35.90308" lon="-120.96404">
        <ele>337.1</ele>
      </trkpt>
      <trkpt lat="35.90189" lon="-120.962">
        <ele>316.8</ele>
      </trkpt>
      <trkpt lat="35.90121" lon="-120.96085">
        <ele>314.5</ele>
      </trkpt>
      <trkpt lat="35.90112" lon="-120.96071">
        <ele>313.3</ele>
      </trkpt>
      <trkpt lat="35.9005" lon="-120.95964">
        <ele>309.7</ele>
      </trkpt>
      <trkpt lat="35.90032" lon="-120.95932">
        <ele>305.1</ele>
      </trkpt>
      <trkpt lat="35.90026" lon="-120.95921">
        <ele>304.6</ele>
      </trkpt>
      <trkpt lat="35.90017" lon="-120.95903">
        <ele>303.9</ele>
      </trkpt>
      <trkpt lat="35.90011" lon="-120.95892">
        <ele>303.7</ele>
      </trkpt>
      <trkpt lat="35.90002" lon="-120.9587">
        <ele>303.4</ele>
      </trkpt>
      <trkpt lat="35.89993" lon="-120.95847">
        <ele>300.6</ele>
      </trkpt>
      <trkpt lat="35.89989" lon="-120.95834">
        <ele>298.7</ele>
      </trkpt>
      <trkpt lat="35.89984" lon="-120.95819">
        <ele>297.4</ele>
      </trkpt>
      <trkpt lat="35.89982" lon="-120.9581">
        <ele>297.1</ele>
      </trkpt>
      <trkpt lat="35.89978" lon="-120.95797">
        <ele>297.2</ele>
      </trkpt>
      <trkpt lat="35.89972" lon="-120.95775">
        <ele>297.5</ele>
      </trkpt>
      <trkpt lat="35.89966" lon="-120.95743">
        <ele>297.9</ele>
      </trkpt>
      <trkpt lat="35.89956" lon="-120.95694">
        <ele>295.8</ele>
      </trkpt>
      <trkpt lat="35.89945" lon="-120.95632">
        <ele>291.7</ele>
      </trkpt>
      <trkpt lat="35.89938" lon="-120.95596">
        <ele>291.3</ele>
      </trkpt>
      <trkpt lat="35.8992" lon="-120.95502">
        <ele>290.6</ele>
      </trkpt>
      <trkpt lat="35.89909" lon="-120.95439">
        <ele>285.9</ele>
      </trkpt>
      <trkpt lat="35.89894" lon="-120.95361">
        <ele>285.5</ele>
      </trkpt>
      <trkpt lat="35.89887" lon="-120.95324">
        <ele>284.5</ele>
      </trkpt>
      <trkpt lat="35.89877" lon="-120.9527">
        <ele>284.4</ele>
      </trkpt>
      <trkpt lat="35.89871" lon="-120.95236">
        <ele>284.2</ele>
      </trkpt>
      <trkpt lat="35.89868" lon="-120.95215">
        <ele>284.0</ele>
      </trkpt>
      <trkpt lat="35.89865" lon="-120.95186">
        <ele>283.6</ele>
      </trkpt>
      <trkpt lat="35.89864" lon="-120.95164">
        <ele>283.5</ele>
      </trkpt>
      <trkpt lat="35.89863" lon="-120.95139">
        <ele>283.5</ele>
      </trkpt>
      <trkpt lat="35.89862" lon="-120.95112">
        <ele>283.7</ele>
      </trkpt>
      <trkpt lat="35.89863" lon="-120.95085">
        <ele>284.5</ele>
      </trkpt>
      <trkpt lat="35.89864" lon="-120.95032">
        <ele>286.5</ele>
      </trkpt>
      <trkpt lat="35.89864" lon="-120.95009">
        <ele>286.6</ele>
      </trkpt>
      <trkpt lat="35.89864" lon="-120.94987">
        <ele>286.2</ele>
      </trkpt>
      <trkpt lat="35.89862" lon="-120.94967">
        <ele>285.4</ele>
      </trkpt>
      <trkpt lat="35.89861" lon="-120.94956">
        <ele>285.3</ele>
      </trkpt>
      <trkpt lat="35.8986" lon="-120.94947">
        <ele>285.4</ele>
      </trkpt>
      <trkpt lat="35.89859" lon="-120.94934">
        <ele>285.8</ele>
      </trkpt>
      <trkpt lat="35.89857" lon="-120.9492">
        <ele>286.1</ele>
      </trkpt>
      <trkpt lat="35.89853" lon="-120.94899">
        <ele>286.0</ele>
      </trkpt>
      <trkpt lat="35.89847" lon="-120.94869">
        <ele>285.6</ele>
      </trkpt>
      <trkpt lat="35.89841" lon="-120.94843">
        <ele>285.1</ele>
      </trkpt>
      <trkpt lat="35.89835" lon="-120.94816">
        <ele>283.0</ele>
      </trkpt>
      <trkpt lat="35.89832" lon="-120.94804">
        <ele>281.6</ele>
      </trkpt>
      <trkpt lat="35.89829" lon="-120.9479">
        <ele>280.3</ele>
      </trkpt>
      <trkpt lat="35.89826" lon="-120.94772">
        <ele>279.1</ele>
      </trkpt>
      <trkpt lat="35.89825" lon="-120.94759">
        <ele>278.6</ele>
      </trkpt>
      <trkpt lat="35.89824" lon="-120.94742">
        <ele>278.2</ele>
      </trkpt>
      <trkpt lat="35.89823" lon="-120.94721">
        <ele>278.3</ele>
      </trkpt>
      <trkpt lat="35.89823" lon="-120.94706">
        <ele>278.2</ele>
      </trkpt>
      <trkpt lat="35.89823" lon="-120.94691">
        <ele>277.9</ele>
      </trkpt>
      <trkpt lat="35.89824" lon="-120.94675">
        <ele>277.5</ele>
      </trkpt>
      <trkpt lat="35.89826" lon="-120.94659">
        <ele>277.6</ele>
      </trkpt>
      <trkpt lat="35.8983" lon="-120.94639">
        <ele>277.9</ele>
      </trkpt>
      <trkpt lat="35.89834" lon="-120.94616">
        <ele>276.8</ele>
      </trkpt>
      <trkpt lat="35.89841" lon="-120.94591">
        <ele>275.8</ele>
      </trkpt>
      <trkpt lat="35.89844" lon="-120.94577">
        <ele>275.7</ele>
      </trkpt>
      <trkpt lat="35.89859" lon="-120.94522">
        <ele>277.0</ele>
      </trkpt>
      <trkpt lat="35.89882" lon="-120.94437">
        <ele>275.2</ele>
      </trkpt>
      <trkpt lat="35.8989" lon="-120.94405">
        <ele>274.0</ele>
      </trkpt>
      <trkpt lat="35.89894" lon="-120.94389">
        <ele>273.2</ele>
      </trkpt>
      <trkpt lat="35.89902" lon="-120.94356">
        <ele>272.9</ele>
      </trkpt>
      <trkpt lat="35.89906" lon="-120.9432">
        <ele>272.9</ele>
      </trkpt>
      <trkpt lat="35.89907" lon="-120.94295">
        <ele>273.0</ele>
      </trkpt>
      <trkpt lat="35.89908" lon="-120.9426">
        <ele>273.0</ele>
      </trkpt>
      <trkpt lat="35.89907" lon="-120.94241">
        <ele>273.0</ele>
      </trkpt>
      <trkpt lat="35.89904" lon="-120.94208">
        <ele>272.1</ele>
      </trkpt>
      <trkpt lat="35.899009" lon="-120.94191">
        <ele>271.7</ele>
      </trkpt>
      <trkpt lat="35.89897" lon="-120.94163">
        <ele>271.2</ele>
      </trkpt>
      <trkpt lat="35.89894" lon="-120.94148">
        <ele>271.0</ele>
      </trkpt>
      <trkpt lat="35.89889" lon="-120.94127">
        <ele>271.1</ele>
      </trkpt>
      <trkpt lat="35.89885" lon="-120.94114">
        <ele>270.8</ele>
      </trkpt>
      <trkpt lat="35.89881" lon="-120.941">
        <ele>270.1</ele>
      </trkpt>
      <trkpt lat="35.89873" lon="-120.9408">
        <ele>269.2</ele>
      </trkpt>
      <trkpt lat="35.89863" lon="-120.94054">
        <ele>269.7</ele>
      </trkpt>
      <trkpt lat="35.89847" lon="-120.94022">
        <ele>267.8</ele>
      </trkpt>
      <trkpt lat="35.89828" lon="-120.93984">
        <ele>266.9</ele>
      </trkpt>
      <trkpt lat="35.897799" lon="-120.93891">
        <ele>263.0</ele>
      </trkpt>
      <trkpt lat="35.89693" lon="-120.93722">
        <ele>262.3</ele>
      </trkpt>
      <trkpt lat="35.89666" lon="-120.93668">
        <ele>261.0</ele>
      </trkpt>
      <trkpt lat="35.89651" lon="-120.93644">
        <ele>260.3</ele>
      </trkpt>
      <trkpt lat="35.89641" lon="-120.93627">
        <ele>260.1</ele>
      </trkpt>
      <trkpt lat="35.89632" lon="-120.93613">
        <ele>259.8</ele>
      </trkpt>
      <trkpt lat="35.89622" lon="-120.936">
        <ele>258.9</ele>
      </trkpt>
      <trkpt lat="35.896099" lon="-120.93584">
        <ele>257.4</ele>
      </trkpt>
      <trkpt lat="35.89588" lon="-120.93557">
        <ele>256.8</ele>
      </trkpt>
      <trkpt lat="35.8958" lon="-120.93548">
        <ele>256.7</ele>
      </trkpt>
      <trkpt lat="35.89562" lon="-120.93527">
        <ele>256.9</ele>
      </trkpt>
      <trkpt lat="35.89533" lon="-120.93498">
        <ele>256.8</ele>
      </trkpt>
      <trkpt lat="35.89488" lon="-120.93449">
        <ele>256.9</ele>
      </trkpt>
      <trkpt lat="35.89415" lon="-120.93372">
        <ele>256.6</ele>
      </trkpt>
      <trkpt lat="35.89374" lon="-120.93328">
        <ele>255.9</ele>
      </trkpt>
      <trkpt lat="35.89335" lon="-120.93286">
        <ele>253.2</ele>
      </trkpt>
      <trkpt lat="35.89299" lon="-120.93248">
        <ele>253.2</ele>
      </trkpt>
      <trkpt lat="35.89244" lon="-120.9319">
        <ele>251.9</ele>
      </trkpt>
      <trkpt lat="35.89234" lon="-120.93179">
        <ele>251.9</ele>
      </trkpt>
      <trkpt lat="35.89221" lon="-120.93164">
        <ele>251.9</ele>
      </trkpt>
      <trkpt lat="35.89203" lon="-120.9314">
        <ele>252.0</ele>
      </trkpt>
      <trkpt lat="35.8918" lon="-120.93107">
        <ele>252.0</ele>
      </trkpt>
      <trkpt lat="35.891689" lon="-120.93089">
        <ele>251.2</ele>
      </trkpt>
      <trkpt lat="35.89156" lon="-120.93067">
        <ele>251.2</ele>
      </trkpt>
      <trkpt lat="35.89137" lon="-120.9303">
        <ele>250.7</ele>
      </trkpt>
      <trkpt lat="35.89111" lon="-120.9298">
        <ele>249.4</ele>
      </trkpt>
      <trkpt lat="35.89085" lon="-120.92928">
        <ele>246.6</ele>
      </trkpt>
      <trkpt lat="35.89071" lon="-120.92901">
        <ele>245.8</ele>
      </trkpt>
      <trkpt lat="35.89003" lon="-120.92764">
        <ele>245.9</ele>
      </trkpt>
      <trkpt lat="35.88958" lon="-120.92676">
        <ele>244.7</ele>
      </trkpt>
      <trkpt lat="35.889069" lon="-120.92574">
        <ele>243.0</ele>
      </trkpt>
      <trkpt lat="35.88894" lon="-120.92545">
        <ele>242.2</ele>
      </trkpt>
      <trkpt lat="35.88876" lon="-120.92504">
        <ele>240.4</ele>
      </trkpt>
      <trkpt lat="35.88858" lon="-120.9246">
        <ele>239.7</ele>
      </trkpt>
      <trkpt lat="35.88842" lon="-120.92418">
        <ele>239.2</ele>
      </trkpt>
      <trkpt lat="35.88815" lon="-120.9234">
        <ele>239.0</ele>
      </trkpt>
      <trkpt lat="35.88785" lon="-120.92256">
        <ele>239.4</ele>
      </trkpt>
      <trkpt lat="35.88781" lon="-120.92242">
        <ele>239.8</ele>
      </trkpt>
      <trkpt lat="35.88605" lon="-120.91737">
        <ele>238.5</ele>
      </trkpt>
      <trkpt lat="35.88326" lon="-120.90939">
        <ele>232.9</ele>
      </trkpt>
      <trkpt lat="35.87921" lon="-120.89775">
        <ele>226.4</ele>
      </trkpt>
      <trkpt lat="35.87909" lon="-120.8974">
        <ele>224.1</ele>
      </trkpt>
      <trkpt lat="35.87892" lon="-120.89689">
        <ele>219.7</ele>
      </trkpt>
      <trkpt lat="35.87872" lon="-120.89637">
        <ele>220.7</ele>
      </trkpt>
      <trkpt lat="35.87861" lon="-120.89607">
        <ele>217.1</ele>
      </trkpt>
      <trkpt lat="35.87851" lon="-120.89582">
        <ele>216.1</ele>
      </trkpt>
      <trkpt lat="35.87844" lon="-120.89566">
        <ele>217.0</ele>
      </trkpt>
      <trkpt lat="35.87808" lon="-120.89483">
        <ele>216.1</ele>
      </trkpt>
      <trkpt lat="35.87783" lon="-120.89425">
        <ele>210.3</ele>
      </trkpt>
      <trkpt lat="35.8774" lon="-120.89324">
        <ele>204.7</ele>
      </trkpt>
      <trkpt lat="35.87729" lon="-120.89298">
        <ele>204.2</ele>
      </trkpt>
      <trkpt lat="35.87716" lon="-120.89264">
        <ele>205.8</ele>
      </trkpt>
      <trkpt lat="35.87702" lon="-120.89226">
        <ele>207.4</ele>
      </trkpt>
      <trkpt lat="35.87691" lon="-120.89193">
        <ele>205.7</ele>
      </trkpt>
      <trkpt lat="35.87685" lon="-120.89171">
        <ele>205.3</ele>
      </trkpt>
      <trkpt lat="35.87674" lon="-120.89134">
        <ele>205.1</ele>
      </trkpt>
      <trkpt lat="35.87662" lon="-120.89087">
        <ele>202.0</ele>
      </trkpt>
      <trkpt lat="35.87658" lon="-120.89064">
        <ele>201.8</ele>
      </trkpt>
      <trkpt lat="35.87652" lon="-120.89035">
        <ele>201.7</ele>
      </trkpt>
      <trkpt lat="35.87645" lon="-120.89001">
        <ele>200.9</ele>
      </trkpt>
      <trkpt lat="35.87639" lon="-120.88963">
        <ele>200.1</ele>
      </trkpt>
      <trkpt lat="35.8763" lon="-120.88905">
        <ele>199.0</ele>
      </trkpt>
      <trkpt lat="35.87619" lon="-120.88825">
        <ele>200.3</ele>
      </trkpt>
      <trkpt lat="35.8761" lon="-120.88767">
        <ele>201.1</ele>
      </trkpt>
      <trkpt lat="35.87597" lon="-120.88694">
        <ele>201.0</ele>
      </trkpt>
      <trkpt lat="35.875839" lon="-120.8863">
        <ele>200.7</ele>
      </trkpt>
      <trkpt lat="35.87577" lon="-120.88601">
        <ele>200.3</ele>
      </trkpt>
      <trkpt lat="35.87559" lon="-120.88524">
        <ele>198.4</ele>
      </trkpt>
      <trkpt lat="35.87519" lon="-120.88362">
        <ele>197.1</ele>
      </trkpt>
      <trkpt lat="35.8747" lon="-120.88159">
        <ele>196.0</ele>
      </trkpt>
      <trkpt lat="35.87384" lon="-120.87803">
        <ele>188.9</ele>
      </trkpt>
      <trkpt lat="35.87326" lon="-120.87561">
        <ele>188.3</ele>
      </trkpt>
      <trkpt lat="35.87266" lon="-120.87315">
        <ele>185.2</ele>
      </trkpt>
      <trkpt lat="35.872369" lon="-120.87197">
        <ele>185.7</ele>
      </trkpt>
      <trkpt lat="35.87193" lon="-120.87012">
        <ele>187.4</ele>
      </trkpt>
      <trkpt lat="35.87154" lon="-120.86852">
        <ele>188.1</ele>
      </trkpt>
      <trkpt lat="35.87123" lon="-120.86725">
        <ele>189.9</ele>
      </trkpt>
      <trkpt lat="35.87076" lon="-120.86529">
        <ele>190.4</ele>
      </trkpt>
      <trkpt lat="35.86995" lon="-120.86195">
        <ele>188.6</ele>
      </trkpt>
      <trkpt lat="35.868989" lon="-120.85798">
        <ele>184.7</ele>
      </trkpt>
      <trkpt lat="35.86821" lon="-120.85475">
        <ele>181.0</ele>
      </trkpt>
      <trkpt lat="35.86813" lon="-120.85438">
        <ele>180.0</ele>
      </trkpt>
      <trkpt lat="35.86807" lon="-120.85409">
        <ele>180.4</ele>
      </trkpt>
      <trkpt lat="35.86803" lon="-120.8539">
        <ele>181.1</ele>
      </trkpt>
      <trkpt lat="35.86801" lon="-120.85375">
        <ele>181.8</ele>
      </trkpt>
      <trkpt lat="35.86798" lon="-120.8535">
        <ele>182.4</ele>
      </trkpt>
      <trkpt lat="35.867959" lon="-120.85327">
        <ele>182.6</ele>
      </trkpt>
      <trkpt lat="35.86794" lon="-120.85303">
        <ele>182.6</ele>
      </trkpt>
      <trkpt lat="35.86793" lon="-120.85284">
        <ele>182.4</ele>
      </trkpt>
      <trkpt lat="35.86793" lon="-120.85262">
        <ele>181.9</ele>
      </trkpt>
      <trkpt lat="35.86792" lon="-120.85238">
        <ele>181.6</ele>
      </trkpt>
      <trkpt lat="35.86794" lon="-120.85191">
        <ele>181.0</ele>
      </trkpt>
      <trkpt lat="35.867959" lon="-120.85171">
        <ele>180.7</ele>
      </trkpt>
      <trkpt lat="35.86797" lon="-120.85156">
        <ele>180.7</ele>
      </trkpt>
      <trkpt lat="35.86799" lon="-120.85141">
        <ele>180.7</ele>
      </trkpt>
      <trkpt lat="35.86802" lon="-120.85117">
        <ele>180.3</ele>
      </trkpt>
      <trkpt lat="35.86804" lon="-120.851">
        <ele>180.1</ele>
      </trkpt>
      <trkpt lat="35.86807" lon="-120.85086">
        <ele>179.9</ele>
      </trkpt>
      <trkpt lat="35.8681" lon="-120.85068">
        <ele>179.3</ele>
      </trkpt>
      <trkpt lat="35.86825" lon="-120.84979">
        <ele>178.7</ele>
      </trkpt>
      <trkpt lat="35.86841" lon="-120.84887">
        <ele>176.9</ele>
      </trkpt>
      <trkpt lat="35.86841" lon="-120.84887">
        <ele>176.9</ele>
      </trkpt>
      <trkpt lat="35.86871" lon="-120.84719">
        <ele>173.1</ele>
      </trkpt>
      <trkpt lat="35.86879" lon="-120.84676">
        <ele>173.6</ele>
      </trkpt>
      <trkpt lat="35.86892" lon="-120.8462">
        <ele>172.6</ele>
      </trkpt>
      <trkpt lat="35.86901" lon="-120.84588">
        <ele>173.3</ele>
      </trkpt>
      <trkpt lat="35.869079" lon="-120.84565">
        <ele>174.1</ele>
      </trkpt>
      <trkpt lat="35.8692" lon="-120.84532">
        <ele>172.8</ele>
      </trkpt>
      <trkpt lat="35.86933" lon="-120.84501">
        <ele>172.9</ele>
      </trkpt>
      <trkpt lat="35.86941" lon="-120.84483">
        <ele>172.5</ele>
      </trkpt>
      <trkpt lat="35.87064" lon="-120.84245">
        <ele>170.0</ele>
      </trkpt>
      <trkpt lat="35.87174" lon="-120.84032">
        <ele>164.6</ele>
      </trkpt>
      <trkpt lat="35.872079" lon="-120.83969">
        <ele>159.2</ele>
      </trkpt>
      <trkpt lat="35.8728" lon="-120.83847">
        <ele>159.4</ele>
      </trkpt>
      <trkpt lat="35.87313" lon="-120.83794">
        <ele>158.9</ele>
      </trkpt>
      <trkpt lat="35.87313" lon="-120.83794">
        <ele>158.9</ele>
      </trkpt>
      <trkpt lat="35.87315" lon="-120.83768">
        <ele>158.9</ele>
      </trkpt>
      <trkpt lat="35.87322" lon="-120.83725">
        <ele>157.1</ele>
      </trkpt>
      <trkpt lat="35.873309" lon="-120.83676">
        <ele>156.6</ele>
      </trkpt>
      <trkpt lat="35.87333" lon="-120.83654">
        <ele>155.1</ele>
      </trkpt>
      <trkpt lat="35.87334" lon="-120.83639">
        <ele>154.5</ele>
      </trkpt>
      <trkpt lat="35.87335" lon="-120.83633">
        <ele>154.5</ele>
      </trkpt>
      <trkpt lat="35.87335" lon="-120.83613">
        <ele>155.6</ele>
      </trkpt>
      <trkpt lat="35.87335" lon="-120.83602">
        <ele>156.6</ele>
      </trkpt>
      <trkpt lat="35.87334" lon="-120.83589">
        <ele>157.8</ele>
      </trkpt>
      <trkpt lat="35.87333" lon="-120.83578">
        <ele>158.7</ele>
      </trkpt>
      <trkpt lat="35.87332" lon="-120.83571">
        <ele>159.3</ele>
      </trkpt>
      <trkpt lat="35.873309" lon="-120.83565">
        <ele>159.9</ele>
      </trkpt>
      <trkpt lat="35.87329" lon="-120.83557">
        <ele>160.6</ele>
      </trkpt>
      <trkpt lat="35.87326" lon="-120.83545">
        <ele>161.6</ele>
      </trkpt>
      <trkpt lat="35.87323" lon="-120.83535">
        <ele>162.4</ele>
      </trkpt>
      <trkpt lat="35.87318" lon="-120.83522">
        <ele>163.5</ele>
      </trkpt>
      <trkpt lat="35.87316" lon="-120.83516">
        <ele>163.9</ele>
      </trkpt>
      <trkpt lat="35.87313" lon="-120.83509">
        <ele>164.4</ele>
      </trkpt>
      <trkpt lat="35.87304" lon="-120.83489">
        <ele>165.1</ele>
      </trkpt>
      <trkpt lat="35.87294" lon="-120.83471">
        <ele>164.9</ele>
      </trkpt>
      <trkpt lat="35.87279" lon="-120.83448">
        <ele>164.9</ele>
      </trkpt>
      <trkpt lat="35.87269" lon="-120.83432">
        <ele>165.0</ele>
      </trkpt>
      <trkpt lat="35.87266" lon="-120.83426">
        <ele>165.1</ele>
      </trkpt>
      <trkpt lat="35.872639" lon="-120.8342">
        <ele>165.2</ele>
      </trkpt>
      <trkpt lat="35.87262" lon="-120.83414">
        <ele>165.2</ele>
      </trkpt>
      <trkpt lat="35.87262" lon="-120.83411">
        <ele>165.3</ele>
      </trkpt>
      <trkpt lat="35.87262" lon="-120.83406">
        <ele>165.6</ele>
      </trkpt>
      <trkpt lat="35.87262" lon="-120.83406">
        <ele>165.6</ele>
      </trkpt>
      <trkpt lat="35.87226" lon="-120.8335">
        <ele>166.2</ele>
      </trkpt>
      <trkpt lat="35.87211" lon="-120.83321">
        <ele>169.6</ele>
      </trkpt>
      <trkpt lat="35.87187" lon="-120.83278">
        <ele>171.2</ele>
      </trkpt>
      <trkpt lat="35.87173" lon="-120.83252">
        <ele>171.2</ele>
      </trkpt>
      <trkpt lat="35.871609" lon="-120.83227">
        <ele>170.8</ele>
      </trkpt>
      <trkpt lat="35.87146" lon="-120.83196">
        <ele>170.9</ele>
      </trkpt>
      <trkpt lat="35.87126" lon="-120.83156">
        <ele>170.7</ele>
      </trkpt>
      <trkpt lat="35.87126" lon="-120.83156">
        <ele>170.7</ele>
      </trkpt>
      <trkpt lat="35.87118" lon="-120.83141">
        <ele>170.7</ele>
      </trkpt>
      <trkpt lat="35.87073" lon="-120.8305">
        <ele>170.5</ele>
      </trkpt>
      <trkpt lat="35.87061" lon="-120.83024">
        <ele>170.9</ele>
      </trkpt>
      <trkpt lat="35.8703" lon="-120.82962">
        <ele>170.9</ele>
      </trkpt>
      <trkpt lat="35.86987" lon="-120.82876">
        <ele>171.5</ele>
      </trkpt>
      <trkpt lat="35.86968" lon="-120.82837">
        <ele>170.9</ele>
      </trkpt>
      <trkpt lat="35.86954" lon="-120.82809">
        <ele>170.7</ele>
      </trkpt>
      <trkpt lat="35.86913" lon="-120.82727">
        <ele>169.9</ele>
      </trkpt>
      <trkpt lat="35.86886" lon="-120.82671">
        <ele>169.6</ele>
      </trkpt>
      <trkpt lat="35.86858" lon="-120.82615">
        <ele>169.1</ele>
      </trkpt>
      <trkpt lat="35.86735" lon="-120.82366">
        <ele>173.4</ele>
      </trkpt>
      <trkpt lat="35.86659" lon="-120.82212">
        <ele>174.6</ele>
      </trkpt>
      <trkpt lat="35.86619" lon="-120.8213">
        <ele>175.0</ele>
      </trkpt>
      <trkpt lat="35.86619" lon="-120.8213">
        <ele>175.0</ele>
      </trkpt>
      <trkpt lat="35.8661" lon="-120.82123">
        <ele>175.0</ele>
      </trkpt>
      <trkpt lat="35.86603" lon="-120.82112">
        <ele>175.2</ele>
      </trkpt>
      <trkpt lat="35.86591" lon="-120.82091">
        <ele>175.6</ele>
      </trkpt>
      <trkpt lat="35.86562" lon="-120.8204">
        <ele>175.7</ele>
      </trkpt>
      <trkpt lat="35.86538" lon="-120.81998">
        <ele>175.5</ele>
      </trkpt>
      <trkpt lat="35.86529" lon="-120.81982">
        <ele>175.9</ele>
      </trkpt>
      <trkpt lat="35.86509" lon="-120.81947">
        <ele>175.9</ele>
      </trkpt>
      <trkpt lat="35.864849" lon="-120.81903">
        <ele>176.4</ele>
      </trkpt>
      <trkpt lat="35.864579" lon="-120.81856">
        <ele>177.1</ele>
      </trkpt>
      <trkpt lat="35.86453" lon="-120.81846">
        <ele>177.3</ele>
      </trkpt>
      <trkpt lat="35.86446" lon="-120.81832">
        <ele>177.6</ele>
      </trkpt>
      <trkpt lat="35.86446" lon="-120.81832">
        <ele>177.6</ele>
      </trkpt>
      <trkpt lat="35.86494" lon="-120.81763">
        <ele>173.0</ele>
      </trkpt>
      <trkpt lat="35.86498" lon="-120.81757">
        <ele>172.2</ele>
      </trkpt>
      <trkpt lat="35.86499" lon="-120.81755">
        <ele>172.0</ele>
      </trkpt>
      <trkpt lat="35.86501" lon="-120.81753">
        <ele>171.6</ele>
      </trkpt>
      <trkpt lat="35.86502" lon="-120.8175">
        <ele>171.1</ele>
      </trkpt>
      <trkpt lat="35.86503" lon="-120.81747">
        <ele>170.6</ele>
      </trkpt>
      <trkpt lat="35.86504" lon="-120.81743">
        <ele>169.9</ele>
      </trkpt>
      <trkpt lat="35.865049" lon="-120.81738">
        <ele>168.9</ele>
      </trkpt>
      <trkpt lat="35.86502" lon="-120.81726">
        <ele>167.9</ele>
      </trkpt>
      <trkpt lat="35.86496" lon="-120.81714">
        <ele>167.9</ele>
      </trkpt>
      <trkpt lat="35.86477" lon="-120.81685">
        <ele>167.4</ele>
      </trkpt>
      <trkpt lat="35.86445" lon="-120.81635">
        <ele>167.7</ele>
      </trkpt>
      <trkpt lat="35.86404" lon="-120.81569">
        <ele>167.7</ele>
      </trkpt>
      <trkpt lat="35.86378" lon="-120.81527">
        <ele>167.7</ele>
      </trkpt>
      <trkpt lat="35.86375" lon="-120.81522">
        <ele>168.2</ele>
      </trkpt>
      <trkpt lat="35.86368" lon="-120.81512">
        <ele>169.6</ele>
      </trkpt>
      <trkpt lat="35.86358" lon="-120.81492">
        <ele>171.8</ele>
      </trkpt>
      <trkpt lat="35.86352" lon="-120.81477">
        <ele>173.3</ele>
      </trkpt>
      <trkpt lat="35.86346" lon="-120.8146">
        <ele>173.1</ele>
      </trkpt>
      <trkpt lat="35.86342" lon="-120.81438">
        <ele>170.1</ele>
      </trkpt>
      <trkpt lat="35.8634" lon="-120.81421">
        <ele>166.5</ele>
      </trkpt>
      <trkpt lat="35.86339" lon="-120.81416">
        <ele>165.5</ele>
      </trkpt>
      <trkpt lat="35.86338" lon="-120.81398">
        <ele>161.4</ele>
      </trkpt>
      <trkpt lat="35.86337" lon="-120.81376">
        <ele>157.2</ele>
      </trkpt>
      <trkpt lat="35.86337" lon="-120.81358">
        <ele>154.8</ele>
      </trkpt>
      <trkpt lat="35.86337" lon="-120.81338">
        <ele>153.5</ele>
      </trkpt>
      <trkpt lat="35.8634" lon="-120.81309">
        <ele>152.8</ele>
      </trkpt>
      <trkpt lat="35.86348" lon="-120.81262">
        <ele>151.8</ele>
      </trkpt>
      <trkpt lat="35.8636" lon="-120.81198">
        <ele>150.4</ele>
      </trkpt>
      <trkpt lat="35.86389" lon="-120.8106">
        <ele>148.2</ele>
      </trkpt>
      <trkpt lat="35.86427" lon="-120.80875">
        <ele>156.9</ele>
      </trkpt>
      <trkpt lat="35.8643" lon="-120.80857">
        <ele>158.7</ele>
      </trkpt>
      <trkpt lat="35.86433" lon="-120.80841">
        <ele>159.4</ele>
      </trkpt>
      <trkpt lat="35.86435" lon="-120.80825">
        <ele>159.7</ele>
      </trkpt>
      <trkpt lat="35.86437" lon="-120.80807">
        <ele>159.9</ele>
      </trkpt>
      <trkpt lat="35.86438" lon="-120.80788">
        <ele>160.0</ele>
      </trkpt>
      <trkpt lat="35.86439" lon="-120.80768">
        <ele>160.0</ele>
      </trkpt>
      <trkpt lat="35.8644" lon="-120.80746">
        <ele>160.4</ele>
      </trkpt>
      <trkpt lat="35.86439" lon="-120.80716">
        <ele>160.9</ele>
      </trkpt>
      <trkpt lat="35.86437" lon="-120.80694">
        <ele>161.0</ele>
      </trkpt>
      <trkpt lat="35.86435" lon="-120.80675">
        <ele>161.0</ele>
      </trkpt>
      <trkpt lat="35.86435" lon="-120.80675">
        <ele>161.0</ele>
      </trkpt>
      <trkpt lat="35.86435" lon="-120.80671">
        <ele>160.9</ele>
      </trkpt>
      <trkpt lat="35.8643" lon="-120.8064">
        <ele>161.0</ele>
      </trkpt>
      <trkpt lat="35.86422" lon="-120.80604">
        <ele>161.8</ele>
      </trkpt>
      <trkpt lat="35.86416" lon="-120.80583">
        <ele>161.9</ele>
      </trkpt>
      <trkpt lat="35.86413" lon="-120.80572">
        <ele>162.0</ele>
      </trkpt>
      <trkpt lat="35.863787" lon="-120.804485">
        <ele>163.3</ele>
      </trkpt>
      <trkpt lat="35.863516" lon="-120.804525">
        <ele>162.9</ele>
      </trkpt>
      <trkpt lat="35.863751" lon="-120.804354">
        <ele>163.4</ele>
      </trkpt>
      <trkpt lat="35.8637" lon="-120.80417">
        <ele>163.7</ele>
      </trkpt>
      <trkpt lat="35.863349" lon="-120.80289">
        <ele>167.6</ele>
      </trkpt>
      <trkpt lat="35.86303" lon="-120.80168">
        <ele>167.0</ele>
      </trkpt>
      <trkpt lat="35.86277" lon="-120.80072">
        <ele>166.9</ele>
      </trkpt>
      <trkpt lat="35.86277" lon="-120.80072">
        <ele>166.9</ele>
      </trkpt>
      <trkpt lat="35.86273" lon="-120.80057">
        <ele>167.0</ele>
      </trkpt>
      <trkpt lat="35.86268" lon="-120.80039">
        <ele>167.0</ele>
      </trkpt>
      <trkpt lat="35.86266" lon="-120.80031">
        <ele>167.0</ele>
      </trkpt>
      <trkpt lat="35.86266" lon="-120.80031">
        <ele>167.0</ele>
      </trkpt>
      <trkpt lat="35.86264" lon="-120.80026">
        <ele>167.0</ele>
      </trkpt>
      <trkpt lat="35.86254" lon="-120.79986">
        <ele>166.4</ele>
      </trkpt>
      <trkpt lat="35.8625" lon="-120.79964">
        <ele>166.0</ele>
      </trkpt>
      <trkpt lat="35.86247" lon="-120.79952">
        <ele>165.9</ele>
      </trkpt>
      <trkpt lat="35.86245" lon="-120.79939">
        <ele>166.0</ele>
      </trkpt>
      <trkpt lat="35.86239" lon="-120.7991">
        <ele>165.9</ele>
      </trkpt>
      <trkpt lat="35.86237" lon="-120.79895">
        <ele>165.9</ele>
      </trkpt>
      <trkpt lat="35.86234" lon="-120.79875">
        <ele>165.9</ele>
      </trkpt>
      <trkpt lat="35.862319" lon="-120.79856">
        <ele>165.9</ele>
      </trkpt>
      <trkpt lat="35.86229" lon="-120.79832">
        <ele>165.9</ele>
      </trkpt>
      <trkpt lat="35.86228" lon="-120.79818">
        <ele>166.0</ele>
      </trkpt>
      <trkpt lat="35.86227" lon="-120.79797">
        <ele>166.1</ele>
      </trkpt>
      <trkpt lat="35.86226" lon="-120.79783">
        <ele>166.3</ele>
      </trkpt>
      <trkpt lat="35.86225" lon="-120.79762">
        <ele>166.3</ele>
      </trkpt>
      <trkpt lat="35.86224" lon="-120.79739">
        <ele>166.2</ele>
      </trkpt>
      <trkpt lat="35.86224" lon="-120.79717">
        <ele>166.0</ele>
      </trkpt>
      <trkpt lat="35.86224" lon="-120.79697">
        <ele>165.9</ele>
      </trkpt>
      <trkpt lat="35.862229" lon="-120.79668">
        <ele>165.8</ele>
      </trkpt>
      <trkpt lat="35.862229" lon="-120.79615">
        <ele>163.2</ele>
      </trkpt>
      <trkpt lat="35.862229" lon="-120.79558">
        <ele>159.7</ele>
      </trkpt>
      <trkpt lat="35.86222" lon="-120.7951">
        <ele>159.0</ele>
      </trkpt>
      <trkpt lat="35.86222" lon="-120.79434">
        <ele>163.8</ele>
      </trkpt>
      <trkpt lat="35.86222" lon="-120.79376">
        <ele>166.0</ele>
      </trkpt>
      <trkpt lat="35.86221" lon="-120.79348">
        <ele>165.9</ele>
      </trkpt>
      <trkpt lat="35.8622" lon="-120.79227">
        <ele>166.0</ele>
      </trkpt>
      <trkpt lat="35.8622" lon="-120.79152">
        <ele>164.9</ele>
      </trkpt>
      <trkpt lat="35.86219" lon="-120.79068">
        <ele>159.8</ele>
      </trkpt>
      <trkpt lat="35.86219" lon="-120.79009">
        <ele>158.6</ele>
      </trkpt>
      <trkpt lat="35.86218" lon="-120.78959">
        <ele>157.8</ele>
      </trkpt>
      <trkpt lat="35.86218" lon="-120.78841">
        <ele>157.3</ele>
      </trkpt>
      <trkpt lat="35.86216" lon="-120.7869">
        <ele>157.5</ele>
      </trkpt>
      <trkpt lat="35.86215" lon="-120.78576">
        <ele>157.3</ele>
      </trkpt>
      <trkpt lat="35.862139" lon="-120.78462">
        <ele>156.7</ele>
      </trkpt>
      <trkpt lat="35.862139" lon="-120.78435">
        <ele>157.3</ele>
      </trkpt>
      <trkpt lat="35.862139" lon="-120.78435">
        <ele>157.3</ele>
      </trkpt>
      <trkpt lat="35.862139" lon="-120.78392">
        <ele>157.8</ele>
      </trkpt>
      <trkpt lat="35.86213" lon="-120.78269">
        <ele>157.8</ele>
      </trkpt>
      <trkpt lat="35.86212" lon="-120.7813">
        <ele>160.0</ele>
      </trkpt>
      <trkpt lat="35.86211" lon="-120.7806">
        <ele>160.0</ele>
      </trkpt>
      <trkpt lat="35.86211" lon="-120.78017">
        <ele>160.0</ele>
      </trkpt>
      <trkpt lat="35.86211" lon="-120.77958">
        <ele>159.3</ele>
      </trkpt>
      <trkpt lat="35.86212" lon="-120.77695">
        <ele>159.4</ele>
      </trkpt>
      <trkpt lat="35.86213" lon="-120.77613">
        <ele>159.6</ele>
      </trkpt>
      <trkpt lat="35.862139" lon="-120.77509">
        <ele>160.7</ele>
      </trkpt>
      <trkpt lat="35.862139" lon="-120.77378">
        <ele>162.1</ele>
      </trkpt>
      <trkpt lat="35.862139" lon="-120.77335">
        <ele>163.3</ele>
      </trkpt>
      <trkpt lat="35.862139" lon="-120.77305">
        <ele>163.7</ele>
      </trkpt>
      <trkpt lat="35.86213" lon="-120.77282">
        <ele>163.9</ele>
      </trkpt>
      <trkpt lat="35.86212" lon="-120.7726">
        <ele>163.8</ele>
      </trkpt>
      <trkpt lat="35.86209" lon="-120.77229">
        <ele>163.5</ele>
      </trkpt>
      <trkpt lat="35.86206" lon="-120.77196">
        <ele>163.3</ele>
      </trkpt>
      <trkpt lat="35.86201" lon="-120.77161">
        <ele>162.8</ele>
      </trkpt>
      <trkpt lat="35.86195" lon="-120.77127">
        <ele>162.9</ele>
      </trkpt>
      <trkpt lat="35.8619" lon="-120.77096">
        <ele>163.3</ele>
      </trkpt>
      <trkpt lat="35.86183" lon="-120.77066">
        <ele>164.0</ele>
      </trkpt>
      <trkpt lat="35.86168" lon="-120.77008">
        <ele>164.9</ele>
      </trkpt>
      <trkpt lat="35.8616" lon="-120.76978">
        <ele>164.8</ele>
      </trkpt>
      <trkpt lat="35.86155" lon="-120.76962">
        <ele>164.8</ele>
      </trkpt>
      <trkpt lat="35.86151" lon="-120.76953">
        <ele>164.7</ele>
      </trkpt>
      <trkpt lat="35.86148" lon="-120.76945">
        <ele>164.7</ele>
      </trkpt>
      <trkpt lat="35.86139" lon="-120.7692">
        <ele>164.6</ele>
      </trkpt>
      <trkpt lat="35.86134" lon="-120.76906">
        <ele>165.0</ele>
      </trkpt>
      <trkpt lat="35.86126" lon="-120.76887">
        <ele>165.3</ele>
      </trkpt>
      <trkpt lat="35.86118" lon="-120.76867">
        <ele>165.4</ele>
      </trkpt>
      <trkpt lat="35.86105" lon="-120.76838">
        <ele>165.5</ele>
      </trkpt>
      <trkpt lat="35.860909" lon="-120.7681">
        <ele>165.3</ele>
      </trkpt>
      <trkpt lat="35.8607" lon="-120.7677">
        <ele>164.7</ele>
      </trkpt>
      <trkpt lat="35.86057" lon="-120.76747">
        <ele>164.9</ele>
      </trkpt>
      <trkpt lat="35.86039" lon="-120.76719">
        <ele>164.7</ele>
      </trkpt>
      <trkpt lat="35.86015" lon="-120.76681">
        <ele>165.1</ele>
      </trkpt>
      <trkpt lat="35.85995" lon="-120.76652">
        <ele>164.6</ele>
      </trkpt>
      <trkpt lat="35.85963" lon="-120.76604">
        <ele>164.8</ele>
      </trkpt>
      <trkpt lat="35.85938" lon="-120.76567">
        <ele>165.4</ele>
      </trkpt>
      <trkpt lat="35.85908" lon="-120.76524">
        <ele>166.4</ele>
      </trkpt>
      <trkpt lat="35.85879" lon="-120.76484">
        <ele>168.1</ele>
      </trkpt>
      <trkpt lat="35.85843" lon="-120.7644">
        <ele>168.3</ele>
      </trkpt>
      <trkpt lat="35.85843" lon="-120.7644">
        <ele>168.3</ele>
      </trkpt>
      <trkpt lat="35.8584" lon="-120.76437">
        <ele>168.1</ele>
      </trkpt>
      <trkpt lat="35.85813" lon="-120.76407">
        <ele>167.3</ele>
      </trkpt>
      <trkpt lat="35.85589" lon="-120.76156">
        <ele>165.2</ele>
      </trkpt>
      <trkpt lat="35.85454" lon="-120.76004">
        <ele>164.9</ele>
      </trkpt>
      <trkpt lat="35.85327" lon="-120.75861">
        <ele>165.2</ele>
      </trkpt>
      <trkpt lat="35.85316" lon="-120.75849">
        <ele>165.6</ele>
      </trkpt>
      <trkpt lat="35.85299" lon="-120.7583">
        <ele>165.4</ele>
      </trkpt>
      <trkpt lat="35.8528" lon="-120.7581">
        <ele>165.7</ele>
      </trkpt>
      <trkpt lat="35.85234" lon="-120.75764">
        <ele>166.3</ele>
      </trkpt>
      <trkpt lat="35.85199" lon="-120.75731">
        <ele>166.8</ele>
      </trkpt>
      <trkpt lat="35.85155" lon="-120.75692">
        <ele>166.4</ele>
      </trkpt>
      <trkpt lat="35.85109" lon="-120.75654">
        <ele>166.9</ele>
      </trkpt>
      <trkpt lat="35.85092" lon="-120.7564">
        <ele>166.6</ele>
      </trkpt>
      <trkpt lat="35.84898" lon="-120.75491">
        <ele>167.1</ele>
      </trkpt>
      <trkpt lat="35.84866" lon="-120.75467">
        <ele>166.9</ele>
      </trkpt>
      <trkpt lat="35.84836" lon="-120.75444">
        <ele>167.0</ele>
      </trkpt>
      <trkpt lat="35.84819" lon="-120.75433">
        <ele>167.0</ele>
      </trkpt>
      <trkpt lat="35.84787" lon="-120.75411">
        <ele>167.7</ele>
      </trkpt>
      <trkpt lat="35.84764" lon="-120.75398">
        <ele>167.4</ele>
      </trkpt>
      <trkpt lat="35.84747" lon="-120.7539">
        <ele>167.2</ele>
      </trkpt>
      <trkpt lat="35.84718" lon="-120.75375">
        <ele>167.9</ele>
      </trkpt>
      <trkpt lat="35.84693" lon="-120.75364">
        <ele>167.9</ele>
      </trkpt>
      <trkpt lat="35.84661" lon="-120.75351">
        <ele>167.4</ele>
      </trkpt>
      <trkpt lat="35.84641" lon="-120.75344">
        <ele>167.5</ele>
      </trkpt>
      <trkpt lat="35.84619" lon="-120.75338">
        <ele>167.2</ele>
      </trkpt>
      <trkpt lat="35.84581" lon="-120.75329">
        <ele>167.2</ele>
      </trkpt>
      <trkpt lat="35.84542" lon="-120.7532">
        <ele>167.6</ele>
      </trkpt>
      <trkpt lat="35.84238" lon="-120.75257">
        <ele>169.6</ele>
      </trkpt>
      <trkpt lat="35.83729" lon="-120.7515">
        <ele>177.2</ele>
      </trkpt>
      <trkpt lat="35.83434" lon="-120.75087">
        <ele>179.3</ele>
      </trkpt>
      <trkpt lat="35.83279" lon="-120.75054">
        <ele>179.3</ele>
      </trkpt>
      <trkpt lat="35.83069" lon="-120.7501">
        <ele>178.7</ele>
      </trkpt>
      <trkpt lat="35.83058" lon="-120.75008">
        <ele>178.8</ele>
      </trkpt>
      <trkpt lat="35.830419" lon="-120.75005">
        <ele>178.9</ele>
      </trkpt>
      <trkpt lat="35.8302" lon="-120.75003">
        <ele>178.7</ele>
      </trkpt>
      <trkpt lat="35.83008" lon="-120.75002">
        <ele>178.1</ele>
      </trkpt>
      <trkpt lat="35.82993" lon="-120.75">
        <ele>177.2</ele>
      </trkpt>
      <trkpt lat="35.82977" lon="-120.75">
        <ele>176.9</ele>
      </trkpt>
      <trkpt lat="35.829569" lon="-120.75">
        <ele>176.5</ele>
      </trkpt>
      <trkpt lat="35.82941" lon="-120.75">
        <ele>175.9</ele>
      </trkpt>
      <trkpt lat="35.82916" lon="-120.75002">
        <ele>175.4</ele>
      </trkpt>
      <trkpt lat="35.82898" lon="-120.75004">
        <ele>175.0</ele>
      </trkpt>
      <trkpt lat="35.82887" lon="-120.75006">
        <ele>174.7</ele>
      </trkpt>
      <trkpt lat="35.82873" lon="-120.75008">
        <ele>174.5</ele>
      </trkpt>
      <trkpt lat="35.82847" lon="-120.75013">
        <ele>174.3</ele>
      </trkpt>
      <trkpt lat="35.8282" lon="-120.7502">
        <ele>173.6</ele>
      </trkpt>
      <trkpt lat="35.82802" lon="-120.75025">
        <ele>172.8</ele>
      </trkpt>
      <trkpt lat="35.82784" lon="-120.75031">
        <ele>172.9</ele>
      </trkpt>
      <trkpt lat="35.82765" lon="-120.75039">
        <ele>172.9</ele>
      </trkpt>
      <trkpt lat="35.82746" lon="-120.75047">
        <ele>172.3</ele>
      </trkpt>
      <trkpt lat="35.82732" lon="-120.75054">
        <ele>171.5</ele>
      </trkpt>
      <trkpt lat="35.82716" lon="-120.75061">
        <ele>170.7</ele>
      </trkpt>
      <trkpt lat="35.82647" lon="-120.75098">
        <ele>169.3</ele>
      </trkpt>
      <trkpt lat="35.82626" lon="-120.75109">
        <ele>168.9</ele>
      </trkpt>
      <trkpt lat="35.82588" lon="-120.7513">
        <ele>168.1</ele>
      </trkpt>
      <trkpt lat="35.82531" lon="-120.75161">
        <ele>165.5</ele>
      </trkpt>
      <trkpt lat="35.82359" lon="-120.75255">
        <ele>165.9</ele>
      </trkpt>
      <trkpt lat="35.82324" lon="-120.75276">
        <ele>167.0</ele>
      </trkpt>
      <trkpt lat="35.82307" lon="-120.75285">
        <ele>168.3</ele>
      </trkpt>
      <trkpt lat="35.82232" lon="-120.75325">
        <ele>170.0</ele>
      </trkpt>
      <trkpt lat="35.82218" lon="-120.75332">
        <ele>170.0</ele>
      </trkpt>
      <trkpt lat="35.82201" lon="-120.75341">
        <ele>171.0</ele>
      </trkpt>
      <trkpt lat="35.82175" lon="-120.75352">
        <ele>172.0</ele>
      </trkpt>
      <trkpt lat="35.82158" lon="-120.75359">
        <ele>172.0</ele>
      </trkpt>
      <trkpt lat="35.82124" lon="-120.75371">
        <ele>172.0</ele>
      </trkpt>
      <trkpt lat="35.82098" lon="-120.7538">
        <ele>171.9</ele>
      </trkpt>
      <trkpt lat="35.8207" lon="-120.75387">
        <ele>172.0</ele>
      </trkpt>
      <trkpt lat="35.820569" lon="-120.75391">
        <ele>172.0</ele>
      </trkpt>
      <trkpt lat="35.82033" lon="-120.75396">
        <ele>172.0</ele>
      </trkpt>
      <trkpt lat="35.82006" lon="-120.75402">
        <ele>172.0</ele>
      </trkpt>
      <trkpt lat="35.81983" lon="-120.75405">
        <ele>172.0</ele>
      </trkpt>
      <trkpt lat="35.81956" lon="-120.75409">
        <ele>172.0</ele>
      </trkpt>
      <trkpt lat="35.819339" lon="-120.75411">
        <ele>172.2</ele>
      </trkpt>
      <trkpt lat="35.81918" lon="-120.75412">
        <ele>172.7</ele>
      </trkpt>
      <trkpt lat="35.81895" lon="-120.75413">
        <ele>173.0</ele>
      </trkpt>
      <trkpt lat="35.81864" lon="-120.75414">
        <ele>173.1</ele>
      </trkpt>
      <trkpt lat="35.81849" lon="-120.75413">
        <ele>173.6</ele>
      </trkpt>
      <trkpt lat="35.81824" lon="-120.75412">
        <ele>174.0</ele>
      </trkpt>
      <trkpt lat="35.818129" lon="-120.75411">
        <ele>173.9</ele>
      </trkpt>
      <trkpt lat="35.81796" lon="-120.75409">
        <ele>173.9</ele>
      </trkpt>
      <trkpt lat="35.817749" lon="-120.75407">
        <ele>174.2</ele>
      </trkpt>
      <trkpt lat="35.8176" lon="-120.75404">
        <ele>174.9</ele>
      </trkpt>
      <trkpt lat="35.81736" lon="-120.75399">
        <ele>174.8</ele>
      </trkpt>
      <trkpt lat="35.817197" lon="-120.75397">
        <ele>174.6</ele>
      </trkpt>
      <trkpt lat="35.81712" lon="-120.75396">
        <ele>174.6</ele>
      </trkpt>
      <trkpt lat="35.81694" lon="-120.75395">
        <ele>174.8</ele>
      </trkpt>
      <trkpt lat="35.81688" lon="-120.75395">
        <ele>174.8</ele>
      </trkpt>
      <trkpt lat="35.816809" lon="-120.75396">
        <ele>174.9</ele>
      </trkpt>
      <trkpt lat="35.81676" lon="-120.75397">
        <ele>175.0</ele>
      </trkpt>
      <trkpt lat="35.81673" lon="-120.75397">
        <ele>175.0</ele>
      </trkpt>
      <trkpt lat="35.81666" lon="-120.75399">
        <ele>175.0</ele>
      </trkpt>
      <trkpt lat="35.81661" lon="-120.754">
        <ele>175.0</ele>
      </trkpt>
      <trkpt lat="35.81652" lon="-120.75404">
        <ele>175.0</ele>
      </trkpt>
      <trkpt lat="35.816429" lon="-120.75407">
        <ele>174.9</ele>
      </trkpt>
      <trkpt lat="35.816249" lon="-120.75417">
        <ele>174.9</ele>
      </trkpt>
      <trkpt lat="35.81605" lon="-120.7543">
        <ele>175.0</ele>
      </trkpt>
      <trkpt lat="35.81581" lon="-120.75447">
        <ele>174.9</ele>
      </trkpt>
      <trkpt lat="35.8155" lon="-120.75466">
        <ele>175.3</ele>
      </trkpt>
      <trkpt lat="35.81515" lon="-120.75488">
        <ele>175.9</ele>
      </trkpt>
      <trkpt lat="35.81498" lon="-120.75501">
        <ele>176.3</ele>
      </trkpt>
      <trkpt lat="35.81483" lon="-120.75509">
        <ele>176.6</ele>
      </trkpt>
      <trkpt lat="35.81477" lon="-120.75513">
        <ele>176.6</ele>
      </trkpt>
      <trkpt lat="35.81472" lon="-120.75515">
        <ele>176.7</ele>
      </trkpt>
      <trkpt lat="35.81467" lon="-120.75517">
        <ele>176.8</ele>
      </trkpt>
      <trkpt lat="35.81461" lon="-120.75519">
        <ele>176.9</ele>
      </trkpt>
      <trkpt lat="35.81457" lon="-120.7552">
        <ele>177.0</ele>
      </trkpt>
      <trkpt lat="35.81453" lon="-120.75521">
        <ele>177.1</ele>
      </trkpt>
      <trkpt lat="35.81453" lon="-120.75521">
        <ele>177.1</ele>
      </trkpt>
      <trkpt lat="35.814524" lon="-120.755197">
        <ele>177.2</ele>
      </trkpt>
      <trkpt lat="35.814524" lon="-120.755197">
        <ele>177.2</ele>
      </trkpt>
      <trkpt lat="35.813593" lon="-120.755781">
        <ele>183.6</ele>
      </trkpt>
      <trkpt lat="35.812663" lon="-120.756365">
        <ele>175.6</ele>
      </trkpt>
      <trkpt lat="35.811732" lon="-120.756949">
        <ele>170.0</ele>
      </trkpt>
      <trkpt lat="35.810801" lon="-120.757533">
        <ele>168.5</ele>
      </trkpt>
      <trkpt lat="35.810801" lon="-120.757533">
        <ele>168.5</ele>
      </trkpt>
      <trkpt lat="35.809812" lon="-120.757493">
        <ele>169.9</ele>
      </trkpt>
      <trkpt lat="35.808822" lon="-120.757453">
        <ele>172.9</ele>
      </trkpt>
      <trkpt lat="35.807834" lon="-120.757412">
        <ele>172.9</ele>
      </trkpt>
      <trkpt lat="35.80784" lon="-120.75735">
        <ele>172.9</ele>
      </trkpt>
      <trkpt lat="35.80712" lon="-120.75728">
        <ele>172.9</ele>
      </trkpt>
      <trkpt lat="35.80634" lon="-120.7572">
        <ele>173.9</ele>
      </trkpt>
      <trkpt lat="35.80541" lon="-120.75708">
        <ele>175.0</ele>
      </trkpt>
      <trkpt lat="35.80466" lon="-120.75692">
        <ele>175.9</ele>
      </trkpt>
      <trkpt lat="35.80447" lon="-120.75687">
        <ele>176.0</ele>
      </trkpt>
      <trkpt lat="35.8043" lon="-120.75673">
        <ele>176.6</ele>
      </trkpt>
      <trkpt lat="35.80416" lon="-120.75657">
        <ele>177.0</ele>
      </trkpt>
      <trkpt lat="35.804" lon="-120.75647">
        <ele>176.9</ele>
      </trkpt>
      <trkpt lat="35.80362" lon="-120.75607">
        <ele>178.3</ele>
      </trkpt>
      <trkpt lat="35.80362" lon="-120.75607">
        <ele>178.3</ele>
      </trkpt>
      <trkpt lat="35.80348" lon="-120.75587">
        <ele>182.6</ele>
      </trkpt>
      <trkpt lat="35.803514" lon="-120.755831">
        <ele>183.3</ele>
      </trkpt>
      <trkpt lat="35.803514" lon="-120.755831">
        <ele>183.3</ele>
      </trkpt>
      <trkpt lat="35.802698" lon="-120.7551">
        <ele>193.8</ele>
      </trkpt>
      <trkpt lat="35.801884" lon="-120.754369">
        <ele>196.1</ele>
      </trkpt>
      <trkpt lat="35.801069" lon="-120.753637">
        <ele>195.8</ele>
      </trkpt>
      <trkpt lat="35.800254" lon="-120.752906">
        <ele>195.6</ele>
      </trkpt>
      <trkpt lat="35.8003" lon="-120.75284">
        <ele>195.6</ele>
      </trkpt>
      <trkpt lat="35.79989" lon="-120.75243">
        <ele>195.3</ele>
      </trkpt>
      <trkpt lat="35.79902" lon="-120.75156">
        <ele>197.1</ele>
      </trkpt>
      <trkpt lat="35.79808" lon="-120.75066">
        <ele>198.0</ele>
      </trkpt>
      <trkpt lat="35.79671" lon="-120.74923">
        <ele>197.9</ele>
      </trkpt>
      <trkpt lat="35.79623" lon="-120.74873">
        <ele>198.0</ele>
      </trkpt>
      <trkpt lat="35.79623" lon="-120.74873">
        <ele>198.0</ele>
      </trkpt>
      <trkpt lat="35.79702" lon="-120.74755">
        <ele>195.3</ele>
      </trkpt>
      <trkpt lat="35.79801" lon="-120.74611">
        <ele>194.0</ele>
      </trkpt>
      <trkpt lat="35.79801" lon="-120.74611">
        <ele>194.0</ele>
      </trkpt>
      <trkpt lat="35.797469" lon="-120.7457">
        <ele>195.0</ele>
      </trkpt>
      <trkpt lat="35.79734" lon="-120.74559">
        <ele>195.0</ele>
      </trkpt>
      <trkpt lat="35.79712" lon="-120.74534">
        <ele>195.0</ele>
      </trkpt>
      <trkpt lat="35.79668" lon="-120.74478">
        <ele>195.4</ele>
      </trkpt>
      <trkpt lat="35.79584" lon="-120.7436">
        <ele>195.6</ele>
      </trkpt>
      <trkpt lat="35.79504" lon="-120.74248">
        <ele>195.4</ele>
      </trkpt>
      <trkpt lat="35.79424" lon="-120.74138">
        <ele>195.6</ele>
      </trkpt>
      <trkpt lat="35.793439" lon="-120.74025">
        <ele>196.0</ele>
      </trkpt>
      <trkpt lat="35.79302" lon="-120.73969">
        <ele>197.0</ele>
      </trkpt>
      <trkpt lat="35.79211" lon="-120.73875">
        <ele>198.6</ele>
      </trkpt>
      <trkpt lat="35.79118" lon="-120.73779">
        <ele>199.0</ele>
      </trkpt>
      <trkpt lat="35.79096" lon="-120.73757">
        <ele>199.0</ele>
      </trkpt>
      <trkpt lat="35.79025" lon="-120.73685">
        <ele>199.2</ele>
      </trkpt>
      <trkpt lat="35.78931" lon="-120.73589">
        <ele>200.0</ele>
      </trkpt>
      <trkpt lat="35.78888" lon="-120.73544">
        <ele>199.6</ele>
      </trkpt>
      <trkpt lat="35.78863" lon="-120.73517">
        <ele>199.7</ele>
      </trkpt>
      <trkpt lat="35.7884" lon="-120.73498">
        <ele>199.6</ele>
      </trkpt>
      <trkpt lat="35.78669" lon="-120.73317">
        <ele>197.6</ele>
      </trkpt>
      <trkpt lat="35.78597" lon="-120.732426">
        <ele>195.2</ele>
      </trkpt>
      <trkpt lat="35.78597" lon="-120.73243">
        <ele>195.3</ele>
      </trkpt>
      <trkpt lat="35.78578" lon="-120.73223">
        <ele>193.4</ele>
      </trkpt>
      <trkpt lat="35.78564" lon="-120.7321">
        <ele>191.8</ele>
      </trkpt>
      <trkpt lat="35.78552" lon="-120.73201">
        <ele>190.8</ele>
      </trkpt>
      <trkpt lat="35.78543" lon="-120.73194">
        <ele>190.1</ele>
      </trkpt>
      <trkpt lat="35.78533" lon="-120.73189">
        <ele>189.5</ele>
      </trkpt>
      <trkpt lat="35.78513" lon="-120.73183">
        <ele>188.8</ele>
      </trkpt>
      <trkpt lat="35.78507" lon="-120.73182">
        <ele>188.8</ele>
      </trkpt>
      <trkpt lat="35.78507" lon="-120.73182">
        <ele>188.8</ele>
      </trkpt>
      <trkpt lat="35.78417" lon="-120.73241">
        <ele>193.3</ele>
      </trkpt>
      <trkpt lat="35.784059" lon="-120.73247">
        <ele>195.3</ele>
      </trkpt>
      <trkpt lat="35.784" lon="-120.73251">
        <ele>196.2</ele>
      </trkpt>
      <trkpt lat="35.78356" lon="-120.73284">
        <ele>200.8</ele>
      </trkpt>
      <trkpt lat="35.78334" lon="-120.73299">
        <ele>202.2</ele>
      </trkpt>
      <trkpt lat="35.7832" lon="-120.73316">
        <ele>202.9</ele>
      </trkpt>
      <trkpt lat="35.78307" lon="-120.73342">
        <ele>203.4</ele>
      </trkpt>
      <trkpt lat="35.78307" lon="-120.73342">
        <ele>203.4</ele>
      </trkpt>
      <trkpt lat="35.78304" lon="-120.73333">
        <ele>203.3</ele>
      </trkpt>
      <trkpt lat="35.78296" lon="-120.7332">
        <ele>203.3</ele>
      </trkpt>
      <trkpt lat="35.78288" lon="-120.7331">
        <ele>203.3</ele>
      </trkpt>
      <trkpt lat="35.78213" lon="-120.73268">
        <ele>203.5</ele>
      </trkpt>
      <trkpt lat="35.78145" lon="-120.73238">
        <ele>204.8</ele>
      </trkpt>
      <trkpt lat="35.7811" lon="-120.73219">
        <ele>205.1</ele>
      </trkpt>
      <trkpt lat="35.7809" lon="-120.73205">
        <ele>205.9</ele>
      </trkpt>
      <trkpt lat="35.78074" lon="-120.73191">
        <ele>205.8</ele>
      </trkpt>
      <trkpt lat="35.78058" lon="-120.73172">
        <ele>205.9</ele>
      </trkpt>
      <trkpt lat="35.78049" lon="-120.7316">
        <ele>205.8</ele>
      </trkpt>
      <trkpt lat="35.78038" lon="-120.73138">
        <ele>205.8</ele>
      </trkpt>
      <trkpt lat="35.78006" lon="-120.73056">
        <ele>205.9</ele>
      </trkpt>
      <trkpt lat="35.77964" lon="-120.72938">
        <ele>205.4</ele>
      </trkpt>
      <trkpt lat="35.77887" lon="-120.7273">
        <ele>202.1</ele>
      </trkpt>
      <trkpt lat="35.77879" lon="-120.72704">
        <ele>202.5</ele>
      </trkpt>
      <trkpt lat="35.77851" lon="-120.72627">
        <ele>202.5</ele>
      </trkpt>
      <trkpt lat="35.7779" lon="-120.72459">
        <ele>197.7</ele>
      </trkpt>
      <trkpt lat="35.777859" lon="-120.72449">
        <ele>197.1</ele>
      </trkpt>
      <trkpt lat="35.77778" lon="-120.72426">
        <ele>195.6</ele>
      </trkpt>
      <trkpt lat="35.7777" lon="-120.72404">
        <ele>194.8</ele>
      </trkpt>
      <trkpt lat="35.777553" lon="-120.723642">
        <ele>195.5</ele>
      </trkpt>
      <trkpt lat="35.77755" lon="-120.72364">
        <ele>195.5</ele>
      </trkpt>
      <trkpt lat="35.77728" lon="-120.7229">
        <ele>196.0</ele>
      </trkpt>
      <trkpt lat="35.77724" lon="-120.72278">
        <ele>195.7</ele>
      </trkpt>
      <trkpt lat="35.77699" lon="-120.72211">
        <ele>194.5</ele>
      </trkpt>
      <trkpt lat="35.77687" lon="-120.72179">
        <ele>194.0</ele>
      </trkpt>
      <trkpt lat="35.77649" lon="-120.72074">
        <ele>192.8</ele>
      </trkpt>
      <trkpt lat="35.775419" lon="-120.71788">
        <ele>193.2</ele>
      </trkpt>
      <trkpt lat="35.77528" lon="-120.71749">
        <ele>193.7</ele>
      </trkpt>
      <trkpt lat="35.77523" lon="-120.71733">
        <ele>193.9</ele>
      </trkpt>
      <trkpt lat="35.775149" lon="-120.71672">
        <ele>192.4</ele>
      </trkpt>
      <trkpt lat="35.775149" lon="-120.716604">
        <ele>191.9</ele>
      </trkpt>
      <trkpt lat="35.775149" lon="-120.7166">
        <ele>191.9</ele>
      </trkpt>
      <trkpt lat="35.77516" lon="-120.71552">
        <ele>189.8</ele>
      </trkpt>
      <trkpt lat="35.775171" lon="-120.715241">
        <ele>189.1</ele>
      </trkpt>
      <trkpt lat="35.775171" lon="-120.715241">
        <ele>189.1</ele>
      </trkpt>
      <trkpt lat="35.775151" lon="-120.713732">
        <ele>188.9</ele>
      </trkpt>
      <trkpt lat="35.77516" lon="-120.7137">
        <ele>188.9</ele>
      </trkpt>
      <trkpt lat="35.77518" lon="-120.71335">
        <ele>188.8</ele>
      </trkpt>
      <trkpt lat="35.77517" lon="-120.71279">
        <ele>188.0</ele>
      </trkpt>
      <trkpt lat="35.77518" lon="-120.71258">
        <ele>187.9</ele>
      </trkpt>
      <trkpt lat="35.77518" lon="-120.71247">
        <ele>187.9</ele>
      </trkpt>
      <trkpt lat="35.77519" lon="-120.71242">
        <ele>187.8</ele>
      </trkpt>
      <trkpt lat="35.7752" lon="-120.71214">
        <ele>187.6</ele>
      </trkpt>
      <trkpt lat="35.7752" lon="-120.71214">
        <ele>187.6</ele>
      </trkpt>
      <trkpt lat="35.77521" lon="-120.71209">
        <ele>187.6</ele>
      </trkpt>
      <trkpt lat="35.77521" lon="-120.71203">
        <ele>187.6</ele>
      </trkpt>
      <trkpt lat="35.77525" lon="-120.71171">
        <ele>187.1</ele>
      </trkpt>
      <trkpt lat="35.77526" lon="-120.71167">
        <ele>187.0</ele>
      </trkpt>
      <trkpt lat="35.775239" lon="-120.71162">
        <ele>187.0</ele>
      </trkpt>
      <trkpt lat="35.77514" lon="-120.71146">
        <ele>187.0</ele>
      </trkpt>
      <trkpt lat="35.775" lon="-120.71125">
        <ele>187.2</ele>
      </trkpt>
      <trkpt lat="35.7746" lon="-120.71064">
        <ele>187.1</ele>
      </trkpt>
      <trkpt lat="35.77425" lon="-120.71011">
        <ele>187.0</ele>
      </trkpt>
      <trkpt lat="35.77423" lon="-120.71006">
        <ele>187.0</ele>
      </trkpt>
      <trkpt lat="35.77422" lon="-120.71003">
        <ele>186.9</ele>
      </trkpt>
      <trkpt lat="35.77395" lon="-120.70962">
        <ele>186.9</ele>
      </trkpt>
      <trkpt lat="35.77367" lon="-120.70922">
        <ele>186.8</ele>
      </trkpt>
      <trkpt lat="35.77311" lon="-120.70838">
        <ele>186.2</ele>
      </trkpt>
      <trkpt lat="35.77266" lon="-120.70769">
        <ele>186.4</ele>
      </trkpt>
      <trkpt lat="35.77225" lon="-120.70707">
        <ele>186.4</ele>
      </trkpt>
      <trkpt lat="35.7718" lon="-120.70639">
        <ele>186.7</ele>
      </trkpt>
      <trkpt lat="35.77136" lon="-120.70571">
        <ele>186.7</ele>
      </trkpt>
      <trkpt lat="35.77104" lon="-120.70525">
        <ele>185.6</ele>
      </trkpt>
      <trkpt lat="35.77097" lon="-120.70515">
        <ele>185.7</ele>
      </trkpt>
      <trkpt lat="35.77069" lon="-120.70476">
        <ele>187.3</ele>
      </trkpt>
      <trkpt lat="35.77051" lon="-120.70451">
        <ele>187.8</ele>
      </trkpt>
      <trkpt lat="35.770359" lon="-120.70433">
        <ele>187.6</ele>
      </trkpt>
      <trkpt lat="35.77017" lon="-120.70408">
        <ele>187.7</ele>
      </trkpt>
      <trkpt lat="35.76963" lon="-120.70334">
        <ele>188.3</ele>
      </trkpt>
      <trkpt lat="35.76949" lon="-120.70315">
        <ele>188.2</ele>
      </trkpt>
      <trkpt lat="35.76907" lon="-120.70257">
        <ele>187.9</ele>
      </trkpt>
      <trkpt lat="35.76892" lon="-120.70237">
        <ele>187.8</ele>
      </trkpt>
      <trkpt lat="35.768921" lon="-120.702368">
        <ele>187.8</ele>
      </trkpt>
      <trkpt lat="35.76892" lon="-120.70237">
        <ele>187.8</ele>
      </trkpt>
      <trkpt lat="35.768569" lon="-120.70189">
        <ele>187.6</ele>
      </trkpt>
      <trkpt lat="35.76855" lon="-120.70186">
        <ele>187.6</ele>
      </trkpt>
      <trkpt lat="35.7682" lon="-120.70139">
        <ele>187.3</ele>
      </trkpt>
      <trkpt lat="35.76794" lon="-120.70103">
        <ele>187.1</ele>
      </trkpt>
      <trkpt lat="35.76762" lon="-120.7006">
        <ele>187.1</ele>
      </trkpt>
      <trkpt lat="35.76726" lon="-120.70011">
        <ele>187.9</ele>
      </trkpt>
      <trkpt lat="35.76722" lon="-120.70006">
        <ele>188.0</ele>
      </trkpt>
      <trkpt lat="35.7665" lon="-120.69908">
        <ele>187.8</ele>
      </trkpt>
      <trkpt lat="35.76575" lon="-120.69806">
        <ele>187.9</ele>
      </trkpt>
      <trkpt lat="35.765389" lon="-120.69759">
        <ele>188.0</ele>
      </trkpt>
      <trkpt lat="35.76527" lon="-120.69745">
        <ele>188.1</ele>
      </trkpt>
      <trkpt lat="35.76521" lon="-120.69737">
        <ele>188.1</ele>
      </trkpt>
      <trkpt lat="35.76504" lon="-120.69718">
        <ele>187.8</ele>
      </trkpt>
      <trkpt lat="35.76484" lon="-120.69699">
        <ele>187.9</ele>
      </trkpt>
      <trkpt lat="35.76473" lon="-120.69688">
        <ele>188.0</ele>
      </trkpt>
      <trkpt lat="35.7646" lon="-120.69677">
        <ele>188.2</ele>
      </trkpt>
      <trkpt lat="35.764449" lon="-120.69663">
        <ele>188.0</ele>
      </trkpt>
      <trkpt lat="35.76424" lon="-120.69646">
        <ele>187.5</ele>
      </trkpt>
      <trkpt lat="35.76402" lon="-120.69629">
        <ele>187.7</ele>
      </trkpt>
      <trkpt lat="35.76376" lon="-120.69611">
        <ele>188.2</ele>
      </trkpt>
      <trkpt lat="35.76355" lon="-120.69598">
        <ele>188.0</ele>
      </trkpt>
      <trkpt lat="35.76335" lon="-120.69586">
        <ele>188.1</ele>
      </trkpt>
      <trkpt lat="35.76334" lon="-120.69585">
        <ele>188.2</ele>
      </trkpt>
      <trkpt lat="35.76317" lon="-120.69576">
        <ele>188.2</ele>
      </trkpt>
      <trkpt lat="35.76316" lon="-120.69575">
        <ele>188.2</ele>
      </trkpt>
      <trkpt lat="35.76292" lon="-120.69563">
        <ele>188.6</ele>
      </trkpt>
      <trkpt lat="35.76267" lon="-120.69552">
        <ele>188.8</ele>
      </trkpt>
      <trkpt lat="35.761809" lon="-120.69524">
        <ele>190.5</ele>
      </trkpt>
      <trkpt lat="35.76123" lon="-120.69513">
        <ele>191.0</ele>
      </trkpt>
      <trkpt lat="35.76105" lon="-120.69511">
        <ele>191.1</ele>
      </trkpt>
      <trkpt lat="35.76088" lon="-120.69509">
        <ele>191.0</ele>
      </trkpt>
      <trkpt lat="35.76087" lon="-120.69509">
        <ele>191.0</ele>
      </trkpt>
      <trkpt lat="35.76053" lon="-120.69508">
        <ele>190.9</ele>
      </trkpt>
      <trkpt lat="35.76024" lon="-120.69507">
        <ele>190.8</ele>
      </trkpt>
      <trkpt lat="35.75989" lon="-120.6951">
        <ele>191.0</ele>
      </trkpt>
      <trkpt lat="35.75941" lon="-120.69516">
        <ele>191.1</ele>
      </trkpt>
      <trkpt lat="35.75837" lon="-120.69528">
        <ele>192.3</ele>
      </trkpt>
      <trkpt lat="35.75796" lon="-120.69535">
        <ele>192.5</ele>
      </trkpt>
      <trkpt lat="35.75734" lon="-120.69545">
        <ele>192.8</ele>
      </trkpt>
      <trkpt lat="35.75734" lon="-120.69545">
        <ele>192.8</ele>
      </trkpt>
      <trkpt lat="35.756659" lon="-120.69555">
        <ele>193.0</ele>
      </trkpt>
      <trkpt lat="35.75539" lon="-120.69575">
        <ele>193.5</ele>
      </trkpt>
      <trkpt lat="35.75409" lon="-120.69591">
        <ele>193.8</ele>
      </trkpt>
      <trkpt lat="35.7528" lon="-120.69611">
        <ele>193.4</ele>
      </trkpt>
      <trkpt lat="35.7528" lon="-120.69611">
        <ele>193.4</ele>
      </trkpt>
      <trkpt lat="35.75275" lon="-120.69576">
        <ele>192.9</ele>
      </trkpt>
      <trkpt lat="35.75271" lon="-120.69545">
        <ele>192.4</ele>
      </trkpt>
      <trkpt lat="35.75267" lon="-120.695">
        <ele>192.0</ele>
      </trkpt>
      <trkpt lat="35.75267" lon="-120.695">
        <ele>192.0</ele>
      </trkpt>
      <trkpt lat="35.75262" lon="-120.69445">
        <ele>191.4</ele>
      </trkpt>
      <trkpt lat="35.75261" lon="-120.69417">
        <ele>190.9</ele>
      </trkpt>
      <trkpt lat="35.7526" lon="-120.69386">
        <ele>190.5</ele>
      </trkpt>
      <trkpt lat="35.7526" lon="-120.69291">
        <ele>189.0</ele>
      </trkpt>
      <trkpt lat="35.75261" lon="-120.6927">
        <ele>188.9</ele>
      </trkpt>
      <trkpt lat="35.7526" lon="-120.69194">
        <ele>187.7</ele>
      </trkpt>
      <trkpt lat="35.7526" lon="-120.69097">
        <ele>186.0</ele>
      </trkpt>
      <trkpt lat="35.75262" lon="-120.69059">
        <ele>186.0</ele>
      </trkpt>
      <trkpt lat="35.75264" lon="-120.69041">
        <ele>185.9</ele>
      </trkpt>
      <trkpt lat="35.75269" lon="-120.69017">
        <ele>185.2</ele>
      </trkpt>
      <trkpt lat="35.75273" lon="-120.68994">
        <ele>184.0</ele>
      </trkpt>
      <trkpt lat="35.75273" lon="-120.68994">
        <ele>184.0</ele>
      </trkpt>
      <trkpt lat="35.75292" lon="-120.68926">
        <ele>182.0</ele>
      </trkpt>
      <trkpt lat="35.75297" lon="-120.68905">
        <ele>182.6</ele>
      </trkpt>
      <trkpt lat="35.75305" lon="-120.68876">
        <ele>183.8</ele>
      </trkpt>
      <trkpt lat="35.75315" lon="-120.68842">
        <ele>184.0</ele>
      </trkpt>
      <trkpt lat="35.75334" lon="-120.68771">
        <ele>183.0</ele>
      </trkpt>
      <trkpt lat="35.75352" lon="-120.68706">
        <ele>183.0</ele>
      </trkpt>
      <trkpt lat="35.75358" lon="-120.68685">
        <ele>183.0</ele>
      </trkpt>
      <trkpt lat="35.75364" lon="-120.68664">
        <ele>183.0</ele>
      </trkpt>
      <trkpt lat="35.75364" lon="-120.68662">
        <ele>183.0</ele>
      </trkpt>
      <trkpt lat="35.75372" lon="-120.68632">
        <ele>183.9</ele>
      </trkpt>
      <trkpt lat="35.75374" lon="-120.68622">
        <ele>184.7</ele>
      </trkpt>
      <trkpt lat="35.75378" lon="-120.68595">
        <ele>188.7</ele>
      </trkpt>
      <trkpt lat="35.7538" lon="-120.68584">
        <ele>191.2</ele>
      </trkpt>
      <trkpt lat="35.75381" lon="-120.68574">
        <ele>194.0</ele>
      </trkpt>
      <trkpt lat="35.75381" lon="-120.68563">
        <ele>197.9</ele>
      </trkpt>
      <trkpt lat="35.7538" lon="-120.68545">
        <ele>205.1</ele>
      </trkpt>
      <trkpt lat="35.75379" lon="-120.68532">
        <ele>209.6</ele>
      </trkpt>
      <trkpt lat="35.75377" lon="-120.68522">
        <ele>212.0</ele>
      </trkpt>
      <trkpt lat="35.753749" lon="-120.68509">
        <ele>214.1</ele>
      </trkpt>
      <trkpt lat="35.75372" lon="-120.68498">
        <ele>215.6</ele>
      </trkpt>
      <trkpt lat="35.75366" lon="-120.68476">
        <ele>219.0</ele>
      </trkpt>
      <trkpt lat="35.7536" lon="-120.68459">
        <ele>221.0</ele>
      </trkpt>
      <trkpt lat="35.75357" lon="-120.68451">
        <ele>221.5</ele>
      </trkpt>
      <trkpt lat="35.75352" lon="-120.68442">
        <ele>221.9</ele>
      </trkpt>
      <trkpt lat="35.753459" lon="-120.68428">
        <ele>222.5</ele>
      </trkpt>
      <trkpt lat="35.7534" lon="-120.68418">
        <ele>223.1</ele>
      </trkpt>
      <trkpt lat="35.7533" lon="-120.68402">
        <ele>224.0</ele>
      </trkpt>
      <trkpt lat="35.75324" lon="-120.68393">
        <ele>224.3</ele>
      </trkpt>
      <trkpt lat="35.753189" lon="-120.68387">
        <ele>224.4</ele>
      </trkpt>
      <trkpt lat="35.75308" lon="-120.68374">
        <ele>224.4</ele>
      </trkpt>
      <trkpt lat="35.75296" lon="-120.68361">
        <ele>224.2</ele>
      </trkpt>
      <trkpt lat="35.75285" lon="-120.68352">
        <ele>223.9</ele>
      </trkpt>
      <trkpt lat="35.75279" lon="-120.68346">
        <ele>223.8</ele>
      </trkpt>
      <trkpt lat="35.75273" lon="-120.68342">
        <ele>223.8</ele>
      </trkpt>
      <trkpt lat="35.75263" lon="-120.68336">
        <ele>223.9</ele>
      </trkpt>
      <trkpt lat="35.75247" lon="-120.68327">
        <ele>223.3</ele>
      </trkpt>
      <trkpt lat="35.75238" lon="-120.68322">
        <ele>222.6</ele>
      </trkpt>
      <trkpt lat="35.75222" lon="-120.68315">
        <ele>221.1</ele>
      </trkpt>
      <trkpt lat="35.75201" lon="-120.68306">
        <ele>217.1</ele>
      </trkpt>
      <trkpt lat="35.7517" lon="-120.68299">
        <ele>211.3</ele>
      </trkpt>
      <trkpt lat="35.75153" lon="-120.68296">
        <ele>210.1</ele>
      </trkpt>
      <trkpt lat="35.75148" lon="-120.68295">
        <ele>209.3</ele>
      </trkpt>
      <trkpt lat="35.7513" lon="-120.68292">
        <ele>206.2</ele>
      </trkpt>
      <trkpt lat="35.75113" lon="-120.68289">
        <ele>204.5</ele>
      </trkpt>
      <trkpt lat="35.75091" lon="-120.68284">
        <ele>203.9</ele>
      </trkpt>
      <trkpt lat="35.75058" lon="-120.68278">
        <ele>202.9</ele>
      </trkpt>
      <trkpt lat="35.75045" lon="-120.68277">
        <ele>202.2</ele>
      </trkpt>
      <trkpt lat="35.7503" lon="-120.68275">
        <ele>200.9</ele>
      </trkpt>
      <trkpt lat="35.750279" lon="-120.68274">
        <ele>200.8</ele>
      </trkpt>
      <trkpt lat="35.750279" lon="-120.68274">
        <ele>200.8</ele>
      </trkpt>
      <trkpt lat="35.75018" lon="-120.68273">
        <ele>200.4</ele>
      </trkpt>
      <trkpt lat="35.75003" lon="-120.68274">
        <ele>201.4</ele>
      </trkpt>
      <trkpt lat="35.74994" lon="-120.68275">
        <ele>202.6</ele>
      </trkpt>
      <trkpt lat="35.74985" lon="-120.68276">
        <ele>203.7</ele>
      </trkpt>
      <trkpt lat="35.74974" lon="-120.68279">
        <ele>204.8</ele>
      </trkpt>
      <trkpt lat="35.74963" lon="-120.68284">
        <ele>205.0</ele>
      </trkpt>
      <trkpt lat="35.74947" lon="-120.68291">
        <ele>205.6</ele>
      </trkpt>
      <trkpt lat="35.74904" lon="-120.68316">
        <ele>203.6</ele>
      </trkpt>
      <trkpt lat="35.74857" lon="-120.68343">
        <ele>208.1</ele>
      </trkpt>
      <trkpt lat="35.74815" lon="-120.68367">
        <ele>207.2</ele>
      </trkpt>
      <trkpt lat="35.74776" lon="-120.6839">
        <ele>208.1</ele>
      </trkpt>
      <trkpt lat="35.74733" lon="-120.68415">
        <ele>209.5</ele>
      </trkpt>
      <trkpt lat="35.74722" lon="-120.68421">
        <ele>209.5</ele>
      </trkpt>
      <trkpt lat="35.74705" lon="-120.68431">
        <ele>208.9</ele>
      </trkpt>
      <trkpt lat="35.74691" lon="-120.6844">
        <ele>208.1</ele>
      </trkpt>
      <trkpt lat="35.746519" lon="-120.68462">
        <ele>207.9</ele>
      </trkpt>
      <trkpt lat="35.7462" lon="-120.68481">
        <ele>207.6</ele>
      </trkpt>
      <trkpt lat="35.746" lon="-120.68492">
        <ele>207.9</ele>
      </trkpt>
      <trkpt lat="35.74593" lon="-120.68496">
        <ele>208.1</ele>
      </trkpt>
      <trkpt lat="35.74571" lon="-120.68504">
        <ele>208.5</ele>
      </trkpt>
      <trkpt lat="35.74561" lon="-120.68507">
        <ele>208.8</ele>
      </trkpt>
      <trkpt lat="35.7455" lon="-120.6851">
        <ele>209.3</ele>
      </trkpt>
      <trkpt lat="35.74533" lon="-120.68512">
        <ele>209.8</ele>
      </trkpt>
      <trkpt lat="35.74523" lon="-120.68513">
        <ele>209.9</ele>
      </trkpt>
      <trkpt lat="35.745109" lon="-120.68514">
        <ele>210.0</ele>
      </trkpt>
      <trkpt lat="35.74486" lon="-120.68514">
        <ele>210.4</ele>
      </trkpt>
      <trkpt lat="35.74319" lon="-120.68519">
        <ele>208.9</ele>
      </trkpt>
      <trkpt lat="35.74244" lon="-120.68518">
        <ele>198.5</ele>
      </trkpt>
      <trkpt lat="35.74218" lon="-120.68519">
        <ele>199.4</ele>
      </trkpt>
      <trkpt lat="35.74144" lon="-120.68522">
        <ele>209.3</ele>
      </trkpt>
      <trkpt lat="35.74006" lon="-120.68525">
        <ele>210.6</ele>
      </trkpt>
      <trkpt lat="35.73991" lon="-120.68525">
        <ele>210.3</ele>
      </trkpt>
      <trkpt lat="35.73978" lon="-120.68525">
        <ele>210.0</ele>
      </trkpt>
      <trkpt lat="35.73802" lon="-120.68531">
        <ele>207.9</ele>
      </trkpt>
      <trkpt lat="35.73727" lon="-120.68534">
        <ele>207.4</ele>
      </trkpt>
      <trkpt lat="35.73643" lon="-120.68539">
        <ele>205.1</ele>
      </trkpt>
      <trkpt lat="35.73561" lon="-120.68542">
        <ele>203.3</ele>
      </trkpt>
      <trkpt lat="35.73494" lon="-120.68543">
        <ele>202.2</ele>
      </trkpt>
      <trkpt lat="35.73473" lon="-120.68543">
        <ele>201.9</ele>
      </trkpt>
      <trkpt lat="35.73456" lon="-120.68543">
        <ele>201.9</ele>
      </trkpt>
      <trkpt lat="35.73424" lon="-120.68543">
        <ele>200.8</ele>
      </trkpt>
      <trkpt lat="35.7333" lon="-120.68544">
        <ele>199.1</ele>
      </trkpt>
      <trkpt lat="35.73246" lon="-120.68545">
        <ele>197.1</ele>
      </trkpt>
      <trkpt lat="35.73189" lon="-120.68545">
        <ele>196.1</ele>
      </trkpt>
      <trkpt lat="35.73068" lon="-120.68545">
        <ele>193.7</ele>
      </trkpt>
      <trkpt lat="35.728789" lon="-120.68546">
        <ele>188.7</ele>
      </trkpt>
      <trkpt lat="35.72868" lon="-120.68546">
        <ele>188.6</ele>
      </trkpt>
      <trkpt lat="35.728589" lon="-120.68546">
        <ele>188.7</ele>
      </trkpt>
      <trkpt lat="35.72799" lon="-120.68547">
        <ele>191.3</ele>
      </trkpt>
      <trkpt lat="35.72727" lon="-120.68548">
        <ele>193.7</ele>
      </trkpt>
      <trkpt lat="35.72643" lon="-120.68546">
        <ele>195.1</ele>
      </trkpt>
      <trkpt lat="35.725879" lon="-120.68537">
        <ele>196.4</ele>
      </trkpt>
      <trkpt lat="35.72435" lon="-120.68505">
        <ele>200.3</ele>
      </trkpt>
      <trkpt lat="35.72419" lon="-120.68502">
        <ele>200.7</ele>
      </trkpt>
      <trkpt lat="35.72298" lon="-120.68477">
        <ele>203.9</ele>
      </trkpt>
      <trkpt lat="35.7226" lon="-120.6847">
        <ele>204.3</ele>
      </trkpt>
      <trkpt lat="35.72209" lon="-120.68459">
        <ele>205.8</ele>
      </trkpt>
      <trkpt lat="35.72098" lon="-120.68436">
        <ele>206.2</ele>
      </trkpt>
      <trkpt lat="35.719679" lon="-120.68408">
        <ele>204.7</ele>
      </trkpt>
      <trkpt lat="35.71897" lon="-120.68393">
        <ele>204.6</ele>
      </trkpt>
      <trkpt lat="35.71853" lon="-120.68383">
        <ele>204.6</ele>
      </trkpt>
      <trkpt lat="35.71844" lon="-120.68381">
        <ele>204.6</ele>
      </trkpt>
      <trkpt lat="35.71829" lon="-120.68376">
        <ele>204.8</ele>
      </trkpt>
      <trkpt lat="35.71819" lon="-120.68373">
        <ele>204.9</ele>
      </trkpt>
      <trkpt lat="35.71812" lon="-120.68369">
        <ele>205.0</ele>
      </trkpt>
      <trkpt lat="35.718" lon="-120.68362">
        <ele>205.2</ele>
      </trkpt>
      <trkpt lat="35.7179" lon="-120.68355">
        <ele>205.2</ele>
      </trkpt>
      <trkpt lat="35.71782" lon="-120.6835">
        <ele>205.1</ele>
      </trkpt>
      <trkpt lat="35.71751" lon="-120.68325">
        <ele>205.3</ele>
      </trkpt>
      <trkpt lat="35.717" lon="-120.68281">
        <ele>206.0</ele>
      </trkpt>
      <trkpt lat="35.71646" lon="-120.68235">
        <ele>207.0</ele>
      </trkpt>
      <trkpt lat="35.71629" lon="-120.68222">
        <ele>206.9</ele>
      </trkpt>
      <trkpt lat="35.71595" lon="-120.68194">
        <ele>207.0</ele>
      </trkpt>
      <trkpt lat="35.7155" lon="-120.68161">
        <ele>211.0</ele>
      </trkpt>
      <trkpt lat="35.71522" lon="-120.68143">
        <ele>209.0</ele>
      </trkpt>
      <trkpt lat="35.71447" lon="-120.68092">
        <ele>213.4</ele>
      </trkpt>
      <trkpt lat="35.71427" lon="-120.68079">
        <ele>213.5</ele>
      </trkpt>
      <trkpt lat="35.71413" lon="-120.68072">
        <ele>213.6</ele>
      </trkpt>
      <trkpt lat="35.71396" lon="-120.68065">
        <ele>213.7</ele>
      </trkpt>
      <trkpt lat="35.713859" lon="-120.68061">
        <ele>213.5</ele>
      </trkpt>
      <trkpt lat="35.713769" lon="-120.68058">
        <ele>213.4</ele>
      </trkpt>
      <trkpt lat="35.71367" lon="-120.68056">
        <ele>213.0</ele>
      </trkpt>
      <trkpt lat="35.71355" lon="-120.68055">
        <ele>212.3</ele>
      </trkpt>
      <trkpt lat="35.71338" lon="-120.68057">
        <ele>210.8</ele>
      </trkpt>
      <trkpt lat="35.7131" lon="-120.6806">
        <ele>207.9</ele>
      </trkpt>
      <trkpt lat="35.71288" lon="-120.68062">
        <ele>206.9</ele>
      </trkpt>
      <trkpt lat="35.71242" lon="-120.6807">
        <ele>204.6</ele>
      </trkpt>
      <trkpt lat="35.71221" lon="-120.68071">
        <ele>205.1</ele>
      </trkpt>
      <trkpt lat="35.71146" lon="-120.68078">
        <ele>206.7</ele>
      </trkpt>
      <trkpt lat="35.71119" lon="-120.68079">
        <ele>206.3</ele>
      </trkpt>
      <trkpt lat="35.71073" lon="-120.68076">
        <ele>206.1</ele>
      </trkpt>
      <trkpt lat="35.71045" lon="-120.68074">
        <ele>206.2</ele>
      </trkpt>
      <trkpt lat="35.71018" lon="-120.68071">
        <ele>205.8</ele>
      </trkpt>
      <trkpt lat="35.70996" lon="-120.68069">
        <ele>205.5</ele>
      </trkpt>
      <trkpt lat="35.70914" lon="-120.68065">
        <ele>205.0</ele>
      </trkpt>
      <trkpt lat="35.70722" lon="-120.68064">
        <ele>205.2</ele>
      </trkpt>
      <trkpt lat="35.70703" lon="-120.68065">
        <ele>205.1</ele>
      </trkpt>
      <trkpt lat="35.706919" lon="-120.68066">
        <ele>205.1</ele>
      </trkpt>
      <trkpt lat="35.706829" lon="-120.68068">
        <ele>205.1</ele>
      </trkpt>
      <trkpt lat="35.70582" lon="-120.68097">
        <ele>202.1</ele>
      </trkpt>
      <trkpt lat="35.70507" lon="-120.68121">
        <ele>201.5</ele>
      </trkpt>
      <trkpt lat="35.70481" lon="-120.68132">
        <ele>201.0</ele>
      </trkpt>
      <trkpt lat="35.70451" lon="-120.68145">
        <ele>201.9</ele>
      </trkpt>
      <trkpt lat="35.70431" lon="-120.68151">
        <ele>202.5</ele>
      </trkpt>
      <trkpt lat="35.70422" lon="-120.68154">
        <ele>202.6</ele>
      </trkpt>
      <trkpt lat="35.70406" lon="-120.68156">
        <ele>202.7</ele>
      </trkpt>
      <trkpt lat="35.7039" lon="-120.68157">
        <ele>202.5</ele>
      </trkpt>
      <trkpt lat="35.70374" lon="-120.68157">
        <ele>202.2</ele>
      </trkpt>
      <trkpt lat="35.70343" lon="-120.68155">
        <ele>201.0</ele>
      </trkpt>
      <trkpt lat="35.70329" lon="-120.68154">
        <ele>200.6</ele>
      </trkpt>
      <trkpt lat="35.70322" lon="-120.68152">
        <ele>200.6</ele>
      </trkpt>
      <trkpt lat="35.70302" lon="-120.68146">
        <ele>201.1</ele>
      </trkpt>
      <trkpt lat="35.70258" lon="-120.68136">
        <ele>201.8</ele>
      </trkpt>
      <trkpt lat="35.70115" lon="-120.68099">
        <ele>201.5</ele>
      </trkpt>
      <trkpt lat="35.70076" lon="-120.68089">
        <ele>201.3</ele>
      </trkpt>
      <trkpt lat="35.70059" lon="-120.68086">
        <ele>201.1</ele>
      </trkpt>
      <trkpt lat="35.70038" lon="-120.68085">
        <ele>201.1</ele>
      </trkpt>
      <trkpt lat="35.70004" lon="-120.68086">
        <ele>201.7</ele>
      </trkpt>
      <trkpt lat="35.699689" lon="-120.68088">
        <ele>202.1</ele>
      </trkpt>
      <trkpt lat="35.69915" lon="-120.68091">
        <ele>202.2</ele>
      </trkpt>
      <trkpt lat="35.69906" lon="-120.68092">
        <ele>202.0</ele>
      </trkpt>
      <trkpt lat="35.69891" lon="-120.68091">
        <ele>202.4</ele>
      </trkpt>
      <trkpt lat="35.69827" lon="-120.68084">
        <ele>203.6</ele>
      </trkpt>
      <trkpt lat="35.69809" lon="-120.68082">
        <ele>203.6</ele>
      </trkpt>
      <trkpt lat="35.69782" lon="-120.68081">
        <ele>203.7</ele>
      </trkpt>
      <trkpt lat="35.69746" lon="-120.68081">
        <ele>202.4</ele>
      </trkpt>
      <trkpt lat="35.69604" lon="-120.68086">
        <ele>202.5</ele>
      </trkpt>
      <trkpt lat="35.6958" lon="-120.68089">
        <ele>201.4</ele>
      </trkpt>
      <trkpt lat="35.6958" lon="-120.68089">
        <ele>201.4</ele>
      </trkpt>
      <trkpt lat="35.69593" lon="-120.68156">
        <ele>197.3</ele>
      </trkpt>
      <trkpt lat="35.69596" lon="-120.6817">
        <ele>197.1</ele>
      </trkpt>
      <trkpt lat="35.69597" lon="-120.68179">
        <ele>197.0</ele>
      </trkpt>
      <trkpt lat="35.69597" lon="-120.68187">
        <ele>197.0</ele>
      </trkpt>
      <trkpt lat="35.69597" lon="-120.68195">
        <ele>196.9</ele>
      </trkpt>
      <trkpt lat="35.69596" lon="-120.68203">
        <ele>196.9</ele>
      </trkpt>
      <trkpt lat="35.69594" lon="-120.68211">
        <ele>196.7</ele>
      </trkpt>
      <trkpt lat="35.69589" lon="-120.68232">
        <ele>196.2</ele>
      </trkpt>
      <trkpt lat="35.69582" lon="-120.68256">
        <ele>195.9</ele>
      </trkpt>
      <trkpt lat="35.69578" lon="-120.68266">
        <ele>195.9</ele>
      </trkpt>
      <trkpt lat="35.69574" lon="-120.68274">
        <ele>195.9</ele>
      </trkpt>
      <trkpt lat="35.69572" lon="-120.68278">
        <ele>195.8</ele>
      </trkpt>
      <trkpt lat="35.69567" lon="-120.68281">
        <ele>195.9</ele>
      </trkpt>
      <trkpt lat="35.69563" lon="-120.68283">
        <ele>195.9</ele>
      </trkpt>
      <trkpt lat="35.6956" lon="-120.68284">
        <ele>196.0</ele>
      </trkpt>
      <trkpt lat="35.69555" lon="-120.68285">
        <ele>196.0</ele>
      </trkpt>
      <trkpt lat="35.69545" lon="-120.68287">
        <ele>195.9</ele>
      </trkpt>
      <trkpt lat="35.69516" lon="-120.68292">
        <ele>195.8</ele>
      </trkpt>
      <trkpt lat="35.6945" lon="-120.68308">
        <ele>196.7</ele>
      </trkpt>
      <trkpt lat="35.69438" lon="-120.6831">
        <ele>196.4</ele>
      </trkpt>
      <trkpt lat="35.69403" lon="-120.68318">
        <ele>195.7</ele>
      </trkpt>
      <trkpt lat="35.69373" lon="-120.68322">
        <ele>195.9</ele>
      </trkpt>
      <trkpt lat="35.69343" lon="-120.68325">
        <ele>195.8</ele>
      </trkpt>
      <trkpt lat="35.69299" lon="-120.68326">
        <ele>199.4</ele>
      </trkpt>
      <trkpt lat="35.69265" lon="-120.68326">
        <ele>199.2</ele>
      </trkpt>
      <trkpt lat="35.692369" lon="-120.68325">
        <ele>199.2</ele>
      </trkpt>
      <trkpt lat="35.69169" lon="-120.68319">
        <ele>196.3</ele>
      </trkpt>
      <trkpt lat="35.69156" lon="-120.68318">
        <ele>196.1</ele>
      </trkpt>
      <trkpt lat="35.6914" lon="-120.68318">
        <ele>196.3</ele>
      </trkpt>
      <trkpt lat="35.69118" lon="-120.68318">
        <ele>197.4</ele>
      </trkpt>
      <trkpt lat="35.69109" lon="-120.68319">
        <ele>198.0</ele>
      </trkpt>
      <trkpt lat="35.69102" lon="-120.6832">
        <ele>198.4</ele>
      </trkpt>
      <trkpt lat="35.690959" lon="-120.68321">
        <ele>198.8</ele>
      </trkpt>
      <trkpt lat="35.6908" lon="-120.68324">
        <ele>199.3</ele>
      </trkpt>
      <trkpt lat="35.6902" lon="-120.68338">
        <ele>198.8</ele>
      </trkpt>
      <trkpt lat="35.68838" lon="-120.68378">
        <ele>198.3</ele>
      </trkpt>
      <trkpt lat="35.68772" lon="-120.6839">
        <ele>199.0</ele>
      </trkpt>
      <trkpt lat="35.68707" lon="-120.68399">
        <ele>200.2</ele>
      </trkpt>
      <trkpt lat="35.68662" lon="-120.68405">
        <ele>200.4</ele>
      </trkpt>
      <trkpt lat="35.68654" lon="-120.68406">
        <ele>200.4</ele>
      </trkpt>
      <trkpt lat="35.68644" lon="-120.68408">
        <ele>200.3</ele>
      </trkpt>
      <trkpt lat="35.68601" lon="-120.68409">
        <ele>200.2</ele>
      </trkpt>
      <trkpt lat="35.68547" lon="-120.68412">
        <ele>200.1</ele>
      </trkpt>
      <trkpt lat="35.6848" lon="-120.68415">
        <ele>200.1</ele>
      </trkpt>
      <trkpt lat="35.68428" lon="-120.68418">
        <ele>200.4</ele>
      </trkpt>
      <trkpt lat="35.68392" lon="-120.68421">
        <ele>200.6</ele>
      </trkpt>
      <trkpt lat="35.68385" lon="-120.68422">
        <ele>200.8</ele>
      </trkpt>
      <trkpt lat="35.68379" lon="-120.68423">
        <ele>201.1</ele>
      </trkpt>
      <trkpt lat="35.68365" lon="-120.68427">
        <ele>201.3</ele>
      </trkpt>
      <trkpt lat="35.68332" lon="-120.6844">
        <ele>200.9</ele>
      </trkpt>
      <trkpt lat="35.68297" lon="-120.68455">
        <ele>201.7</ele>
      </trkpt>
      <trkpt lat="35.68271" lon="-120.68469">
        <ele>202.0</ele>
      </trkpt>
      <trkpt lat="35.68233" lon="-120.68487">
        <ele>202.6</ele>
      </trkpt>
      <trkpt lat="35.68189" lon="-120.68509">
        <ele>202.7</ele>
      </trkpt>
      <trkpt lat="35.68159" lon="-120.68525">
        <ele>203.4</ele>
      </trkpt>
      <trkpt lat="35.68123" lon="-120.68545">
        <ele>203.9</ele>
      </trkpt>
      <trkpt lat="35.68101" lon="-120.68558">
        <ele>203.6</ele>
      </trkpt>
      <trkpt lat="35.680729" lon="-120.68575">
        <ele>203.9</ele>
      </trkpt>
      <trkpt lat="35.6804" lon="-120.68598">
        <ele>203.5</ele>
      </trkpt>
      <trkpt lat="35.68004" lon="-120.68623">
        <ele>203.8</ele>
      </trkpt>
      <trkpt lat="35.67991" lon="-120.68631">
        <ele>203.5</ele>
      </trkpt>
      <trkpt lat="35.67984" lon="-120.68635">
        <ele>203.4</ele>
      </trkpt>
      <trkpt lat="35.67976" lon="-120.68638">
        <ele>203.3</ele>
      </trkpt>
      <trkpt lat="35.67968" lon="-120.68639">
        <ele>203.3</ele>
      </trkpt>
      <trkpt lat="35.67956" lon="-120.68639">
        <ele>203.4</ele>
      </trkpt>
      <trkpt lat="35.67946" lon="-120.68638">
        <ele>203.6</ele>
      </trkpt>
      <trkpt lat="35.6793" lon="-120.68635">
        <ele>204.1</ele>
      </trkpt>
      <trkpt lat="35.67918" lon="-120.68632">
        <ele>204.4</ele>
      </trkpt>
      <trkpt lat="35.67821" lon="-120.68604">
        <ele>206.9</ele>
      </trkpt>
      <trkpt lat="35.67807" lon="-120.686">
        <ele>207.0</ele>
      </trkpt>
      <trkpt lat="35.67799" lon="-120.686">
        <ele>207.3</ele>
      </trkpt>
      <trkpt lat="35.6779" lon="-120.686">
        <ele>207.9</ele>
      </trkpt>
      <trkpt lat="35.67784" lon="-120.68601">
        <ele>208.2</ele>
      </trkpt>
      <trkpt lat="35.67771" lon="-120.68604">
        <ele>208.9</ele>
      </trkpt>
      <trkpt lat="35.67749" lon="-120.68613">
        <ele>209.3</ele>
      </trkpt>
      <trkpt lat="35.67732" lon="-120.68617">
        <ele>209.3</ele>
      </trkpt>
      <trkpt lat="35.67712" lon="-120.6862">
        <ele>209.1</ele>
      </trkpt>
      <trkpt lat="35.67688" lon="-120.68621">
        <ele>209.5</ele>
      </trkpt>
      <trkpt lat="35.67658" lon="-120.68621">
        <ele>210.4</ele>
      </trkpt>
      <trkpt lat="35.6763" lon="-120.68621">
        <ele>210.2</ele>
      </trkpt>
      <trkpt lat="35.6762" lon="-120.6862">
        <ele>209.9</ele>
      </trkpt>
      <trkpt lat="35.67601" lon="-120.68622">
        <ele>207.4</ele>
      </trkpt>
      <trkpt lat="35.6759" lon="-120.68624">
        <ele>206.0</ele>
      </trkpt>
      <trkpt lat="35.67578" lon="-120.68628">
        <ele>205.2</ele>
      </trkpt>
      <trkpt lat="35.67564" lon="-120.68635">
        <ele>204.4</ele>
      </trkpt>
      <trkpt lat="35.67547" lon="-120.68644">
        <ele>202.9</ele>
      </trkpt>
      <trkpt lat="35.67526" lon="-120.68656">
        <ele>201.9</ele>
      </trkpt>
      <trkpt lat="35.67461" lon="-120.68694">
        <ele>202.8</ele>
      </trkpt>
      <trkpt lat="35.67416" lon="-120.6872">
        <ele>203.2</ele>
      </trkpt>
      <trkpt lat="35.67387" lon="-120.68734">
        <ele>203.7</ele>
      </trkpt>
      <trkpt lat="35.67337" lon="-120.68756">
        <ele>205.0</ele>
      </trkpt>
      <trkpt lat="35.67279" lon="-120.68782">
        <ele>203.3</ele>
      </trkpt>
      <trkpt lat="35.67239" lon="-120.68799">
        <ele>203.5</ele>
      </trkpt>
      <trkpt lat="35.67163" lon="-120.68824">
        <ele>203.9</ele>
      </trkpt>
      <trkpt lat="35.67107" lon="-120.68842">
        <ele>207.8</ele>
      </trkpt>
      <trkpt lat="35.67085" lon="-120.68851">
        <ele>208.1</ele>
      </trkpt>
      <trkpt lat="35.67068" lon="-120.6886">
        <ele>208.9</ele>
      </trkpt>
      <trkpt lat="35.6698" lon="-120.68908">
        <ele>209.2</ele>
      </trkpt>
      <trkpt lat="35.66959" lon="-120.68922">
        <ele>209.3</ele>
      </trkpt>
      <trkpt lat="35.6693" lon="-120.68942">
        <ele>208.7</ele>
      </trkpt>
      <trkpt lat="35.66896" lon="-120.68966">
        <ele>209.3</ele>
      </trkpt>
      <trkpt lat="35.66883" lon="-120.68975">
        <ele>209.0</ele>
      </trkpt>
      <trkpt lat="35.6687" lon="-120.68984">
        <ele>208.7</ele>
      </trkpt>
      <trkpt lat="35.66858" lon="-120.68991">
        <ele>208.9</ele>
      </trkpt>
      <trkpt lat="35.66852" lon="-120.68993">
        <ele>209.0</ele>
      </trkpt>
      <trkpt lat="35.66846" lon="-120.68996">
        <ele>209.0</ele>
      </trkpt>
      <trkpt lat="35.66838" lon="-120.68997">
        <ele>209.1</ele>
      </trkpt>
      <trkpt lat="35.66831" lon="-120.68997">
        <ele>209.3</ele>
      </trkpt>
      <trkpt lat="35.66821" lon="-120.68998">
        <ele>209.5</ele>
      </trkpt>
      <trkpt lat="35.66786" lon="-120.68998">
        <ele>209.5</ele>
      </trkpt>
      <trkpt lat="35.66739" lon="-120.68997">
        <ele>209.9</ele>
      </trkpt>
      <trkpt lat="35.66686" lon="-120.68998">
        <ele>210.8</ele>
      </trkpt>
      <trkpt lat="35.66675" lon="-120.69">
        <ele>211.2</ele>
      </trkpt>
      <trkpt lat="35.6667" lon="-120.69001">
        <ele>211.4</ele>
      </trkpt>
      <trkpt lat="35.66663" lon="-120.69004">
        <ele>211.6</ele>
      </trkpt>
      <trkpt lat="35.66651" lon="-120.6901">
        <ele>211.7</ele>
      </trkpt>
      <trkpt lat="35.66604" lon="-120.69045">
        <ele>210.9</ele>
      </trkpt>
      <trkpt lat="35.66574" lon="-120.69066">
        <ele>211.4</ele>
      </trkpt>
      <trkpt lat="35.66549" lon="-120.69081">
        <ele>211.3</ele>
      </trkpt>
      <trkpt lat="35.66537" lon="-120.69089">
        <ele>211.1</ele>
      </trkpt>
      <trkpt lat="35.66521" lon="-120.69101">
        <ele>210.9</ele>
      </trkpt>
      <trkpt lat="35.66515" lon="-120.69107">
        <ele>210.9</ele>
      </trkpt>
      <trkpt lat="35.66502" lon="-120.69119">
        <ele>211.1</ele>
      </trkpt>
      <trkpt lat="35.6649" lon="-120.69132">
        <ele>211.1</ele>
      </trkpt>
      <trkpt lat="35.66479" lon="-120.69144">
        <ele>210.7</ele>
      </trkpt>
      <trkpt lat="35.66463" lon="-120.69156">
        <ele>210.9</ele>
      </trkpt>
      <trkpt lat="35.66446" lon="-120.6917">
        <ele>210.2</ele>
      </trkpt>
      <trkpt lat="35.664319" lon="-120.6918">
        <ele>209.9</ele>
      </trkpt>
      <trkpt lat="35.66407" lon="-120.69196">
        <ele>209.8</ele>
      </trkpt>
      <trkpt lat="35.66383" lon="-120.69209">
        <ele>210.3</ele>
      </trkpt>
      <trkpt lat="35.66373" lon="-120.69214">
        <ele>209.9</ele>
      </trkpt>
      <trkpt lat="35.66357" lon="-120.69221">
        <ele>209.3</ele>
      </trkpt>
      <trkpt lat="35.66351" lon="-120.69223">
        <ele>209.4</ele>
      </trkpt>
      <trkpt lat="35.663379" lon="-120.69226">
        <ele>209.6</ele>
      </trkpt>
      <trkpt lat="35.66328" lon="-120.69229">
        <ele>209.8</ele>
      </trkpt>
      <trkpt lat="35.66301" lon="-120.69235">
        <ele>210.3</ele>
      </trkpt>
      <trkpt lat="35.66271" lon="-120.69241">
        <ele>210.7</ele>
      </trkpt>
      <trkpt lat="35.66247" lon="-120.69244">
        <ele>210.5</ele>
      </trkpt>
      <trkpt lat="35.66235" lon="-120.69245">
        <ele>210.7</ele>
      </trkpt>
      <trkpt lat="35.66208" lon="-120.69246">
        <ele>210.9</ele>
      </trkpt>
      <trkpt lat="35.66184" lon="-120.69247">
        <ele>210.9</ele>
      </trkpt>
      <trkpt lat="35.660739" lon="-120.69251">
        <ele>211.6</ele>
      </trkpt>
      <trkpt lat="35.66049" lon="-120.69252">
        <ele>212.0</ele>
      </trkpt>
      <trkpt lat="35.6603" lon="-120.69252">
        <ele>211.8</ele>
      </trkpt>
      <trkpt lat="35.660179" lon="-120.6925">
        <ele>211.6</ele>
      </trkpt>
      <trkpt lat="35.66006" lon="-120.69248">
        <ele>211.4</ele>
      </trkpt>
      <trkpt lat="35.65991" lon="-120.69245">
        <ele>211.2</ele>
      </trkpt>
      <trkpt lat="35.65978" lon="-120.69242">
        <ele>211.1</ele>
      </trkpt>
      <trkpt lat="35.65964" lon="-120.69238">
        <ele>211.2</ele>
      </trkpt>
      <trkpt lat="35.65945" lon="-120.69232">
        <ele>211.1</ele>
      </trkpt>
      <trkpt lat="35.65932" lon="-120.69227">
        <ele>210.7</ele>
      </trkpt>
      <trkpt lat="35.65914" lon="-120.69219">
        <ele>210.7</ele>
      </trkpt>
      <trkpt lat="35.658969" lon="-120.69211">
        <ele>211.1</ele>
      </trkpt>
      <trkpt lat="35.6588" lon="-120.69204">
        <ele>210.8</ele>
      </trkpt>
      <trkpt lat="35.65865" lon="-120.69198">
        <ele>210.7</ele>
      </trkpt>
      <trkpt lat="35.65856" lon="-120.69196">
        <ele>210.8</ele>
      </trkpt>
      <trkpt lat="35.65847" lon="-120.69193">
        <ele>211.1</ele>
      </trkpt>
      <trkpt lat="35.65823" lon="-120.69187">
        <ele>211.3</ele>
      </trkpt>
      <trkpt lat="35.65806" lon="-120.69183">
        <ele>210.7</ele>
      </trkpt>
      <trkpt lat="35.65792" lon="-120.69179">
        <ele>209.9</ele>
      </trkpt>
      <trkpt lat="35.65766" lon="-120.69168">
        <ele>208.6</ele>
      </trkpt>
      <trkpt lat="35.65746" lon="-120.69159">
        <ele>207.8</ele>
      </trkpt>
      <trkpt lat="35.65735" lon="-120.69153">
        <ele>208.1</ele>
      </trkpt>
      <trkpt lat="35.65726" lon="-120.69148">
        <ele>208.6</ele>
      </trkpt>
      <trkpt lat="35.65714" lon="-120.6914">
        <ele>209.3</ele>
      </trkpt>
      <trkpt lat="35.65702" lon="-120.69133">
        <ele>210.1</ele>
      </trkpt>
      <trkpt lat="35.65685" lon="-120.69122">
        <ele>211.2</ele>
      </trkpt>
      <trkpt lat="35.65666" lon="-120.69107">
        <ele>211.7</ele>
      </trkpt>
      <trkpt lat="35.65649" lon="-120.69092">
        <ele>212.0</ele>
      </trkpt>
      <trkpt lat="35.65638" lon="-120.69081">
        <ele>212.4</ele>
      </trkpt>
      <trkpt lat="35.655859" lon="-120.6902">
        <ele>211.9</ele>
      </trkpt>
      <trkpt lat="35.65571" lon="-120.69002">
        <ele>211.4</ele>
      </trkpt>
      <trkpt lat="35.65561" lon="-120.68989">
        <ele>211.4</ele>
      </trkpt>
      <trkpt lat="35.65551" lon="-120.68975">
        <ele>211.6</ele>
      </trkpt>
      <trkpt lat="35.65546" lon="-120.68968">
        <ele>211.5</ele>
      </trkpt>
      <trkpt lat="35.65542" lon="-120.68962">
        <ele>211.3</ele>
      </trkpt>
      <trkpt lat="35.65537" lon="-120.68953">
        <ele>211.0</ele>
      </trkpt>
      <trkpt lat="35.65531" lon="-120.68941">
        <ele>211.2</ele>
      </trkpt>
      <trkpt lat="35.655209" lon="-120.68922">
        <ele>211.6</ele>
      </trkpt>
      <trkpt lat="35.655119" lon="-120.68904">
        <ele>211.1</ele>
      </trkpt>
      <trkpt lat="35.65497" lon="-120.68885">
        <ele>211.8</ele>
      </trkpt>
      <trkpt lat="35.6548" lon="-120.68867">
        <ele>212.3</ele>
      </trkpt>
      <trkpt lat="35.65461" lon="-120.6885">
        <ele>212.4</ele>
      </trkpt>
      <trkpt lat="35.65426" lon="-120.68819">
        <ele>211.8</ele>
      </trkpt>
      <trkpt lat="35.65372" lon="-120.68771">
        <ele>212.0</ele>
      </trkpt>
      <trkpt lat="35.65305" lon="-120.68703">
        <ele>211.6</ele>
      </trkpt>
      <trkpt lat="35.65255" lon="-120.68648">
        <ele>211.0</ele>
      </trkpt>
      <trkpt lat="35.65201" lon="-120.68588">
        <ele>211.6</ele>
      </trkpt>
      <trkpt lat="35.65175" lon="-120.6856">
        <ele>211.3</ele>
      </trkpt>
      <trkpt lat="35.65153" lon="-120.68539">
        <ele>211.4</ele>
      </trkpt>
      <trkpt lat="35.65138" lon="-120.68527">
        <ele>211.7</ele>
      </trkpt>
      <trkpt lat="35.65114" lon="-120.68513">
        <ele>210.9</ele>
      </trkpt>
      <trkpt lat="35.65085" lon="-120.685">
        <ele>210.8</ele>
      </trkpt>
      <trkpt lat="35.65054" lon="-120.6849">
        <ele>209.9</ele>
      </trkpt>
      <trkpt lat="35.65007" lon="-120.6847">
        <ele>211.0</ele>
      </trkpt>
      <trkpt lat="35.64958" lon="-120.68451">
        <ele>210.3</ele>
      </trkpt>
      <trkpt lat="35.64956" lon="-120.6845">
        <ele>210.4</ele>
      </trkpt>
      <trkpt lat="35.6491" lon="-120.68435">
        <ele>210.7</ele>
      </trkpt>
      <trkpt lat="35.64859" lon="-120.68419">
        <ele>210.6</ele>
      </trkpt>
      <trkpt lat="35.64826" lon="-120.68411">
        <ele>210.7</ele>
      </trkpt>
      <trkpt lat="35.64794" lon="-120.68402">
        <ele>210.8</ele>
      </trkpt>
      <trkpt lat="35.64786" lon="-120.68398">
        <ele>210.5</ele>
      </trkpt>
      <trkpt lat="35.6474" lon="-120.68381">
        <ele>209.9</ele>
      </trkpt>
      <trkpt lat="35.64721" lon="-120.68373">
        <ele>209.2</ele>
      </trkpt>
      <trkpt lat="35.64701" lon="-120.6836">
        <ele>210.1</ele>
      </trkpt>
      <trkpt lat="35.64676" lon="-120.68343">
        <ele>210.4</ele>
      </trkpt>
      <trkpt lat="35.6466" lon="-120.68332">
        <ele>210.4</ele>
      </trkpt>
      <trkpt lat="35.64654" lon="-120.68328">
        <ele>210.3</ele>
      </trkpt>
      <trkpt lat="35.64644" lon="-120.68322">
        <ele>210.5</ele>
      </trkpt>
      <trkpt lat="35.64634" lon="-120.68318">
        <ele>210.5</ele>
      </trkpt>
      <trkpt lat="35.64597" lon="-120.68304">
        <ele>211.9</ele>
      </trkpt>
      <trkpt lat="35.64572" lon="-120.68294">
        <ele>210.5</ele>
      </trkpt>
      <trkpt lat="35.64512" lon="-120.6827">
        <ele>211.6</ele>
      </trkpt>
      <trkpt lat="35.64463" lon="-120.68248">
        <ele>210.4</ele>
      </trkpt>
      <trkpt lat="35.6445" lon="-120.68242">
        <ele>209.7</ele>
      </trkpt>
      <trkpt lat="35.64435" lon="-120.68235">
        <ele>209.6</ele>
      </trkpt>
      <trkpt lat="35.644039" lon="-120.68232">
        <ele>209.7</ele>
      </trkpt>
      <trkpt lat="35.64323" lon="-120.68222">
        <ele>213.8</ele>
      </trkpt>
      <trkpt lat="35.64264" lon="-120.68212">
        <ele>211.3</ele>
      </trkpt>
      <trkpt lat="35.64239" lon="-120.68207">
        <ele>210.0</ele>
      </trkpt>
      <trkpt lat="35.64219" lon="-120.68202">
        <ele>210.5</ele>
      </trkpt>
      <trkpt lat="35.64197" lon="-120.68197">
        <ele>211.0</ele>
      </trkpt>
      <trkpt lat="35.6418" lon="-120.68191">
        <ele>210.9</ele>
      </trkpt>
      <trkpt lat="35.64166" lon="-120.68187">
        <ele>209.9</ele>
      </trkpt>
      <trkpt lat="35.64132" lon="-120.68175">
        <ele>208.5</ele>
      </trkpt>
      <trkpt lat="35.64107" lon="-120.68165">
        <ele>208.9</ele>
      </trkpt>
      <trkpt lat="35.64034" lon="-120.68135">
        <ele>209.3</ele>
      </trkpt>
      <trkpt lat="35.63974" lon="-120.68116">
        <ele>210.1</ele>
      </trkpt>
      <trkpt lat="35.63937" lon="-120.6811">
        <ele>210.4</ele>
      </trkpt>
      <trkpt lat="35.63912" lon="-120.68111">
        <ele>210.8</ele>
      </trkpt>
      <trkpt lat="35.63902" lon="-120.68113">
        <ele>211.1</ele>
      </trkpt>
      <trkpt lat="35.63881" lon="-120.68116">
        <ele>211.2</ele>
      </trkpt>
      <trkpt lat="35.63867" lon="-120.68119">
        <ele>211.0</ele>
      </trkpt>
      <trkpt lat="35.63842" lon="-120.68127">
        <ele>210.6</ele>
      </trkpt>
      <trkpt lat="35.638219" lon="-120.68136">
        <ele>210.3</ele>
      </trkpt>
      <trkpt lat="35.6379" lon="-120.6815">
        <ele>209.6</ele>
      </trkpt>
      <trkpt lat="35.63765" lon="-120.68159">
        <ele>209.5</ele>
      </trkpt>
      <trkpt lat="35.63736" lon="-120.68168">
        <ele>210.5</ele>
      </trkpt>
      <trkpt lat="35.6369" lon="-120.68181">
        <ele>209.6</ele>
      </trkpt>
      <trkpt lat="35.63668" lon="-120.68189">
        <ele>209.1</ele>
      </trkpt>
      <trkpt lat="35.63655" lon="-120.68192">
        <ele>208.9</ele>
      </trkpt>
      <trkpt lat="35.63648" lon="-120.68193">
        <ele>208.8</ele>
      </trkpt>
      <trkpt lat="35.63635" lon="-120.68195">
        <ele>208.5</ele>
      </trkpt>
      <trkpt lat="35.63533" lon="-120.68202">
        <ele>209.2</ele>
      </trkpt>
      <trkpt lat="35.6351" lon="-120.68203">
        <ele>209.6</ele>
      </trkpt>
      <trkpt lat="35.63474" lon="-120.68202">
        <ele>210.3</ele>
      </trkpt>
      <trkpt lat="35.63443" lon="-120.68199">
        <ele>211.5</ele>
      </trkpt>
      <trkpt lat="35.634189" lon="-120.68198">
        <ele>211.4</ele>
      </trkpt>
      <trkpt lat="35.63399" lon="-120.68199">
        <ele>211.6</ele>
      </trkpt>
      <trkpt lat="35.63384" lon="-120.68201">
        <ele>212.3</ele>
      </trkpt>
      <trkpt lat="35.63368" lon="-120.68204">
        <ele>213.1</ele>
      </trkpt>
      <trkpt lat="35.63348" lon="-120.68211">
        <ele>212.4</ele>
      </trkpt>
      <trkpt lat="35.63298" lon="-120.68229">
        <ele>210.7</ele>
      </trkpt>
      <trkpt lat="35.632599" lon="-120.68244">
        <ele>212.3</ele>
      </trkpt>
      <trkpt lat="35.632309" lon="-120.68255">
        <ele>211.3</ele>
      </trkpt>
      <trkpt lat="35.63212" lon="-120.6826">
        <ele>210.9</ele>
      </trkpt>
      <trkpt lat="35.63194" lon="-120.68264">
        <ele>210.9</ele>
      </trkpt>
      <trkpt lat="35.63171" lon="-120.68267">
        <ele>211.3</ele>
      </trkpt>
      <trkpt lat="35.63151" lon="-120.68269">
        <ele>211.5</ele>
      </trkpt>
      <trkpt lat="35.63135" lon="-120.68269">
        <ele>212.3</ele>
      </trkpt>
      <trkpt lat="35.63131" lon="-120.68268">
        <ele>212.7</ele>
      </trkpt>
      <trkpt lat="35.631189" lon="-120.68267">
        <ele>213.1</ele>
      </trkpt>
      <trkpt lat="35.63106" lon="-120.68265">
        <ele>212.8</ele>
      </trkpt>
      <trkpt lat="35.63092" lon="-120.6826">
        <ele>212.8</ele>
      </trkpt>
      <trkpt lat="35.63083" lon="-120.68256">
        <ele>213.7</ele>
      </trkpt>
      <trkpt lat="35.630429" lon="-120.68234">
        <ele>214.6</ele>
      </trkpt>
      <trkpt lat="35.630429" lon="-120.68234">
        <ele>214.6</ele>
      </trkpt>
      <trkpt lat="35.63032" lon="-120.68257">
        <ele>213.7</ele>
      </trkpt>
      <trkpt lat="35.63023" lon="-120.68273">
        <ele>212.4</ele>
      </trkpt>
      <trkpt lat="35.63014" lon="-120.68285">
        <ele>211.2</ele>
      </trkpt>
      <trkpt lat="35.63004" lon="-120.68296">
        <ele>210.7</ele>
      </trkpt>
      <trkpt lat="35.62991" lon="-120.68307">
        <ele>210.3</ele>
      </trkpt>
      <trkpt lat="35.62983" lon="-120.68311">
        <ele>210.1</ele>
      </trkpt>
      <trkpt lat="35.62973" lon="-120.68317">
        <ele>209.4</ele>
      </trkpt>
      <trkpt lat="35.62962" lon="-120.68322">
        <ele>209.0</ele>
      </trkpt>
      <trkpt lat="35.62954" lon="-120.68325">
        <ele>209.2</ele>
      </trkpt>
      <trkpt lat="35.62944" lon="-120.68329">
        <ele>209.4</ele>
      </trkpt>
      <trkpt lat="35.62944" lon="-120.68329">
        <ele>209.4</ele>
      </trkpt>
      <trkpt lat="35.62934" lon="-120.68337">
        <ele>209.1</ele>
      </trkpt>
      <trkpt lat="35.62924" lon="-120.68345">
        <ele>208.9</ele>
      </trkpt>
      <trkpt lat="35.62918" lon="-120.6835">
        <ele>208.7</ele>
      </trkpt>
      <trkpt lat="35.62908" lon="-120.68362">
        <ele>208.1</ele>
      </trkpt>
      <trkpt lat="35.62894" lon="-120.6838">
        <ele>207.3</ele>
      </trkpt>
      <trkpt lat="35.62889" lon="-120.68392">
        <ele>206.5</ele>
      </trkpt>
      <trkpt lat="35.62888" lon="-120.68393">
        <ele>206.4</ele>
      </trkpt>
      <trkpt lat="35.62881" lon="-120.68409">
        <ele>205.1</ele>
      </trkpt>
      <trkpt lat="35.62836" lon="-120.68506">
        <ele>207.5</ele>
      </trkpt>
      <trkpt lat="35.62811" lon="-120.68569">
        <ele>214.9</ele>
      </trkpt>
      <trkpt lat="35.62805" lon="-120.68583">
        <ele>215.4</ele>
      </trkpt>
      <trkpt lat="35.62801" lon="-120.68624">
        <ele>216.7</ele>
      </trkpt>
      <trkpt lat="35.627989" lon="-120.68641">
        <ele>217.0</ele>
      </trkpt>
      <trkpt lat="35.627989" lon="-120.68642">
        <ele>217.0</ele>
      </trkpt>
      <trkpt lat="35.627989" lon="-120.68643">
        <ele>217.0</ele>
      </trkpt>
      <trkpt lat="35.62797" lon="-120.68663">
        <ele>217.2</ele>
      </trkpt>
      <trkpt lat="35.62796" lon="-120.68676">
        <ele>217.5</ele>
      </trkpt>
      <trkpt lat="35.62795" lon="-120.68701">
        <ele>218.0</ele>
      </trkpt>
      <trkpt lat="35.62795" lon="-120.68701">
        <ele>218.0</ele>
      </trkpt>
      <trkpt lat="35.62801" lon="-120.68701">
        <ele>217.9</ele>
      </trkpt>
      <trkpt lat="35.6286" lon="-120.68707">
        <ele>216.9</ele>
      </trkpt>
      <trkpt lat="35.62882" lon="-120.68709">
        <ele>216.1</ele>
      </trkpt>
      <trkpt lat="35.62901" lon="-120.68711">
        <ele>215.6</ele>
      </trkpt>
      <trkpt lat="35.62991" lon="-120.68717">
        <ele>212.6</ele>
      </trkpt>
      <trkpt lat="35.63001" lon="-120.68715">
        <ele>212.3</ele>
      </trkpt>
      <trkpt lat="35.63113" lon="-120.68727">
        <ele>213.3</ele>
      </trkpt>
      <trkpt lat="35.63171" lon="-120.68729">
        <ele>212.3</ele>
      </trkpt>
      <trkpt lat="35.63183" lon="-120.68731">
        <ele>212.3</ele>
      </trkpt>
      <trkpt lat="35.63204" lon="-120.68734">
        <ele>212.5</ele>
      </trkpt>
      <trkpt lat="35.63215" lon="-120.68736">
        <ele>212.4</ele>
      </trkpt>
      <trkpt lat="35.63317" lon="-120.68745">
        <ele>212.0</ele>
      </trkpt>
      <trkpt lat="35.63384" lon="-120.68748">
        <ele>212.9</ele>
      </trkpt>
      <trkpt lat="35.63424" lon="-120.6875">
        <ele>213.8</ele>
      </trkpt>
      <trkpt lat="35.63518" lon="-120.68757">
        <ele>215.9</ele>
      </trkpt>
      <trkpt lat="35.636273" lon="-120.687669">
        <ele>216.3</ele>
      </trkpt>
      <trkpt lat="35.63628" lon="-120.68767">
        <ele>216.3</ele>
      </trkpt>
      <trkpt lat="35.63676" lon="-120.68771">
        <ele>216.0</ele>
      </trkpt>
      <trkpt lat="35.6382" lon="-120.68782">
        <ele>213.1</ele>
      </trkpt>
      <trkpt lat="35.63844" lon="-120.68784">
        <ele>213.0</ele>
      </trkpt>
      <trkpt lat="35.63855" lon="-120.68786">
        <ele>213.4</ele>
      </trkpt>
      <trkpt lat="35.63909" lon="-120.68797">
        <ele>213.9</ele>
      </trkpt>
      <trkpt lat="35.63927" lon="-120.68801">
        <ele>213.9</ele>
      </trkpt>
      <trkpt lat="35.63962" lon="-120.68809">
        <ele>214.7</ele>
      </trkpt>
      <trkpt lat="35.6398" lon="-120.68813">
        <ele>215.0</ele>
      </trkpt>
      <trkpt lat="35.64004" lon="-120.68819">
        <ele>215.0</ele>
      </trkpt>
      <trkpt lat="35.64035" lon="-120.68826">
        <ele>215.3</ele>
      </trkpt>
      <trkpt lat="35.640389" lon="-120.68827">
        <ele>215.4</ele>
      </trkpt>
      <trkpt lat="35.64056" lon="-120.68831">
        <ele>215.9</ele>
      </trkpt>
      <trkpt lat="35.64056" lon="-120.68831">
        <ele>215.9</ele>
      </trkpt>
      <trkpt lat="35.64055" lon="-120.68833">
        <ele>215.9</ele>
      </trkpt>
      <trkpt lat="35.64055" lon="-120.68867">
        <ele>216.1</ele>
      </trkpt>
    </trkseg>
  </trk>
</gpx>
