<?xml version="1.0" encoding="UTF-8"?>
<gpx creator="Garmin Connect" version="1.1"
  xsi:schemaLocation="http://www.topografix.com/GPX/1/1 http://www.topografix.com/GPX/11.xsd"
  xmlns:ns3="http://www.garmin.com/xmlschemas/TrackPointExtension/v1"
  xmlns="http://www.topografix.com/GPX/1/1"
  xmlns:xsi="http://www.w3.org/2001/XMLSchema-instance" xmlns:ns2="http://www.garmin.com/xmlschemas/GpxExtensions/v3">
  <metadata>
    <name>Solvang to Ventura</name>
    <link href="connect.garmin.com">
      <text>Garmin Connect</text>
    </link>
    <time>2026-07-31T04:20:21.000Z</time>
  </metadata>
  <trk>
    <name>Solvang to Ventura</name>
    <trkseg>
      <trkpt lat="34.59542725235224" lon="-120.14262828044593">
        <ele>149.59</ele>
      </trkpt>
      <trkpt lat="34.59549673832953" lon="-120.14251470565796">
        <ele>149.83</ele>
      </trkpt>
      <trkpt lat="34.59551811218262" lon="-120.14240741729736">
        <ele>150.08</ele>
      </trkpt>
      <trkpt lat="34.595496570691466" lon="-120.14220315031707">
        <ele>150.36</ele>
      </trkpt>
      <trkpt lat="34.59547519683838" lon="-120.1419997215271">
        <ele>150.64</ele>
      </trkpt>
      <trkpt lat="34.59547528065741" lon="-120.1419997215271">
        <ele>150.93</ele>
      </trkpt>
      <trkpt lat="34.59545373916626" lon="-120.14193534851074">
        <ele>151.21</ele>
      </trkpt>
      <trkpt lat="34.59551811218262" lon="-120.14191389083862">
        <ele>151.49</ele>
      </trkpt>
      <trkpt lat="34.59562540054321" lon="-120.1418924331665">
        <ele>151.78</ele>
      </trkpt>
      <trkpt lat="34.59573277272284" lon="-120.14187097549438">
        <ele>152.09</ele>
      </trkpt>
      <trkpt lat="34.59596880711615" lon="-120.14184951782227">
        <ele>152.46</ele>
      </trkpt>
      <trkpt lat="34.59603309631348" lon="-120.14182806015015">
        <ele>152.79</ele>
      </trkpt>
      <trkpt lat="34.59603309631348" lon="-120.14172077178955">
        <ele>153.1</ele>
      </trkpt>
      <trkpt lat="34.59603309631348" lon="-120.14141977764666">
        <ele>153.38</ele>
      </trkpt>
      <trkpt lat="34.59603318013251" lon="-120.14111995697021">
        <ele>153.65</ele>
      </trkpt>
      <trkpt lat="34.59601172246039" lon="-120.14081954956055">
        <ele>153.88</ele>
      </trkpt>
      <trkpt lat="34.59601172246039" lon="-120.14051855541766">
        <ele>154.14</ele>
      </trkpt>
      <trkpt lat="34.59601172246039" lon="-120.14021873474121">
        <ele>154.38</ele>
      </trkpt>
      <trkpt lat="34.59601172246039" lon="-120.13993978500366">
        <ele>154.58</ele>
      </trkpt>
      <trkpt lat="34.59601172246039" lon="-120.1396925188601">
        <ele>154.73</ele>
      </trkpt>
      <trkpt lat="34.59601172246039" lon="-120.13944625854492">
        <ele>154.92</ele>
      </trkpt>
      <trkpt lat="34.59601172246039" lon="-120.13927459716797">
        <ele>155.05</ele>
      </trkpt>
      <trkpt lat="34.59601172246039" lon="-120.13893060386181">
        <ele>155.18</ele>
      </trkpt>
      <trkpt lat="34.59601172246039" lon="-120.13858795166016">
        <ele>155.26</ele>
      </trkpt>
      <trkpt lat="34.5960009098053" lon="-120.13826541602612">
        <ele>155.32</ele>
      </trkpt>
      <trkpt lat="34.59599018096924" lon="-120.13794422149658">
        <ele>155.34</ele>
      </trkpt>
      <trkpt lat="34.595718858763576" lon="-120.13807263225317">
        <ele>155.21</ele>
      </trkpt>
      <trkpt lat="34.595447620376945" lon="-120.13820112682879">
        <ele>155.05</ele>
      </trkpt>
      <trkpt lat="34.59517478942871" lon="-120.13833045959473">
        <ele>154.81</ele>
      </trkpt>
      <trkpt lat="34.59513187408447" lon="-120.13835191726685">
        <ele>154.53</ele>
      </trkpt>
      <trkpt lat="34.594853511080146" lon="-120.1384910568595">
        <ele>154.17</ele>
      </trkpt>
      <trkpt lat="34.59457405842841" lon="-120.1386308670044">
        <ele>153.75</ele>
      </trkpt>
      <trkpt lat="34.594338443130255" lon="-120.1387379039079">
        <ele>153.29</ele>
      </trkpt>
      <trkpt lat="34.594101905822754" lon="-120.13884544372559">
        <ele>152.78</ele>
      </trkpt>
      <trkpt lat="34.59393057972193" lon="-120.13893102295697">
        <ele>152.21</ele>
      </trkpt>
      <trkpt lat="34.59375866688788" lon="-120.13901710510254">
        <ele>151.59</ele>
      </trkpt>
      <trkpt lat="34.59354409016669" lon="-120.13912439346313">
        <ele>150.94</ele>
      </trkpt>
      <trkpt lat="34.59332984872162" lon="-120.13922070153058">
        <ele>150.26</ele>
      </trkpt>
      <trkpt lat="34.59311485290527" lon="-120.1393175125122">
        <ele>149.51</ele>
      </trkpt>
      <trkpt lat="34.593114936724305" lon="-120.1393175125122">
        <ele>148.76</ele>
      </trkpt>
      <trkpt lat="34.592857863754034" lon="-120.1394459232688">
        <ele>147.99</ele>
      </trkpt>
      <trkpt lat="34.592599868774414" lon="-120.13957500457764">
        <ele>147.15</ele>
      </trkpt>
      <trkpt lat="34.59238529205322" lon="-120.13966083526611">
        <ele>146.29</ele>
      </trkpt>
      <trkpt lat="34.592106845229864" lon="-120.13979997485876">
        <ele>145.42</ele>
      </trkpt>
      <trkpt lat="34.591827392578125" lon="-120.13993978500366">
        <ele>144.53</ele>
      </trkpt>
      <trkpt lat="34.59154852665961" lon="-120.14002561569214">
        <ele>143.57</ele>
      </trkpt>
      <trkpt lat="34.59139857441187" lon="-120.14010054990649">
        <ele>142.61</ele>
      </trkpt>
      <trkpt lat="34.59124811924994" lon="-120.14017581939697">
        <ele>141.61</ele>
      </trkpt>
      <trkpt lat="34.59101208485663" lon="-120.14028310775757">
        <ele>140.56</ele>
      </trkpt>
      <trkpt lat="34.5908407587558" lon="-120.14035804197192">
        <ele>139.5</ele>
      </trkpt>
      <trkpt lat="34.59066876210272" lon="-120.1404333114624">
        <ele>138.41</ele>
      </trkpt>
      <trkpt lat="34.590406408533454" lon="-120.14055644161999">
        <ele>137.26</ele>
      </trkpt>
      <trkpt lat="34.590144054964185" lon="-120.14067957177758">
        <ele>136.07</ele>
      </trkpt>
      <trkpt lat="34.58988178521395" lon="-120.14080270193517">
        <ele>134.84</ele>
      </trkpt>
      <trkpt lat="34.589617336168885" lon="-120.14092683792114">
        <ele>133.63</ele>
      </trkpt>
      <trkpt lat="34.58936462178826" lon="-120.14105097390711">
        <ele>132.42</ele>
      </trkpt>
      <trkpt lat="34.58911190740764" lon="-120.14117519371212">
        <ele>131.24</ele>
      </trkpt>
      <trkpt lat="34.58885919302702" lon="-120.14129941351712">
        <ele>130.1</ele>
      </trkpt>
      <trkpt lat="34.5886064786464" lon="-120.14142363332212">
        <ele>128.98</ele>
      </trkpt>
      <trkpt lat="34.588351249694824" lon="-120.1415491104126">
        <ele>127.87</ele>
      </trkpt>
      <trkpt lat="34.588072299957275" lon="-120.14167785644531">
        <ele>126.81</ele>
      </trkpt>
      <trkpt lat="34.58807238377631" lon="-120.14167785644531">
        <ele>125.83</ele>
      </trkpt>
      <trkpt lat="34.587858226150274" lon="-120.14178489334881">
        <ele>124.87</ele>
      </trkpt>
      <trkpt lat="34.58764406852424" lon="-120.14189193025231">
        <ele>123.94</ele>
      </trkpt>
      <trkpt lat="34.58742865361273" lon="-120.1419997215271">
        <ele>123.06</ele>
      </trkpt>
      <trkpt lat="34.58725715987384" lon="-120.1421067584306">
        <ele>122.26</ele>
      </trkpt>
      <trkpt lat="34.587085247039795" lon="-120.14221429824829">
        <ele>121.53</ele>
      </trkpt>
      <trkpt lat="34.58686019293964" lon="-120.1424125302583">
        <ele>120.83</ele>
      </trkpt>
      <trkpt lat="34.58663513883948" lon="-120.14261084608734">
        <ele>120.19</ele>
      </trkpt>
      <trkpt lat="34.58641008473933" lon="-120.14280907809734">
        <ele>119.61</ele>
      </trkpt>
      <trkpt lat="34.58618410862982" lon="-120.1430082321167">
        <ele>119.09</ele>
      </trkpt>
      <trkpt lat="34.58594807423651" lon="-120.14322280883789">
        <ele>118.61</ele>
      </trkpt>
      <trkpt lat="34.58572025410831" lon="-120.14344518072903">
        <ele>118.21</ele>
      </trkpt>
      <trkpt lat="34.58549243398011" lon="-120.1436676364392">
        <ele>117.93</ele>
      </trkpt>
      <trkpt lat="34.585264613851905" lon="-120.14389009214938">
        <ele>117.77</ele>
      </trkpt>
      <trkpt lat="34.585036877542734" lon="-120.14411254785955">
        <ele>117.76</ele>
      </trkpt>
      <trkpt lat="34.58480905741453" lon="-120.14433491975069">
        <ele>117.88</ele>
      </trkpt>
      <trkpt lat="34.58458123728633" lon="-120.14455737546086">
        <ele>118.1</ele>
      </trkpt>
      <trkpt lat="34.58435350097716" lon="-120.14477983117104">
        <ele>118.42</ele>
      </trkpt>
      <trkpt lat="34.584124172106385" lon="-120.14500379562378">
        <ele>118.97</ele>
      </trkpt>
      <trkpt lat="34.58399534225464" lon="-120.14515399932861">
        <ele>119.6</ele>
      </trkpt>
      <trkpt lat="34.58399542607367" lon="-120.14515399932861">
        <ele>120.19</ele>
      </trkpt>
      <trkpt lat="34.58374899812043" lon="-120.1453360542655">
        <ele>120.9</ele>
      </trkpt>
      <trkpt lat="34.58350189961493" lon="-120.14551877975464">
        <ele>121.63</ele>
      </trkpt>
      <trkpt lat="34.583242144435644" lon="-120.1456606015563">
        <ele>122.41</ele>
      </trkpt>
      <trkpt lat="34.58298247307539" lon="-120.145802507177">
        <ele>123.26</ele>
      </trkpt>
      <trkpt lat="34.582722801715136" lon="-120.14594441279769">
        <ele>124.15</ele>
      </trkpt>
      <trkpt lat="34.58246304653585" lon="-120.14608631841838">
        <ele>125.2</ele>
      </trkpt>
      <trkpt lat="34.582203375175595" lon="-120.14622822403908">
        <ele>126.19</ele>
      </trkpt>
      <trkpt lat="34.58194370381534" lon="-120.14637012965977">
        <ele>127.02</ele>
      </trkpt>
      <trkpt lat="34.581683948636055" lon="-120.14651195146143">
        <ele>127.95</ele>
      </trkpt>
      <trkpt lat="34.58142042160034" lon="-120.14665603637695">
        <ele>129.0</ele>
      </trkpt>
      <trkpt lat="34.581184554845095" lon="-120.14687036164105">
        <ele>130.13</ele>
      </trkpt>
      <trkpt lat="34.58094877190888" lon="-120.14708468690515">
        <ele>131.26</ele>
      </trkpt>
      <trkpt lat="34.580712988972664" lon="-120.14729909598827">
        <ele>132.4</ele>
      </trkpt>
      <trkpt lat="34.58047720603645" lon="-120.14751342125237">
        <ele>133.47</ele>
      </trkpt>
      <trkpt lat="34.58024024963379" lon="-120.14772891998291">
        <ele>134.35</ele>
      </trkpt>
      <trkpt lat="34.58003120496869" lon="-120.14792178757489">
        <ele>135.29</ele>
      </trkpt>
      <trkpt lat="34.579822244122624" lon="-120.1481147389859">
        <ele>136.33</ele>
      </trkpt>
      <trkpt lat="34.579613199457526" lon="-120.1483076903969">
        <ele>137.28</ele>
      </trkpt>
      <trkpt lat="34.579403484240174" lon="-120.1485013961792">
        <ele>138.07</ele>
      </trkpt>
      <trkpt lat="34.579199720174074" lon="-120.14870507642627">
        <ele>138.71</ele>
      </trkpt>
      <trkpt lat="34.57899578846991" lon="-120.14890909194946">
        <ele>139.36</ele>
      </trkpt>
      <trkpt lat="34.57872790284455" lon="-120.14910187572241">
        <ele>140.04</ele>
      </trkpt>
      <trkpt lat="34.57845934666693" lon="-120.14929533004761">
        <ele>140.95</ele>
      </trkpt>
      <trkpt lat="34.578180983662605" lon="-120.14941301196814">
        <ele>142.05</ele>
      </trkpt>
      <trkpt lat="34.577901447191834" lon="-120.14953136444092">
        <ele>142.9</ele>
      </trkpt>
      <trkpt lat="34.577665999531746" lon="-120.1495669875294">
        <ele>143.47</ele>
      </trkpt>
      <trkpt lat="34.57743055187166" lon="-120.14960269443691">
        <ele>143.97</ele>
      </trkpt>
      <trkpt lat="34.5771933440119" lon="-120.14963865280151">
        <ele>144.5</ele>
      </trkpt>
      <trkpt lat="34.57692579366267" lon="-120.14958509244025">
        <ele>144.94</ele>
      </trkpt>
      <trkpt lat="34.576656902208924" lon="-120.14953136444092">
        <ele>145.36</ele>
      </trkpt>
      <trkpt lat="34.576389184221625" lon="-120.14941351488233">
        <ele>145.75</ele>
      </trkpt>
      <trkpt lat="34.576120460405946" lon="-120.14929533004761">
        <ele>146.37</ele>
      </trkpt>
      <trkpt lat="34.575890293344855" lon="-120.14922039583325">
        <ele>147.1</ele>
      </trkpt>
      <trkpt lat="34.575660126283765" lon="-120.1491454616189">
        <ele>147.55</ele>
      </trkpt>
      <trkpt lat="34.575430043041706" lon="-120.14907052740455">
        <ele>147.97</ele>
      </trkpt>
      <trkpt lat="34.57519778050482" lon="-120.14899492263794">
        <ele>148.35</ele>
      </trkpt>
      <trkpt lat="34.57493542693555" lon="-120.14888243749738">
        <ele>148.61</ele>
      </trkpt>
      <trkpt lat="34.574673157185316" lon="-120.14877003617585">
        <ele>148.96</ele>
      </trkpt>
      <trkpt lat="34.57441088743508" lon="-120.14865763485432">
        <ele>149.31</ele>
      </trkpt>
      <trkpt lat="34.57414853386581" lon="-120.14854523353279">
        <ele>149.54</ele>
      </trkpt>
      <trkpt lat="34.57388626411557" lon="-120.14843283221126">
        <ele>149.91</ele>
      </trkpt>
      <trkpt lat="34.573623994365335" lon="-120.14832043088973">
        <ele>150.3</ele>
      </trkpt>
      <trkpt lat="34.573361640796065" lon="-120.14820794574916">
        <ele>150.52</ele>
      </trkpt>
      <trkpt lat="34.57309492863715" lon="-120.14809370040894">
        <ele>150.64</ele>
      </trkpt>
      <trkpt lat="34.572814386337996" lon="-120.14798230491579">
        <ele>150.64</ele>
      </trkpt>
      <trkpt lat="34.572533927857876" lon="-120.14787099324167">
        <ele>150.94</ele>
      </trkpt>
      <trkpt lat="34.572253469377756" lon="-120.14775968156755">
        <ele>151.33</ele>
      </trkpt>
      <trkpt lat="34.571972927078605" lon="-120.1476482860744">
        <ele>151.5</ele>
      </trkpt>
      <trkpt lat="34.571692468598485" lon="-120.14753697440028">
        <ele>151.61</ele>
      </trkpt>
      <trkpt lat="34.571412010118365" lon="-120.14742566272616">
        <ele>151.91</ele>
      </trkpt>
      <trkpt lat="34.571131467819214" lon="-120.14731426723301">
        <ele>152.23</ele>
      </trkpt>
      <trkpt lat="34.570851009339094" lon="-120.1472029555589">
        <ele>152.47</ele>
      </trkpt>
      <trkpt lat="34.570570550858974" lon="-120.14709164388478">
        <ele>152.74</ele>
      </trkpt>
      <trkpt lat="34.57028388977051" lon="-120.14697790145874">
        <ele>152.98</ele>
      </trkpt>
      <trkpt lat="34.57028397358954" lon="-120.14697790145874">
        <ele>153.18</ele>
      </trkpt>
      <trkpt lat="34.570034109055996" lon="-120.1468779053539">
        <ele>153.3</ele>
      </trkpt>
      <trkpt lat="34.569784328341484" lon="-120.1467779930681">
        <ele>153.52</ele>
      </trkpt>
      <trkpt lat="34.56953295506537" lon="-120.14667749404907">
        <ele>153.93</ele>
      </trkpt>
      <trkpt lat="34.56929021514952" lon="-120.14656324870884">
        <ele>154.31</ele>
      </trkpt>
      <trkpt lat="34.569047559052706" lon="-120.14644900336862">
        <ele>154.56</ele>
      </trkpt>
      <trkpt lat="34.56880339421332" lon="-120.14633417129517">
        <ele>154.65</ele>
      </trkpt>
      <trkpt lat="34.568498292937875" lon="-120.14624314382672">
        <ele>154.65</ele>
      </trkpt>
      <trkpt lat="34.56819327548146" lon="-120.14615220017731">
        <ele>154.47</ele>
      </trkpt>
      <trkpt lat="34.56788825802505" lon="-120.14606117270887">
        <ele>154.29</ele>
      </trkpt>
      <trkpt lat="34.56758030690253" lon="-120.14596939086914">
        <ele>154.24</ele>
      </trkpt>
      <trkpt lat="34.56731057725847" lon="-120.1459008269012">
        <ele>154.35</ele>
      </trkpt>
      <trkpt lat="34.56704084761441" lon="-120.14583234675229">
        <ele>154.57</ele>
      </trkpt>
      <trkpt lat="34.56677111797035" lon="-120.14576386660337">
        <ele>154.71</ele>
      </trkpt>
      <trkpt lat="34.56650147214532" lon="-120.14569538645446">
        <ele>154.78</ele>
      </trkpt>
      <trkpt lat="34.56622847355902" lon="-120.14562606811523">
        <ele>154.87</ele>
      </trkpt>
      <trkpt lat="34.565978441387415" lon="-120.14545465819538">
        <ele>154.79</ele>
      </trkpt>
      <trkpt lat="34.56572849303484" lon="-120.14528324827552">
        <ele>154.7</ele>
      </trkpt>
      <trkpt lat="34.56547737121582" lon="-120.14511108398438">
        <ele>154.57</ele>
      </trkpt>
      <trkpt lat="34.56523614004254" lon="-120.1448698528111">
        <ele>154.36</ele>
      </trkpt>
      <trkpt lat="34.56499490886927" lon="-120.14462862163782">
        <ele>154.25</ele>
      </trkpt>
      <trkpt lat="34.56475367769599" lon="-120.14438739046454">
        <ele>154.14</ele>
      </trkpt>
      <trkpt lat="34.56451177597046" lon="-120.14414548873901">
        <ele>154.08</ele>
      </trkpt>
      <trkpt lat="34.56426165997982" lon="-120.1439168304205">
        <ele>154.13</ele>
      </trkpt>
      <trkpt lat="34.56401154398918" lon="-120.14368817210197">
        <ele>154.25</ele>
      </trkpt>
      <trkpt lat="34.56376075744629" lon="-120.1434588432312">
        <ele>154.43</ele>
      </trkpt>
      <trkpt lat="34.563599824905396" lon="-120.14320126734674">
        <ele>154.33</ele>
      </trkpt>
      <trkpt lat="34.563438976183534" lon="-120.14294385910034">
        <ele>154.23</ele>
      </trkpt>
      <trkpt lat="34.56323554739356" lon="-120.14293313026428">
        <ele>154.36</ele>
      </trkpt>
      <trkpt lat="34.56303119659424" lon="-120.14292240142822">
        <ele>154.49</ele>
      </trkpt>
      <trkpt lat="34.56272089853883" lon="-120.14292231760919">
        <ele>154.68</ele>
      </trkpt>
      <trkpt lat="34.562409007921815" lon="-120.14292240142822">
        <ele>154.77</ele>
      </trkpt>
      <trkpt lat="34.56214497797191" lon="-120.14292952604592">
        <ele>154.8</ele>
      </trkpt>
      <trkpt lat="34.56188103184104" lon="-120.14293665066361">
        <ele>154.86</ele>
      </trkpt>
      <trkpt lat="34.561614990234375" lon="-120.14294385910034">
        <ele>155.06</ele>
      </trkpt>
      <trkpt lat="34.561379039660096" lon="-120.1429009437561">
        <ele>155.22</ele>
      </trkpt>
      <trkpt lat="34.56122875213623" lon="-120.1429009437561">
        <ele>155.34</ele>
      </trkpt>
      <trkpt lat="34.56099280156195" lon="-120.14287948608398">
        <ele>155.61</ele>
      </trkpt>
      <trkpt lat="34.5608108304441" lon="-120.14285802841187">
        <ele>155.98</ele>
      </trkpt>
      <trkpt lat="34.560628021135926" lon="-120.14283657073975">
        <ele>156.5</ele>
      </trkpt>
      <trkpt lat="34.56040682271123" lon="-120.14277228154242">
        <ele>156.62</ele>
      </trkpt>
      <trkpt lat="34.56018562428653" lon="-120.14270807616413">
        <ele>156.68</ele>
      </trkpt>
      <trkpt lat="34.55996283330023" lon="-120.14264345169067">
        <ele>156.72</ele>
      </trkpt>
      <trkpt lat="34.55979117192328" lon="-120.14262199401855">
        <ele>156.81</ele>
      </trkpt>
      <trkpt lat="34.55959805287421" lon="-120.14262199401855">
        <ele>156.91</ele>
      </trkpt>
      <trkpt lat="34.559426391497254" lon="-120.14264345169067">
        <ele>157.05</ele>
      </trkpt>
      <trkpt lat="34.559168899431825" lon="-120.14268636703491">
        <ele>157.23</ele>
      </trkpt>
      <trkpt lat="34.55889062024653" lon="-120.14271846972406">
        <ele>157.36</ele>
      </trkpt>
      <trkpt lat="34.558612341061234" lon="-120.1427505724132">
        <ele>157.43</ele>
      </trkpt>
      <trkpt lat="34.55833414569497" lon="-120.14278267510235">
        <ele>157.52</ele>
      </trkpt>
      <trkpt lat="34.5580530166626" lon="-120.14281511306763">
        <ele>157.63</ele>
      </trkpt>
      <trkpt lat="34.557881355285645" lon="-120.1429009437561">
        <ele>157.75</ele>
      </trkpt>
      <trkpt lat="34.55785998143256" lon="-120.14298677444458">
        <ele>157.9</ele>
      </trkpt>
      <trkpt lat="34.55759243108332" lon="-120.1429545879364">
        <ele>157.92</ele>
      </trkpt>
      <trkpt lat="34.55732353962958" lon="-120.14292240142822">
        <ele>157.92</ele>
      </trkpt>
      <trkpt lat="34.55710946582258" lon="-120.14289021492004">
        <ele>158.02</ele>
      </trkpt>
      <trkpt lat="34.556894302368164" lon="-120.14285802841187">
        <ele>158.19</ele>
      </trkpt>
      <trkpt lat="34.55670118331909" lon="-120.14275074005127">
        <ele>158.36</ele>
      </trkpt>
      <trkpt lat="34.556452576071024" lon="-120.14254923909903">
        <ele>158.48</ele>
      </trkpt>
      <trkpt lat="34.556203968822956" lon="-120.14234782196581">
        <ele>158.62</ele>
      </trkpt>
      <trkpt lat="34.55595536157489" lon="-120.14214632101357">
        <ele>158.81</ele>
      </trkpt>
      <trkpt lat="34.55570675432682" lon="-120.14194490388036">
        <ele>159.04</ele>
      </trkpt>
      <trkpt lat="34.55545663833618" lon="-120.14174222946167">
        <ele>159.34</ele>
      </trkpt>
      <trkpt lat="34.555190932005644" lon="-120.14154936186969">
        <ele>159.73</ele>
      </trkpt>
      <trkpt lat="34.554925225675106" lon="-120.14135649427772">
        <ele>160.05</ele>
      </trkpt>
      <trkpt lat="34.55465951934457" lon="-120.14116362668574">
        <ele>160.2</ele>
      </trkpt>
      <trkpt lat="34.55439381301403" lon="-120.1409708429128">
        <ele>160.46</ele>
      </trkpt>
      <trkpt lat="34.554126262664795" lon="-120.14077663421631">
        <ele>160.75</ele>
      </trkpt>
      <trkpt lat="34.55395493656397" lon="-120.14072307385504">
        <ele>161.08</ele>
      </trkpt>
      <trkpt lat="34.55378293991089" lon="-120.14066934585571">
        <ele>161.43</ele>
      </trkpt>
      <trkpt lat="34.55353676341474" lon="-120.14061578549445">
        <ele>161.82</ele>
      </trkpt>
      <trkpt lat="34.55329058691859" lon="-120.14056230895221">
        <ele>162.22</ele>
      </trkpt>
      <trkpt lat="34.553044494241476" lon="-120.14050874859095">
        <ele>162.58</ele>
      </trkpt>
      <trkpt lat="34.55279588699341" lon="-120.14045476913452">
        <ele>162.94</ele>
      </trkpt>
      <trkpt lat="34.55258131027222" lon="-120.14039039611816">
        <ele>163.28</ele>
      </trkpt>
      <trkpt lat="34.552388191223145" lon="-120.14015436172485">
        <ele>163.58</ele>
      </trkpt>
      <trkpt lat="34.55225215293467" lon="-120.13990382663906">
        <ele>163.92</ele>
      </trkpt>
      <trkpt lat="34.55211619846523" lon="-120.13965337537229">
        <ele>164.36</ele>
      </trkpt>
      <trkpt lat="34.55198049545288" lon="-120.13940334320068">
        <ele>164.8</ele>
      </trkpt>
      <trkpt lat="34.5518518332392" lon="-120.139274680987">
        <ele>165.36</ele>
      </trkpt>
      <trkpt lat="34.55172300338745" lon="-120.13914585113525">
        <ele>165.93</ele>
      </trkpt>
      <trkpt lat="34.55146551132202" lon="-120.13901710510254">
        <ele>166.63</ele>
      </trkpt>
      <trkpt lat="34.55127239227295" lon="-120.13899564743042">
        <ele>167.31</ele>
      </trkpt>
      <trkpt lat="34.550983468070626" lon="-120.13901702128351">
        <ele>168.02</ele>
      </trkpt>
      <trkpt lat="34.55069303512573" lon="-120.13903856277466">
        <ele>168.5</ele>
      </trkpt>
      <trkpt lat="34.55044325441122" lon="-120.13910276815295">
        <ele>169.03</ele>
      </trkpt>
      <trkpt lat="34.55019355751574" lon="-120.13916697353125">
        <ele>169.67</ele>
      </trkpt>
      <trkpt lat="34.54994201660156" lon="-120.13923168182373">
        <ele>170.32</ele>
      </trkpt>
      <trkpt lat="34.54976004548371" lon="-120.13926378451288">
        <ele>170.83</ele>
      </trkpt>
      <trkpt lat="34.54957723617554" lon="-120.13929605484009">
        <ele>171.37</ele>
      </trkpt>
      <trkpt lat="34.54935603775084" lon="-120.13928172178566">
        <ele>171.86</ele>
      </trkpt>
      <trkpt lat="34.549134923145175" lon="-120.13926747255027">
        <ele>172.37</ele>
      </trkpt>
      <trkpt lat="34.548912048339844" lon="-120.13925313949585">
        <ele>172.91</ele>
      </trkpt>
      <trkpt lat="34.54878330230713" lon="-120.13921022415161">
        <ele>173.34</ele>
      </trkpt>
      <trkpt lat="34.54854751937091" lon="-120.13900872319937">
        <ele>173.49</ele>
      </trkpt>
      <trkpt lat="34.5483117364347" lon="-120.13880722224712">
        <ele>173.73</ele>
      </trkpt>
      <trkpt lat="34.54807595349848" lon="-120.13860572129488">
        <ele>174.11</ele>
      </trkpt>
      <trkpt lat="34.54784017056227" lon="-120.13840430416167">
        <ele>174.69</ele>
      </trkpt>
      <trkpt lat="34.547603130340576" lon="-120.13820171356201">
        <ele>175.33</ele>
      </trkpt>
      <trkpt lat="34.547367095947266" lon="-120.1379656791687">
        <ele>175.99</ele>
      </trkpt>
      <trkpt lat="34.5473671797663" lon="-120.1379656791687">
        <ele>176.5</ele>
      </trkpt>
      <trkpt lat="34.547131061553955" lon="-120.13792276382446">
        <ele>177.31</ele>
      </trkpt>
      <trkpt lat="34.54693827778101" lon="-120.13781564310193">
        <ele>177.9</ele>
      </trkpt>
      <trkpt lat="34.54674482345581" lon="-120.13770818710327">
        <ele>178.39</ele>
      </trkpt>
      <trkpt lat="34.54657316207886" lon="-120.13766527175903">
        <ele>178.93</ele>
      </trkpt>
      <trkpt lat="34.54633771441877" lon="-120.13771874830127">
        <ele>179.64</ele>
      </trkpt>
      <trkpt lat="34.54610226675868" lon="-120.1377722248435">
        <ele>180.33</ele>
      </trkpt>
      <trkpt lat="34.54586681909859" lon="-120.13782578520477">
        <ele>181.1</ele>
      </trkpt>
      <trkpt lat="34.545629024505615" lon="-120.13787984848022">
        <ele>181.78</ele>
      </trkpt>
      <trkpt lat="34.54545736312866" lon="-120.13800859451294">
        <ele>182.46</ele>
      </trkpt>
      <trkpt lat="34.545392990112305" lon="-120.13815879821777">
        <ele>183.27</ele>
      </trkpt>
      <trkpt lat="34.545371448621154" lon="-120.13836298137903">
        <ele>184.15</ele>
      </trkpt>
      <trkpt lat="34.545350074768066" lon="-120.13856649398804">
        <ele>185.16</ele>
      </trkpt>
      <trkpt lat="34.545307075604796" lon="-120.1388171967119">
        <ele>186.21</ele>
      </trkpt>
      <trkpt lat="34.545264076441526" lon="-120.13906798325479">
        <ele>187.28</ele>
      </trkpt>
      <trkpt lat="34.54522132873535" lon="-120.1393175125122">
        <ele>188.36</ele>
      </trkpt>
      <trkpt lat="34.54524991102517" lon="-120.13969729654491">
        <ele>189.53</ele>
      </trkpt>
      <trkpt lat="34.54527857713401" lon="-120.14007708057761">
        <ele>190.8</ele>
      </trkpt>
      <trkpt lat="34.54530715942383" lon="-120.14045476913452">
        <ele>192.13</ele>
      </trkpt>
      <trkpt lat="34.54528570175171" lon="-120.14079809188843">
        <ele>193.5</ele>
      </trkpt>
      <trkpt lat="34.54524270258844" lon="-120.14100219123065">
        <ele>194.93</ele>
      </trkpt>
      <trkpt lat="34.54519987106323" lon="-120.14120578765869">
        <ele>196.45</ele>
      </trkpt>
      <trkpt lat="34.545113956555724" lon="-120.14139907434583">
        <ele>198.03</ele>
      </trkpt>
      <trkpt lat="34.54502820968628" lon="-120.14159202575684">
        <ele>199.77</ele>
      </trkpt>
      <trkpt lat="34.54491010867059" lon="-120.14176368713379">
        <ele>201.56</ele>
      </trkpt>
      <trkpt lat="34.54479217529297" lon="-120.14193534851074">
        <ele>203.51</ele>
      </trkpt>
      <trkpt lat="34.54468488693237" lon="-120.14206409454346">
        <ele>205.38</ele>
      </trkpt>
      <trkpt lat="34.54441708512604" lon="-120.14222469180822">
        <ele>207.09</ele>
      </trkpt>
      <trkpt lat="34.544148445129395" lon="-120.14238595962524">
        <ele>208.75</ele>
      </trkpt>
      <trkpt lat="34.54397678375244" lon="-120.1424503326416">
        <ele>210.52</ele>
      </trkpt>
      <trkpt lat="34.54382658004761" lon="-120.1425576210022">
        <ele>212.41</ele>
      </trkpt>
      <trkpt lat="34.54371929168701" lon="-120.14270782470703">
        <ele>214.38</ele>
      </trkpt>
      <trkpt lat="34.54361183568835" lon="-120.1430032029748">
        <ele>216.42</ele>
      </trkpt>
      <trkpt lat="34.543504463508725" lon="-120.14329858124256">
        <ele>218.54</ele>
      </trkpt>
      <trkpt lat="34.543397007510066" lon="-120.14359395951033">
        <ele>220.73</ele>
      </trkpt>
      <trkpt lat="34.54329013824463" lon="-120.14388799667358">
        <ele>223.05</ele>
      </trkpt>
      <trkpt lat="34.54309701919556" lon="-120.14399528503418">
        <ele>225.22</ele>
      </trkpt>
      <trkpt lat="34.54289007000625" lon="-120.14405236579478">
        <ele>227.29</ele>
      </trkpt>
      <trkpt lat="34.542683120816946" lon="-120.14410944655538">
        <ele>229.29</ele>
      </trkpt>
      <trkpt lat="34.5424747467041" lon="-120.14416694641113">
        <ele>231.26</ele>
      </trkpt>
      <trkpt lat="34.542388916015625" lon="-120.14423131942749">
        <ele>233.29</ele>
      </trkpt>
      <trkpt lat="34.542313646525145" lon="-120.14445687644184">
        <ele>235.3</ele>
      </trkpt>
      <trkpt lat="34.54223871231079" lon="-120.14468193054199">
        <ele>237.26</ele>
      </trkpt>
      <trkpt lat="34.54219571314752" lon="-120.14490757137537">
        <ele>239.22</ele>
      </trkpt>
      <trkpt lat="34.542152881622314" lon="-120.1451325416565">
        <ele>241.18</ele>
      </trkpt>
      <trkpt lat="34.54210443422198" lon="-120.14549790881574">
        <ele>243.17</ele>
      </trkpt>
      <trkpt lat="34.54205607064068" lon="-120.14586335979402">
        <ele>245.13</ele>
      </trkpt>
      <trkpt lat="34.54200770705938" lon="-120.1462288107723">
        <ele>247.01</ele>
      </trkpt>
      <trkpt lat="34.54195976257324" lon="-120.1465916633606">
        <ele>248.83</ele>
      </trkpt>
      <trkpt lat="34.541820203885436" lon="-120.14682778157294">
        <ele>250.52</ele>
      </trkpt>
      <trkpt lat="34.54168081283569" lon="-120.14706373214722">
        <ele>252.15</ele>
      </trkpt>
      <trkpt lat="34.5414662361145" lon="-120.14721393585205">
        <ele>253.8</ele>
      </trkpt>
      <trkpt lat="34.54123020172119" lon="-120.14725685119629">
        <ele>255.28</ele>
      </trkpt>
      <trkpt lat="34.54098394140601" lon="-120.14717118814588">
        <ele>256.64</ele>
      </trkpt>
      <trkpt lat="34.54073667526245" lon="-120.14708518981934">
        <ele>257.94</ele>
      </trkpt>
      <trkpt lat="34.54069375991821" lon="-120.14710664749146">
        <ele>259.1</ele>
      </trkpt>
      <trkpt lat="34.54058647155762" lon="-120.14725685119629">
        <ele>260.27</ele>
      </trkpt>
      <trkpt lat="34.540650844573975" lon="-120.14751434326172">
        <ele>261.45</ele>
      </trkpt>
      <trkpt lat="34.54078679904342" lon="-120.14779346063733">
        <ele>262.33</ele>
      </trkpt>
      <trkpt lat="34.54092283733189" lon="-120.14807257801294">
        <ele>263.09</ele>
      </trkpt>
      <trkpt lat="34.54105854034424" lon="-120.14835119247437">
        <ele>263.71</ele>
      </trkpt>
      <trkpt lat="34.541122913360596" lon="-120.14854431152344">
        <ele>264.17</ele>
      </trkpt>
      <trkpt lat="34.541144371032715" lon="-120.14890909194946">
        <ele>264.46</ele>
      </trkpt>
      <trkpt lat="34.541122913360596" lon="-120.14916658401489">
        <ele>264.62</ele>
      </trkpt>
      <trkpt lat="34.541069101542234" lon="-120.14946749433875">
        <ele>264.67</ele>
      </trkpt>
      <trkpt lat="34.541015373542905" lon="-120.14976840466261">
        <ele>264.62</ele>
      </trkpt>
      <trkpt lat="34.540961645543575" lon="-120.15006931498647">
        <ele>264.45</ele>
      </trkpt>
      <trkpt lat="34.540908336639404" lon="-120.15036821365356">
        <ele>264.21</ele>
      </trkpt>
      <trkpt lat="34.540833067148924" lon="-120.1507013104856">
        <ele>263.88</ele>
      </trkpt>
      <trkpt lat="34.540757881477475" lon="-120.15103440731764">
        <ele>263.47</ele>
      </trkpt>
      <trkpt lat="34.540682611986995" lon="-120.1513675879687">
        <ele>262.97</ele>
      </trkpt>
      <trkpt lat="34.540607929229736" lon="-120.15169858932495">
        <ele>262.41</ele>
      </trkpt>
      <trkpt lat="34.54052503220737" lon="-120.15201785601676">
        <ele>261.82</ele>
      </trkpt>
      <trkpt lat="34.540442135185" lon="-120.15233712270856">
        <ele>261.17</ele>
      </trkpt>
      <trkpt lat="34.54035923816264" lon="-120.15265638940036">
        <ele>260.44</ele>
      </trkpt>
      <trkpt lat="34.54027634114027" lon="-120.15297565609217">
        <ele>259.66</ele>
      </trkpt>
      <trkpt lat="34.540193444117904" lon="-120.15329492278397">
        <ele>258.86</ele>
      </trkpt>
      <trkpt lat="34.54011054709554" lon="-120.1536142732948">
        <ele>258.01</ele>
      </trkpt>
      <trkpt lat="34.54002857208252" lon="-120.15393018722534">
        <ele>257.1</ele>
      </trkpt>
      <trkpt lat="34.54001775942743" lon="-120.15418809838593">
        <ele>256.19</ele>
      </trkpt>
      <trkpt lat="34.5400071144104" lon="-120.1544451713562">
        <ele>255.29</ele>
      </trkpt>
      <trkpt lat="34.54005002975464" lon="-120.15475681051612">
        <ele>254.39</ele>
      </trkpt>
      <trkpt lat="34.54009294509888" lon="-120.15506744384766">
        <ele>253.48</ele>
      </trkpt>
      <trkpt lat="34.54017877578735" lon="-120.1553463935852">
        <ele>252.5</ele>
      </trkpt>
      <trkpt lat="34.54029687680304" lon="-120.1556040532887">
        <ele>251.5</ele>
      </trkpt>
      <trkpt lat="34.540414810180664" lon="-120.15586137771606">
        <ele>250.58</ele>
      </trkpt>
      <trkpt lat="34.54047918319702" lon="-120.15605449676514">
        <ele>249.65</ele>
      </trkpt>
      <trkpt lat="34.5405113697052" lon="-120.15636613592505">
        <ele>248.72</ele>
      </trkpt>
      <trkpt lat="34.54054355621338" lon="-120.15667676925659">
        <ele>247.79</ele>
      </trkpt>
      <trkpt lat="34.54054355621338" lon="-120.15697717666626">
        <ele>246.88</ele>
      </trkpt>
      <trkpt lat="34.54049334861338" lon="-120.15731387771666">
        <ele>246.0</ele>
      </trkpt>
      <trkpt lat="34.540443224832416" lon="-120.1576506625861">
        <ele>245.1</ele>
      </trkpt>
      <trkpt lat="34.540393352508545" lon="-120.15798568725586">
        <ele>244.26</ele>
      </trkpt>
      <trkpt lat="34.540371894836426" lon="-120.15822172164917">
        <ele>243.43</ele>
      </trkpt>
      <trkpt lat="34.540398716926575" lon="-120.15855490230024">
        <ele>242.62</ele>
      </trkpt>
      <trkpt lat="34.540425622835755" lon="-120.15888808295131">
        <ele>241.82</ele>
      </trkpt>
      <trkpt lat="34.540452444925904" lon="-120.15922134742141">
        <ele>241.01</ele>
      </trkpt>
      <trkpt lat="34.54047918319702" lon="-120.15955209732056">
        <ele>240.19</ele>
      </trkpt>
      <trkpt lat="34.5404146425426" lon="-120.15990673564374">
        <ele>239.42</ele>
      </trkpt>
      <trkpt lat="34.54035043716431" lon="-120.16026020050049">
        <ele>238.63</ele>
      </trkpt>
      <trkpt lat="34.54023225232959" lon="-120.16055549494922">
        <ele>237.89</ele>
      </trkpt>
      <trkpt lat="34.5401141513139" lon="-120.16085087321699">
        <ele>237.18</ele>
      </trkpt>
      <trkpt lat="34.53999596647918" lon="-120.16114625148475">
        <ele>236.49</ele>
      </trkpt>
      <trkpt lat="34.539878368377686" lon="-120.16144037246704">
        <ele>235.82</ele>
      </trkpt>
      <trkpt lat="34.53981399536133" lon="-120.16178369522095">
        <ele>235.15</ele>
      </trkpt>
      <trkpt lat="34.53981399536133" lon="-120.16212701797485">
        <ele>234.55</ele>
      </trkpt>
      <trkpt lat="34.53989270143211" lon="-120.16237763687968">
        <ele>233.95</ele>
      </trkpt>
      <trkpt lat="34.53997149132192" lon="-120.16262833960354">
        <ele>233.4</ele>
      </trkpt>
      <trkpt lat="34.54005002975464" lon="-120.16287803649902">
        <ele>232.85</ele>
      </trkpt>
      <trkpt lat="34.540135860443115" lon="-120.16311407089233">
        <ele>232.3</ele>
      </trkpt>
      <trkpt lat="34.54030752182007" lon="-120.16340383328497">
        <ele>231.78</ele>
      </trkpt>
      <trkpt lat="34.54047918319702" lon="-120.16369342803955">
        <ele>231.22</ele>
      </trkpt>
      <trkpt lat="34.54057574272156" lon="-120.1638759020716">
        <ele>230.67</ele>
      </trkpt>
      <trkpt lat="34.540672302246094" lon="-120.16405820846558">
        <ele>230.12</ele>
      </trkpt>
      <trkpt lat="34.54069375991821" lon="-120.16426239162683">
        <ele>229.62</ele>
      </trkpt>
      <trkpt lat="34.54071521759033" lon="-120.16446590423584">
        <ele>229.11</ele>
      </trkpt>
      <trkpt lat="34.54071521759033" lon="-120.16465902328491">
        <ele>228.6</ele>
      </trkpt>
      <trkpt lat="34.54067221842706" lon="-120.16488466411829">
        <ele>228.12</ele>
      </trkpt>
      <trkpt lat="34.540629386901855" lon="-120.16510963439941">
        <ele>227.67</ele>
      </trkpt>
      <trkpt lat="34.54050047323108" lon="-120.16539956443012">
        <ele>227.21</ele>
      </trkpt>
      <trkpt lat="34.54037164337933" lon="-120.16568949446082">
        <ele>226.78</ele>
      </trkpt>
      <trkpt lat="34.54024272970855" lon="-120.16597942449152">
        <ele>226.34</ele>
      </trkpt>
      <trkpt lat="34.540113899856806" lon="-120.16626935452223">
        <ele>225.93</ele>
      </trkpt>
      <trkpt lat="34.53998507000506" lon="-120.16655928455293">
        <ele>225.54</ele>
      </trkpt>
      <trkpt lat="34.539856910705566" lon="-120.16684770584106">
        <ele>225.18</ele>
      </trkpt>
      <trkpt lat="34.53969388268888" lon="-120.16716898418963">
        <ele>224.82</ele>
      </trkpt>
      <trkpt lat="34.53953085467219" lon="-120.1674902625382">
        <ele>224.47</ele>
      </trkpt>
      <trkpt lat="34.53936782665551" lon="-120.16781154088676">
        <ele>224.13</ele>
      </trkpt>
      <trkpt lat="34.53920479863882" lon="-120.16813290305436">
        <ele>223.77</ele>
      </trkpt>
      <trkpt lat="34.539041770622134" lon="-120.16845418140292">
        <ele>223.4</ele>
      </trkpt>
      <trkpt lat="34.53887874260545" lon="-120.16877545975149">
        <ele>223.06</ele>
      </trkpt>
      <trkpt lat="34.53871571458876" lon="-120.16909682191908">
        <ele>222.78</ele>
      </trkpt>
      <trkpt lat="34.538552686572075" lon="-120.16941810026765">
        <ele>222.52</ele>
      </trkpt>
      <trkpt lat="34.53838965855539" lon="-120.16973937861621">
        <ele>222.24</ele>
      </trkpt>
      <trkpt lat="34.538226714357734" lon="-120.17006065696478">
        <ele>221.98</ele>
      </trkpt>
      <trkpt lat="34.53806368634105" lon="-120.17038201913238">
        <ele>221.71</ele>
      </trkpt>
      <trkpt lat="34.53790065832436" lon="-120.17070329748094">
        <ele>221.41</ele>
      </trkpt>
      <trkpt lat="34.537737630307674" lon="-120.1710245758295">
        <ele>221.12</ele>
      </trkpt>
      <trkpt lat="34.53757460229099" lon="-120.17134585417807">
        <ele>220.84</ele>
      </trkpt>
      <trkpt lat="34.5374115742743" lon="-120.17166721634567">
        <ele>220.58</ele>
      </trkpt>
      <trkpt lat="34.537248546257615" lon="-120.17198849469423">
        <ele>220.35</ele>
      </trkpt>
      <trkpt lat="34.53708551824093" lon="-120.1723097730428">
        <ele>220.1</ele>
      </trkpt>
      <trkpt lat="34.53692249022424" lon="-120.17263105139136">
        <ele>219.89</ele>
      </trkpt>
      <trkpt lat="34.536759462207556" lon="-120.17295232973993">
        <ele>219.68</ele>
      </trkpt>
      <trkpt lat="34.5365965180099" lon="-120.17327369190753">
        <ele>219.45</ele>
      </trkpt>
      <trkpt lat="34.536433489993215" lon="-120.17359497025609">
        <ele>219.26</ele>
      </trkpt>
      <trkpt lat="34.53627046197653" lon="-120.17391624860466">
        <ele>219.07</ele>
      </trkpt>
      <trkpt lat="34.53610743395984" lon="-120.17423752695322">
        <ele>218.89</ele>
      </trkpt>
      <trkpt lat="34.535944405943155" lon="-120.17455880530179">
        <ele>218.67</ele>
      </trkpt>
      <trkpt lat="34.53578137792647" lon="-120.17488008365035">
        <ele>218.5</ele>
      </trkpt>
      <trkpt lat="34.53561834990978" lon="-120.17520144581795">
        <ele>218.32</ele>
      </trkpt>
      <trkpt lat="34.53545808792114" lon="-120.1755166053772">
        <ele>218.15</ele>
      </trkpt>
      <trkpt lat="34.53530419617891" lon="-120.1758099719882">
        <ele>217.95</ele>
      </trkpt>
      <trkpt lat="34.535150304436684" lon="-120.17610342241824">
        <ele>217.75</ele>
      </trkpt>
      <trkpt lat="34.534996412694454" lon="-120.17639687284827">
        <ele>217.57</ele>
      </trkpt>
      <trkpt lat="34.534842520952225" lon="-120.17669032327831">
        <ele>217.37</ele>
      </trkpt>
      <trkpt lat="34.53468871302903" lon="-120.17698377370834">
        <ele>217.18</ele>
      </trkpt>
      <trkpt lat="34.53453540802002" lon="-120.17727613449097">
        <ele>217.0</ele>
      </trkpt>
      <trkpt lat="34.53447103500366" lon="-120.17755508422852">
        <ele>216.75</ele>
      </trkpt>
      <trkpt lat="34.53447103500366" lon="-120.17766237258911">
        <ele>216.52</ele>
      </trkpt>
      <trkpt lat="34.53456776216626" lon="-120.17798465676606">
        <ele>216.26</ele>
      </trkpt>
      <trkpt lat="34.534664237871766" lon="-120.17830610275269">
        <ele>215.98</ele>
      </trkpt>
      <trkpt lat="34.534760881215334" lon="-120.17866417765617">
        <ele>215.65</ele>
      </trkpt>
      <trkpt lat="34.53485760837793" lon="-120.1790223363787">
        <ele>215.34</ele>
      </trkpt>
      <trkpt lat="34.53495433554053" lon="-120.17938049510121">
        <ele>215.02</ele>
      </trkpt>
      <trkpt lat="34.5350509788841" lon="-120.17973865382373">
        <ele>214.69</ele>
      </trkpt>
      <trkpt lat="34.5351477060467" lon="-120.18009681254625">
        <ele>214.38</ele>
      </trkpt>
      <trkpt lat="34.53524359501898" lon="-120.1804518699646">
        <ele>214.12</ele>
      </trkpt>
      <trkpt lat="34.53536161221564" lon="-120.18066653050482">
        <ele>213.68</ele>
      </trkpt>
      <trkpt lat="34.53547954559326" lon="-120.18088102340698">
        <ele>213.22</ele>
      </trkpt>
      <trkpt lat="34.53554391860962" lon="-120.1811170578003">
        <ele>212.8</ele>
      </trkpt>
      <trkpt lat="34.53560837544501" lon="-120.18144655041397">
        <ele>212.35</ele>
      </trkpt>
      <trkpt lat="34.5356728322804" lon="-120.18177612684667">
        <ele>211.9</ele>
      </trkpt>
      <trkpt lat="34.53573703765869" lon="-120.18210411071777">
        <ele>211.43</ele>
      </trkpt>
      <trkpt lat="34.53574776649475" lon="-120.18229756504297">
        <ele>210.87</ele>
      </trkpt>
      <trkpt lat="34.53575849533081" lon="-120.18249034881592">
        <ele>210.26</ele>
      </trkpt>
      <trkpt lat="34.53573703765869" lon="-120.18268346786499">
        <ele>209.62</ele>
      </trkpt>
      <trkpt lat="34.535518269985914" lon="-120.18293651752174">
        <ele>208.91</ele>
      </trkpt>
      <trkpt lat="34.53529950231314" lon="-120.18318956717849">
        <ele>208.18</ele>
      </trkpt>
      <trkpt lat="34.53508073464036" lon="-120.18344270065427">
        <ele>207.47</ele>
      </trkpt>
      <trkpt lat="34.53486196696758" lon="-120.18369575031102">
        <ele>206.79</ele>
      </trkpt>
      <trkpt lat="34.534642696380615" lon="-120.18394947052002">
        <ele>206.11</ele>
      </trkpt>
      <trkpt lat="34.53451378270984" lon="-120.18423940055072">
        <ele>205.47</ele>
      </trkpt>
      <trkpt lat="34.53438495285809" lon="-120.18452933058143">
        <ele>204.85</ele>
      </trkpt>
      <trkpt lat="34.53425603918731" lon="-120.18481926061213">
        <ele>204.26</ele>
      </trkpt>
      <trkpt lat="34.534127712249756" lon="-120.18510818481445">
        <ele>203.72</ele>
      </trkpt>
      <trkpt lat="34.53399485908449" lon="-120.18543818034232">
        <ele>203.18</ele>
      </trkpt>
      <trkpt lat="34.53386208973825" lon="-120.18576817587018">
        <ele>202.69</ele>
      </trkpt>
      <trkpt lat="34.53372932039201" lon="-120.18609817139804">
        <ele>202.25</ele>
      </trkpt>
      <trkpt lat="34.533596551045775" lon="-120.18642825074494">
        <ele>201.85</ele>
      </trkpt>
      <trkpt lat="34.53346378169954" lon="-120.1867582462728">
        <ele>201.5</ele>
      </trkpt>
      <trkpt lat="34.5333310123533" lon="-120.18708824180067">
        <ele>201.21</ele>
      </trkpt>
      <trkpt lat="34.53319815918803" lon="-120.18741823732853">
        <ele>200.99</ele>
      </trkpt>
      <trkpt lat="34.533065389841795" lon="-120.18774823285639">
        <ele>200.83</ele>
      </trkpt>
      <trkpt lat="34.53293262049556" lon="-120.18807831220329">
        <ele>200.74</ele>
      </trkpt>
      <trkpt lat="34.53279985114932" lon="-120.18840830773115">
        <ele>200.72</ele>
      </trkpt>
      <trkpt lat="34.532668590545654" lon="-120.18873453140259">
        <ele>200.72</ele>
      </trkpt>
      <trkpt lat="34.532571863383055" lon="-120.18897073343396">
        <ele>200.84</ele>
      </trkpt>
      <trkpt lat="34.53247547149658" lon="-120.18920660018921">
        <ele>201.03</ele>
      </trkpt>
      <trkpt lat="34.53236801549792" lon="-120.18947146832943">
        <ele>201.29</ele>
      </trkpt>
      <trkpt lat="34.532260643318295" lon="-120.18973642028868">
        <ele>201.64</ele>
      </trkpt>
      <trkpt lat="34.532153606414795" lon="-120.19000053405762">
        <ele>202.07</ele>
      </trkpt>
      <trkpt lat="34.532089065760374" lon="-120.19020463339984">
        <ele>202.59</ele>
      </trkpt>
      <trkpt lat="34.53202486038208" lon="-120.19040822982788">
        <ele>203.21</ele>
      </trkpt>
      <trkpt lat="34.531746581196785" lon="-120.19033329561353">
        <ele>203.94</ele>
      </trkpt>
      <trkpt lat="34.53146696090698" lon="-120.19025802612305">
        <ele>204.78</ele>
      </trkpt>
      <trkpt lat="34.53133821487427" lon="-120.19015073776245">
        <ele>205.7</ele>
      </trkpt>
      <trkpt lat="34.531166637316346" lon="-120.18995761871338">
        <ele>206.74</ele>
      </trkpt>
      <trkpt lat="34.53098206780851" lon="-120.18971303477883">
        <ele>207.86</ele>
      </trkpt>
      <trkpt lat="34.5307975821197" lon="-120.18946845084429">
        <ele>209.08</ele>
      </trkpt>
      <trkpt lat="34.530613012611866" lon="-120.18922386690974">
        <ele>210.4</ele>
      </trkpt>
      <trkpt lat="34.53042852692306" lon="-120.1889792829752">
        <ele>211.8</ele>
      </trkpt>
      <trkpt lat="34.53024387359619" lon="-120.18873453140259">
        <ele>213.3</ele>
      </trkpt>
      <trkpt lat="34.530029296875" lon="-120.1885199546814">
        <ele>214.87</ele>
      </trkpt>
      <trkpt lat="34.52976166270673" lon="-120.18843429163098">
        <ele>216.55</ele>
      </trkpt>
      <trkpt lat="34.5294941123575" lon="-120.18834862858057">
        <ele>218.31</ele>
      </trkpt>
      <trkpt lat="34.52922647818923" lon="-120.18826304934919">
        <ele>220.17</ele>
      </trkpt>
      <trkpt lat="34.52895641326904" lon="-120.18817663192749">
        <ele>222.16</ele>
      </trkpt>
      <trkpt lat="34.52880620956421" lon="-120.18815517425537">
        <ele>224.16</ele>
      </trkpt>
      <trkpt lat="34.52852725982666" lon="-120.18824100494385">
        <ele>226.31</ele>
      </trkpt>
      <trkpt lat="34.528419971466064" lon="-120.18832683563232">
        <ele>228.44</ele>
      </trkpt>
      <trkpt lat="34.52835559844971" lon="-120.18845558166504">
        <ele>230.63</ele>
      </trkpt>
      <trkpt lat="34.52831268310547" lon="-120.18860578536987">
        <ele>232.9</ele>
      </trkpt>
      <trkpt lat="34.52831268310547" lon="-120.18879890441895">
        <ele>235.24</ele>
      </trkpt>
      <trkpt lat="34.528398513793945" lon="-120.18899202346802">
        <ele>237.54</ele>
      </trkpt>
      <trkpt lat="34.52854871749878" lon="-120.18918514251709">
        <ele>239.65</ele>
      </trkpt>
      <trkpt lat="34.52861309051514" lon="-120.18944263458252">
        <ele>241.78</ele>
      </trkpt>
      <trkpt lat="34.52854871749878" lon="-120.18970012664795">
        <ele>244.07</ele>
      </trkpt>
      <trkpt lat="34.5284628868103" lon="-120.18980741500854">
        <ele>246.45</ele>
      </trkpt>
      <trkpt lat="34.528302205726504" lon="-120.18991445191205">
        <ele>248.96</ele>
      </trkpt>
      <trkpt lat="34.528141021728516" lon="-120.19002199172974">
        <ele>251.49</ele>
      </trkpt>
      <trkpt lat="34.52803373336792" lon="-120.19023656845093">
        <ele>254.02</ele>
      </trkpt>
      <trkpt lat="34.52803373336792" lon="-120.19036531448364">
        <ele>256.37</ele>
      </trkpt>
      <trkpt lat="34.52805519104004" lon="-120.19051551818848">
        <ele>258.7</ele>
      </trkpt>
      <trkpt lat="34.52816256321967" lon="-120.190773261711">
        <ele>260.91</ele>
      </trkpt>
      <trkpt lat="34.52826976776123" lon="-120.19103050231934">
        <ele>262.94</ele>
      </trkpt>
      <trkpt lat="34.52833414077759" lon="-120.19128799438477">
        <ele>265.01</ele>
      </trkpt>
      <trkpt lat="34.528233809396625" lon="-120.19160307012498">
        <ele>267.28</ele>
      </trkpt>
      <trkpt lat="34.52813356183469" lon="-120.19191822968423">
        <ele>269.57</ele>
      </trkpt>
      <trkpt lat="34.52803373336792" lon="-120.19223213195801">
        <ele>271.83</ele>
      </trkpt>
      <trkpt lat="34.52805519104004" lon="-120.19231796264648">
        <ele>273.73</ele>
      </trkpt>
      <trkpt lat="34.5281195640564" lon="-120.19246816635132">
        <ele>275.64</ele>
      </trkpt>
      <trkpt lat="34.52837663702667" lon="-120.1926502212882">
        <ele>277.22</ele>
      </trkpt>
      <trkpt lat="34.528634548187256" lon="-120.19283294677734">
        <ele>278.5</ele>
      </trkpt>
      <trkpt lat="34.528656005859375" lon="-120.1930046081543">
        <ele>279.93</ele>
      </trkpt>
      <trkpt lat="34.52859867364168" lon="-120.19326964393258">
        <ele>281.37</ele>
      </trkpt>
      <trkpt lat="34.52854134142399" lon="-120.19353467971087">
        <ele>282.7</ele>
      </trkpt>
      <trkpt lat="34.52848434448242" lon="-120.1937985420227">
        <ele>283.96</ele>
      </trkpt>
      <trkpt lat="34.52848434448242" lon="-120.19399166107178">
        <ele>284.95</ele>
      </trkpt>
      <trkpt lat="34.52854880131781" lon="-120.19423875957727">
        <ele>285.77</ele>
      </trkpt>
      <trkpt lat="34.52861309051514" lon="-120.19448518753052">
        <ele>286.49</ele>
      </trkpt>
      <trkpt lat="34.52870965003967" lon="-120.19464612007141">
        <ele>286.89</ele>
      </trkpt>
      <trkpt lat="34.52880620956421" lon="-120.1948070526123">
        <ele>287.08</ele>
      </trkpt>
      <trkpt lat="34.52899932861328" lon="-120.19504308700562">
        <ele>286.97</ele>
      </trkpt>
      <trkpt lat="34.5290744304657" lon="-120.1952148322016">
        <ele>286.71</ele>
      </trkpt>
      <trkpt lat="34.529149532318115" lon="-120.19538640975952">
        <ele>286.26</ele>
      </trkpt>
      <trkpt lat="34.529187083244324" lon="-120.19567122682929">
        <ele>285.51</ele>
      </trkpt>
      <trkpt lat="34.529224717989564" lon="-120.19595604389906">
        <ele>284.81</ele>
      </trkpt>
      <trkpt lat="34.529262352734804" lon="-120.19624086096883">
        <ele>283.96</ele>
      </trkpt>
      <trkpt lat="34.52929973602295" lon="-120.19652366638184">
        <ele>283.07</ele>
      </trkpt>
      <trkpt lat="34.52958329580724" lon="-120.1964754704386">
        <ele>281.82</ele>
      </trkpt>
      <trkpt lat="34.529866855591536" lon="-120.19642727449536">
        <ele>280.32</ele>
      </trkpt>
      <trkpt lat="34.53015041537583" lon="-120.19637916237116">
        <ele>278.51</ele>
      </trkpt>
      <trkpt lat="34.530436992645264" lon="-120.19633054733276">
        <ele>276.5</ele>
      </trkpt>
      <trkpt lat="34.53065098263323" lon="-120.1963198184967">
        <ele>274.55</ele>
      </trkpt>
      <trkpt lat="34.53086614608765" lon="-120.19630908966064">
        <ele>272.62</ele>
      </trkpt>
      <trkpt lat="34.53114006668329" lon="-120.19633901305497">
        <ele>270.72</ele>
      </trkpt>
      <trkpt lat="34.53141398727894" lon="-120.19636893644929">
        <ele>268.71</ele>
      </trkpt>
      <trkpt lat="34.531687907874584" lon="-120.19639894366264">
        <ele>266.52</ele>
      </trkpt>
      <trkpt lat="34.53196191228926" lon="-120.19642886705697">
        <ele>264.37</ele>
      </trkpt>
      <trkpt lat="34.53223943710327" lon="-120.19645929336548">
        <ele>262.08</ele>
      </trkpt>
      <trkpt lat="34.532542107626796" lon="-120.19648267887533">
        <ele>259.43</ele>
      </trkpt>
      <trkpt lat="34.53284477815032" lon="-120.19650614820421">
        <ele>256.66</ele>
      </trkpt>
      <trkpt lat="34.533147448673844" lon="-120.19652953371406">
        <ele>254.05</ele>
      </trkpt>
      <trkpt lat="34.53345011919737" lon="-120.19655300304294">
        <ele>251.42</ele>
      </trkpt>
      <trkpt lat="34.53375278972089" lon="-120.19657647237182">
        <ele>248.75</ele>
      </trkpt>
      <trkpt lat="34.53405546024442" lon="-120.19659985788167">
        <ele>245.98</ele>
      </trkpt>
      <trkpt lat="34.53435813076794" lon="-120.19662332721055">
        <ele>243.23</ele>
      </trkpt>
      <trkpt lat="34.534660801291466" lon="-120.19664679653943">
        <ele>240.53</ele>
      </trkpt>
      <trkpt lat="34.53496347181499" lon="-120.19667018204927">
        <ele>237.92</ele>
      </trkpt>
      <trkpt lat="34.535266142338514" lon="-120.19669365137815">
        <ele>235.38</ele>
      </trkpt>
      <trkpt lat="34.53556881286204" lon="-120.196717036888">
        <ele>232.86</ele>
      </trkpt>
      <trkpt lat="34.53587148338556" lon="-120.19674050621688">
        <ele>230.45</ele>
      </trkpt>
      <trkpt lat="34.53617415390909" lon="-120.19676397554576">
        <ele>227.99</ele>
      </trkpt>
      <trkpt lat="34.53647682443261" lon="-120.19678736105561">
        <ele>225.67</ele>
      </trkpt>
      <trkpt lat="34.536779494956136" lon="-120.19681083038449">
        <ele>223.54</ele>
      </trkpt>
      <trkpt lat="34.53708216547966" lon="-120.19683429971337">
        <ele>221.53</ele>
      </trkpt>
      <trkpt lat="34.537384919822216" lon="-120.19685768522322">
        <ele>219.59</ele>
      </trkpt>
      <trkpt lat="34.53768759034574" lon="-120.1968811545521">
        <ele>217.74</ele>
      </trkpt>
      <trkpt lat="34.537990260869265" lon="-120.19690462388098">
        <ele>216.1</ele>
      </trkpt>
      <trkpt lat="34.53829293139279" lon="-120.19692800939083">
        <ele>214.64</ele>
      </trkpt>
      <trkpt lat="34.538612365722656" lon="-120.19695281982422">
        <ele>213.48</ele>
      </trkpt>
      <trkpt lat="34.5388691034168" lon="-120.19694561138749">
        <ele>212.62</ele>
      </trkpt>
      <trkpt lat="34.53912592492998" lon="-120.1969384867698">
        <ele>212.02</ele>
      </trkpt>
      <trkpt lat="34.539384841918945" lon="-120.1969313621521">
        <ele>211.65</ele>
      </trkpt>
      <trkpt lat="34.539684411138296" lon="-120.1968885306269">
        <ele>211.43</ele>
      </trkpt>
      <trkpt lat="34.53998565673828" lon="-120.19684553146362">
        <ele>211.36</ele>
      </trkpt>
      <trkpt lat="34.54002865590155" lon="-120.19710302352905">
        <ele>211.63</ele>
      </trkpt>
      <trkpt lat="34.53972891904414" lon="-120.19715650007129">
        <ele>212.23</ele>
      </trkpt>
      <trkpt lat="34.539427757263184" lon="-120.19721031188965">
        <ele>212.96</ele>
      </trkpt>
      <trkpt lat="34.5391281042248" lon="-120.19721743650734">
        <ele>213.7</ele>
      </trkpt>
      <trkpt lat="34.53882845118642" lon="-120.19722456112504">
        <ele>214.64</ele>
      </trkpt>
      <trkpt lat="34.53852653503418" lon="-120.19723176956177">
        <ele>215.91</ele>
      </trkpt>
      <trkpt lat="34.538269713521004" lon="-120.19722456112504">
        <ele>217.44</ele>
      </trkpt>
      <trkpt lat="34.53801289200783" lon="-120.19721743650734">
        <ele>219.27</ele>
      </trkpt>
      <trkpt lat="34.53775405883789" lon="-120.19721031188965">
        <ele>221.32</ele>
      </trkpt>
      <trkpt lat="34.53744133003056" lon="-120.19718172959983">
        <ele>223.53</ele>
      </trkpt>
      <trkpt lat="34.53712860122323" lon="-120.19715323112905">
        <ele>226.0</ele>
      </trkpt>
      <trkpt lat="34.53681595623493" lon="-120.19712464883924">
        <ele>228.53</ele>
      </trkpt>
      <trkpt lat="34.5365032274276" lon="-120.19709615036845">
        <ele>231.18</ele>
      </trkpt>
      <trkpt lat="34.53619049862027" lon="-120.19706756807864">
        <ele>233.85</ele>
      </trkpt>
      <trkpt lat="34.53587785363197" lon="-120.19703906960785">
        <ele>236.47</ele>
      </trkpt>
      <trkpt lat="34.53556512482464" lon="-120.19701048731804">
        <ele>239.23</ele>
      </trkpt>
      <trkpt lat="34.53525239601731" lon="-120.19698198884726">
        <ele>242.08</ele>
      </trkpt>
      <trkpt lat="34.534939751029015" lon="-120.19695340655744">
        <ele>244.88</ele>
      </trkpt>
      <trkpt lat="34.534627022221684" lon="-120.19692490808666">
        <ele>247.67</ele>
      </trkpt>
      <trkpt lat="34.534314293414354" lon="-120.19689640961587">
        <ele>250.45</ele>
      </trkpt>
      <trkpt lat="34.534001648426056" lon="-120.19686782732606">
        <ele>253.29</ele>
      </trkpt>
      <trkpt lat="34.533688919618726" lon="-120.19683932885528">
        <ele>256.09</ele>
      </trkpt>
      <trkpt lat="34.533376190811396" lon="-120.19681074656546">
        <ele>258.79</ele>
      </trkpt>
      <trkpt lat="34.5330635458231" lon="-120.19678224809468">
        <ele>261.38</ele>
      </trkpt>
      <trkpt lat="34.53275081701577" lon="-120.19675366580486">
        <ele>264.11</ele>
      </trkpt>
      <trkpt lat="34.53243817202747" lon="-120.19672516733408">
        <ele>266.94</ele>
      </trkpt>
      <trkpt lat="34.53211069107056" lon="-120.19669532775879">
        <ele>269.28</ele>
      </trkpt>
      <trkpt lat="34.53185378573835" lon="-120.19665786065161">
        <ele>271.29</ele>
      </trkpt>
      <trkpt lat="34.53159696422517" lon="-120.19662039354444">
        <ele>273.33</ele>
      </trkpt>
      <trkpt lat="34.531340142712" lon="-120.19658292643726">
        <ele>275.32</ele>
      </trkpt>
      <trkpt lat="34.53108072280884" lon="-120.19654512405396">
        <ele>277.03</ele>
      </trkpt>
      <trkpt lat="34.530770340934396" lon="-120.1965343952179">
        <ele>278.6</ele>
      </trkpt>
      <trkpt lat="34.53045845031738" lon="-120.19652366638184">
        <ele>280.41</ele>
      </trkpt>
      <trkpt lat="34.53018553555012" lon="-120.19657714292407">
        <ele>282.32</ele>
      </trkpt>
      <trkpt lat="34.52991262078285" lon="-120.1966306194663">
        <ele>284.16</ele>
      </trkpt>
      <trkpt lat="34.52963970601559" lon="-120.19668417982757">
        <ele>285.71</ele>
      </trkpt>
      <trkpt lat="34.52936410903931" lon="-120.19673824310303">
        <ele>286.93</ele>
      </trkpt>
      <trkpt lat="34.52913570217788" lon="-120.19680957309902">
        <ele>287.88</ele>
      </trkpt>
      <trkpt lat="34.52890737913549" lon="-120.196880903095">
        <ele>288.6</ele>
      </trkpt>
      <trkpt lat="34.528677463531494" lon="-120.19695281982422">
        <ele>289.11</ele>
      </trkpt>
      <trkpt lat="34.52847043052316" lon="-120.19704560749233">
        <ele>289.45</ele>
      </trkpt>
      <trkpt lat="34.52826348133385" lon="-120.19713839516044">
        <ele>289.52</ele>
      </trkpt>
      <trkpt lat="34.52805519104004" lon="-120.19723176956177">
        <ele>289.4</ele>
      </trkpt>
      <trkpt lat="34.527819491922855" lon="-120.19737099297345">
        <ele>289.1</ele>
      </trkpt>
      <trkpt lat="34.52758312225342" lon="-120.19751071929932">
        <ele>288.65</ele>
      </trkpt>
      <trkpt lat="34.52734021469951" lon="-120.19768204540014">
        <ele>288.14</ele>
      </trkpt>
      <trkpt lat="34.52709739096463" lon="-120.19785345532">
        <ele>287.49</ele>
      </trkpt>
      <trkpt lat="34.52685356140137" lon="-120.19802570343018">
        <ele>286.65</ele>
      </trkpt>
      <trkpt lat="34.52661769464612" lon="-120.1982543617487">
        <ele>285.55</ele>
      </trkpt>
      <trkpt lat="34.52638182789087" lon="-120.19848302006721">
        <ele>284.18</ele>
      </trkpt>
      <trkpt lat="34.526145458221436" lon="-120.19871234893799">
        <ele>282.78</ele>
      </trkpt>
      <trkpt lat="34.52598100528121" lon="-120.19891250878572">
        <ele>281.49</ele>
      </trkpt>
      <trkpt lat="34.525816552340984" lon="-120.19911266863346">
        <ele>280.08</ele>
      </trkpt>
      <trkpt lat="34.525651931762695" lon="-120.19931316375732">
        <ele>278.52</ele>
      </trkpt>
      <trkpt lat="34.52551597729325" lon="-120.19952061586082">
        <ele>276.8</ele>
      </trkpt>
      <trkpt lat="34.52538002282381" lon="-120.19972806796432">
        <ele>274.95</ele>
      </trkpt>
      <trkpt lat="34.52524423599243" lon="-120.19993543624878">
        <ele>273.02</ele>
      </trkpt>
      <trkpt lat="34.52507961541414" lon="-120.2002502605319">
        <ele>271.0</ele>
      </trkpt>
      <trkpt lat="34.524914994835854" lon="-120.20056516863406">
        <ele>268.95</ele>
      </trkpt>
      <trkpt lat="34.52475070953369" lon="-120.20087957382202">
        <ele>266.82</ele>
      </trkpt>
      <trkpt lat="34.52462179586291" lon="-120.20121786743402">
        <ele>264.65</ele>
      </trkpt>
      <trkpt lat="34.524492882192135" lon="-120.20155624486506">
        <ele>262.63</ele>
      </trkpt>
      <trkpt lat="34.52436396852136" lon="-120.20189453847706">
        <ele>260.63</ele>
      </trkpt>
      <trkpt lat="34.52423572540283" lon="-120.20223140716553">
        <ele>258.49</ele>
      </trkpt>
      <trkpt lat="34.524142602458596" lon="-120.20249635912478">
        <ele>256.18</ele>
      </trkpt>
      <trkpt lat="34.52404947951436" lon="-120.20276131108403">
        <ele>253.86</ele>
      </trkpt>
      <trkpt lat="34.52395677566528" lon="-120.20302534103394">
        <ele>251.63</ele>
      </trkpt>
      <trkpt lat="34.52389223501086" lon="-120.20326883532107">
        <ele>249.43</ele>
      </trkpt>
      <trkpt lat="34.52382777817547" lon="-120.20351241342723">
        <ele>247.22</ele>
      </trkpt>
      <trkpt lat="34.52376365661621" lon="-120.20375490188599">
        <ele>244.96</ele>
      </trkpt>
      <trkpt lat="34.52372065745294" lon="-120.20401281304657">
        <ele>242.69</ele>
      </trkpt>
      <trkpt lat="34.52367765828967" lon="-120.20427072420716">
        <ele>240.44</ele>
      </trkpt>
      <trkpt lat="34.523634910583496" lon="-120.20452737808228">
        <ele>238.34</ele>
      </trkpt>
      <trkpt lat="34.523629462346435" lon="-120.20483910106122">
        <ele>236.3</ele>
      </trkpt>
      <trkpt lat="34.523624097928405" lon="-120.20515082404017">
        <ele>234.26</ele>
      </trkpt>
      <trkpt lat="34.523618733510375" lon="-120.20546254701912">
        <ele>232.15</ele>
      </trkpt>
      <trkpt lat="34.52361345291138" lon="-120.20577192306519">
        <ele>230.09</ele>
      </trkpt>
      <trkpt lat="34.523656368255615" lon="-120.20609001629055">
        <ele>228.08</ele>
      </trkpt>
      <trkpt lat="34.523699367418885" lon="-120.20640819333494">
        <ele>226.01</ele>
      </trkpt>
      <trkpt lat="34.523742366582155" lon="-120.2067262865603">
        <ele>224.0</ele>
      </trkpt>
      <trkpt lat="34.523785365745425" lon="-120.20704446360469">
        <ele>222.18</ele>
      </trkpt>
      <trkpt lat="34.52382802963257" lon="-120.207359790802">
        <ele>220.44</ele>
      </trkpt>
      <trkpt lat="34.52383875846863" lon="-120.20772524178028">
        <ele>218.85</ele>
      </trkpt>
      <trkpt lat="34.52384948730469" lon="-120.20808935165405">
        <ele>217.26</ele>
      </trkpt>
      <trkpt lat="34.52382794581354" lon="-120.20844398997724">
        <ele>215.62</ele>
      </trkpt>
      <trkpt lat="34.52380657196045" lon="-120.20879745483398">
        <ele>213.95</ele>
      </trkpt>
      <trkpt lat="34.52373490668833" lon="-120.20906961522996">
        <ele>212.26</ele>
      </trkpt>
      <trkpt lat="34.523663241416216" lon="-120.20934185944498">
        <ele>210.75</ele>
      </trkpt>
      <trkpt lat="34.52359199523926" lon="-120.20961284637451">
        <ele>209.31</ele>
      </trkpt>
      <trkpt lat="34.52349526807666" lon="-120.2098813187331">
        <ele>207.76</ele>
      </trkpt>
      <trkpt lat="34.523398876190186" lon="-120.21014928817749">
        <ele>206.19</ele>
      </trkpt>
      <trkpt lat="34.52331296168268" lon="-120.21033176220953">
        <ele>204.68</ele>
      </trkpt>
      <trkpt lat="34.52322721481323" lon="-120.21051406860352">
        <ele>203.2</ele>
      </trkpt>
      <trkpt lat="34.523087656125426" lon="-120.21076091565192">
        <ele>201.74</ele>
      </trkpt>
      <trkpt lat="34.522948265075684" lon="-120.21100759506226">
        <ele>200.24</ele>
      </trkpt>
      <trkpt lat="34.52281951904297" lon="-120.21118990145624">
        <ele>198.65</ele>
      </trkpt>
      <trkpt lat="34.522690773010254" lon="-120.21137237548828">
        <ele>197.09</ele>
      </trkpt>
      <trkpt lat="34.52251919545233" lon="-120.21156532689929">
        <ele>195.53</ele>
      </trkpt>
      <trkpt lat="34.52234745025635" lon="-120.21175861358643">
        <ele>194.07</ele>
      </trkpt>
      <trkpt lat="34.522186601534486" lon="-120.2119086496532">
        <ele>192.41</ele>
      </trkpt>
      <trkpt lat="34.52202558517456" lon="-120.2120590209961">
        <ele>190.69</ele>
      </trkpt>
      <trkpt lat="34.52180698513985" lon="-120.21222179755569">
        <ele>188.95</ele>
      </trkpt>
      <trkpt lat="34.52158838510513" lon="-120.21238465793431">
        <ele>187.26</ele>
      </trkpt>
      <trkpt lat="34.52136986888945" lon="-120.21254751831293">
        <ele>185.59</ele>
      </trkpt>
      <trkpt lat="34.52115126885474" lon="-120.21271037869155">
        <ele>183.88</ele>
      </trkpt>
      <trkpt lat="34.520931243896484" lon="-120.21287441253662">
        <ele>182.11</ele>
      </trkpt>
      <trkpt lat="34.520716834813356" lon="-120.21308873780072">
        <ele>180.04</ele>
      </trkpt>
      <trkpt lat="34.5205020904541" lon="-120.213303565979">
        <ele>177.84</ele>
      </trkpt>
      <trkpt lat="34.52036261558533" lon="-120.21347514353693">
        <ele>175.68</ele>
      </trkpt>
      <trkpt lat="34.52022314071655" lon="-120.21364688873291">
        <ele>173.72</ele>
      </trkpt>
      <trkpt lat="34.520094310864806" lon="-120.21385073661804">
        <ele>171.83</ele>
      </trkpt>
      <trkpt lat="34.51996564865112" lon="-120.21405458450317">
        <ele>169.99</ele>
      </trkpt>
      <trkpt lat="34.519826006144285" lon="-120.21436236798763">
        <ele>168.25</ele>
      </trkpt>
      <trkpt lat="34.51968644745648" lon="-120.21467023529112">
        <ele>166.16</ele>
      </trkpt>
      <trkpt lat="34.51954680494964" lon="-120.21497801877558">
        <ele>163.93</ele>
      </trkpt>
      <trkpt lat="34.519407246261835" lon="-120.21528588607907">
        <ele>161.73</ele>
      </trkpt>
      <trkpt lat="34.519267603755" lon="-120.21559366956353">
        <ele>159.7</ele>
      </trkpt>
      <trkpt lat="34.51912879943848" lon="-120.21589994430542">
        <ele>157.78</ele>
      </trkpt>
      <trkpt lat="34.51896778307855" lon="-120.216178977862">
        <ele>155.86</ele>
      </trkpt>
      <trkpt lat="34.51880693435669" lon="-120.21645784378052">
        <ele>153.87</ele>
      </trkpt>
      <trkpt lat="34.51860669068992" lon="-120.21670091897249">
        <ele>151.88</ele>
      </trkpt>
      <trkpt lat="34.518406530842185" lon="-120.21694399416447">
        <ele>149.89</ele>
      </trkpt>
      <trkpt lat="34.51820611953735" lon="-120.21718740463257">
        <ele>147.82</ele>
      </trkpt>
      <trkpt lat="34.51805608347058" lon="-120.21731598302722">
        <ele>145.78</ele>
      </trkpt>
      <trkpt lat="34.517905712127686" lon="-120.217444896698">
        <ele>143.77</ele>
      </trkpt>
      <trkpt lat="34.51772357337177" lon="-120.21756266243756">
        <ele>141.79</ele>
      </trkpt>
      <trkpt lat="34.51754093170166" lon="-120.21768093109131">
        <ele>139.87</ele>
      </trkpt>
      <trkpt lat="34.517289977520704" lon="-120.2178246807307">
        <ele>138.09</ele>
      </trkpt>
      <trkpt lat="34.51703910715878" lon="-120.21796851418912">
        <ele>136.35</ele>
      </trkpt>
      <trkpt lat="34.516788152977824" lon="-120.21811234764755">
        <ele>134.65</ele>
      </trkpt>
      <trkpt lat="34.5165372826159" lon="-120.21825618110597">
        <ele>132.96</ele>
      </trkpt>
      <trkpt lat="34.516286328434944" lon="-120.21839993074536">
        <ele>131.27</ele>
      </trkpt>
      <trkpt lat="34.51603545807302" lon="-120.21854376420379">
        <ele>129.56</ele>
      </trkpt>
      <trkpt lat="34.51578140258789" lon="-120.21868944168091">
        <ele>127.86</ele>
      </trkpt>
      <trkpt lat="34.51560999266803" lon="-120.21880720742047">
        <ele>126.32</ele>
      </trkpt>
      <trkpt lat="34.515438079833984" lon="-120.21892547607422">
        <ele>124.85</ele>
      </trkpt>
      <trkpt lat="34.515277314931154" lon="-120.21906478330493">
        <ele>123.44</ele>
      </trkpt>
      <trkpt lat="34.5151162147522" lon="-120.21920442581177">
        <ele>122.09</ele>
      </trkpt>
      <trkpt lat="34.51492317952216" lon="-120.21940810605884">
        <ele>120.81</ele>
      </trkpt>
      <trkpt lat="34.51472997665405" lon="-120.21961212158203">
        <ele>119.58</ele>
      </trkpt>
      <trkpt lat="34.5145583152771" lon="-120.21982661448419">
        <ele>118.32</ele>
      </trkpt>
      <trkpt lat="34.51438673771918" lon="-120.22004110738635">
        <ele>117.14</ele>
      </trkpt>
      <trkpt lat="34.51421499252319" lon="-120.2202558517456">
        <ele>116.03</ele>
      </trkpt>
      <trkpt lat="34.514024555683136" lon="-120.22050521336496">
        <ele>114.96</ele>
      </trkpt>
      <trkpt lat="34.51383411884308" lon="-120.22075457498431">
        <ele>113.93</ele>
      </trkpt>
      <trkpt lat="34.51364376582205" lon="-120.2210040204227">
        <ele>112.92</ele>
      </trkpt>
      <trkpt lat="34.513453328981996" lon="-120.22125338204205">
        <ele>111.96</ele>
      </trkpt>
      <trkpt lat="34.51326297596097" lon="-120.22150282748044">
        <ele>111.03</ele>
      </trkpt>
      <trkpt lat="34.51307253912091" lon="-120.22175218909979">
        <ele>110.11</ele>
      </trkpt>
      <trkpt lat="34.51288218609989" lon="-120.22200163453817">
        <ele>109.29</ele>
      </trkpt>
      <trkpt lat="34.512691497802734" lon="-120.22225141525269">
        <ele>108.5</ele>
      </trkpt>
      <trkpt lat="34.51249033212662" lon="-120.22251687012613">
        <ele>107.71</ele>
      </trkpt>
      <trkpt lat="34.5122891664505" lon="-120.2227824088186">
        <ele>106.95</ele>
      </trkpt>
      <trkpt lat="34.512088084593415" lon="-120.22304786369205">
        <ele>106.25</ele>
      </trkpt>
      <trkpt lat="34.5118869189173" lon="-120.22331340238452">
        <ele>105.57</ele>
      </trkpt>
      <trkpt lat="34.51168583706021" lon="-120.22357885725796">
        <ele>104.9</ele>
      </trkpt>
      <trkpt lat="34.511484671384096" lon="-120.22384439595044">
        <ele>104.26</ele>
      </trkpt>
      <trkpt lat="34.51128350570798" lon="-120.22410985082388">
        <ele>103.65</ele>
      </trkpt>
      <trkpt lat="34.5110821723938" lon="-120.22437572479248">
        <ele>103.01</ele>
      </trkpt>
      <trkpt lat="34.510942697525024" lon="-120.2245473023504">
        <ele>102.36</ele>
      </trkpt>
      <trkpt lat="34.51080322265625" lon="-120.22471904754639">
        <ele>101.71</ele>
      </trkpt>
      <trkpt lat="34.5105744805187" lon="-120.22494058124721">
        <ele>101.07</ele>
      </trkpt>
      <trkpt lat="34.51034582220018" lon="-120.22516211494803">
        <ele>100.39</ele>
      </trkpt>
      <trkpt lat="34.51011657714844" lon="-120.22538423538208">
        <ele>99.69</ele>
      </trkpt>
      <trkpt lat="34.509895127266645" lon="-120.22553418762982">
        <ele>98.98</ele>
      </trkpt>
      <trkpt lat="34.509673761203885" lon="-120.22568413987756">
        <ele>98.29</ele>
      </trkpt>
      <trkpt lat="34.509451389312744" lon="-120.22583484649658">
        <ele>97.7</ele>
      </trkpt>
      <trkpt lat="34.50922289863229" lon="-120.22594900801778">
        <ele>97.16</ele>
      </trkpt>
      <trkpt lat="34.50899449177086" lon="-120.226063253358">
        <ele>96.57</ele>
      </trkpt>
      <trkpt lat="34.50876474380493" lon="-120.22617816925049">
        <ele>95.93</ele>
      </trkpt>
      <trkpt lat="34.508486380800605" lon="-120.22626374848187">
        <ele>95.27</ele>
      </trkpt>
      <trkpt lat="34.50820810161531" lon="-120.22634941153228">
        <ele>94.64</ele>
      </trkpt>
      <trkpt lat="34.507927894592285" lon="-120.22643566131592">
        <ele>94.05</ele>
      </trkpt>
      <trkpt lat="34.50768171809614" lon="-120.22646776400506">
        <ele>93.48</ele>
      </trkpt>
      <trkpt lat="34.507434368133545" lon="-120.22650003433228">
        <ele>92.9</ele>
      </trkpt>
      <trkpt lat="34.50713471509516" lon="-120.22652140818536">
        <ele>92.29</ele>
      </trkpt>
      <trkpt lat="34.50683355331421" lon="-120.22654294967651">
        <ele>91.68</ele>
      </trkpt>
      <trkpt lat="34.50655887834728" lon="-120.22652861662209">
        <ele>91.11</ele>
      </trkpt>
      <trkpt lat="34.506284203380346" lon="-120.2265143673867">
        <ele>90.53</ele>
      </trkpt>
      <trkpt lat="34.50600961223245" lon="-120.22650011815131">
        <ele>89.98</ele>
      </trkpt>
      <trkpt lat="34.505734937265515" lon="-120.22648586891592">
        <ele>89.45</ele>
      </trkpt>
      <trkpt lat="34.505460262298584" lon="-120.22647153586149">
        <ele>88.99</ele>
      </trkpt>
      <trkpt lat="34.505181312561035" lon="-120.22645711898804">
        <ele>88.57</ele>
      </trkpt>
      <trkpt lat="34.504967238754034" lon="-120.22647849284112">
        <ele>88.16</ele>
      </trkpt>
      <trkpt lat="34.504753248766065" lon="-120.22649986669421">
        <ele>87.7</ele>
      </trkpt>
      <trkpt lat="34.50453758239746" lon="-120.2265214920044">
        <ele>87.29</ele>
      </trkpt>
      <trkpt lat="34.50428067706525" lon="-120.22658569738269">
        <ele>86.86</ele>
      </trkpt>
      <trkpt lat="34.50402385555208" lon="-120.22664990276098">
        <ele>86.41</ele>
      </trkpt>
      <trkpt lat="34.50376510620117" lon="-120.22671461105347">
        <ele>86.02</ele>
      </trkpt>
      <trkpt lat="34.503604508936405" lon="-120.2267680875957">
        <ele>85.64</ele>
      </trkpt>
      <trkpt lat="34.503443241119385" lon="-120.22682189941406">
        <ele>85.33</ele>
      </trkpt>
      <trkpt lat="34.503221875056624" lon="-120.22694318555295">
        <ele>85.04</ele>
      </trkpt>
      <trkpt lat="34.503000592812896" lon="-120.22706455551088">
        <ele>84.74</ele>
      </trkpt>
      <trkpt lat="34.50277805328369" lon="-120.22718667984009">
        <ele>84.46</ele>
      </trkpt>
      <trkpt lat="34.502542270347476" lon="-120.22737954743207">
        <ele>84.12</ele>
      </trkpt>
      <trkpt lat="34.50230648741126" lon="-120.22757241502404">
        <ele>83.7</ele>
      </trkpt>
      <trkpt lat="34.50206995010376" lon="-120.2277660369873">
        <ele>83.31</ele>
      </trkpt>
      <trkpt lat="34.501846907660365" lon="-120.22798681631684">
        <ele>82.92</ele>
      </trkpt>
      <trkpt lat="34.501623949036" lon="-120.22820767946541">
        <ele>82.51</ele>
      </trkpt>
      <trkpt lat="34.50140099041164" lon="-120.22842854261398">
        <ele>82.1</ele>
      </trkpt>
      <trkpt lat="34.501178031787276" lon="-120.22864932194352">
        <ele>81.73</ele>
      </trkpt>
      <trkpt lat="34.50095498934388" lon="-120.22887018509209">
        <ele>81.38</ele>
      </trkpt>
      <trkpt lat="34.50073203071952" lon="-120.22909104824066">
        <ele>81.02</ele>
      </trkpt>
      <trkpt lat="34.500509072095156" lon="-120.2293118275702">
        <ele>80.62</ele>
      </trkpt>
      <trkpt lat="34.50028611347079" lon="-120.22953269071877">
        <ele>80.26</ele>
      </trkpt>
      <trkpt lat="34.50006315484643" lon="-120.22975355386734">
        <ele>79.91</ele>
      </trkpt>
      <trkpt lat="34.49983835220337" lon="-120.22997617721558">
        <ele>79.59</ele>
      </trkpt>
      <trkpt lat="34.49964540079236" lon="-120.23014046251774">
        <ele>79.28</ele>
      </trkpt>
      <trkpt lat="34.49945253320038" lon="-120.2303047478199">
        <ele>78.96</ele>
      </trkpt>
      <trkpt lat="34.49925899505615" lon="-120.23046970367432">
        <ele>78.64</ele>
      </trkpt>
      <trkpt lat="34.499066127464175" lon="-120.23059107363224">
        <ele>78.33</ele>
      </trkpt>
      <trkpt lat="34.49887334369123" lon="-120.23071244359016">
        <ele>78.01</ele>
      </trkpt>
      <trkpt lat="34.498679637908936" lon="-120.23083448410034">
        <ele>77.71</ele>
      </trkpt>
      <trkpt lat="34.49845475144684" lon="-120.23093079216778">
        <ele>77.43</ele>
      </trkpt>
      <trkpt lat="34.498229026794434" lon="-120.23102760314941">
        <ele>77.17</ele>
      </trkpt>
      <trkpt lat="34.49792928993702" lon="-120.23110245354474">
        <ele>76.98</ele>
      </trkpt>
      <trkpt lat="34.4976282119751" lon="-120.23117780685425">
        <ele>76.81</ele>
      </trkpt>
      <trkpt lat="34.497339287772775" lon="-120.23119918070734">
        <ele>76.5</ele>
      </trkpt>
      <trkpt lat="34.49704885482788" lon="-120.23122072219849">
        <ele>76.07</ele>
      </trkpt>
      <trkpt lat="34.49677065946162" lon="-120.23118861950934">
        <ele>75.74</ele>
      </trkpt>
      <trkpt lat="34.496491039171815" lon="-120.23115634918213">
        <ele>75.5</ele>
      </trkpt>
      <trkpt lat="34.49640520848334" lon="-120.23115634918213">
        <ele>75.24</ele>
      </trkpt>
      <trkpt lat="34.49616439640522" lon="-120.23110815323889">
        <ele>74.94</ele>
      </trkpt>
      <trkpt lat="34.4959235843271" lon="-120.23105995729566">
        <ele>74.62</ele>
      </trkpt>
      <trkpt lat="34.49568277224898" lon="-120.23101184517145">
        <ele>74.31</ele>
      </trkpt>
      <trkpt lat="34.495439529418945" lon="-120.23096323013306">
        <ele>74.03</ele>
      </trkpt>
      <trkpt lat="34.495182037353516" lon="-120.23087739944458">
        <ele>73.72</ele>
      </trkpt>
      <trkpt lat="34.49498891830444" lon="-120.2307915687561">
        <ele>73.38</ele>
      </trkpt>
      <trkpt lat="34.49478532187641" lon="-120.23063080385327">
        <ele>73.0</ele>
      </trkpt>
      <trkpt lat="34.49458122253418" lon="-120.23046970367432">
        <ele>72.65</ele>
      </trkpt>
      <trkpt lat="34.494441747665405" lon="-120.23030877113342">
        <ele>72.31</ele>
      </trkpt>
      <trkpt lat="34.49430227279663" lon="-120.23014783859253">
        <ele>71.97</ele>
      </trkpt>
      <trkpt lat="34.49420562945306" lon="-120.2299545519054">
        <ele>71.6</ele>
      </trkpt>
      <trkpt lat="34.49410915374756" lon="-120.22976160049438">
        <ele>71.16</ele>
      </trkpt>
      <trkpt lat="34.493971606716514" lon="-120.22942221723497">
        <ele>70.79</ele>
      </trkpt>
      <trkpt lat="34.4938341435045" lon="-120.22908283397555">
        <ele>70.28</ele>
      </trkpt>
      <trkpt lat="34.49369668029249" lon="-120.22874345071614">
        <ele>69.71</ele>
      </trkpt>
      <trkpt lat="34.493559217080474" lon="-120.22840406745672">
        <ele>69.11</ele>
      </trkpt>
      <trkpt lat="34.493422508239746" lon="-120.22806644439697">
        <ele>68.41</ele>
      </trkpt>
      <trkpt lat="34.49330432340503" lon="-120.22781942971051">
        <ele>67.66</ele>
      </trkpt>
      <trkpt lat="34.493186473846436" lon="-120.22757291793823">
        <ele>67.02</ele>
      </trkpt>
      <trkpt lat="34.49304699897766" lon="-120.22737979888916">
        <ele>66.21</ele>
      </trkpt>
      <trkpt lat="34.49290752410889" lon="-120.22718667984009">
        <ele>65.37</ele>
      </trkpt>
      <trkpt lat="34.49269319884479" lon="-120.2270151861012">
        <ele>64.4</ele>
      </trkpt>
      <trkpt lat="34.492478370666504" lon="-120.22684335708618">
        <ele>63.41</ele>
      </trkpt>
      <trkpt lat="34.49227494187653" lon="-120.22675769403577">
        <ele>62.43</ele>
      </trkpt>
      <trkpt lat="34.49207067489624" lon="-120.22667169570923">
        <ele>61.42</ele>
      </trkpt>
      <trkpt lat="34.4917602930218" lon="-120.22664487361908">
        <ele>60.46</ele>
      </trkpt>
      <trkpt lat="34.49144999496639" lon="-120.22661813534796">
        <ele>59.37</ele>
      </trkpt>
      <trkpt lat="34.49113969691098" lon="-120.22659139707685">
        <ele>58.21</ele>
      </trkpt>
      <trkpt lat="34.49082612991333" lon="-120.22656440734863">
        <ele>56.92</ele>
      </trkpt>
      <trkpt lat="34.49055849574506" lon="-120.22648947313428">
        <ele>55.56</ele>
      </trkpt>
      <trkpt lat="34.49029094539583" lon="-120.22641453891993">
        <ele>54.35</ele>
      </trkpt>
      <trkpt lat="34.49002339504659" lon="-120.22633960470557">
        <ele>52.94</ele>
      </trkpt>
      <trkpt lat="34.48975324630737" lon="-120.22626399993896">
        <ele>51.44</ele>
      </trkpt>
      <trkpt lat="34.489517798647285" lon="-120.2262532711029">
        <ele>50.09</ele>
      </trkpt>
      <trkpt lat="34.489281261339784" lon="-120.22624254226685">
        <ele>48.68</ele>
      </trkpt>
      <trkpt lat="34.48907791636884" lon="-120.22625318728387">
        <ele>47.15</ele>
      </trkpt>
      <trkpt lat="34.48887356556952" lon="-120.22626399993896">
        <ele>45.42</ele>
      </trkpt>
      <trkpt lat="34.48887348175049" lon="-120.22626399993896">
        <ele>43.89</ele>
      </trkpt>
      <trkpt lat="34.48861657641828" lon="-120.22634957917035">
        <ele>42.19</ele>
      </trkpt>
      <trkpt lat="34.48835849761963" lon="-120.22643566131592">
        <ele>40.33</ele>
      </trkpt>
      <trkpt lat="34.48816571384668" lon="-120.22653196938336">
        <ele>38.64</ele>
      </trkpt>
      <trkpt lat="34.487972259521484" lon="-120.22662878036499">
        <ele>36.98</ele>
      </trkpt>
      <trkpt lat="34.48777218349278" lon="-120.22677873261273">
        <ele>35.4</ele>
      </trkpt>
      <trkpt lat="34.48757219128311" lon="-120.2269287686795">
        <ele>33.85</ele>
      </trkpt>
      <trkpt lat="34.48737144470215" lon="-120.22707939147949">
        <ele>32.31</ele>
      </trkpt>
      <trkpt lat="34.48712132871151" lon="-120.22730084136128">
        <ele>30.79</ele>
      </trkpt>
      <trkpt lat="34.4868712965399" lon="-120.22752237506211">
        <ele>29.33</ele>
      </trkpt>
      <trkpt lat="34.48662042617798" lon="-120.22774457931519">
        <ele>27.92</ele>
      </trkpt>
      <trkpt lat="34.48639880865812" lon="-120.22798757068813">
        <ele>26.56</ele>
      </trkpt>
      <trkpt lat="34.48617719113827" lon="-120.2282306458801">
        <ele>25.21</ele>
      </trkpt>
      <trkpt lat="34.485955657437444" lon="-120.22847363725305">
        <ele>23.97</ele>
      </trkpt>
      <trkpt lat="34.48573403991759" lon="-120.22871671244502">
        <ele>22.76</ele>
      </trkpt>
      <trkpt lat="34.485512506216764" lon="-120.228959787637">
        <ele>21.48</ele>
      </trkpt>
      <trkpt lat="34.48529013432562" lon="-120.22920370101929">
        <ele>20.3</ele>
      </trkpt>
      <trkpt lat="34.48529005050659" lon="-120.22920370101929">
        <ele>19.21</ele>
      </trkpt>
      <trkpt lat="34.48504705913365" lon="-120.2294323593378">
        <ele>18.11</ele>
      </trkpt>
      <trkpt lat="34.484804067760706" lon="-120.22966101765633">
        <ele>17.1</ele>
      </trkpt>
      <trkpt lat="34.48456048965454" lon="-120.2298903465271">
        <ele>16.15</ele>
      </trkpt>
      <trkpt lat="34.48442118242383" lon="-120.22998673841357">
        <ele>15.26</ele>
      </trkpt>
      <trkpt lat="34.48428153991699" lon="-120.23008346557617">
        <ele>14.43</ele>
      </trkpt>
      <trkpt lat="34.48401382192969" lon="-120.23021187633276">
        <ele>13.67</ele>
      </trkpt>
      <trkpt lat="34.483745098114014" lon="-120.2303409576416">
        <ele>12.94</ele>
      </trkpt>
      <trkpt lat="34.48353102430701" lon="-120.23039082996547">
        <ele>12.28</ele>
      </trkpt>
      <trkpt lat="34.48331695050001" lon="-120.23044078610837">
        <ele>11.67</ele>
      </trkpt>
      <trkpt lat="34.48310136795044" lon="-120.23049116134644">
        <ele>11.12</ele>
      </trkpt>
      <trkpt lat="34.48283742181957" lon="-120.23049116134644">
        <ele>10.61</ele>
      </trkpt>
      <trkpt lat="34.482573475688696" lon="-120.23049116134644">
        <ele>10.15</ele>
      </trkpt>
      <trkpt lat="34.48230751790106" lon="-120.23049116134644">
        <ele>9.77</ele>
      </trkpt>
      <trkpt lat="34.48230743408203" lon="-120.23049116134644">
        <ele>9.47</ele>
      </trkpt>
      <trkpt lat="34.48207190260291" lon="-120.23041974753141">
        <ele>9.21</ele>
      </trkpt>
      <trkpt lat="34.48183645494282" lon="-120.23034841753542">
        <ele>9.02</ele>
      </trkpt>
      <trkpt lat="34.4815993309021" lon="-120.23027658462524">
        <ele>8.91</ele>
      </trkpt>
      <trkpt lat="34.481325494125485" lon="-120.2301495987922">
        <ele>8.86</ele>
      </trkpt>
      <trkpt lat="34.4810517411679" lon="-120.23002261295915">
        <ele>8.87</ele>
      </trkpt>
      <trkpt lat="34.48077790439129" lon="-120.22989571094513">
        <ele>8.95</ele>
      </trkpt>
      <trkpt lat="34.480504151433706" lon="-120.22976872511208">
        <ele>9.08</ele>
      </trkpt>
      <trkpt lat="34.480230398476124" lon="-120.22964173927903">
        <ele>9.3</ele>
      </trkpt>
      <trkpt lat="34.47995656169951" lon="-120.22951483726501">
        <ele>9.55</ele>
      </trkpt>
      <trkpt lat="34.47968280874193" lon="-120.22938785143197">
        <ele>9.88</ele>
      </trkpt>
      <trkpt lat="34.479409055784345" lon="-120.22926094941795">
        <ele>10.27</ele>
      </trkpt>
      <trkpt lat="34.47913521900773" lon="-120.2291339635849">
        <ele>10.72</ele>
      </trkpt>
      <trkpt lat="34.47886146605015" lon="-120.22900697775185">
        <ele>11.27</ele>
      </trkpt>
      <trkpt lat="34.478587713092566" lon="-120.22888007573783">
        <ele>11.89</ele>
      </trkpt>
      <trkpt lat="34.47831387631595" lon="-120.22875308990479">
        <ele>12.53</ele>
      </trkpt>
      <trkpt lat="34.47804012335837" lon="-120.22862618789077">
        <ele>13.27</ele>
      </trkpt>
      <trkpt lat="34.47775840759277" lon="-120.22849559783936">
        <ele>14.06</ele>
      </trkpt>
      <trkpt lat="34.4774719979614" lon="-120.22836710326374">
        <ele>14.87</ele>
      </trkpt>
      <trkpt lat="34.47718558833003" lon="-120.22823860868812">
        <ele>15.73</ele>
      </trkpt>
      <trkpt lat="34.47689917869866" lon="-120.2281101141125">
        <ele>16.63</ele>
      </trkpt>
      <trkpt lat="34.47661276906729" lon="-120.22798161953688">
        <ele>17.56</ele>
      </trkpt>
      <trkpt lat="34.47632644325495" lon="-120.22785320878029">
        <ele>18.53</ele>
      </trkpt>
      <trkpt lat="34.476040033623576" lon="-120.22772471420467">
        <ele>19.52</ele>
      </trkpt>
      <trkpt lat="34.475753623992205" lon="-120.22759621962905">
        <ele>20.59</ele>
      </trkpt>
      <trkpt lat="34.475462436676025" lon="-120.22746562957764">
        <ele>21.86</ele>
      </trkpt>
      <trkpt lat="34.47526244446635" lon="-120.22732992656529">
        <ele>23.25</ele>
      </trkpt>
      <trkpt lat="34.47506245225668" lon="-120.22719422355294">
        <ele>24.51</ele>
      </trkpt>
      <trkpt lat="34.47486162185669" lon="-120.22705793380737">
        <ele>25.78</ele>
      </trkpt>
      <trkpt lat="34.47465794160962" lon="-120.22686498239636">
        <ele>27.01</ele>
      </trkpt>
      <trkpt lat="34.474453926086426" lon="-120.22667169570923">
        <ele>28.23</ele>
      </trkpt>
      <trkpt lat="34.47428226470947" lon="-120.22643566131592">
        <ele>29.43</ele>
      </trkpt>
      <trkpt lat="34.47411060333252" lon="-120.22619962692261">
        <ele>30.58</ele>
      </trkpt>
      <trkpt lat="34.47399250231683" lon="-120.2260064240545">
        <ele>31.77</ele>
      </trkpt>
      <trkpt lat="34.47387456893921" lon="-120.22581338882446">
        <ele>33.0</ele>
      </trkpt>
      <trkpt lat="34.47378144599497" lon="-120.22557701915503">
        <ele>34.25</ele>
      </trkpt>
      <trkpt lat="34.47368832305074" lon="-120.22534073330462">
        <ele>35.4</ele>
      </trkpt>
      <trkpt lat="34.47359561920166" lon="-120.22510528564453">
        <ele>36.47</ele>
      </trkpt>
      <trkpt lat="34.47352034971118" lon="-120.22487964481115">
        <ele>37.46</ele>
      </trkpt>
      <trkpt lat="34.473445415496826" lon="-120.22465467453003">
        <ele>38.41</ele>
      </trkpt>
      <trkpt lat="34.473380874842405" lon="-120.22435376420617">
        <ele>39.3</ele>
      </trkpt>
      <trkpt lat="34.47331666946411" lon="-120.2240538597107">
        <ele>40.16</ele>
      </trkpt>
      <trkpt lat="34.47328079491854" lon="-120.22373853251338">
        <ele>40.96</ele>
      </trkpt>
      <trkpt lat="34.473245004191995" lon="-120.22342320531607">
        <ele>41.72</ele>
      </trkpt>
      <trkpt lat="34.473209381103516" lon="-120.22310972213745">
        <ele>42.44</ele>
      </trkpt>
      <trkpt lat="34.47321256622672" lon="-120.2227377332747">
        <ele>43.09</ele>
      </trkpt>
      <trkpt lat="34.47321583516896" lon="-120.22236582823098">
        <ele>43.69</ele>
      </trkpt>
      <trkpt lat="34.47321902029216" lon="-120.22199392318726">
        <ele>44.26</ele>
      </trkpt>
      <trkpt lat="34.4732222892344" lon="-120.2216219343245">
        <ele>44.78</ele>
      </trkpt>
      <trkpt lat="34.47322555817664" lon="-120.22125002928078">
        <ele>45.22</ele>
      </trkpt>
      <trkpt lat="34.47322874329984" lon="-120.22087812423706">
        <ele>45.61</ele>
      </trkpt>
      <trkpt lat="34.47323201224208" lon="-120.22050621919334">
        <ele>45.96</ele>
      </trkpt>
      <trkpt lat="34.473235197365284" lon="-120.22013423033059">
        <ele>46.22</ele>
      </trkpt>
      <trkpt lat="34.47323846630752" lon="-120.21976232528687">
        <ele>46.42</ele>
      </trkpt>
      <trkpt lat="34.47324173524976" lon="-120.21939042024314">
        <ele>46.54</ele>
      </trkpt>
      <trkpt lat="34.47324492037296" lon="-120.21901851519942">
        <ele>46.6</ele>
      </trkpt>
      <trkpt lat="34.4732481893152" lon="-120.21864652633667">
        <ele>46.68</ele>
      </trkpt>
      <trkpt lat="34.473251374438405" lon="-120.21827462129295">
        <ele>46.75</ele>
      </trkpt>
      <trkpt lat="34.47325464338064" lon="-120.21790271624923">
        <ele>46.81</ele>
      </trkpt>
      <trkpt lat="34.47325791232288" lon="-120.2175308112055">
        <ele>46.82</ele>
      </trkpt>
      <trkpt lat="34.473261097446084" lon="-120.21715882234275">
        <ele>46.79</ele>
      </trkpt>
      <trkpt lat="34.47326436638832" lon="-120.21678691729903">
        <ele>46.68</ele>
      </trkpt>
      <trkpt lat="34.473267551511526" lon="-120.21641501225531">
        <ele>46.48</ele>
      </trkpt>
      <trkpt lat="34.47327082045376" lon="-120.21604302339256">
        <ele>46.24</ele>
      </trkpt>
      <trkpt lat="34.47327375411987" lon="-120.21568536758423">
        <ele>45.91</ele>
      </trkpt>
      <trkpt lat="34.473278699442744" lon="-120.21539258770645">
        <ele>45.57</ele>
      </trkpt>
      <trkpt lat="34.473283644765615" lon="-120.21509980782866">
        <ele>45.18</ele>
      </trkpt>
      <trkpt lat="34.47328859008849" lon="-120.21480870433152">
        <ele>44.75</ele>
      </trkpt>
      <trkpt lat="34.47328859008849" lon="-120.21480878815055">
        <ele>44.28</ele>
      </trkpt>
      <trkpt lat="34.473291859030724" lon="-120.21461365744472">
        <ele>43.76</ele>
      </trkpt>
      <trkpt lat="34.47329521179199" lon="-120.2144193649292">
        <ele>43.21</ele>
      </trkpt>
      <trkpt lat="34.47329521179199" lon="-120.21406455896795">
        <ele>42.59</ele>
      </trkpt>
      <trkpt lat="34.47329521179199" lon="-120.21370983682573">
        <ele>41.96</ele>
      </trkpt>
      <trkpt lat="34.47329521179199" lon="-120.21335511468351">
        <ele>41.27</ele>
      </trkpt>
      <trkpt lat="34.47329521179199" lon="-120.21300039254129">
        <ele>40.56</ele>
      </trkpt>
      <trkpt lat="34.47329521179199" lon="-120.21264567039907">
        <ele>39.84</ele>
      </trkpt>
      <trkpt lat="34.473295295611024" lon="-120.2122950553894">
        <ele>39.11</ele>
      </trkpt>
      <trkpt lat="34.47329521179199" lon="-120.2122950553894">
        <ele>38.37</ele>
      </trkpt>
      <trkpt lat="34.47329948656261" lon="-120.21192097105086">
        <ele>37.56</ele>
      </trkpt>
      <trkpt lat="34.47330384515226" lon="-120.21154688671231">
        <ele>36.74</ele>
      </trkpt>
      <trkpt lat="34.473308119922876" lon="-120.21117280237377">
        <ele>35.87</ele>
      </trkpt>
      <trkpt lat="34.473312478512526" lon="-120.21079871803522">
        <ele>35.07</ele>
      </trkpt>
      <trkpt lat="34.47331675328314" lon="-120.21042463369668">
        <ele>34.3</ele>
      </trkpt>
      <trkpt lat="34.47332111187279" lon="-120.21005054935813">
        <ele>33.54</ele>
      </trkpt>
      <trkpt lat="34.47332538664341" lon="-120.20967646501958">
        <ele>32.77</ele>
      </trkpt>
      <trkpt lat="34.47332974523306" lon="-120.20930238068104">
        <ele>32.0</ele>
      </trkpt>
      <trkpt lat="34.473334020003676" lon="-120.20892829634249">
        <ele>31.19</ele>
      </trkpt>
      <trkpt lat="34.473338378593326" lon="-120.20855421200395">
        <ele>30.37</ele>
      </trkpt>
      <trkpt lat="34.47334265336394" lon="-120.20818021148443">
        <ele>29.6</ele>
      </trkpt>
      <trkpt lat="34.47334701195359" lon="-120.20780612714589">
        <ele>28.88</ele>
      </trkpt>
      <trkpt lat="34.47335128672421" lon="-120.20743204280734">
        <ele>28.25</ele>
      </trkpt>
      <trkpt lat="34.47335564531386" lon="-120.2070579584688">
        <ele>27.96</ele>
      </trkpt>
      <trkpt lat="34.47335992008448" lon="-120.20668387413025">
        <ele>27.56</ele>
      </trkpt>
      <trkpt lat="34.473364278674126" lon="-120.2063097897917">
        <ele>27.14</ele>
      </trkpt>
      <trkpt lat="34.47336855344474" lon="-120.20593570545316">
        <ele>26.75</ele>
      </trkpt>
      <trkpt lat="34.47337291203439" lon="-120.20556162111461">
        <ele>26.34</ele>
      </trkpt>
      <trkpt lat="34.47337718680501" lon="-120.20518753677607">
        <ele>25.95</ele>
      </trkpt>
      <trkpt lat="34.47338154539466" lon="-120.20481345243752">
        <ele>25.57</ele>
      </trkpt>
      <trkpt lat="34.47338582016528" lon="-120.20443936809897">
        <ele>25.26</ele>
      </trkpt>
      <trkpt lat="34.473390178754926" lon="-120.20406536757946">
        <ele>25.05</ele>
      </trkpt>
      <trkpt lat="34.47339445352554" lon="-120.20369128324091">
        <ele>24.87</ele>
      </trkpt>
      <trkpt lat="34.47339881211519" lon="-120.20331719890237">
        <ele>24.77</ele>
      </trkpt>
      <trkpt lat="34.47340258397162" lon="-120.20296096801758">
        <ele>24.83</ele>
      </trkpt>
      <trkpt lat="34.47340250015259" lon="-120.20296096801758">
        <ele>24.83</ele>
      </trkpt>
      <trkpt lat="34.473398895934224" lon="-120.2025918290019">
        <ele>25.07</ele>
      </trkpt>
      <trkpt lat="34.47339529171586" lon="-120.20222277380526">
        <ele>25.26</ele>
      </trkpt>
      <trkpt lat="34.4733916874975" lon="-120.20185371860862">
        <ele>25.42</ele>
      </trkpt>
      <trkpt lat="34.473388167098165" lon="-120.20148466341197">
        <ele>25.54</ele>
      </trkpt>
      <trkpt lat="34.4733845628798" lon="-120.20111560821533">
        <ele>25.69</ele>
      </trkpt>
      <trkpt lat="34.47338104248047" lon="-120.2007508277893">
        <ele>25.86</ele>
      </trkpt>
      <trkpt lat="34.47335413657129" lon="-120.20041219890118">
        <ele>26.04</ele>
      </trkpt>
      <trkpt lat="34.47332723066211" lon="-120.20007357001305">
        <ele>26.25</ele>
      </trkpt>
      <trkpt lat="34.47330040857196" lon="-120.19973502494395">
        <ele>26.41</ele>
      </trkpt>
      <trkpt lat="34.47327375411987" lon="-120.1993989944458">
        <ele>26.57</ele>
      </trkpt>
      <trkpt lat="34.4732307549566" lon="-120.19908727146685">
        <ele>26.72</ele>
      </trkpt>
      <trkpt lat="34.47318775579333" lon="-120.1987755484879">
        <ele>26.85</ele>
      </trkpt>
      <trkpt lat="34.473144840449095" lon="-120.19846390932798">
        <ele>26.94</ele>
      </trkpt>
      <trkpt lat="34.47310217656195" lon="-120.19815444946289">
        <ele>26.98</ele>
      </trkpt>
      <trkpt lat="34.47310209274292" lon="-120.19815444946289">
        <ele>27.1</ele>
      </trkpt>
      <trkpt lat="34.47304249741137" lon="-120.19778019748628">
        <ele>27.15</ele>
      </trkpt>
      <trkpt lat="34.47298290207982" lon="-120.19740594550967">
        <ele>27.26</ele>
      </trkpt>
      <trkpt lat="34.47292330674827" lon="-120.1970317773521">
        <ele>27.39</ele>
      </trkpt>
      <trkpt lat="34.47286371141672" lon="-120.19665752537549">
        <ele>27.43</ele>
      </trkpt>
      <trkpt lat="34.47280411608517" lon="-120.19628327339888">
        <ele>27.42</ele>
      </trkpt>
      <trkpt lat="34.47274452075362" lon="-120.1959091052413">
        <ele>27.33</ele>
      </trkpt>
      <trkpt lat="34.47268492542207" lon="-120.19553485326469">
        <ele>27.33</ele>
      </trkpt>
      <trkpt lat="34.47262533009052" lon="-120.19516068510711">
        <ele>27.46</ele>
      </trkpt>
      <trkpt lat="34.472565818578005" lon="-120.1947864331305">
        <ele>27.54</ele>
      </trkpt>
      <trkpt lat="34.472506223246455" lon="-120.1944121811539">
        <ele>27.58</ele>
      </trkpt>
      <trkpt lat="34.472446627914906" lon="-120.19403801299632">
        <ele>27.57</ele>
      </trkpt>
      <trkpt lat="34.472387032583356" lon="-120.1936637610197">
        <ele>27.49</ele>
      </trkpt>
      <trkpt lat="34.472327437251806" lon="-120.19328959286213">
        <ele>27.38</ele>
      </trkpt>
      <trkpt lat="34.47226784192026" lon="-120.19291534088552">
        <ele>27.2</ele>
      </trkpt>
      <trkpt lat="34.47220824658871" lon="-120.19254117272794">
        <ele>27.04</ele>
      </trkpt>
      <trkpt lat="34.47214865125716" lon="-120.19216692075133">
        <ele>26.84</ele>
      </trkpt>
      <trkpt lat="34.47208913974464" lon="-120.19179266877472">
        <ele>26.6</ele>
      </trkpt>
      <trkpt lat="34.47202954441309" lon="-120.19141850061715">
        <ele>26.34</ele>
      </trkpt>
      <trkpt lat="34.47196994908154" lon="-120.19104424864054">
        <ele>26.03</ele>
      </trkpt>
      <trkpt lat="34.47191035374999" lon="-120.19067008048296">
        <ele>25.71</ele>
      </trkpt>
      <trkpt lat="34.47185075841844" lon="-120.19029582850635">
        <ele>25.36</ele>
      </trkpt>
      <trkpt lat="34.471793258562684" lon="-120.18993616104126">
        <ele>25.01</ele>
      </trkpt>
      <trkpt lat="34.47173944674432" lon="-120.18958143889904">
        <ele>24.66</ele>
      </trkpt>
      <trkpt lat="34.47168571874499" lon="-120.18922680057585">
        <ele>24.26</ele>
      </trkpt>
      <trkpt lat="34.47163190692663" lon="-120.18887207843363">
        <ele>23.66</ele>
      </trkpt>
      <trkpt lat="34.47157859802246" lon="-120.1885199546814">
        <ele>23.09</ele>
      </trkpt>
      <trkpt lat="34.47155705653131" lon="-120.18818886950612">
        <ele>22.76</ele>
      </trkpt>
      <trkpt lat="34.47153559885919" lon="-120.18785778433084">
        <ele>22.5</ele>
      </trkpt>
      <trkpt lat="34.47151405736804" lon="-120.18752669915557">
        <ele>22.26</ele>
      </trkpt>
      <trkpt lat="34.47149259969592" lon="-120.1871956139803">
        <ele>22.07</ele>
      </trkpt>
      <trkpt lat="34.471471309661865" lon="-120.18686771392822">
        <ele>21.94</ele>
      </trkpt>
      <trkpt lat="34.471469298005104" lon="-120.18649044446647">
        <ele>21.85</ele>
      </trkpt>
      <trkpt lat="34.471467370167375" lon="-120.18611325882375">
        <ele>21.92</ele>
      </trkpt>
      <trkpt lat="34.471465442329645" lon="-120.18573607318103">
        <ele>21.91</ele>
      </trkpt>
      <trkpt lat="34.471463514491916" lon="-120.18535888753831">
        <ele>21.91</ele>
      </trkpt>
      <trkpt lat="34.471461586654186" lon="-120.18498161807656">
        <ele>21.9</ele>
      </trkpt>
      <trkpt lat="34.47145965881646" lon="-120.18460443243384">
        <ele>21.92</ele>
      </trkpt>
      <trkpt lat="34.47145773097873" lon="-120.18422724679112">
        <ele>21.96</ele>
      </trkpt>
      <trkpt lat="34.471455803141" lon="-120.1838500611484">
        <ele>22.0</ele>
      </trkpt>
      <trkpt lat="34.47145387530327" lon="-120.18347279168665">
        <ele>22.1</ele>
      </trkpt>
      <trkpt lat="34.47145194746554" lon="-120.18309560604393">
        <ele>22.22</ele>
      </trkpt>
      <trkpt lat="34.47145001962781" lon="-120.18271842040122">
        <ele>22.37</ele>
      </trkpt>
      <trkpt lat="34.47144809179008" lon="-120.1823412347585">
        <ele>22.54</ele>
      </trkpt>
      <trkpt lat="34.47144616395235" lon="-120.18196404911578">
        <ele>22.75</ele>
      </trkpt>
      <trkpt lat="34.47144423611462" lon="-120.18158677965403">
        <ele>23.09</ele>
      </trkpt>
      <trkpt lat="34.47144230827689" lon="-120.1812095940113">
        <ele>23.35</ele>
      </trkpt>
      <trkpt lat="34.47144029662013" lon="-120.18083240836859">
        <ele>23.58</ele>
      </trkpt>
      <trkpt lat="34.4714383687824" lon="-120.18045522272587">
        <ele>23.83</ele>
      </trkpt>
      <trkpt lat="34.47143644094467" lon="-120.18007795326412">
        <ele>24.07</ele>
      </trkpt>
      <trkpt lat="34.47143451310694" lon="-120.1797007676214">
        <ele>24.34</ele>
      </trkpt>
      <trkpt lat="34.47143258526921" lon="-120.17932358197868">
        <ele>24.63</ele>
      </trkpt>
      <trkpt lat="34.47143065743148" lon="-120.17894639633596">
        <ele>24.96</ele>
      </trkpt>
      <trkpt lat="34.471428729593754" lon="-120.17856912687421">
        <ele>25.26</ele>
      </trkpt>
      <trkpt lat="34.471426801756024" lon="-120.17819194123149">
        <ele>25.6</ele>
      </trkpt>
      <trkpt lat="34.471424873918295" lon="-120.17781475558877">
        <ele>25.9</ele>
      </trkpt>
      <trkpt lat="34.471422946080565" lon="-120.17743756994605">
        <ele>26.2</ele>
      </trkpt>
      <trkpt lat="34.471421018242836" lon="-120.17706038430333">
        <ele>26.49</ele>
      </trkpt>
      <trkpt lat="34.47141909040511" lon="-120.17668311484158">
        <ele>26.78</ele>
      </trkpt>
      <trkpt lat="34.47141716256738" lon="-120.17630592919886">
        <ele>27.08</ele>
      </trkpt>
      <trkpt lat="34.47141523472965" lon="-120.17592874355614">
        <ele>27.36</ele>
      </trkpt>
      <trkpt lat="34.47141330689192" lon="-120.17555155791342">
        <ele>27.62</ele>
      </trkpt>
      <trkpt lat="34.47141129523516" lon="-120.17517428845167">
        <ele>27.87</ele>
      </trkpt>
      <trkpt lat="34.47140936739743" lon="-120.17479710280895">
        <ele>28.11</ele>
      </trkpt>
      <trkpt lat="34.47140702046454" lon="-120.17444372177124">
        <ele>28.34</ele>
      </trkpt>
      <trkpt lat="34.47140551172197" lon="-120.17406242899597">
        <ele>28.55</ele>
      </trkpt>
      <trkpt lat="34.47140408679843" lon="-120.17368122003973">
        <ele>28.76</ele>
      </trkpt>
      <trkpt lat="34.47140266187489" lon="-120.17329992726445">
        <ele>28.94</ele>
      </trkpt>
      <trkpt lat="34.47140123695135" lon="-120.17291871830821">
        <ele>29.15</ele>
      </trkpt>
      <trkpt lat="34.47139981202781" lon="-120.17253742553294">
        <ele>29.35</ele>
      </trkpt>
      <trkpt lat="34.47139838710427" lon="-120.1721562165767">
        <ele>29.51</ele>
      </trkpt>
      <trkpt lat="34.471396962180734" lon="-120.17177500762045">
        <ele>29.65</ele>
      </trkpt>
      <trkpt lat="34.471395537257195" lon="-120.17139371484518">
        <ele>29.8</ele>
      </trkpt>
      <trkpt lat="34.471394112333655" lon="-120.17101250588894">
        <ele>29.88</ele>
      </trkpt>
      <trkpt lat="34.471392687410116" lon="-120.17063121311367">
        <ele>29.95</ele>
      </trkpt>
      <trkpt lat="34.47139126248658" lon="-120.17025000415742">
        <ele>29.96</ele>
      </trkpt>
      <trkpt lat="34.47138983756304" lon="-120.16986879520118">
        <ele>29.88</ele>
      </trkpt>
      <trkpt lat="34.4713884126395" lon="-120.16948750242591">
        <ele>29.8</ele>
      </trkpt>
      <trkpt lat="34.47138698771596" lon="-120.16910629346967">
        <ele>29.82</ele>
      </trkpt>
      <trkpt lat="34.47138547897339" lon="-120.16873598098755">
        <ele>29.86</ele>
      </trkpt>
      <trkpt lat="34.47140157222748" lon="-120.16843498684466">
        <ele>29.95</ele>
      </trkpt>
      <trkpt lat="34.47141766548157" lon="-120.16813399270177">
        <ele>29.98</ele>
      </trkpt>
      <trkpt lat="34.47143384255469" lon="-120.16783299855888">
        <ele>29.96</ele>
      </trkpt>
      <trkpt lat="34.471449851989746" lon="-120.16753435134888">
        <ele>29.92</ele>
      </trkpt>
      <trkpt lat="34.471492767333984" lon="-120.1671580877155">
        <ele>29.86</ele>
      </trkpt>
      <trkpt lat="34.47153568267822" lon="-120.1667833328247">
        <ele>29.79</ele>
      </trkpt>
      <trkpt lat="34.471603743731976" lon="-120.16641369089484">
        <ele>29.7</ele>
      </trkpt>
      <trkpt lat="34.47167180478573" lon="-120.16604413278401">
        <ele>29.62</ele>
      </trkpt>
      <trkpt lat="34.47173986583948" lon="-120.16567457467318">
        <ele>29.53</ele>
      </trkpt>
      <trkpt lat="34.471808010712266" lon="-120.16530501656234">
        <ele>29.45</ele>
      </trkpt>
      <trkpt lat="34.47187607176602" lon="-120.16493545845151">
        <ele>29.42</ele>
      </trkpt>
      <trkpt lat="34.47194413281977" lon="-120.16456590034068">
        <ele>29.33</ele>
      </trkpt>
      <trkpt lat="34.472012193873525" lon="-120.16419634222984">
        <ele>29.25</ele>
      </trkpt>
      <trkpt lat="34.47208033874631" lon="-120.16382678411901">
        <ele>29.19</ele>
      </trkpt>
      <trkpt lat="34.47214839980006" lon="-120.16345722600818">
        <ele>29.14</ele>
      </trkpt>
      <trkpt lat="34.472216460853815" lon="-120.16308766789734">
        <ele>29.06</ele>
      </trkpt>
      <trkpt lat="34.47228452190757" lon="-120.16271810978651">
        <ele>29.03</ele>
      </trkpt>
      <trkpt lat="34.47235266678035" lon="-120.16234855167568">
        <ele>28.99</ele>
      </trkpt>
      <trkpt lat="34.472420727834105" lon="-120.16197899356484">
        <ele>28.89</ele>
      </trkpt>
      <trkpt lat="34.47248878888786" lon="-120.16160935163498">
        <ele>28.82</ele>
      </trkpt>
      <trkpt lat="34.47255684994161" lon="-120.16123979352415">
        <ele>28.69</ele>
      </trkpt>
      <trkpt lat="34.472624994814396" lon="-120.16087023541331">
        <ele>28.64</ele>
      </trkpt>
      <trkpt lat="34.47269305586815" lon="-120.16050067730248">
        <ele>28.59</ele>
      </trkpt>
      <trkpt lat="34.4727611169219" lon="-120.16013111919165">
        <ele>28.67</ele>
      </trkpt>
      <trkpt lat="34.472829177975655" lon="-120.15976156108081">
        <ele>28.7</ele>
      </trkpt>
      <trkpt lat="34.47289732284844" lon="-120.15939200296998">
        <ele>28.76</ele>
      </trkpt>
      <trkpt lat="34.47296538390219" lon="-120.15902244485915">
        <ele>28.79</ele>
      </trkpt>
      <trkpt lat="34.473033444955945" lon="-120.15865280292928">
        <ele>28.77</ele>
      </trkpt>
      <trkpt lat="34.47310158982873" lon="-120.15828324481845">
        <ele>28.76</ele>
      </trkpt>
      <trkpt lat="34.47316965088248" lon="-120.15791368670762">
        <ele>28.75</ele>
      </trkpt>
      <trkpt lat="34.473237711936235" lon="-120.15754412859678">
        <ele>28.72</ele>
      </trkpt>
      <trkpt lat="34.47330577298999" lon="-120.15717457048595">
        <ele>28.71</ele>
      </trkpt>
      <trkpt lat="34.47337391786277" lon="-120.15680501237512">
        <ele>28.71</ele>
      </trkpt>
      <trkpt lat="34.473441978916526" lon="-120.15643545426428">
        <ele>28.75</ele>
      </trkpt>
      <trkpt lat="34.47351003997028" lon="-120.15606581233442">
        <ele>28.74</ele>
      </trkpt>
      <trkpt lat="34.47357810102403" lon="-120.15569625422359">
        <ele>28.73</ele>
      </trkpt>
      <trkpt lat="34.473646245896816" lon="-120.15532669611275">
        <ele>28.71</ele>
      </trkpt>
      <trkpt lat="34.47371430695057" lon="-120.15495713800192">
        <ele>28.72</ele>
      </trkpt>
      <trkpt lat="34.47378236800432" lon="-120.15458757989109">
        <ele>28.69</ele>
      </trkpt>
      <trkpt lat="34.473850429058075" lon="-120.15421802178025">
        <ele>28.67</ele>
      </trkpt>
      <trkpt lat="34.47391857393086" lon="-120.15384837985039">
        <ele>28.62</ele>
      </trkpt>
      <trkpt lat="34.473981857299805" lon="-120.15350103378296">
        <ele>28.56</ele>
      </trkpt>
      <trkpt lat="34.47403198108077" lon="-120.15317137353122">
        <ele>28.53</ele>
      </trkpt>
      <trkpt lat="34.474082104861736" lon="-120.15284179709852">
        <ele>28.49</ele>
      </trkpt>
      <trkpt lat="34.47413206100464" lon="-120.15251398086548">
        <ele>28.53</ele>
      </trkpt>
      <trkpt lat="34.47415351867676" lon="-120.15215925872326">
        <ele>28.65</ele>
      </trkpt>
      <trkpt lat="34.47417497634888" lon="-120.15180587768555">
        <ele>28.77</ele>
      </trkpt>
      <trkpt lat="34.47417958639562" lon="-120.15143422409892">
        <ele>28.86</ele>
      </trkpt>
      <trkpt lat="34.474184196442366" lon="-120.1510625705123">
        <ele>28.93</ele>
      </trkpt>
      <trkpt lat="34.47418880648911" lon="-120.1506910007447">
        <ele>29.0</ele>
      </trkpt>
      <trkpt lat="34.474193416535854" lon="-120.15031934715807">
        <ele>29.04</ele>
      </trkpt>
      <trkpt lat="34.4741980265826" lon="-120.14994777739048">
        <ele>29.05</ele>
      </trkpt>
      <trkpt lat="34.47420263662934" lon="-120.14957612380385">
        <ele>29.09</ele>
      </trkpt>
      <trkpt lat="34.47420724667609" lon="-120.14920447021723">
        <ele>29.12</ele>
      </trkpt>
      <trkpt lat="34.47421185672283" lon="-120.14883290044963">
        <ele>29.17</ele>
      </trkpt>
      <trkpt lat="34.47421655058861" lon="-120.14846124686301">
        <ele>29.27</ele>
      </trkpt>
      <trkpt lat="34.47422116063535" lon="-120.14808967709541">
        <ele>29.39</ele>
      </trkpt>
      <trkpt lat="34.4742257706821" lon="-120.14771802350879">
        <ele>29.5</ele>
      </trkpt>
      <trkpt lat="34.47423038072884" lon="-120.14734636992216">
        <ele>29.59</ele>
      </trkpt>
      <trkpt lat="34.474234990775585" lon="-120.14697480015457">
        <ele>29.69</ele>
      </trkpt>
      <trkpt lat="34.474239433184266" lon="-120.14661312103271">
        <ele>29.78</ele>
      </trkpt>
      <trkpt lat="34.474239349365234" lon="-120.14661312103271">
        <ele>29.87</ele>
      </trkpt>
      <trkpt lat="34.47426080703735" lon="-120.14624222181737">
        <ele>29.97</ele>
      </trkpt>
      <trkpt lat="34.474282348528504" lon="-120.14587140642107">
        <ele>30.07</ele>
      </trkpt>
      <trkpt lat="34.47430380620062" lon="-120.14550050720572">
        <ele>30.15</ele>
      </trkpt>
      <trkpt lat="34.47432518005371" lon="-120.1451325416565">
        <ele>30.3</ele>
      </trkpt>
      <trkpt lat="34.474360048770905" lon="-120.14477245509624">
        <ele>30.46</ele>
      </trkpt>
      <trkpt lat="34.47439500130713" lon="-120.144412368536">
        <ele>30.55</ele>
      </trkpt>
      <trkpt lat="34.474429953843355" lon="-120.14405228197575">
        <ele>30.66</ele>
      </trkpt>
      <trkpt lat="34.47446490637958" lon="-120.1436921954155">
        <ele>30.76</ele>
      </trkpt>
      <trkpt lat="34.474499858915806" lon="-120.14333210885525">
        <ele>30.91</ele>
      </trkpt>
      <trkpt lat="34.474534727633" lon="-120.142972022295">
        <ele>31.07</ele>
      </trkpt>
      <trkpt lat="34.474569680169225" lon="-120.14261193573475">
        <ele>31.21</ele>
      </trkpt>
      <trkpt lat="34.47460412979126" lon="-120.14225721359253">
        <ele>31.28</ele>
      </trkpt>
      <trkpt lat="34.47460412979126" lon="-120.14203140512109">
        <ele>31.34</ele>
      </trkpt>
      <trkpt lat="34.47460421361029" lon="-120.14180660247803">
        <ele>31.44</ele>
      </trkpt>
      <trkpt lat="34.47460412979126" lon="-120.14180660247803">
        <ele>31.62</ele>
      </trkpt>
      <trkpt lat="34.474611254408956" lon="-120.14154139906168">
        <ele>31.7</ele>
      </trkpt>
      <trkpt lat="34.47461846284568" lon="-120.14127627946436">
        <ele>31.82</ele>
      </trkpt>
      <trkpt lat="34.47462558746338" lon="-120.14101266860962">
        <ele>32.03</ele>
      </trkpt>
      <trkpt lat="34.47459331713617" lon="-120.14064713381231">
        <ele>32.2</ele>
      </trkpt>
      <trkpt lat="34.47456121444702" lon="-120.14028310775757">
        <ele>32.37</ele>
      </trkpt>
      <trkpt lat="34.47453045286238" lon="-120.13993601314723">
        <ele>32.69</ele>
      </trkpt>
      <trkpt lat="34.474499775096774" lon="-120.13958900235593">
        <ele>33.31</ele>
      </trkpt>
      <trkpt lat="34.474469013512135" lon="-120.13924199156463">
        <ele>33.77</ele>
      </trkpt>
      <trkpt lat="34.47443833574653" lon="-120.1388948969543">
        <ele>34.16</ele>
      </trkpt>
      <trkpt lat="34.47440765798092" lon="-120.138547886163">
        <ele>34.4</ele>
      </trkpt>
      <trkpt lat="34.47437689639628" lon="-120.1382008753717">
        <ele>34.45</ele>
      </trkpt>
      <trkpt lat="34.47434663772583" lon="-120.1378583908081">
        <ele>34.46</ele>
      </trkpt>
      <trkpt lat="34.474312188103795" lon="-120.13753158040345">
        <ele>34.54</ele>
      </trkpt>
      <trkpt lat="34.47427782230079" lon="-120.13720485381782">
        <ele>34.64</ele>
      </trkpt>
      <trkpt lat="34.47424345649779" lon="-120.13687804341316">
        <ele>34.75</ele>
      </trkpt>
      <trkpt lat="34.47420900687575" lon="-120.13655131682754">
        <ele>34.72</ele>
      </trkpt>
      <trkpt lat="34.47417497634888" lon="-120.13622760772705">
        <ele>34.65</ele>
      </trkpt>
      <trkpt lat="34.47411051951349" lon="-120.13585503213108">
        <ele>34.51</ele>
      </trkpt>
      <trkpt lat="34.4740460626781" lon="-120.1354824565351">
        <ele>34.31</ele>
      </trkpt>
      <trkpt lat="34.473981941118836" lon="-120.13511180877686">
        <ele>34.07</ele>
      </trkpt>
      <trkpt lat="34.473981857299805" lon="-120.13511180877686">
        <ele>33.84</ele>
      </trkpt>
      <trkpt lat="34.47391119785607" lon="-120.1347432564944">
        <ele>33.51</ele>
      </trkpt>
      <trkpt lat="34.473840622231364" lon="-120.13437478803098">
        <ele>33.15</ele>
      </trkpt>
      <trkpt lat="34.47376996278763" lon="-120.13400631956756">
        <ele>32.8</ele>
      </trkpt>
      <trkpt lat="34.473699387162924" lon="-120.13363785110414">
        <ele>32.42</ele>
      </trkpt>
      <trkpt lat="34.47362872771919" lon="-120.13326938264072">
        <ele>32.03</ele>
      </trkpt>
      <trkpt lat="34.47355815209448" lon="-120.1329009141773">
        <ele>31.57</ele>
      </trkpt>
      <trkpt lat="34.47348749265075" lon="-120.13253244571388">
        <ele>31.0</ele>
      </trkpt>
      <trkpt lat="34.47341691702604" lon="-120.13216406106949">
        <ele>30.48</ele>
      </trkpt>
      <trkpt lat="34.47334625758231" lon="-120.13179559260607">
        <ele>29.9</ele>
      </trkpt>
      <trkpt lat="34.4732756819576" lon="-120.13142712414265">
        <ele>29.37</ele>
      </trkpt>
      <trkpt lat="34.473205022513866" lon="-120.13105865567923">
        <ele>28.84</ele>
      </trkpt>
      <trkpt lat="34.47313444688916" lon="-120.1306901872158">
        <ele>28.34</ele>
      </trkpt>
      <trkpt lat="34.473063787445426" lon="-120.13032171875238">
        <ele>27.86</ele>
      </trkpt>
      <trkpt lat="34.472994804382324" lon="-120.12996196746826">
        <ele>27.34</ele>
      </trkpt>
      <trkpt lat="34.472951805219054" lon="-120.12968251481652">
        <ele>26.83</ele>
      </trkpt>
      <trkpt lat="34.472908806055784" lon="-120.12940306216478">
        <ele>26.34</ele>
      </trkpt>
      <trkpt lat="34.47286605834961" lon="-120.12912511825562">
        <ele>25.89</ele>
      </trkpt>
      <trkpt lat="34.47282305918634" lon="-120.12880803085864">
        <ele>25.46</ele>
      </trkpt>
      <trkpt lat="34.47278006002307" lon="-120.12849094346166">
        <ele>25.11</ele>
      </trkpt>
      <trkpt lat="34.4727370608598" lon="-120.12817385606468">
        <ele>24.75</ele>
      </trkpt>
      <trkpt lat="34.472694396972656" lon="-120.12785911560059">
        <ele>24.3</ele>
      </trkpt>
      <trkpt lat="34.472662126645446" lon="-120.12749089859426">
        <ele>23.79</ele>
      </trkpt>
      <trkpt lat="34.472629856318235" lon="-120.12712276540697">
        <ele>23.3</ele>
      </trkpt>
      <trkpt lat="34.47259766981006" lon="-120.12675463221967">
        <ele>22.83</ele>
      </trkpt>
      <trkpt lat="34.472565399482846" lon="-120.12638649903238">
        <ele>22.46</ele>
      </trkpt>
      <trkpt lat="34.47253321297467" lon="-120.12601836584508">
        <ele>22.15</ele>
      </trkpt>
      <trkpt lat="34.47250094264746" lon="-120.12565014883876">
        <ele>21.89</ele>
      </trkpt>
      <trkpt lat="34.47246875613928" lon="-120.12528201565146">
        <ele>21.58</ele>
      </trkpt>
      <trkpt lat="34.47243698872626" lon="-120.12491941452026">
        <ele>21.26</ele>
      </trkpt>
      <trkpt lat="34.47240957990289" lon="-120.12456175871193">
        <ele>20.97</ele>
      </trkpt>
      <trkpt lat="34.47238225489855" lon="-120.1242041029036">
        <ele>20.76</ele>
      </trkpt>
      <trkpt lat="34.47235484607518" lon="-120.12384644709527">
        <ele>20.61</ele>
      </trkpt>
      <trkpt lat="34.47232752107084" lon="-120.12348879128695">
        <ele>20.5</ele>
      </trkpt>
      <trkpt lat="34.47230011224747" lon="-120.12313113547862">
        <ele>20.4</ele>
      </trkpt>
      <trkpt lat="34.47227278724313" lon="-120.12277347967029">
        <ele>20.36</ele>
      </trkpt>
      <trkpt lat="34.47224537841976" lon="-120.12241582386196">
        <ele>20.35</ele>
      </trkpt>
      <trkpt lat="34.47221805341542" lon="-120.12205816805363">
        <ele>20.35</ele>
      </trkpt>
      <trkpt lat="34.47219064459205" lon="-120.1217005122453">
        <ele>20.39</ele>
      </trkpt>
      <trkpt lat="34.47216331958771" lon="-120.12134285643697">
        <ele>20.49</ele>
      </trkpt>
      <trkpt lat="34.47213649749756" lon="-120.12099266052246">
        <ele>20.63</ele>
      </trkpt>
      <trkpt lat="34.472100622951984" lon="-120.12062712572515">
        <ele>20.85</ele>
      </trkpt>
      <trkpt lat="34.47206483222544" lon="-120.12026167474687">
        <ele>21.1</ele>
      </trkpt>
      <trkpt lat="34.472029292955995" lon="-120.11989831924438">
        <ele>21.33</ele>
      </trkpt>
      <trkpt lat="34.471991658210754" lon="-120.1195812318474">
        <ele>21.37</ele>
      </trkpt>
      <trkpt lat="34.471954023465514" lon="-120.11926414445043">
        <ele>21.46</ele>
      </trkpt>
      <trkpt lat="34.471916388720274" lon="-120.11894705705345">
        <ele>21.71</ele>
      </trkpt>
      <trkpt lat="34.47187908925116" lon="-120.11863231658936">
        <ele>22.08</ele>
      </trkpt>
      <trkpt lat="34.471800215542316" lon="-120.1182811986655">
        <ele>22.61</ele>
      </trkpt>
      <trkpt lat="34.471721425652504" lon="-120.11793016456068">
        <ele>23.09</ele>
      </trkpt>
      <trkpt lat="34.47164297103882" lon="-120.11758089065552">
        <ele>23.45</ele>
      </trkpt>
      <trkpt lat="34.47152839042246" lon="-120.11726573109627">
        <ele>23.76</ele>
      </trkpt>
      <trkpt lat="34.47141380980611" lon="-120.11695065535605">
        <ele>24.08</ele>
      </trkpt>
      <trkpt lat="34.47129964828491" lon="-120.11663675308228">
        <ele>24.4</ele>
      </trkpt>
      <trkpt lat="34.47113427333534" lon="-120.11631681583822">
        <ele>24.69</ele>
      </trkpt>
      <trkpt lat="34.470968982204795" lon="-120.11599687859416">
        <ele>24.95</ele>
      </trkpt>
      <trkpt lat="34.47080360725522" lon="-120.1156769413501">
        <ele>25.24</ele>
      </trkpt>
      <trkpt lat="34.47063831612468" lon="-120.11535700410604">
        <ele>25.5</ele>
      </trkpt>
      <trkpt lat="34.4704729411751" lon="-120.11503706686199">
        <ele>25.73</ele>
      </trkpt>
      <trkpt lat="34.47030765004456" lon="-120.11471712961793">
        <ele>25.96</ele>
      </trkpt>
      <trkpt lat="34.47014235891402" lon="-120.11439719237387">
        <ele>26.17</ele>
      </trkpt>
      <trkpt lat="34.46997698396444" lon="-120.11407733894885">
        <ele>26.35</ele>
      </trkpt>
      <trkpt lat="34.4698116928339" lon="-120.11375740170479">
        <ele>26.54</ele>
      </trkpt>
      <trkpt lat="34.46964740753174" lon="-120.11343955993652">
        <ele>26.65</ele>
      </trkpt>
      <trkpt lat="34.46950290352106" lon="-120.11312515474856">
        <ele>26.74</ele>
      </trkpt>
      <trkpt lat="34.469358399510384" lon="-120.11281083337963">
        <ele>26.78</ele>
      </trkpt>
      <trkpt lat="34.46921397931874" lon="-120.1124965120107">
        <ele>26.88</ele>
      </trkpt>
      <trkpt lat="34.46906947530806" lon="-120.11218219064176">
        <ele>26.91</ele>
      </trkpt>
      <trkpt lat="34.468925055116415" lon="-120.11186786927283">
        <ele>26.93</ele>
      </trkpt>
      <trkpt lat="34.46878055110574" lon="-120.1115535479039">
        <ele>26.92</ele>
      </trkpt>
      <trkpt lat="34.46863604709506" lon="-120.11123922653496">
        <ele>26.9</ele>
      </trkpt>
      <trkpt lat="34.468491626903415" lon="-120.11092490516603">
        <ele>26.87</ele>
      </trkpt>
      <trkpt lat="34.46834712289274" lon="-120.1106105837971">
        <ele>26.8</ele>
      </trkpt>
      <trkpt lat="34.46820270270109" lon="-120.11029626242816">
        <ele>26.7</ele>
      </trkpt>
      <trkpt lat="34.46805953979492" lon="-120.10998487472534">
        <ele>26.62</ele>
      </trkpt>
      <trkpt lat="34.467932889238" lon="-120.10964222252369">
        <ele>26.49</ele>
      </trkpt>
      <trkpt lat="34.46780623868108" lon="-120.10929965414107">
        <ele>26.36</ele>
      </trkpt>
      <trkpt lat="34.467679588124156" lon="-120.10895700193942">
        <ele>26.2</ele>
      </trkpt>
      <trkpt lat="34.467553021386266" lon="-120.1086144335568">
        <ele>25.96</ele>
      </trkpt>
      <trkpt lat="34.467426370829344" lon="-120.10827186517417">
        <ele>25.68</ele>
      </trkpt>
      <trkpt lat="34.46729972027242" lon="-120.10792921297252">
        <ele>25.44</ele>
      </trkpt>
      <trkpt lat="34.46717315353453" lon="-120.1075866445899">
        <ele>25.24</ele>
      </trkpt>
      <trkpt lat="34.46704650297761" lon="-120.10724407620728">
        <ele>24.99</ele>
      </trkpt>
      <trkpt lat="34.46691985242069" lon="-120.10690142400563">
        <ele>24.69</ele>
      </trkpt>
      <trkpt lat="34.466793201863766" lon="-120.106558855623">
        <ele>24.4</ele>
      </trkpt>
      <trkpt lat="34.466666635125875" lon="-120.10621628724039">
        <ele>24.1</ele>
      </trkpt>
      <trkpt lat="34.46653998456895" lon="-120.10587363503873">
        <ele>23.85</ele>
      </trkpt>
      <trkpt lat="34.46641333401203" lon="-120.10553106665611">
        <ele>23.61</ele>
      </trkpt>
      <trkpt lat="34.46628676727414" lon="-120.10518849827349">
        <ele>23.36</ele>
      </trkpt>
      <trkpt lat="34.46616011671722" lon="-120.10484584607184">
        <ele>23.08</ele>
      </trkpt>
      <trkpt lat="34.4660334661603" lon="-120.10450327768922">
        <ele>22.73</ele>
      </trkpt>
      <trkpt lat="34.46590689942241" lon="-120.1041607093066">
        <ele>22.42</ele>
      </trkpt>
      <trkpt lat="34.465780248865485" lon="-120.10381814092398">
        <ele>22.04</ele>
      </trkpt>
      <trkpt lat="34.46565628051758" lon="-120.10348320007324">
        <ele>21.66</ele>
      </trkpt>
      <trkpt lat="34.465545220300555" lon="-120.10317164473236">
        <ele>21.28</ele>
      </trkpt>
      <trkpt lat="34.465434243902564" lon="-120.1028601732105">
        <ele>20.84</ele>
      </trkpt>
      <trkpt lat="34.46532326750457" lon="-120.10254861786962">
        <ele>20.43</ele>
      </trkpt>
      <trkpt lat="34.46521229110658" lon="-120.10223714634776">
        <ele>19.95</ele>
      </trkpt>
      <trkpt lat="34.46510123088956" lon="-120.10192559100688">
        <ele>19.49</ele>
      </trkpt>
      <trkpt lat="34.464991092681885" lon="-120.10161638259888">
        <ele>19.04</ele>
      </trkpt>
      <trkpt lat="34.464894365519285" lon="-120.10139082558453">
        <ele>18.62</ele>
      </trkpt>
      <trkpt lat="34.46479797363281" lon="-120.10116577148438">
        <ele>18.21</ele>
      </trkpt>
      <trkpt lat="34.464679788798094" lon="-120.10090802796185">
        <ele>17.75</ele>
      </trkpt>
      <trkpt lat="34.4645619392395" lon="-120.10065078735352">
        <ele>17.35</ele>
      </trkpt>
      <trkpt lat="34.46439019404352" lon="-120.10036253370345">
        <ele>16.94</ele>
      </trkpt>
      <trkpt lat="34.46421844884753" lon="-120.10007428005338">
        <ele>16.64</ele>
      </trkpt>
      <trkpt lat="34.46404670365155" lon="-120.09978602640331">
        <ele>16.33</ele>
      </trkpt>
      <trkpt lat="34.463875042274594" lon="-120.09949777275324">
        <ele>16.12</ele>
      </trkpt>
      <trkpt lat="34.46370329707861" lon="-120.09920951910317">
        <ele>15.93</ele>
      </trkpt>
      <trkpt lat="34.463531551882625" lon="-120.0989212654531">
        <ele>15.75</ele>
      </trkpt>
      <trkpt lat="34.46336030960083" lon="-120.09863376617432">
        <ele>15.57</ele>
      </trkpt>
      <trkpt lat="34.46323139593005" lon="-120.0983599293977">
        <ele>15.42</ele>
      </trkpt>
      <trkpt lat="34.463102566078305" lon="-120.09808609262109">
        <ele>15.3</ele>
      </trkpt>
      <trkpt lat="34.46297373622656" lon="-120.0978123396635">
        <ele>15.15</ele>
      </trkpt>
      <trkpt lat="34.46284532546997" lon="-120.09753942489624">
        <ele>15.03</ele>
      </trkpt>
      <trkpt lat="34.46274859830737" lon="-120.09722778573632">
        <ele>14.92</ele>
      </trkpt>
      <trkpt lat="34.4626522064209" lon="-120.09691715240479">
        <ele>14.89</ele>
      </trkpt>
      <trkpt lat="34.46257023140788" lon="-120.09657324291766">
        <ele>14.87</ele>
      </trkpt>
      <trkpt lat="34.462488340213895" lon="-120.09622941724956">
        <ele>14.88</ele>
      </trkpt>
      <trkpt lat="34.46240636520088" lon="-120.09588550776243">
        <ele>14.89</ele>
      </trkpt>
      <trkpt lat="34.46232447400689" lon="-120.09554168209434">
        <ele>14.95</ele>
      </trkpt>
      <trkpt lat="34.462242498993874" lon="-120.09519777260721">
        <ele>15.02</ele>
      </trkpt>
      <trkpt lat="34.46216060779989" lon="-120.09485394693911">
        <ele>15.15</ele>
      </trkpt>
      <trkpt lat="34.46207863278687" lon="-120.09451003745198">
        <ele>15.29</ele>
      </trkpt>
      <trkpt lat="34.461996741592884" lon="-120.09416621178389">
        <ele>15.47</ele>
      </trkpt>
      <trkpt lat="34.4619148503989" lon="-120.09382230229676">
        <ele>15.69</ele>
      </trkpt>
      <trkpt lat="34.46183287538588" lon="-120.09347847662866">
        <ele>15.92</ele>
      </trkpt>
      <trkpt lat="34.461750984191895" lon="-120.09313456714153">
        <ele>16.11</ele>
      </trkpt>
      <trkpt lat="34.46166900917888" lon="-120.09279074147344">
        <ele>16.31</ele>
      </trkpt>
      <trkpt lat="34.46158711798489" lon="-120.09244691580534">
        <ele>16.51</ele>
      </trkpt>
      <trkpt lat="34.46150514297187" lon="-120.09210300631821">
        <ele>16.72</ele>
      </trkpt>
      <trkpt lat="34.46142325177789" lon="-120.09175918065012">
        <ele>16.98</ele>
      </trkpt>
      <trkpt lat="34.46134328842163" lon="-120.09142398834229">
        <ele>17.29</ele>
      </trkpt>
      <trkpt lat="34.4612948410213" lon="-120.09110153652728">
        <ele>17.66</ele>
      </trkpt>
      <trkpt lat="34.46124647744" lon="-120.09077908471227">
        <ele>18.08</ele>
      </trkpt>
      <trkpt lat="34.4611981138587" lon="-120.09045663289726">
        <ele>18.48</ele>
      </trkpt>
      <trkpt lat="34.46115016937256" lon="-120.09013652801514">
        <ele>18.89</ele>
      </trkpt>
      <trkpt lat="34.46112862788141" lon="-120.0898139923811">
        <ele>19.33</ele>
      </trkpt>
      <trkpt lat="34.46110725402832" lon="-120.08949279785156">
        <ele>19.85</ele>
      </trkpt>
      <trkpt lat="34.46110725402832" lon="-120.08911653421819">
        <ele>20.48</ele>
      </trkpt>
      <trkpt lat="34.46110725402832" lon="-120.08874177932739">
        <ele>20.98</ele>
      </trkpt>
      <trkpt lat="34.46112150326371" lon="-120.08846945129335">
        <ele>21.47</ele>
      </trkpt>
      <trkpt lat="34.461135836318135" lon="-120.0881971232593">
        <ele>21.98</ele>
      </trkpt>
      <trkpt lat="34.46115016937256" lon="-120.08792638778687">
        <ele>22.5</ele>
      </trkpt>
      <trkpt lat="34.46119073778391" lon="-120.08755615912378">
        <ele>23.05</ele>
      </trkpt>
      <trkpt lat="34.46123130619526" lon="-120.08718593046069">
        <ele>23.61</ele>
      </trkpt>
      <trkpt lat="34.46127195842564" lon="-120.0868157017976">
        <ele>24.18</ele>
      </trkpt>
      <trkpt lat="34.46131252683699" lon="-120.08644547313452">
        <ele>24.77</ele>
      </trkpt>
      <trkpt lat="34.46135317906737" lon="-120.08607524447143">
        <ele>25.37</ele>
      </trkpt>
      <trkpt lat="34.46139374747872" lon="-120.08570501580834">
        <ele>25.96</ele>
      </trkpt>
      <trkpt lat="34.461434399709105" lon="-120.08533478714526">
        <ele>26.61</ele>
      </trkpt>
      <trkpt lat="34.461474968120456" lon="-120.08496455848217">
        <ele>27.26</ele>
      </trkpt>
      <trkpt lat="34.461514949798584" lon="-120.0846004486084">
        <ele>27.94</ele>
      </trkpt>
      <trkpt lat="34.461525678634644" lon="-120.08425645530224">
        <ele>28.63</ele>
      </trkpt>
      <trkpt lat="34.4615364074707" lon="-120.08391380310059">
        <ele>29.35</ele>
      </trkpt>
      <trkpt lat="34.46152408607304" lon="-120.08356670849025">
        <ele>30.09</ele>
      </trkpt>
      <trkpt lat="34.46151176467538" lon="-120.08321969769895">
        <ele>30.86</ele>
      </trkpt>
      <trkpt lat="34.46149952709675" lon="-120.08287260308862">
        <ele>31.64</ele>
      </trkpt>
      <trkpt lat="34.461487205699086" lon="-120.08252559229732">
        <ele>32.46</ele>
      </trkpt>
      <trkpt lat="34.461474968120456" lon="-120.08217849768698">
        <ele>33.31</ele>
      </trkpt>
      <trkpt lat="34.461462646722794" lon="-120.08183148689568">
        <ele>34.16</ele>
      </trkpt>
      <trkpt lat="34.46145057678223" lon="-120.08148908615112">
        <ele>35.04</ele>
      </trkpt>
      <trkpt lat="34.461461305618286" lon="-120.08111282251775">
        <ele>35.94</ele>
      </trkpt>
      <trkpt lat="34.461472034454346" lon="-120.08073806762695">
        <ele>36.87</ele>
      </trkpt>
      <trkpt lat="34.461504220962524" lon="-120.0803940743208">
        <ele>37.82</ele>
      </trkpt>
      <trkpt lat="34.4615364074707" lon="-120.08005142211914">
        <ele>38.76</ele>
      </trkpt>
      <trkpt lat="34.46157932281494" lon="-120.07979342713952">
        <ele>39.69</ele>
      </trkpt>
      <trkpt lat="34.46162232197821" lon="-120.07953551597893">
        <ele>40.62</ele>
      </trkpt>
      <trkpt lat="34.46166515350342" lon="-120.07927894592285">
        <ele>41.51</ele>
      </trkpt>
      <trkpt lat="34.461748553439975" lon="-120.07892657071352">
        <ele>42.4</ele>
      </trkpt>
      <trkpt lat="34.46183178573847" lon="-120.07857545278966">
        <ele>43.35</ele>
      </trkpt>
      <trkpt lat="34.46185827255249" lon="-120.07846355438232">
        <ele>44.27</ele>
      </trkpt>
      <trkpt lat="34.46196564473212" lon="-120.07812693715096">
        <ele>45.25</ele>
      </trkpt>
      <trkpt lat="34.46207310073078" lon="-120.07779031991959">
        <ele>46.27</ele>
      </trkpt>
      <trkpt lat="34.46218013763428" lon="-120.07745504379272">
        <ele>47.21</ele>
      </trkpt>
      <trkpt lat="34.462287509813905" lon="-120.07721163332462">
        <ele>48.13</ele>
      </trkpt>
      <trkpt lat="34.46239488199353" lon="-120.07696822285652">
        <ele>48.97</ele>
      </trkpt>
      <trkpt lat="34.462502002716064" lon="-120.07672548294067">
        <ele>49.74</ele>
      </trkpt>
      <trkpt lat="34.46263795718551" lon="-120.07647494785488">
        <ele>50.45</ele>
      </trkpt>
      <trkpt lat="34.46277391165495" lon="-120.07622449658811">
        <ele>51.06</ele>
      </trkpt>
      <trkpt lat="34.46290969848633" lon="-120.0759744644165">
        <ele>51.53</ele>
      </trkpt>
      <trkpt lat="34.46308437734842" lon="-120.07570766843855">
        <ele>51.87</ele>
      </trkpt>
      <trkpt lat="34.46325914002955" lon="-120.07544095627964">
        <ele>52.02</ele>
      </trkpt>
      <trkpt lat="34.463433902710676" lon="-120.07517424412072">
        <ele>51.97</ele>
      </trkpt>
      <trkpt lat="34.4636086653918" lon="-120.0749075319618">
        <ele>51.75</ele>
      </trkpt>
      <trkpt lat="34.46378342807293" lon="-120.07464081980288">
        <ele>51.28</ele>
      </trkpt>
      <trkpt lat="34.463958190754056" lon="-120.07437410764396">
        <ele>50.52</ele>
      </trkpt>
      <trkpt lat="34.46413278579712" lon="-120.07410764694214">
        <ele>49.49</ele>
      </trkpt>
      <trkpt lat="34.46426874026656" lon="-120.07384998723865">
        <ele>48.25</ele>
      </trkpt>
      <trkpt lat="34.464404694736004" lon="-120.07359232753515">
        <ele>46.79</ele>
      </trkpt>
      <trkpt lat="34.46454048156738" lon="-120.07333517074585">
        <ele>45.49</ele>
      </trkpt>
      <trkpt lat="34.46465858258307" lon="-120.07306669838727">
        <ele>44.59</ele>
      </trkpt>
      <trkpt lat="34.46477651596069" lon="-120.07279872894287">
        <ele>43.81</ele>
      </trkpt>
      <trkpt lat="34.4648624304682" lon="-120.07256235927343">
        <ele>42.62</ele>
      </trkpt>
      <trkpt lat="34.46494817733765" lon="-120.07232666015625">
        <ele>41.15</ele>
      </trkpt>
      <trkpt lat="34.465028727427125" lon="-120.0720096565783">
        <ele>39.35</ele>
      </trkpt>
      <trkpt lat="34.4651092775166" lon="-120.07169265300035">
        <ele>37.78</ele>
      </trkpt>
      <trkpt lat="34.465189911425114" lon="-120.07137564942241">
        <ele>36.3</ele>
      </trkpt>
      <trkpt lat="34.465270042419434" lon="-120.07106065750122">
        <ele>34.82</ele>
      </trkpt>
      <trkpt lat="34.465313041582704" lon="-120.07074893452227">
        <ele>33.4</ele>
      </trkpt>
      <trkpt lat="34.465356040745974" lon="-120.07043721154332">
        <ele>32.07</ele>
      </trkpt>
      <trkpt lat="34.465399039909244" lon="-120.0701255723834">
        <ele>30.8</ele>
      </trkpt>
      <trkpt lat="34.46544178761542" lon="-120.06981611251831">
        <ele>29.58</ele>
      </trkpt>
      <trkpt lat="34.465448912233114" lon="-120.069450577721">
        <ele>28.43</ele>
      </trkpt>
      <trkpt lat="34.46545612066984" lon="-120.06908512674272">
        <ele>27.31</ele>
      </trkpt>
      <trkpt lat="34.46546324528754" lon="-120.06872177124023">
        <ele>26.27</ele>
      </trkpt>
      <trkpt lat="34.46544170379639" lon="-120.06837777793407">
        <ele>25.33</ele>
      </trkpt>
      <trkpt lat="34.46542024612427" lon="-120.06803512573242">
        <ele>24.48</ele>
      </trkpt>
      <trkpt lat="34.46533424779773" lon="-120.06769658066332">
        <ele>23.84</ele>
      </trkpt>
      <trkpt lat="34.46524824947119" lon="-120.06735811941326">
        <ele>23.27</ele>
      </trkpt>
      <trkpt lat="34.46516233496368" lon="-120.06701965816319">
        <ele>22.62</ele>
      </trkpt>
      <trkpt lat="34.46507692337036" lon="-120.06668329238892">
        <ele>21.93</ele>
      </trkpt>
      <trkpt lat="34.46495873853564" lon="-120.06636100821197">
        <ele>21.19</ele>
      </trkpt>
      <trkpt lat="34.46484088897705" lon="-120.06603956222534">
        <ele>20.49</ele>
      </trkpt>
      <trkpt lat="34.46469051763415" lon="-120.06573890335858">
        <ele>19.86</ele>
      </trkpt>
      <trkpt lat="34.46454048156738" lon="-120.065438747406">
        <ele>19.31</ele>
      </trkpt>
      <trkpt lat="34.46440092287958" lon="-120.06520254537463">
        <ele>18.88</ele>
      </trkpt>
      <trkpt lat="34.464261531829834" lon="-120.06496667861938">
        <ele>18.5</ele>
      </trkpt>
      <trkpt lat="34.46406841278076" lon="-120.06477355957031">
        <ele>18.15</ele>
      </trkpt>
      <trkpt lat="34.46385383605957" lon="-120.06473064422607">
        <ele>17.79</ele>
      </trkpt>
      <trkpt lat="34.463725090026855" lon="-120.0647521018982">
        <ele>17.46</ele>
      </trkpt>
      <trkpt lat="34.46361780166626" lon="-120.06481647491455">
        <ele>17.17</ele>
      </trkpt>
      <trkpt lat="34.463489055633545" lon="-120.06515979766846">
        <ele>16.85</ele>
      </trkpt>
      <trkpt lat="34.463489055633545" lon="-120.06533145904541">
        <ele>16.63</ele>
      </trkpt>
      <trkpt lat="34.46353197097778" lon="-120.06546020507812">
        <ele>16.5</ele>
      </trkpt>
      <trkpt lat="34.46368217468262" lon="-120.06567478179932">
        <ele>16.42</ele>
      </trkpt>
      <trkpt lat="34.46386800147593" lon="-120.06588206626475">
        <ele>16.37</ele>
      </trkpt>
      <trkpt lat="34.464053912088275" lon="-120.06608935073018">
        <ele>16.38</ele>
      </trkpt>
      <trkpt lat="34.46424015797675" lon="-120.06629705429077">
        <ele>16.44</ele>
      </trkpt>
      <trkpt lat="34.464240074157715" lon="-120.06629705429077">
        <ele>16.51</ele>
      </trkpt>
      <trkpt lat="34.46439027786255" lon="-120.06649017333984">
        <ele>16.66</ele>
      </trkpt>
      <trkpt lat="34.46454031392932" lon="-120.06665093824267">
        <ele>16.88</ele>
      </trkpt>
      <trkpt lat="34.46469068527222" lon="-120.06681203842163">
        <ele>17.13</ele>
      </trkpt>
      <trkpt lat="34.46479797363281" lon="-120.0670159701258">
        <ele>17.39</ele>
      </trkpt>
      <trkpt lat="34.46490526199341" lon="-120.0672197341919">
        <ele>17.63</ele>
      </trkpt>
      <trkpt lat="34.4649697188288" lon="-120.06748829036951">
        <ele>17.88</ele>
      </trkpt>
      <trkpt lat="34.46503400802612" lon="-120.06775617599487">
        <ele>18.1</ele>
      </trkpt>
      <trkpt lat="34.46505546569824" lon="-120.06804996170104">
        <ele>18.29</ele>
      </trkpt>
      <trkpt lat="34.46507692337036" lon="-120.0683437474072">
        <ele>18.63</ele>
      </trkpt>
      <trkpt lat="34.46509838104248" lon="-120.06863594055176">
        <ele>18.98</ele>
      </trkpt>
      <trkpt lat="34.46514129638672" lon="-120.06876468658447">
        <ele>19.43</ele>
      </trkpt>
      <trkpt lat="34.465248584747314" lon="-120.06895780563354">
        <ele>19.94</ele>
      </trkpt>
      <trkpt lat="34.46537733078003" lon="-120.06904363632202">
        <ele>20.49</ele>
      </trkpt>
      <trkpt lat="34.46565628051758" lon="-120.06906509399414">
        <ele>21.08</ele>
      </trkpt>
      <trkpt lat="34.46592374704778" lon="-120.06901153363287">
        <ele>21.69</ele>
      </trkpt>
      <trkpt lat="34.46619272232056" lon="-120.06895780563354">
        <ele>22.34</ele>
      </trkpt>
      <trkpt lat="34.466428169980645" lon="-120.06889351643622">
        <ele>23.0</ele>
      </trkpt>
      <trkpt lat="34.46666479110718" lon="-120.06882905960083">
        <ele>23.69</ele>
      </trkpt>
      <trkpt lat="34.46664333343506" lon="-120.0685715675354">
        <ele>24.38</ele>
      </trkpt>
      <trkpt lat="34.46655750274658" lon="-120.06829261779785">
        <ele>25.1</ele>
      </trkpt>
      <trkpt lat="34.4664357136935" lon="-120.06796077825129">
        <ele>25.92</ele>
      </trkpt>
      <trkpt lat="34.46631400845945" lon="-120.06762902252376">
        <ele>26.86</ele>
      </trkpt>
      <trkpt lat="34.4661923032254" lon="-120.0672971829772">
        <ele>27.93</ele>
      </trkpt>
      <trkpt lat="34.466070514172316" lon="-120.06696542724967">
        <ele>28.99</ele>
      </trkpt>
      <trkpt lat="34.465948808938265" lon="-120.06663358770311">
        <ele>29.73</ele>
      </trkpt>
      <trkpt lat="34.465827103704214" lon="-120.06630183197558">
        <ele>30.31</ele>
      </trkpt>
      <trkpt lat="34.46570531465113" lon="-120.06597007624805">
        <ele>30.8</ele>
      </trkpt>
      <trkpt lat="34.46558360941708" lon="-120.06563823670149">
        <ele>31.19</ele>
      </trkpt>
      <trkpt lat="34.465463161468506" lon="-120.06531000137329">
        <ele>31.51</ele>
      </trkpt>
      <trkpt lat="34.46531279012561" lon="-120.06498067639768">
        <ele>31.64</ele>
      </trkpt>
      <trkpt lat="34.46516241878271" lon="-120.06465135142207">
        <ele>31.7</ele>
      </trkpt>
      <trkpt lat="34.465012550354004" lon="-120.06432294845581">
        <ele>31.98</ele>
      </trkpt>
      <trkpt lat="34.46483544073999" lon="-120.06403310224414">
        <ele>32.27</ele>
      </trkpt>
      <trkpt lat="34.464658331125975" lon="-120.0637433398515">
        <ele>32.27</ele>
      </trkpt>
      <trkpt lat="34.46448130533099" lon="-120.06345357745886">
        <ele>32.14</ele>
      </trkpt>
      <trkpt lat="34.46430444717407" lon="-120.06316423416138">
        <ele>31.95</ele>
      </trkpt>
      <trkpt lat="34.46418986655772" lon="-120.06292794831097">
        <ele>31.79</ele>
      </trkpt>
      <trkpt lat="34.464075369760394" lon="-120.0626917462796">
        <ele>31.6</ele>
      </trkpt>
      <trkpt lat="34.463961124420166" lon="-120.06245613098145">
        <ele>31.36</ele>
      </trkpt>
      <trkpt lat="34.46384830400348" lon="-120.0621822103858">
        <ele>31.11</ele>
      </trkpt>
      <trkpt lat="34.46373556740582" lon="-120.06190837360919">
        <ele>30.81</ele>
      </trkpt>
      <trkpt lat="34.46362274698913" lon="-120.06163453683257">
        <ele>30.45</ele>
      </trkpt>
      <trkpt lat="34.463510513305664" lon="-120.06136178970337">
        <ele>30.09</ele>
      </trkpt>
      <trkpt lat="34.463424514979124" lon="-120.06109675392509">
        <ele>29.74</ele>
      </trkpt>
      <trkpt lat="34.463338600471616" lon="-120.06083180196583">
        <ele>29.38</ele>
      </trkpt>
      <trkpt lat="34.463253021240234" lon="-120.06056785583496">
        <ele>29.01</ele>
      </trkpt>
      <trkpt lat="34.463177751749754" lon="-120.06025085225701">
        <ele>28.63</ele>
      </trkpt>
      <trkpt lat="34.463102566078305" lon="-120.05993384867907">
        <ele>28.25</ele>
      </trkpt>
      <trkpt lat="34.463027296587825" lon="-120.05961684510112">
        <ele>27.83</ele>
      </trkpt>
      <trkpt lat="34.462952613830566" lon="-120.05930185317993">
        <ele>27.39</ele>
      </trkpt>
      <trkpt lat="34.462909614667296" lon="-120.05901519209146">
        <ele>26.98</ele>
      </trkpt>
      <trkpt lat="34.462866615504026" lon="-120.05872861482203">
        <ele>26.55</ele>
      </trkpt>
      <trkpt lat="34.46282386779785" lon="-120.05844354629517">
        <ele>26.13</ele>
      </trkpt>
      <trkpt lat="34.46278086863458" lon="-120.05812109448016">
        <ele>25.71</ele>
      </trkpt>
      <trkpt lat="34.46273786947131" lon="-120.05779864266515">
        <ele>25.29</ele>
      </trkpt>
      <trkpt lat="34.46269512176514" lon="-120.0574779510498">
        <ele>24.93</ele>
      </trkpt>
      <trkpt lat="34.462684309110045" lon="-120.05726295523345">
        <ele>24.59</ele>
      </trkpt>
      <trkpt lat="34.46267366409302" lon="-120.05704879760742">
        <ele>24.23</ele>
      </trkpt>
      <trkpt lat="34.46267366409302" lon="-120.05669399164617">
        <ele>23.82</ele>
      </trkpt>
      <trkpt lat="34.46267366409302" lon="-120.05633926950395">
        <ele>23.46</ele>
      </trkpt>
      <trkpt lat="34.46267366409302" lon="-120.05598454736173">
        <ele>23.11</ele>
      </trkpt>
      <trkpt lat="34.46267366409302" lon="-120.05563259124756">
        <ele>22.76</ele>
      </trkpt>
      <trkpt lat="34.46268799714744" lon="-120.05527426488698">
        <ele>22.35</ele>
      </trkpt>
      <trkpt lat="34.462702330201864" lon="-120.05491593852639">
        <ele>21.98</ele>
      </trkpt>
      <trkpt lat="34.462716579437256" lon="-120.0545597076416">
        <ele>21.65</ele>
      </trkpt>
      <trkpt lat="34.462759494781494" lon="-120.05423004738986">
        <ele>21.32</ele>
      </trkpt>
      <trkpt lat="34.462802493944764" lon="-120.05390047095716">
        <ele>21.03</ele>
      </trkpt>
      <trkpt lat="34.46284532546997" lon="-120.05357265472412">
        <ele>20.72</ele>
      </trkpt>
      <trkpt lat="34.46293123997748" lon="-120.05327895283699">
        <ele>20.47</ele>
      </trkpt>
      <trkpt lat="34.46301715448499" lon="-120.05298525094986">
        <ele>20.19</ele>
      </trkpt>
      <trkpt lat="34.4631028175354" lon="-120.05269289016724">
        <ele>19.96</ele>
      </trkpt>
      <trkpt lat="34.463152941316366" lon="-120.05239189602435">
        <ele>19.72</ele>
      </trkpt>
      <trkpt lat="34.463203148916364" lon="-120.05209098570049">
        <ele>19.48</ele>
      </trkpt>
      <trkpt lat="34.463253105059266" lon="-120.05179166793823">
        <ele>19.14</ele>
      </trkpt>
      <trkpt lat="34.46329300291836" lon="-120.05143535323441">
        <ele>18.78</ele>
      </trkpt>
      <trkpt lat="34.46333290077746" lon="-120.05107912234962">
        <ele>18.58</ele>
      </trkpt>
      <trkpt lat="34.463372798636556" lon="-120.05072289146483">
        <ele>18.44</ele>
      </trkpt>
      <trkpt lat="34.46341269649565" lon="-120.05036666058004">
        <ele>18.41</ele>
      </trkpt>
      <trkpt lat="34.46345259435475" lon="-120.05001042969525">
        <ele>18.58</ele>
      </trkpt>
      <trkpt lat="34.46349257603288" lon="-120.04965419881046">
        <ele>18.68</ele>
      </trkpt>
      <trkpt lat="34.46353197097778" lon="-120.04930257797241">
        <ele>18.62</ele>
      </trkpt>
      <trkpt lat="34.46357488632202" lon="-120.04898867569864">
        <ele>18.54</ele>
      </trkpt>
      <trkpt lat="34.46361788548529" lon="-120.0486748572439">
        <ele>18.5</ele>
      </trkpt>
      <trkpt lat="34.46366088464856" lon="-120.04836103878915">
        <ele>18.44</ele>
      </trkpt>
      <trkpt lat="34.46370388381183" lon="-120.04804713651538">
        <ele>18.38</ele>
      </trkpt>
      <trkpt lat="34.463746547698975" lon="-120.04773616790771">
        <ele>18.35</ele>
      </trkpt>
      <trkpt lat="34.463789546862245" lon="-120.04738412797451">
        <ele>18.4</ele>
      </trkpt>
      <trkpt lat="34.463832546025515" lon="-120.0470320880413">
        <ele>18.46</ele>
      </trkpt>
      <trkpt lat="34.463875545188785" lon="-120.04668013192713">
        <ele>18.51</ele>
      </trkpt>
      <trkpt lat="34.463918544352055" lon="-120.04632809199393">
        <ele>18.44</ele>
      </trkpt>
      <trkpt lat="34.463961543515325" lon="-120.04597613587976">
        <ele>18.29</ele>
      </trkpt>
      <trkpt lat="34.464004542678595" lon="-120.04562409594655">
        <ele>18.21</ele>
      </trkpt>
      <trkpt lat="34.464047541841865" lon="-120.04527205601335">
        <ele>18.33</ele>
      </trkpt>
      <trkpt lat="34.46408995427191" lon="-120.04492521286011">
        <ele>18.49</ele>
      </trkpt>
      <trkpt lat="34.46413286961615" lon="-120.04457585513592">
        <ele>18.69</ele>
      </trkpt>
      <trkpt lat="34.46417586877942" lon="-120.04422649741173">
        <ele>18.93</ele>
      </trkpt>
      <trkpt lat="34.46421886794269" lon="-120.04387722350657">
        <ele>19.25</ele>
      </trkpt>
      <trkpt lat="34.464261531829834" lon="-120.04353046417236">
        <ele>19.62</ele>
      </trkpt>
      <trkpt lat="34.46428298950195" lon="-120.04318286664784">
        <ele>20.15</ele>
      </trkpt>
      <trkpt lat="34.464304530993104" lon="-120.04283535294235">
        <ele>20.8</ele>
      </trkpt>
      <trkpt lat="34.464326072484255" lon="-120.04248775541782">
        <ele>21.25</ele>
      </trkpt>
      <trkpt lat="34.464347530156374" lon="-120.04214024171233">
        <ele>21.66</ele>
      </trkpt>
      <trkpt lat="34.464369071647525" lon="-120.04179264418781">
        <ele>22.06</ele>
      </trkpt>
      <trkpt lat="34.46439036168158" lon="-120.0414490699768">
        <ele>22.47</ele>
      </trkpt>
      <trkpt lat="34.46439027786255" lon="-120.0414490699768">
        <ele>22.9</ele>
      </trkpt>
      <trkpt lat="34.46442246437073" lon="-120.04110507667065">
        <ele>23.34</ele>
      </trkpt>
      <trkpt lat="34.46445473469794" lon="-120.04076108336449">
        <ele>23.76</ele>
      </trkpt>
      <trkpt lat="34.46448700502515" lon="-120.04041717387736">
        <ele>24.2</ele>
      </trkpt>
      <trkpt lat="34.46451919153333" lon="-120.0400731805712">
        <ele>24.63</ele>
      </trkpt>
      <trkpt lat="34.46455146186054" lon="-120.03972927108407">
        <ele>25.1</ele>
      </trkpt>
      <trkpt lat="34.46458339691162" lon="-120.03938913345337">
        <ele>25.55</ele>
      </trkpt>
      <trkpt lat="34.46460485458374" lon="-120.03906659781933">
        <ele>26.03</ele>
      </trkpt>
      <trkpt lat="34.46462639607489" lon="-120.0387454032898">
        <ele>26.56</ele>
      </trkpt>
      <trkpt lat="34.464617762714624" lon="-120.03839277662337">
        <ele>27.1</ele>
      </trkpt>
      <trkpt lat="34.46460912935436" lon="-120.03804023377597">
        <ele>27.64</ele>
      </trkpt>
      <trkpt lat="34.46460049599409" lon="-120.03768760710955">
        <ele>28.13</ele>
      </trkpt>
      <trkpt lat="34.464591862633824" lon="-120.03733506426215">
        <ele>28.62</ele>
      </trkpt>
      <trkpt lat="34.46458339691162" lon="-120.03698587417603">
        <ele>29.11</ele>
      </trkpt>
      <trkpt lat="34.46455112658441" lon="-120.03661681897938">
        <ele>29.6</ele>
      </trkpt>
      <trkpt lat="34.4645188562572" lon="-120.03624776378274">
        <ele>30.1</ele>
      </trkpt>
      <trkpt lat="34.46448658592999" lon="-120.0358787085861">
        <ele>30.6</ele>
      </trkpt>
      <trkpt lat="34.46445439942181" lon="-120.03550965338945">
        <ele>31.08</ele>
      </trkpt>
      <trkpt lat="34.4644221290946" lon="-120.03514059819281">
        <ele>31.55</ele>
      </trkpt>
      <trkpt lat="34.46439027786255" lon="-120.03477573394775">
        <ele>32.05</ele>
      </trkpt>
      <trkpt lat="34.46439027786255" lon="-120.03440483473241">
        <ele>32.52</ele>
      </trkpt>
      <trkpt lat="34.46439027786255" lon="-120.0340340193361">
        <ele>33.01</ele>
      </trkpt>
      <trkpt lat="34.46439027786255" lon="-120.03366312012076">
        <ele>33.5</ele>
      </trkpt>
      <trkpt lat="34.46439027786255" lon="-120.03329515457153">
        <ele>33.95</ele>
      </trkpt>
      <trkpt lat="34.46436882019043" lon="-120.03312349319458">
        <ele>34.41</ele>
      </trkpt>
      <trkpt lat="34.46430427953601" lon="-120.03285485319793">
        <ele>34.84</ele>
      </trkpt>
      <trkpt lat="34.464240074157715" lon="-120.0325870513916">
        <ele>35.25</ele>
      </trkpt>
      <trkpt lat="34.464197074994445" lon="-120.03232193179429">
        <ele>35.64</ele>
      </trkpt>
      <trkpt lat="34.464154075831175" lon="-120.03205681219697">
        <ele>36.04</ele>
      </trkpt>
      <trkpt lat="34.464111328125" lon="-120.0317931175232">
        <ele>36.41</ele>
      </trkpt>
      <trkpt lat="34.464081740006804" lon="-120.03141953609884">
        <ele>36.72</ele>
      </trkpt>
      <trkpt lat="34.46405215188861" lon="-120.03104603849351">
        <ele>37.04</ele>
      </trkpt>
      <trkpt lat="34.464022647589445" lon="-120.03067245706916">
        <ele>37.31</ele>
      </trkpt>
      <trkpt lat="34.46399305947125" lon="-120.03029895946383">
        <ele>37.53</ele>
      </trkpt>
      <trkpt lat="34.463963471353054" lon="-120.02992546185851">
        <ele>37.73</ele>
      </trkpt>
      <trkpt lat="34.46393396705389" lon="-120.02955196425319">
        <ele>37.93</ele>
      </trkpt>
      <trkpt lat="34.463904378935695" lon="-120.02917838282883">
        <ele>38.04</ele>
      </trkpt>
      <trkpt lat="34.46387529373169" lon="-120.02881050109863">
        <ele>38.15</ele>
      </trkpt>
      <trkpt lat="34.46387529373169" lon="-120.02851663157344">
        <ele>38.22</ele>
      </trkpt>
      <trkpt lat="34.46387529373169" lon="-120.02822284586728">
        <ele>38.36</ele>
      </trkpt>
      <trkpt lat="34.46387529373169" lon="-120.02793073654175">
        <ele>38.47</ele>
      </trkpt>
      <trkpt lat="34.46389138698578" lon="-120.02759747207165">
        <ele>38.55</ele>
      </trkpt>
      <trkpt lat="34.46390748023987" lon="-120.02726420760155">
        <ele>38.56</ele>
      </trkpt>
      <trkpt lat="34.46392365731299" lon="-120.02693102695048">
        <ele>38.61</ele>
      </trkpt>
      <trkpt lat="34.46393966674805" lon="-120.02660036087036">
        <ele>38.64</ele>
      </trkpt>
      <trkpt lat="34.46396539919078" lon="-120.02623482607305">
        <ele>38.62</ele>
      </trkpt>
      <trkpt lat="34.46399121545255" lon="-120.02586937509477">
        <ele>38.62</ele>
      </trkpt>
      <trkpt lat="34.46401703171432" lon="-120.02550392411649">
        <ele>38.57</ele>
      </trkpt>
      <trkpt lat="34.46404284797609" lon="-120.02513847313821">
        <ele>38.51</ele>
      </trkpt>
      <trkpt lat="34.46406841278076" lon="-120.02477645874023">
        <ele>38.46</ele>
      </trkpt>
      <trkpt lat="34.46404695510864" lon="-120.02466917037964">
        <ele>38.34</ele>
      </trkpt>
      <trkpt lat="34.463982582092285" lon="-120.02458333969116">
        <ele>38.2</ele>
      </trkpt>
      <trkpt lat="34.46378946304321" lon="-120.02454042434692">
        <ele>38.03</ele>
      </trkpt>
      <trkpt lat="34.463782254606485" lon="-120.02424655482173">
        <ele>37.88</ele>
      </trkpt>
      <trkpt lat="34.46377512998879" lon="-120.02395276911557">
        <ele>37.69</ele>
      </trkpt>
      <trkpt lat="34.463768005371094" lon="-120.02366065979004">
        <ele>37.49</ele>
      </trkpt>
      <trkpt lat="34.463768089190125" lon="-120.02366065979004">
        <ele>37.39</ele>
      </trkpt>
      <trkpt lat="34.463746547698975" lon="-120.02331666648388">
        <ele>37.17</ele>
      </trkpt>
      <trkpt lat="34.463725006207824" lon="-120.02297267317772">
        <ele>36.95</ele>
      </trkpt>
      <trkpt lat="34.463703632354736" lon="-120.02263069152832">
        <ele>36.78</ele>
      </trkpt>
      <trkpt lat="34.46371075697243" lon="-120.02234403043985">
        <ele>36.72</ele>
      </trkpt>
      <trkpt lat="34.46371796540916" lon="-120.02205736935139">
        <ele>36.72</ele>
      </trkpt>
      <trkpt lat="34.463725090026855" lon="-120.02177238464355">
        <ele>36.96</ele>
      </trkpt>
      <trkpt lat="34.463703548535705" lon="-120.02154665999115">
        <ele>37.25</ele>
      </trkpt>
      <trkpt lat="34.46368217468262" lon="-120.02132177352905">
        <ele>37.51</ele>
      </trkpt>
      <trkpt lat="34.46342526935041" lon="-120.02139310352504">
        <ele>37.29</ele>
      </trkpt>
      <trkpt lat="34.4631683640182" lon="-120.02146443352103">
        <ele>37.13</ele>
      </trkpt>
      <trkpt lat="34.46290969848633" lon="-120.02153635025024">
        <ele>37.02</ele>
      </trkpt>
      <trkpt lat="34.46287524886429" lon="-120.02119453623891">
        <ele>37.26</ele>
      </trkpt>
      <trkpt lat="34.46284088306129" lon="-120.02085272222757">
        <ele>37.43</ele>
      </trkpt>
      <trkpt lat="34.46280651725829" lon="-120.02051090821624">
        <ele>37.55</ele>
      </trkpt>
      <trkpt lat="34.46277206763625" lon="-120.0201690942049">
        <ele>37.63</ele>
      </trkpt>
      <trkpt lat="34.46273770183325" lon="-120.01982728019357">
        <ele>37.69</ele>
      </trkpt>
      <trkpt lat="34.462703336030245" lon="-120.01948546618223">
        <ele>37.76</ele>
      </trkpt>
      <trkpt lat="34.46266888640821" lon="-120.0191436521709">
        <ele>37.82</ele>
      </trkpt>
      <trkpt lat="34.46263452060521" lon="-120.01880183815956">
        <ele>37.89</ele>
      </trkpt>
      <trkpt lat="34.4626001548022" lon="-120.01846002414823">
        <ele>37.94</ele>
      </trkpt>
      <trkpt lat="34.46256637573242" lon="-120.0181245803833">
        <ele>38.04</ele>
      </trkpt>
      <trkpt lat="34.46257710456848" lon="-120.01789877191186">
        <ele>38.11</ele>
      </trkpt>
      <trkpt lat="34.46258783340454" lon="-120.0176739692688">
        <ele>38.16</ele>
      </trkpt>
      <trkpt lat="34.46254290640354" lon="-120.01729938201606">
        <ele>38.14</ele>
      </trkpt>
      <trkpt lat="34.462498063221574" lon="-120.01692479476333">
        <ele>38.09</ele>
      </trkpt>
      <trkpt lat="34.462453220039606" lon="-120.01655020751059">
        <ele>38.04</ele>
      </trkpt>
      <trkpt lat="34.46240837685764" lon="-120.01617562025785">
        <ele>37.93</ele>
      </trkpt>
      <trkpt lat="34.46236353367567" lon="-120.01580103300512">
        <ele>37.84</ele>
      </trkpt>
      <trkpt lat="34.4623186904937" lon="-120.01542644575238">
        <ele>37.68</ele>
      </trkpt>
      <trkpt lat="34.462273847311735" lon="-120.01505194231868">
        <ele>37.49</ele>
      </trkpt>
      <trkpt lat="34.46222900412977" lon="-120.01467735506594">
        <ele>37.28</ele>
      </trkpt>
      <trkpt lat="34.4621841609478" lon="-120.0143027678132">
        <ele>36.99</ele>
      </trkpt>
      <trkpt lat="34.46213931776583" lon="-120.01392818056047">
        <ele>36.71</ele>
      </trkpt>
      <trkpt lat="34.462094474583864" lon="-120.01355359330773">
        <ele>36.47</ele>
      </trkpt>
      <trkpt lat="34.4620496314019" lon="-120.013179006055">
        <ele>36.16</ele>
      </trkpt>
      <trkpt lat="34.46200478821993" lon="-120.0128045026213">
        <ele>35.86</ele>
      </trkpt>
      <trkpt lat="34.46195986121893" lon="-120.01242991536856">
        <ele>35.53</ele>
      </trkpt>
      <trkpt lat="34.46191501803696" lon="-120.01205532811582">
        <ele>35.16</ele>
      </trkpt>
      <trkpt lat="34.461870174854994" lon="-120.01168074086308">
        <ele>34.86</ele>
      </trkpt>
      <trkpt lat="34.461825331673026" lon="-120.01130615361035">
        <ele>34.48</ele>
      </trkpt>
      <trkpt lat="34.46178048849106" lon="-120.01093165017664">
        <ele>34.08</ele>
      </trkpt>
      <trkpt lat="34.46173564530909" lon="-120.01055706292391">
        <ele>33.68</ele>
      </trkpt>
      <trkpt lat="34.46169080212712" lon="-120.01018247567117">
        <ele>33.25</ele>
      </trkpt>
      <trkpt lat="34.461645958945155" lon="-120.00980788841844">
        <ele>32.79</ele>
      </trkpt>
      <trkpt lat="34.46160111576319" lon="-120.0094333011657">
        <ele>32.35</ele>
      </trkpt>
      <trkpt lat="34.46155627258122" lon="-120.009058797732">
        <ele>31.87</ele>
      </trkpt>
      <trkpt lat="34.46151142939925" lon="-120.00868421047926">
        <ele>31.32</ele>
      </trkpt>
      <trkpt lat="34.461466586217284" lon="-120.00830962322652">
        <ele>30.79</ele>
      </trkpt>
      <trkpt lat="34.46142350323498" lon="-120.00795288942754">
        <ele>30.3</ele>
      </trkpt>
      <trkpt lat="34.46138586848974" lon="-120.00763915479183">
        <ele>29.89</ele>
      </trkpt>
      <trkpt lat="34.461348317563534" lon="-120.00732542015612">
        <ele>29.47</ele>
      </trkpt>
      <trkpt lat="34.461310766637325" lon="-120.00701176933944">
        <ele>29.04</ele>
      </trkpt>
      <trkpt lat="34.46127321571112" lon="-120.00669803470373">
        <ele>28.58</ele>
      </trkpt>
      <trkpt lat="34.461236000061035" lon="-120.00638723373413">
        <ele>28.17</ele>
      </trkpt>
      <trkpt lat="34.46118378080428" lon="-120.00604022294283">
        <ele>27.75</ele>
      </trkpt>
      <trkpt lat="34.46113156154752" lon="-120.00569321215153">
        <ele>27.35</ele>
      </trkpt>
      <trkpt lat="34.46107942610979" lon="-120.00534620136023">
        <ele>26.97</ele>
      </trkpt>
      <trkpt lat="34.46102720685303" lon="-120.00499919056892">
        <ele>26.6</ele>
      </trkpt>
      <trkpt lat="34.46097498759627" lon="-120.00465217977762">
        <ele>26.26</ele>
      </trkpt>
      <trkpt lat="34.46092285215855" lon="-120.00430516898632">
        <ele>25.93</ele>
      </trkpt>
      <trkpt lat="34.46087130345404" lon="-120.00396251678467">
        <ele>25.65</ele>
      </trkpt>
      <trkpt lat="34.46081212721765" lon="-120.00359522178769">
        <ele>25.35</ele>
      </trkpt>
      <trkpt lat="34.46075303480029" lon="-120.00322801060975">
        <ele>25.11</ele>
      </trkpt>
      <trkpt lat="34.46069394238293" lon="-120.0028607994318">
        <ele>24.97</ele>
      </trkpt>
      <trkpt lat="34.46063484996557" lon="-120.00249358825386">
        <ele>24.97</ele>
      </trkpt>
      <trkpt lat="34.46057575754821" lon="-120.00212637707591">
        <ele>25.04</ele>
      </trkpt>
      <trkpt lat="34.460516665130854" lon="-120.00175916589797">
        <ele>25.14</ele>
      </trkpt>
      <trkpt lat="34.46045748889446" lon="-120.00139195472002">
        <ele>25.25</ele>
      </trkpt>
      <trkpt lat="34.4603983964771" lon="-120.00102474354208">
        <ele>25.44</ele>
      </trkpt>
      <trkpt lat="34.460339304059744" lon="-120.00065753236413">
        <ele>25.66</ele>
      </trkpt>
      <trkpt lat="34.460280211642385" lon="-120.00029040500522">
        <ele>26.02</ele>
      </trkpt>
      <trkpt lat="34.460221119225025" lon="-119.99992319382727">
        <ele>26.49</ele>
      </trkpt>
      <trkpt lat="34.46016320027411" lon="-119.99956369400024">
        <ele>27.34</ele>
      </trkpt>
      <trkpt lat="34.460104275494814" lon="-119.99920385889709">
        <ele>28.1</ele>
      </trkpt>
      <trkpt lat="34.46004543453455" lon="-119.99884402379394">
        <ele>28.91</ele>
      </trkpt>
      <trkpt lat="34.459986509755254" lon="-119.99848418869078">
        <ele>29.73</ele>
      </trkpt>
      <trkpt lat="34.45992766879499" lon="-119.99812435358763">
        <ele>30.65</ele>
      </trkpt>
      <trkpt lat="34.459868827834725" lon="-119.9977646023035">
        <ele>31.62</ele>
      </trkpt>
      <trkpt lat="34.45980990305543" lon="-119.99740476720035">
        <ele>32.58</ele>
      </trkpt>
      <trkpt lat="34.459751062095165" lon="-119.9970449320972">
        <ele>33.56</ele>
      </trkpt>
      <trkpt lat="34.4596922211349" lon="-119.99668509699404">
        <ele>34.6</ele>
      </trkpt>
      <trkpt lat="34.459633296355605" lon="-119.99632534570992">
        <ele>35.66</ele>
      </trkpt>
      <trkpt lat="34.45957445539534" lon="-119.99596551060677">
        <ele>36.74</ele>
      </trkpt>
      <trkpt lat="34.45951561443508" lon="-119.99560567550361">
        <ele>37.86</ele>
      </trkpt>
      <trkpt lat="34.45945668965578" lon="-119.99524584040046">
        <ele>39.02</ele>
      </trkpt>
      <trkpt lat="34.45939784869552" lon="-119.99488608911633">
        <ele>40.2</ele>
      </trkpt>
      <trkpt lat="34.45933900773525" lon="-119.99452625401318">
        <ele>41.47</ele>
      </trkpt>
      <trkpt lat="34.45928008295596" lon="-119.99416641891003">
        <ele>42.68</ele>
      </trkpt>
      <trkpt lat="34.45922124199569" lon="-119.9938066676259">
        <ele>43.97</ele>
      </trkpt>
      <trkpt lat="34.45916240103543" lon="-119.99344683252275">
        <ele>45.27</ele>
      </trkpt>
      <trkpt lat="34.45910347625613" lon="-119.9930869974196">
        <ele>46.53</ele>
      </trkpt>
      <trkpt lat="34.45904463529587" lon="-119.99272716231644">
        <ele>47.77</ele>
      </trkpt>
      <trkpt lat="34.458985794335604" lon="-119.99236741103232">
        <ele>49.05</ele>
      </trkpt>
      <trkpt lat="34.45892686955631" lon="-119.99200757592916">
        <ele>50.32</ele>
      </trkpt>
      <trkpt lat="34.458868028596044" lon="-119.99164774082601">
        <ele>51.55</ele>
      </trkpt>
      <trkpt lat="34.45881128311157" lon="-119.99130249023438">
        <ele>52.76</ele>
      </trkpt>
      <trkpt lat="34.45875654928386" lon="-119.9909330997616">
        <ele>53.99</ele>
      </trkpt>
      <trkpt lat="34.45870181545615" lon="-119.99056379310787">
        <ele>55.2</ele>
      </trkpt>
      <trkpt lat="34.45864708162844" lon="-119.9901944026351">
        <ele>56.3</ele>
      </trkpt>
      <trkpt lat="34.45859243161976" lon="-119.98982509598136">
        <ele>57.29</ele>
      </trkpt>
      <trkpt lat="34.45853769779205" lon="-119.98945578932762">
        <ele>58.29</ele>
      </trkpt>
      <trkpt lat="34.45848296396434" lon="-119.98908639885485">
        <ele>59.24</ele>
      </trkpt>
      <trkpt lat="34.45842823013663" lon="-119.98871709220111">
        <ele>59.98</ele>
      </trkpt>
      <trkpt lat="34.458373580127954" lon="-119.98834778554738">
        <ele>60.56</ele>
      </trkpt>
      <trkpt lat="34.458318846300244" lon="-119.9879783950746">
        <ele>61.05</ele>
      </trkpt>
      <trkpt lat="34.458264112472534" lon="-119.98760908842087">
        <ele>61.65</ele>
      </trkpt>
      <trkpt lat="34.458210468292236" lon="-119.98724699020386">
        <ele>62.18</ele>
      </trkpt>
      <trkpt lat="34.458178197965026" lon="-119.98704272322357">
        <ele>62.67</ele>
      </trkpt>
      <trkpt lat="34.45814609527588" lon="-119.9868392944336">
        <ele>63.11</ele>
      </trkpt>
      <trkpt lat="34.458094546571374" lon="-119.98647736385465">
        <ele>63.52</ele>
      </trkpt>
      <trkpt lat="34.45804299786687" lon="-119.9861154332757">
        <ele>63.77</ele>
      </trkpt>
      <trkpt lat="34.457991532981396" lon="-119.98575358651578">
        <ele>64.05</ele>
      </trkpt>
      <trkpt lat="34.45793998427689" lon="-119.98539165593684">
        <ele>64.22</ele>
      </trkpt>
      <trkpt lat="34.45788851939142" lon="-119.98502972535789">
        <ele>64.22</ele>
      </trkpt>
      <trkpt lat="34.45783697068691" lon="-119.98466787859797">
        <ele>64.13</ele>
      </trkpt>
      <trkpt lat="34.45778550580144" lon="-119.98430594801903">
        <ele>63.91</ele>
      </trkpt>
      <trkpt lat="34.457733957096934" lon="-119.98394410125911">
        <ele>63.64</ele>
      </trkpt>
      <trkpt lat="34.45768249221146" lon="-119.98358217068017">
        <ele>63.33</ele>
      </trkpt>
      <trkpt lat="34.457630943506956" lon="-119.98322024010122">
        <ele>62.91</ele>
      </trkpt>
      <trkpt lat="34.45757947862148" lon="-119.9828583933413">
        <ele>62.48</ele>
      </trkpt>
      <trkpt lat="34.45752792991698" lon="-119.98249646276236">
        <ele>62.01</ele>
      </trkpt>
      <trkpt lat="34.457476465031505" lon="-119.98213461600244">
        <ele>61.48</ele>
      </trkpt>
      <trkpt lat="34.457424916327" lon="-119.9817726854235">
        <ele>60.94</ele>
      </trkpt>
      <trkpt lat="34.457373451441526" lon="-119.98141083866358">
        <ele>60.35</ele>
      </trkpt>
      <trkpt lat="34.45732190273702" lon="-119.98104890808463">
        <ele>59.78</ele>
      </trkpt>
      <trkpt lat="34.45727186277509" lon="-119.98069804161787">
        <ele>59.22</ele>
      </trkpt>
      <trkpt lat="34.457220900803804" lon="-119.98034038580954">
        <ele>58.68</ele>
      </trkpt>
      <trkpt lat="34.45717002265155" lon="-119.97998281382024">
        <ele>58.08</ele>
      </trkpt>
      <trkpt lat="34.4571191444993" lon="-119.97962524183095">
        <ele>57.49</ele>
      </trkpt>
      <trkpt lat="34.45706826634705" lon="-119.97926766984165">
        <ele>56.9</ele>
      </trkpt>
      <trkpt lat="34.45701730437577" lon="-119.97891001403332">
        <ele>56.27</ele>
      </trkpt>
      <trkpt lat="34.45696642622352" lon="-119.97855244204402">
        <ele>55.65</ele>
      </trkpt>
      <trkpt lat="34.456915548071265" lon="-119.97819487005472">
        <ele>55.02</ele>
      </trkpt>
      <trkpt lat="34.456864669919014" lon="-119.97783729806542">
        <ele>54.41</ele>
      </trkpt>
      <trkpt lat="34.45681379176676" lon="-119.97747972607613">
        <ele>53.8</ele>
      </trkpt>
      <trkpt lat="34.45676282979548" lon="-119.9771220702678">
        <ele>53.26</ele>
      </trkpt>
      <trkpt lat="34.45671195164323" lon="-119.9767644982785">
        <ele>52.75</ele>
      </trkpt>
      <trkpt lat="34.45666107349098" lon="-119.9764069262892">
        <ele>52.26</ele>
      </trkpt>
      <trkpt lat="34.456610195338726" lon="-119.9760493542999">
        <ele>51.85</ele>
      </trkpt>
      <trkpt lat="34.45655923336744" lon="-119.9756917823106">
        <ele>51.44</ele>
      </trkpt>
      <trkpt lat="34.45650835521519" lon="-119.97533412650228">
        <ele>51.08</ele>
      </trkpt>
      <trkpt lat="34.45645747706294" lon="-119.97497655451298">
        <ele>50.73</ele>
      </trkpt>
      <trkpt lat="34.45640802383423" lon="-119.9746298789978">
        <ele>50.43</ele>
      </trkpt>
      <trkpt lat="34.45634348317981" lon="-119.97431463561952">
        <ele>50.11</ele>
      </trkpt>
      <trkpt lat="34.45627902634442" lon="-119.97399939224124">
        <ele>49.87</ele>
      </trkpt>
      <trkpt lat="34.456214904785156" lon="-119.97368574142456">
        <ele>49.64</ele>
      </trkpt>
      <trkpt lat="34.456139635294676" lon="-119.97337410226464">
        <ele>49.35</ele>
      </trkpt>
      <trkpt lat="34.45606470108032" lon="-119.9730634689331">
        <ele>49.07</ele>
      </trkpt>
      <trkpt lat="34.45596797391772" lon="-119.97275182977319">
        <ele>48.89</ele>
      </trkpt>
      <trkpt lat="34.45587158203125" lon="-119.97244119644165">
        <ele>48.77</ele>
      </trkpt>
      <trkpt lat="34.45576412603259" lon="-119.972167275846">
        <ele>48.69</ele>
      </trkpt>
      <trkpt lat="34.45565675385296" lon="-119.97189335525036">
        <ele>48.62</ele>
      </trkpt>
      <trkpt lat="34.455549297854304" lon="-119.97161951847374">
        <ele>48.63</ele>
      </trkpt>
      <trkpt lat="34.45544242858887" lon="-119.97134685516357">
        <ele>48.75</ele>
      </trkpt>
      <trkpt lat="34.45529012940824" lon="-119.97103840112686">
        <ele>48.85</ele>
      </trkpt>
      <trkpt lat="34.45513783022761" lon="-119.97072994709015">
        <ele>48.86</ele>
      </trkpt>
      <trkpt lat="34.45498561486602" lon="-119.97042149305344">
        <ele>48.82</ele>
      </trkpt>
      <trkpt lat="34.45483331568539" lon="-119.97011303901672">
        <ele>48.64</ele>
      </trkpt>
      <trkpt lat="34.454681100323796" lon="-119.96980466879904">
        <ele>48.51</ele>
      </trkpt>
      <trkpt lat="34.45452880114317" lon="-119.96949621476233">
        <ele>48.48</ele>
      </trkpt>
      <trkpt lat="34.454376585781574" lon="-119.96918776072562">
        <ele>48.58</ele>
      </trkpt>
      <trkpt lat="34.45422428660095" lon="-119.9688793066889">
        <ele>48.69</ele>
      </trkpt>
      <trkpt lat="34.45407207123935" lon="-119.96857093647122">
        <ele>48.64</ele>
      </trkpt>
      <trkpt lat="34.453919772058725" lon="-119.96826248243451">
        <ele>48.53</ele>
      </trkpt>
      <trkpt lat="34.453768730163574" lon="-119.96795654296875">
        <ele>48.49</ele>
      </trkpt>
      <trkpt lat="34.45362917147577" lon="-119.96772034093738">
        <ele>48.42</ele>
      </trkpt>
      <trkpt lat="34.45348961278796" lon="-119.96748422272503">
        <ele>48.27</ele>
      </trkpt>
      <trkpt lat="34.45335013791919" lon="-119.96724810451269">
        <ele>48.08</ele>
      </trkpt>
      <trkpt lat="34.45321083068848" lon="-119.96701240539551">
        <ele>47.8</ele>
      </trkpt>
      <trkpt lat="34.45305517874658" lon="-119.9667816516012">
        <ele>47.53</ele>
      </trkpt>
      <trkpt lat="34.45289961062372" lon="-119.96655098162591">
        <ele>47.26</ele>
      </trkpt>
      <trkpt lat="34.45274404250085" lon="-119.96632031165063">
        <ele>46.99</ele>
      </trkpt>
      <trkpt lat="34.45258855819702" lon="-119.96608972549438">
        <ele>46.65</ele>
      </trkpt>
      <trkpt lat="34.45237984880805" lon="-119.96581857092679">
        <ele>46.27</ele>
      </trkpt>
      <trkpt lat="34.45217113941908" lon="-119.96554750017822">
        <ele>45.82</ele>
      </trkpt>
      <trkpt lat="34.45196251384914" lon="-119.96527634561062">
        <ele>45.32</ele>
      </trkpt>
      <trkpt lat="34.45175380446017" lon="-119.96500527486205">
        <ele>44.81</ele>
      </trkpt>
      <trkpt lat="34.45154517889023" lon="-119.96473412029445">
        <ele>44.22</ele>
      </trkpt>
      <trkpt lat="34.45133646950126" lon="-119.96446304954588">
        <ele>43.58</ele>
      </trkpt>
      <trkpt lat="34.45112784393132" lon="-119.96419197879732">
        <ele>42.96</ele>
      </trkpt>
      <trkpt lat="34.450919134542346" lon="-119.96392082422972">
        <ele>42.33</ele>
      </trkpt>
      <trkpt lat="34.450710425153375" lon="-119.96364975348115">
        <ele>41.63</ele>
      </trkpt>
      <trkpt lat="34.450501799583435" lon="-119.96337868273258">
        <ele>40.92</ele>
      </trkpt>
      <trkpt lat="34.450293090194464" lon="-119.96310752816498">
        <ele>40.21</ele>
      </trkpt>
      <trkpt lat="34.450084464624524" lon="-119.96283645741642">
        <ele>39.52</ele>
      </trkpt>
      <trkpt lat="34.44987575523555" lon="-119.96256538666785">
        <ele>38.81</ele>
      </trkpt>
      <trkpt lat="34.44966712966561" lon="-119.96229423210025">
        <ele>38.05</ele>
      </trkpt>
      <trkpt lat="34.44945842027664" lon="-119.96202316135168">
        <ele>37.27</ele>
      </trkpt>
      <trkpt lat="34.44924971088767" lon="-119.96175209060311">
        <ele>36.57</ele>
      </trkpt>
      <trkpt lat="34.44904108531773" lon="-119.96148093603551">
        <ele>35.79</ele>
      </trkpt>
      <trkpt lat="34.44883237592876" lon="-119.96120986528695">
        <ele>35.05</ele>
      </trkpt>
      <trkpt lat="34.44862375035882" lon="-119.96093879453838">
        <ele>34.36</ele>
      </trkpt>
      <trkpt lat="34.44841504096985" lon="-119.96066763997078">
        <ele>33.75</ele>
      </trkpt>
      <trkpt lat="34.44820641539991" lon="-119.96039656922221">
        <ele>33.22</ele>
      </trkpt>
      <trkpt lat="34.44799670018256" lon="-119.96012449264526">
        <ele>32.68</ele>
      </trkpt>
      <trkpt lat="34.44781070575118" lon="-119.95987412519753">
        <ele>32.22</ele>
      </trkpt>
      <trkpt lat="34.447624795138836" lon="-119.95962384156883">
        <ele>31.81</ele>
      </trkpt>
      <trkpt lat="34.44743880070746" lon="-119.9593734741211">
        <ele>31.6</ele>
      </trkpt>
      <trkpt lat="34.4472295884043" lon="-119.95909988880157">
        <ele>31.54</ele>
      </trkpt>
      <trkpt lat="34.44702045992017" lon="-119.95882638730109">
        <ele>31.48</ele>
      </trkpt>
      <trkpt lat="34.446811247617006" lon="-119.95855280198157">
        <ele>31.56</ele>
      </trkpt>
      <trkpt lat="34.446602119132876" lon="-119.95827930048108">
        <ele>31.74</ele>
      </trkpt>
      <trkpt lat="34.446392906829715" lon="-119.95800571516156">
        <ele>31.79</ele>
      </trkpt>
      <trkpt lat="34.446183778345585" lon="-119.95773221366107">
        <ele>31.81</ele>
      </trkpt>
      <trkpt lat="34.44597456604242" lon="-119.95745862834156">
        <ele>31.83</ele>
      </trkpt>
      <trkpt lat="34.44576543755829" lon="-119.95718512684107">
        <ele>31.86</ele>
      </trkpt>
      <trkpt lat="34.44555622525513" lon="-119.95691162534058">
        <ele>31.77</ele>
      </trkpt>
      <trkpt lat="34.445347096771" lon="-119.95663804002106">
        <ele>31.87</ele>
      </trkpt>
      <trkpt lat="34.44513788446784" lon="-119.95636453852057">
        <ele>32.09</ele>
      </trkpt>
      <trkpt lat="34.44492825306952" lon="-119.95609045028687">
        <ele>32.41</ele>
      </trkpt>
      <trkpt lat="34.44478517398238" lon="-119.95589012280107">
        <ele>32.83</ele>
      </trkpt>
      <trkpt lat="34.444642094895244" lon="-119.9556898791343">
        <ele>33.24</ele>
      </trkpt>
      <trkpt lat="34.444499015808105" lon="-119.95548963546753">
        <ele>33.63</ele>
      </trkpt>
      <trkpt lat="34.44436482153833" lon="-119.9552427046001">
        <ele>33.99</ele>
      </trkpt>
      <trkpt lat="34.44423062726855" lon="-119.95499577373266">
        <ele>34.33</ele>
      </trkpt>
      <trkpt lat="34.444096432998776" lon="-119.95474892668426">
        <ele>34.73</ele>
      </trkpt>
      <trkpt lat="34.44396257400513" lon="-119.95450258255005">
        <ele>35.16</ele>
      </trkpt>
      <trkpt lat="34.44382938556373" lon="-119.95423201471567">
        <ele>35.61</ele>
      </trkpt>
      <trkpt lat="34.44369628094137" lon="-119.9539614468813">
        <ele>36.08</ele>
      </trkpt>
      <trkpt lat="34.443563176319" lon="-119.95369087904692">
        <ele>36.54</ele>
      </trkpt>
      <trkpt lat="34.44343007169664" lon="-119.95342031121254">
        <ele>37.05</ele>
      </trkpt>
      <trkpt lat="34.443297469988465" lon="-119.95315074920654">
        <ele>37.49</ele>
      </trkpt>
      <trkpt lat="34.44317928515375" lon="-119.95290373452008">
        <ele>37.93</ele>
      </trkpt>
      <trkpt lat="34.44306135177612" lon="-119.9526572227478">
        <ele>38.36</ele>
      </trkpt>
      <trkpt lat="34.442953895777464" lon="-119.95235639624298">
        <ele>38.78</ele>
      </trkpt>
      <trkpt lat="34.44284677505493" lon="-119.95205640792847">
        <ele>39.17</ele>
      </trkpt>
      <trkpt lat="34.44273931905627" lon="-119.95173412375152">
        <ele>39.56</ele>
      </trkpt>
      <trkpt lat="34.44263186305761" lon="-119.95141183957458">
        <ele>39.94</ele>
      </trkpt>
      <trkpt lat="34.442524909973145" lon="-119.9510908126831">
        <ele>40.31</ele>
      </trkpt>
      <trkpt lat="34.442433547228575" lon="-119.95074153877795">
        <ele>40.64</ele>
      </trkpt>
      <trkpt lat="34.442342184484005" lon="-119.95039234869182">
        <ele>40.96</ele>
      </trkpt>
      <trkpt lat="34.44225090555847" lon="-119.9500431586057">
        <ele>41.26</ele>
      </trkpt>
      <trkpt lat="34.44216012954712" lon="-119.94969606399536">
        <ele>41.57</ele>
      </trkpt>
      <trkpt lat="34.44207513704896" lon="-119.9493367318064">
        <ele>41.85</ele>
      </trkpt>
      <trkpt lat="34.4419901445508" lon="-119.94897739961743">
        <ele>42.11</ele>
      </trkpt>
      <trkpt lat="34.44190515205264" lon="-119.94861806742847">
        <ele>42.34</ele>
      </trkpt>
      <trkpt lat="34.44182015955448" lon="-119.94825881905854">
        <ele>42.57</ele>
      </trkpt>
      <trkpt lat="34.44173516705632" lon="-119.94789948686957">
        <ele>42.76</ele>
      </trkpt>
      <trkpt lat="34.441650258377194" lon="-119.94754015468061">
        <ele>42.95</ele>
      </trkpt>
      <trkpt lat="34.441565265879035" lon="-119.94718082249165">
        <ele>43.09</ele>
      </trkpt>
      <trkpt lat="34.441480273380876" lon="-119.94682157412171">
        <ele>43.21</ele>
      </trkpt>
      <trkpt lat="34.441395280882716" lon="-119.94646224193275">
        <ele>43.31</ele>
      </trkpt>
      <trkpt lat="34.441311629489064" lon="-119.94610860943794">
        <ele>43.36</ele>
      </trkpt>
      <trkpt lat="34.44122739136219" lon="-119.94575246237218">
        <ele>43.42</ele>
      </trkpt>
      <trkpt lat="34.441143153235316" lon="-119.94539639912546">
        <ele>43.45</ele>
      </trkpt>
      <trkpt lat="34.44105891510844" lon="-119.9450402520597">
        <ele>43.39</ele>
      </trkpt>
      <trkpt lat="34.4409747608006" lon="-119.94468418881297">
        <ele>43.27</ele>
      </trkpt>
      <trkpt lat="34.440890522673726" lon="-119.94432804174721">
        <ele>43.19</ele>
      </trkpt>
      <trkpt lat="34.44080628454685" lon="-119.94397197850049">
        <ele>43.3</ele>
      </trkpt>
      <trkpt lat="34.44072213023901" lon="-119.94361591525376">
        <ele>43.42</ele>
      </trkpt>
      <trkpt lat="34.440637892112136" lon="-119.943259768188">
        <ele>43.44</ele>
      </trkpt>
      <trkpt lat="34.44055365398526" lon="-119.94290370494127">
        <ele>43.36</ele>
      </trkpt>
      <trkpt lat="34.44046949967742" lon="-119.94254755787551">
        <ele>43.22</ele>
      </trkpt>
      <trkpt lat="34.440385261550546" lon="-119.94219149462879">
        <ele>43.0</ele>
      </trkpt>
      <trkpt lat="34.44030102342367" lon="-119.94183543138206">
        <ele>42.72</ele>
      </trkpt>
      <trkpt lat="34.44021686911583" lon="-119.9414792843163">
        <ele>42.46</ele>
      </trkpt>
      <trkpt lat="34.440132630988955" lon="-119.94112322106957">
        <ele>42.2</ele>
      </trkpt>
      <trkpt lat="34.44004839286208" lon="-119.94076707400382">
        <ele>41.88</ele>
      </trkpt>
      <trkpt lat="34.43996423855424" lon="-119.94041101075709">
        <ele>41.5</ele>
      </trkpt>
      <trkpt lat="34.439880000427365" lon="-119.94005494751036">
        <ele>41.09</ele>
      </trkpt>
      <trkpt lat="34.43979576230049" lon="-119.9396988004446">
        <ele>40.71</ele>
      </trkpt>
      <trkpt lat="34.43971395492554" lon="-119.93935346603394">
        <ele>40.28</ele>
      </trkpt>
      <trkpt lat="34.439662322402" lon="-119.93901383131742">
        <ele>39.81</ele>
      </trkpt>
      <trkpt lat="34.439610773697495" lon="-119.93867419660091">
        <ele>39.26</ele>
      </trkpt>
      <trkpt lat="34.43955914117396" lon="-119.9383345618844">
        <ele>38.74</ele>
      </trkpt>
      <trkpt lat="34.439507592469454" lon="-119.93799492716789">
        <ele>38.25</ele>
      </trkpt>
      <trkpt lat="34.43945646286011" lon="-119.93765830993652">
        <ele>37.76</ele>
      </trkpt>
      <trkpt lat="34.43941698409617" lon="-119.93729277513921">
        <ele>37.34</ele>
      </trkpt>
      <trkpt lat="34.43937758915126" lon="-119.93692732416093">
        <ele>36.94</ele>
      </trkpt>
      <trkpt lat="34.43933819420636" lon="-119.93656187318265">
        <ele>36.42</ele>
      </trkpt>
      <trkpt lat="34.43929879926145" lon="-119.93619642220438">
        <ele>35.9</ele>
      </trkpt>
      <trkpt lat="34.439259404316545" lon="-119.9358309712261">
        <ele>35.33</ele>
      </trkpt>
      <trkpt lat="34.43922000937164" lon="-119.93546552024782">
        <ele>34.75</ele>
      </trkpt>
      <trkpt lat="34.43918061442673" lon="-119.93510006926954">
        <ele>34.15</ele>
      </trkpt>
      <trkpt lat="34.439141219481826" lon="-119.93473461829126">
        <ele>33.54</ele>
      </trkpt>
      <trkpt lat="34.43910174071789" lon="-119.93436916731298">
        <ele>32.92</ele>
      </trkpt>
      <trkpt lat="34.43906234577298" lon="-119.9340037163347">
        <ele>32.28</ele>
      </trkpt>
      <trkpt lat="34.439022950828075" lon="-119.93363826535642">
        <ele>31.59</ele>
      </trkpt>
      <trkpt lat="34.438984394073486" lon="-119.93328094482422">
        <ele>30.92</ele>
      </trkpt>
      <trkpt lat="34.438948100432754" lon="-119.93295430205762">
        <ele>30.26</ele>
      </trkpt>
      <trkpt lat="34.438911974430084" lon="-119.9326289165765">
        <ele>29.57</ele>
      </trkpt>
      <trkpt lat="34.438873417675495" lon="-119.93228249251842">
        <ele>28.92</ele>
      </trkpt>
      <trkpt lat="34.43883494473994" lon="-119.93193615227938">
        <ele>28.28</ele>
      </trkpt>
      <trkpt lat="34.43879647180438" lon="-119.93158981204033">
        <ele>27.58</ele>
      </trkpt>
      <trkpt lat="34.43875799886882" lon="-119.93124347180128">
        <ele>26.93</ele>
      </trkpt>
      <trkpt lat="34.438719525933266" lon="-119.93089713156223">
        <ele>26.33</ele>
      </trkpt>
      <trkpt lat="34.43868096917868" lon="-119.93055070750415">
        <ele>25.79</ele>
      </trkpt>
      <trkpt lat="34.43864249624312" lon="-119.9302043672651">
        <ele>25.14</ele>
      </trkpt>
      <trkpt lat="34.438604610040784" lon="-119.92986313998699">
        <ele>24.38</ele>
      </trkpt>
      <trkpt lat="34.43857074715197" lon="-119.92955829016864">
        <ele>23.68</ele>
      </trkpt>
      <trkpt lat="34.43853688426316" lon="-119.9292534403503">
        <ele>23.13</ele>
      </trkpt>
      <trkpt lat="34.438503021374345" lon="-119.92894867435098">
        <ele>22.7</ele>
      </trkpt>
      <trkpt lat="34.43846940994263" lon="-119.92864608764648">
        <ele>22.34</ele>
      </trkpt>
      <trkpt lat="34.43841920234263" lon="-119.9283379688859">
        <ele>22.15</ele>
      </trkpt>
      <trkpt lat="34.438369078561664" lon="-119.92802985012531">
        <ele>21.96</ele>
      </trkpt>
      <trkpt lat="34.43831920623779" lon="-119.92772340774536">
        <ele>21.81</ele>
      </trkpt>
      <trkpt lat="34.43825466558337" lon="-119.92741713300347">
        <ele>21.87</ele>
      </trkpt>
      <trkpt lat="34.43819020874798" lon="-119.92711085826159">
        <ele>21.85</ele>
      </trkpt>
      <trkpt lat="34.438125751912594" lon="-119.9268045835197">
        <ele>21.76</ele>
      </trkpt>
      <trkpt lat="34.43806171417236" lon="-119.92650032043457">
        <ele>21.67</ele>
      </trkpt>
      <trkpt lat="34.438039837405086" lon="-119.92642379365861">
        <ele>21.58</ele>
      </trkpt>
      <trkpt lat="34.438256761059165" lon="-119.92634726688266">
        <ele>21.54</ele>
      </trkpt>
      <trkpt lat="34.4383205473423" lon="-119.92661322467029">
        <ele>21.46</ele>
      </trkpt>
      <trkpt lat="34.43838441744447" lon="-119.92687926627696">
        <ele>21.41</ele>
      </trkpt>
      <trkpt lat="34.43844795227051" lon="-119.92714405059814">
        <ele>21.35</ele>
      </trkpt>
      <trkpt lat="34.43850704468787" lon="-119.92745568975806">
        <ele>21.13</ele>
      </trkpt>
      <trkpt lat="34.43856613710523" lon="-119.92776732891798">
        <ele>20.98</ele>
      </trkpt>
      <trkpt lat="34.438625229522586" lon="-119.9280789680779">
        <ele>20.9</ele>
      </trkpt>
      <trkpt lat="34.43868398666382" lon="-119.92838859558105">
        <ele>20.89</ele>
      </trkpt>
      <trkpt lat="34.4387230463326" lon="-119.92873250506818">
        <ele>21.0</ele>
      </trkpt>
      <trkpt lat="34.43876210600138" lon="-119.92907641455531">
        <ele>21.24</ele>
      </trkpt>
      <trkpt lat="34.43880124948919" lon="-119.92942040786147">
        <ele>21.56</ele>
      </trkpt>
      <trkpt lat="34.43884030915797" lon="-119.9297643173486">
        <ele>22.04</ele>
      </trkpt>
      <trkpt lat="34.43887936882675" lon="-119.93010831065476">
        <ele>22.56</ele>
      </trkpt>
      <trkpt lat="34.43891851231456" lon="-119.93045222014189">
        <ele>23.03</ele>
      </trkpt>
      <trkpt lat="34.43895757198334" lon="-119.93079621344805">
        <ele>23.29</ele>
      </trkpt>
      <trkpt lat="34.43899663165212" lon="-119.93114012293518">
        <ele>23.64</ele>
      </trkpt>
      <trkpt lat="34.43903577513993" lon="-119.93148411624134">
        <ele>24.07</ele>
      </trkpt>
      <trkpt lat="34.43907483480871" lon="-119.93182802572846">
        <ele>24.54</ele>
      </trkpt>
      <trkpt lat="34.4391131401062" lon="-119.93216514587402">
        <ele>25.0</ele>
      </trkpt>
      <trkpt lat="34.439148930832744" lon="-119.93252338841558">
        <ele>25.38</ele>
      </trkpt>
      <trkpt lat="34.439184721559286" lon="-119.93288171477616">
        <ele>25.73</ele>
      </trkpt>
      <trkpt lat="34.4392204284668" lon="-119.93323802947998">
        <ele>26.07</ele>
      </trkpt>
      <trkpt lat="34.438984394073486" lon="-119.93328094482422">
        <ele>30.92</ele>
      </trkpt>
      <trkpt lat="34.43894466385245" lon="-119.93292370811105">
        <ele>26.51</ele>
      </trkpt>
      <trkpt lat="34.43890501745045" lon="-119.93256655521691">
        <ele>26.73</ele>
      </trkpt>
      <trkpt lat="34.43886528722942" lon="-119.93220931850374">
        <ele>26.96</ele>
      </trkpt>
      <trkpt lat="34.43882564082742" lon="-119.9318521656096">
        <ele>27.18</ele>
      </trkpt>
      <trkpt lat="34.438785910606384" lon="-119.93149501271546">
        <ele>27.33</ele>
      </trkpt>
      <trkpt lat="34.43874626420438" lon="-119.93113777600229">
        <ele>27.49</ele>
      </trkpt>
      <trkpt lat="34.43870661780238" lon="-119.93078062310815">
        <ele>27.7</ele>
      </trkpt>
      <trkpt lat="34.43866688758135" lon="-119.93042347021401">
        <ele>27.88</ele>
      </trkpt>
      <trkpt lat="34.43862724117935" lon="-119.93006623350084">
        <ele>27.93</ele>
      </trkpt>
      <trkpt lat="34.438587510958314" lon="-119.9297090806067">
        <ele>27.84</ele>
      </trkpt>
      <trkpt lat="34.43854786455631" lon="-119.92935192771256">
        <ele>27.86</ele>
      </trkpt>
      <trkpt lat="34.43850821815431" lon="-119.92899469099939">
        <ele>28.03</ele>
      </trkpt>
      <trkpt lat="34.43846940994263" lon="-119.92864608764648">
        <ele>22.34</ele>
      </trkpt>
      <trkpt lat="34.43841920234263" lon="-119.9283379688859">
        <ele>22.15</ele>
      </trkpt>
      <trkpt lat="34.438369078561664" lon="-119.92802985012531">
        <ele>21.96</ele>
      </trkpt>
      <trkpt lat="34.43831920623779" lon="-119.92772340774536">
        <ele>21.81</ele>
      </trkpt>
      <trkpt lat="34.43825466558337" lon="-119.92741713300347">
        <ele>21.87</ele>
      </trkpt>
      <trkpt lat="34.43819020874798" lon="-119.92711085826159">
        <ele>21.85</ele>
      </trkpt>
      <trkpt lat="34.438125751912594" lon="-119.9268045835197">
        <ele>21.76</ele>
      </trkpt>
      <trkpt lat="34.43806171417236" lon="-119.92650032043457">
        <ele>21.67</ele>
      </trkpt>
      <trkpt lat="34.43799004890025" lon="-119.92624961771071">
        <ele>30.57</ele>
      </trkpt>
      <trkpt lat="34.43791838362813" lon="-119.92599891498685">
        <ele>30.68</ele>
      </trkpt>
      <trkpt lat="34.43784713745117" lon="-119.9257493019104">
        <ele>30.79</ele>
      </trkpt>
      <trkpt lat="34.43774504587054" lon="-119.9254538398236">
        <ele>30.88</ele>
      </trkpt>
      <trkpt lat="34.437643038108945" lon="-119.92515846155584">
        <ele>30.94</ele>
      </trkpt>
      <trkpt lat="34.437540946528316" lon="-119.92486299946904">
        <ele>30.96</ele>
      </trkpt>
      <trkpt lat="34.43743944168091" lon="-119.92456912994385">
        <ele>30.9</ele>
      </trkpt>
      <trkpt lat="34.43731840699911" lon="-119.92423435673118">
        <ele>30.78</ele>
      </trkpt>
      <trkpt lat="34.437197456136346" lon="-119.9238995835185">
        <ele>30.6</ele>
      </trkpt>
      <trkpt lat="34.43707642145455" lon="-119.92356481030583">
        <ele>30.38</ele>
      </trkpt>
      <trkpt lat="34.43695547059178" lon="-119.92323003709316">
        <ele>30.05</ele>
      </trkpt>
      <trkpt lat="34.43683519028127" lon="-119.92289727553725">
        <ele>29.77</ele>
      </trkpt>
      <trkpt lat="34.435529708862305" lon="-119.9218225479126">
        <ele>29.47</ele>
      </trkpt>
      <trkpt lat="34.435459803789854" lon="-119.92153773084283">
        <ele>29.27</ele>
      </trkpt>
      <trkpt lat="34.435389982536435" lon="-119.92125299759209">
        <ele>28.95</ele>
      </trkpt>
      <trkpt lat="34.435320161283016" lon="-119.92096826434135">
        <ele>28.57</ele>
      </trkpt>
      <trkpt lat="34.435250759124756" lon="-119.92068529129028">
        <ele>28.11</ele>
      </trkpt>
      <trkpt lat="34.43522930145264" lon="-119.92064237594604">
        <ele>27.66</ele>
      </trkpt>
      <trkpt lat="34.43516484461725" lon="-119.92042746394873">
        <ele>27.15</ele>
      </trkpt>
      <trkpt lat="34.435100639238954" lon="-119.92021322250366">
        <ele>26.6</ele>
      </trkpt>
      <trkpt lat="34.43510055541992" lon="-119.92021322250366">
        <ele>26.09</ele>
      </trkpt>
      <trkpt lat="34.43504682742059" lon="-119.92003049701452">
        <ele>25.49</ele>
      </trkpt>
      <trkpt lat="34.434993267059326" lon="-119.91984844207764">
        <ele>24.9</ele>
      </trkpt>
      <trkpt lat="34.435014724731445" lon="-119.91971969604492">
        <ele>24.34</ele>
      </trkpt>
      <trkpt lat="34.434928726404905" lon="-119.919408056885">
        <ele>23.75</ele>
      </trkpt>
      <trkpt lat="34.43484306335449" lon="-119.91909742355347">
        <ele>23.18</ele>
      </trkpt>
      <trkpt lat="34.434714149683714" lon="-119.9187536817044">
        <ele>22.57</ele>
      </trkpt>
      <trkpt lat="34.43458557128906" lon="-119.91841077804565">
        <ele>21.98</ele>
      </trkpt>
      <trkpt lat="34.43443536758423" lon="-119.91808891296387">
        <ele>21.39</ele>
      </trkpt>
      <trkpt lat="34.43433872424066" lon="-119.91791716776788">
        <ele>20.84</ele>
      </trkpt>
      <trkpt lat="34.434242248535156" lon="-119.91774559020996">
        <ele>20.31</ele>
      </trkpt>
      <trkpt lat="34.43412414751947" lon="-119.91756311617792">
        <ele>19.8</ele>
      </trkpt>
      <trkpt lat="34.434006214141846" lon="-119.91738080978394">
        <ele>19.32</ele>
      </trkpt>
      <trkpt lat="34.433834636583924" lon="-119.91720914840698">
        <ele>18.82</ele>
      </trkpt>
      <trkpt lat="34.433727180585265" lon="-119.91698359139264">
        <ele>18.32</ele>
      </trkpt>
      <trkpt lat="34.4336199760437" lon="-119.91675853729248">
        <ele>17.93</ele>
      </trkpt>
      <trkpt lat="34.43356624804437" lon="-119.91654362529516">
        <ele>17.7</ele>
      </trkpt>
      <trkpt lat="34.43351277150214" lon="-119.9163293838501">
        <ele>17.52</ele>
      </trkpt>
      <trkpt lat="34.433491230010986" lon="-119.91612511686981">
        <ele>17.35</ele>
      </trkpt>
      <trkpt lat="34.4334698561579" lon="-119.91592168807983">
        <ele>17.23</ele>
      </trkpt>
      <trkpt lat="34.43339458666742" lon="-119.91566377691925">
        <ele>17.1</ele>
      </trkpt>
      <trkpt lat="34.43331956863403" lon="-119.91540670394897">
        <ele>17.07</ele>
      </trkpt>
      <trkpt lat="34.433212196454406" lon="-119.91524568758905">
        <ele>17.02</ele>
      </trkpt>
      <trkpt lat="34.43310499191284" lon="-119.91508483886719">
        <ele>17.02</ele>
      </trkpt>
      <trkpt lat="34.4330620765686" lon="-119.91495609283447">
        <ele>17.19</ele>
      </trkpt>
      <trkpt lat="34.432904748246074" lon="-119.91477730683982">
        <ele>17.39</ele>
      </trkpt>
      <trkpt lat="34.432747503742576" lon="-119.9145986046642">
        <ele>17.66</ele>
      </trkpt>
      <trkpt lat="34.43259000778198" lon="-119.9144196510315">
        <ele>17.98</ele>
      </trkpt>
      <trkpt lat="34.43243980407715" lon="-119.91411924362183">
        <ele>18.33</ele>
      </trkpt>
      <trkpt lat="34.43236453458667" lon="-119.91385060362518">
        <ele>18.56</ele>
      </trkpt>
      <trkpt lat="34.432289600372314" lon="-119.91358280181885">
        <ele>18.63</ele>
      </trkpt>
      <trkpt lat="34.432278871536255" lon="-119.91337853483856">
        <ele>18.64</ele>
      </trkpt>
      <trkpt lat="34.43226822651923" lon="-119.91317510604858">
        <ele>18.78</ele>
      </trkpt>
      <trkpt lat="34.432289600372314" lon="-119.91281032562256">
        <ele>19.1</ele>
      </trkpt>
      <trkpt lat="34.43226822651923" lon="-119.91246700286865">
        <ele>19.55</ele>
      </trkpt>
      <trkpt lat="34.43220385350287" lon="-119.9121880531311">
        <ele>20.07</ele>
      </trkpt>
      <trkpt lat="34.43212858401239" lon="-119.91195168346167">
        <ele>20.52</ele>
      </trkpt>
      <trkpt lat="34.432053565979004" lon="-119.91171598434448">
        <ele>20.99</ele>
      </trkpt>
      <trkpt lat="34.43190336227417" lon="-119.91143703460693">
        <ele>21.52</ele>
      </trkpt>
      <trkpt lat="34.431788781657815" lon="-119.91111475042999">
        <ele>22.03</ele>
      </trkpt>
      <trkpt lat="34.43167420104146" lon="-119.91079246625304">
        <ele>22.56</ele>
      </trkpt>
      <trkpt lat="34.431560039520264" lon="-119.91047143936157">
        <ele>23.17</ele>
      </trkpt>
      <trkpt lat="34.431474041193724" lon="-119.9101490713656">
        <ele>23.88</ele>
      </trkpt>
      <trkpt lat="34.43138846196234" lon="-119.909827709198">
        <ele>24.54</ele>
      </trkpt>
      <trkpt lat="34.43138837814331" lon="-119.909827709198">
        <ele>25.12</ele>
      </trkpt>
      <trkpt lat="34.43138837814331" lon="-119.90947290323675">
        <ele>25.74</ele>
      </trkpt>
      <trkpt lat="34.43138837814331" lon="-119.90911960601807">
        <ele>26.33</ele>
      </trkpt>
      <trkpt lat="34.43137220107019" lon="-119.90880779922009">
        <ele>26.96</ele>
      </trkpt>
      <trkpt lat="34.4313561078161" lon="-119.90849607624114">
        <ele>27.55</ele>
      </trkpt>
      <trkpt lat="34.43133993074298" lon="-119.90818435326219">
        <ele>28.11</ele>
      </trkpt>
      <trkpt lat="34.43132400512695" lon="-119.90787506103516">
        <ele>28.61</ele>
      </trkpt>
      <trkpt lat="34.43134546279907" lon="-119.90778923034668">
        <ele>29.09</ele>
      </trkpt>
      <trkpt lat="34.43133465014398" lon="-119.90742369554937">
        <ele>29.59</ele>
      </trkpt>
      <trkpt lat="34.43132400512695" lon="-119.90705966949463">
        <ele>30.05</ele>
      </trkpt>
      <trkpt lat="34.43125946447253" lon="-119.90673721767962">
        <ele>30.45</ele>
      </trkpt>
      <trkpt lat="34.43119525909424" lon="-119.90641593933105">
        <ele>30.82</ele>
      </trkpt>
      <trkpt lat="34.43117380142212" lon="-119.90633010864258">
        <ele>31.14</ele>
      </trkpt>
      <trkpt lat="34.43106634542346" lon="-119.90604219026864">
        <ele>31.42</ele>
      </trkpt>
      <trkpt lat="34.43095897324383" lon="-119.90575435571373">
        <ele>31.65</ele>
      </trkpt>
      <trkpt lat="34.43085151724517" lon="-119.90546652115881">
        <ele>31.84</ele>
      </trkpt>
      <trkpt lat="34.430744145065546" lon="-119.90517860278487">
        <ele>31.98</ele>
      </trkpt>
      <trkpt lat="34.43063735961914" lon="-119.9048924446106">
        <ele>32.08</ele>
      </trkpt>
      <trkpt lat="34.430565694347024" lon="-119.90464886650443">
        <ele>32.18</ele>
      </trkpt>
      <trkpt lat="34.43049402907491" lon="-119.9044053722173">
        <ele>32.26</ele>
      </trkpt>
      <trkpt lat="34.43042278289795" lon="-119.90416288375854">
        <ele>32.31</ele>
      </trkpt>
      <trkpt lat="34.43034751340747" lon="-119.90394797176123">
        <ele>32.31</ele>
      </trkpt>
      <trkpt lat="34.430272579193115" lon="-119.90373373031616">
        <ele>32.3</ele>
      </trkpt>
      <trkpt lat="34.430198818445206" lon="-119.90339593961835">
        <ele>32.23</ele>
      </trkpt>
      <trkpt lat="34.43012514151633" lon="-119.90305823273957">
        <ele>32.14</ele>
      </trkpt>
      <trkpt lat="34.43005146458745" lon="-119.90272044204175">
        <ele>32.03</ele>
      </trkpt>
      <trkpt lat="34.42997778765857" lon="-119.90238273516297">
        <ele>31.86</ele>
      </trkpt>
      <trkpt lat="34.429904110729694" lon="-119.90204502828419">
        <ele>31.74</ele>
      </trkpt>
      <trkpt lat="34.42983043380082" lon="-119.90170723758638">
        <ele>31.6</ele>
      </trkpt>
      <trkpt lat="34.429757595062256" lon="-119.90137338638306">
        <ele>31.46</ele>
      </trkpt>
      <trkpt lat="34.42972172051668" lon="-119.90110826678574">
        <ele>31.28</ele>
      </trkpt>
      <trkpt lat="34.42968592979014" lon="-119.90084314718843">
        <ele>31.11</ele>
      </trkpt>
      <trkpt lat="34.42965030670166" lon="-119.90057945251465">
        <ele>30.9</ele>
      </trkpt>
      <trkpt lat="34.42965030670166" lon="-119.90047216415405">
        <ele>30.68</ele>
      </trkpt>
      <trkpt lat="34.4296395778656" lon="-119.90009590052068">
        <ele>30.43</ele>
      </trkpt>
      <trkpt lat="34.42962893284857" lon="-119.89972114562988">
        <ele>30.18</ele>
      </trkpt>
      <trkpt lat="34.42960739135742" lon="-119.8996353149414">
        <ele>29.93</ele>
      </trkpt>
      <trkpt lat="34.42962348461151" lon="-119.89928050898015">
        <ele>29.7</ele>
      </trkpt>
      <trkpt lat="34.4296395778656" lon="-119.89892578683794">
        <ele>29.47</ele>
      </trkpt>
      <trkpt lat="34.42965575493872" lon="-119.89857106469572">
        <ele>29.22</ele>
      </trkpt>
      <trkpt lat="34.42967176437378" lon="-119.89821910858154">
        <ele>28.93</ele>
      </trkpt>
      <trkpt lat="34.42967176437378" lon="-119.89789229817688">
        <ele>28.66</ele>
      </trkpt>
      <trkpt lat="34.42967176437378" lon="-119.89756548777223">
        <ele>28.38</ele>
      </trkpt>
      <trkpt lat="34.42967176437378" lon="-119.8972387611866">
        <ele>28.14</ele>
      </trkpt>
      <trkpt lat="34.42967176437378" lon="-119.89691195078194">
        <ele>27.89</ele>
      </trkpt>
      <trkpt lat="34.42967176437378" lon="-119.89658832550049">
        <ele>27.62</ele>
      </trkpt>
      <trkpt lat="34.42967176437378" lon="-119.89650249481201">
        <ele>27.39</ele>
      </trkpt>
      <trkpt lat="34.42968458868563" lon="-119.89612841047347">
        <ele>27.13</ele>
      </trkpt>
      <trkpt lat="34.429697496816516" lon="-119.89575432613492">
        <ele>26.91</ele>
      </trkpt>
      <trkpt lat="34.4297104049474" lon="-119.89538024179637">
        <ele>26.66</ele>
      </trkpt>
      <trkpt lat="34.429723313078284" lon="-119.89500615745783">
        <ele>26.43</ele>
      </trkpt>
      <trkpt lat="34.42973613739014" lon="-119.89463567733765">
        <ele>26.16</ele>
      </trkpt>
      <trkpt lat="34.4296932220459" lon="-119.89450693130493">
        <ele>25.97</ele>
      </trkpt>
      <trkpt lat="34.42970395088196" lon="-119.8942166659981">
        <ele>25.78</ele>
      </trkpt>
      <trkpt lat="34.42971476353705" lon="-119.89392640069127">
        <ele>25.64</ele>
      </trkpt>
      <trkpt lat="34.42972549237311" lon="-119.89363621920347">
        <ele>25.58</ele>
      </trkpt>
      <trkpt lat="34.42973622120917" lon="-119.8933482170105">
        <ele>25.6</ele>
      </trkpt>
      <trkpt lat="34.42973613739014" lon="-119.8933482170105">
        <ele>25.5</ele>
      </trkpt>
      <trkpt lat="34.429740412160754" lon="-119.89298268221319">
        <ele>25.51</ele>
      </trkpt>
      <trkpt lat="34.42974468693137" lon="-119.89261723123491">
        <ele>25.49</ele>
      </trkpt>
      <trkpt lat="34.42974896170199" lon="-119.89225178025663">
        <ele>25.46</ele>
      </trkpt>
      <trkpt lat="34.42975332029164" lon="-119.89188624545932">
        <ele>25.35</ele>
      </trkpt>
      <trkpt lat="34.429757595062256" lon="-119.89152431488037">
        <ele>25.24</ele>
      </trkpt>
      <trkpt lat="34.42976111546159" lon="-119.89118384197354">
        <ele>25.15</ele>
      </trkpt>
      <trkpt lat="34.42976471967995" lon="-119.89084345288575">
        <ele>25.06</ele>
      </trkpt>
      <trkpt lat="34.429768323898315" lon="-119.89050306379795">
        <ele>24.92</ele>
      </trkpt>
      <trkpt lat="34.42977192811668" lon="-119.89016267471015">
        <ele>24.75</ele>
      </trkpt>
      <trkpt lat="34.42977544851601" lon="-119.88982228562236">
        <ele>24.61</ele>
      </trkpt>
      <trkpt lat="34.429779052734375" lon="-119.88948583602905">
        <ele>24.54</ele>
      </trkpt>
      <trkpt lat="34.42978760227561" lon="-119.88912030123174">
        <ele>24.47</ele>
      </trkpt>
      <trkpt lat="34.42979623563588" lon="-119.88875485025346">
        <ele>24.36</ele>
      </trkpt>
      <trkpt lat="34.42980486899614" lon="-119.88838939927518">
        <ele>24.21</ele>
      </trkpt>
      <trkpt lat="34.42981350235641" lon="-119.88802386447787">
        <ele>24.05</ele>
      </trkpt>
      <trkpt lat="34.429822051897645" lon="-119.88766193389893">
        <ele>23.87</ele>
      </trkpt>
      <trkpt lat="34.42982196807861" lon="-119.88766193389893">
        <ele>23.67</ele>
      </trkpt>
      <trkpt lat="34.42982196807861" lon="-119.8874039389193">
        <ele>23.45</ele>
      </trkpt>
      <trkpt lat="34.42982196807861" lon="-119.88714594393969">
        <ele>23.19</ele>
      </trkpt>
      <trkpt lat="34.42982196807861" lon="-119.88688945770264">
        <ele>22.92</ele>
      </trkpt>
      <trkpt lat="34.42983269691467" lon="-119.88655619323254">
        <ele>22.64</ele>
      </trkpt>
      <trkpt lat="34.429843509569764" lon="-119.88622426986694">
        <ele>22.37</ele>
      </trkpt>
      <trkpt lat="34.42984342575073" lon="-119.88611698150635">
        <ele>22.07</ele>
      </trkpt>
      <trkpt lat="34.42984342575073" lon="-119.88605260848999">
        <ele>21.74</ele>
      </trkpt>
      <trkpt lat="34.42984342575073" lon="-119.8857587389648">
        <ele>21.37</ele>
      </trkpt>
      <trkpt lat="34.42984342575073" lon="-119.88546495325863">
        <ele>20.97</ele>
      </trkpt>
      <trkpt lat="34.42984342575073" lon="-119.8851728439331">
        <ele>20.56</ele>
      </trkpt>
      <trkpt lat="34.429856250062585" lon="-119.88486749120057">
        <ele>20.13</ele>
      </trkpt>
      <trkpt lat="34.42986915819347" lon="-119.88456222228706">
        <ele>19.7</ele>
      </trkpt>
      <trkpt lat="34.42988206632435" lon="-119.88425695337355">
        <ele>19.26</ele>
      </trkpt>
      <trkpt lat="34.42989497445524" lon="-119.88395168446004">
        <ele>18.82</ele>
      </trkpt>
      <trkpt lat="34.42990779876709" lon="-119.88364934921265">
        <ele>18.41</ele>
      </trkpt>
      <trkpt lat="34.42990779876709" lon="-119.88354206085205">
        <ele>18.0</ele>
      </trkpt>
      <trkpt lat="34.42991131916642" lon="-119.88320519216359">
        <ele>17.56</ele>
      </trkpt>
      <trkpt lat="34.429914923384786" lon="-119.88286840729415">
        <ele>17.17</ele>
      </trkpt>
      <trkpt lat="34.42991852760315" lon="-119.88253162242472">
        <ele>16.76</ele>
      </trkpt>
      <trkpt lat="34.42992213182151" lon="-119.88219475373626">
        <ele>16.37</ele>
      </trkpt>
      <trkpt lat="34.429925652220845" lon="-119.88185796886683">
        <ele>15.98</ele>
      </trkpt>
      <trkpt lat="34.42992925643921" lon="-119.88152503967285">
        <ele>15.62</ele>
      </trkpt>
      <trkpt lat="34.429936381056905" lon="-119.88124550320208">
        <ele>15.24</ele>
      </trkpt>
      <trkpt lat="34.42994358949363" lon="-119.88096605055034">
        <ele>14.9</ele>
      </trkpt>
      <trkpt lat="34.42995071411133" lon="-119.8806881904602">
        <ele>14.6</ele>
      </trkpt>
      <trkpt lat="34.42995071411133" lon="-119.8804193828255">
        <ele>14.33</ele>
      </trkpt>
      <trkpt lat="34.42995079793036" lon="-119.88015174865723">
        <ele>14.1</ele>
      </trkpt>
      <trkpt lat="34.42997225560248" lon="-119.88006591796875">
        <ele>13.85</ele>
      </trkpt>
      <trkpt lat="34.42997217178345" lon="-119.87970113754272">
        <ele>13.62</ele>
      </trkpt>
      <trkpt lat="34.42997217178345" lon="-119.8794431425631">
        <ele>13.45</ele>
      </trkpt>
      <trkpt lat="34.42997217178345" lon="-119.87918514758348">
        <ele>13.29</ele>
      </trkpt>
      <trkpt lat="34.42997217178345" lon="-119.87892866134644">
        <ele>13.14</ele>
      </trkpt>
      <trkpt lat="34.42997217178345" lon="-119.87861685454845">
        <ele>13.01</ele>
      </trkpt>
      <trkpt lat="34.42997217178345" lon="-119.8783051315695">
        <ele>12.87</ele>
      </trkpt>
      <trkpt lat="34.42997217178345" lon="-119.87799340859056">
        <ele>12.78</ele>
      </trkpt>
      <trkpt lat="34.42997217178345" lon="-119.87768411636353">
        <ele>12.71</ele>
      </trkpt>
      <trkpt lat="34.42997217178345" lon="-119.87755537033081">
        <ele>12.64</ele>
      </trkpt>
      <trkpt lat="34.42998072132468" lon="-119.87721992656589">
        <ele>12.6</ele>
      </trkpt>
      <trkpt lat="34.42998935468495" lon="-119.87688456661999">
        <ele>12.59</ele>
      </trkpt>
      <trkpt lat="34.429997904226184" lon="-119.8765492066741">
        <ele>12.61</ele>
      </trkpt>
      <trkpt lat="34.43000653758645" lon="-119.8762138467282">
        <ele>12.65</ele>
      </trkpt>
      <trkpt lat="34.430015087127686" lon="-119.87588167190552">
        <ele>12.72</ele>
      </trkpt>
      <trkpt lat="34.43001860752702" lon="-119.8755161371082">
        <ele>12.81</ele>
      </trkpt>
      <trkpt lat="34.43002221174538" lon="-119.87515068612993">
        <ele>12.9</ele>
      </trkpt>
      <trkpt lat="34.430025815963745" lon="-119.87478523515165">
        <ele>12.98</ele>
      </trkpt>
      <trkpt lat="34.43002942018211" lon="-119.87441970035434">
        <ele>13.08</ele>
      </trkpt>
      <trkpt lat="34.43003302440047" lon="-119.87405424937606">
        <ele>13.18</ele>
      </trkpt>
      <trkpt lat="34.430036628618836" lon="-119.87369298934937">
        <ele>13.31</ele>
      </trkpt>
      <trkpt lat="34.430036628618836" lon="-119.87360715866089">
        <ele>13.43</ele>
      </trkpt>
      <trkpt lat="34.430036544799805" lon="-119.8734998703003">
        <ele>13.54</ele>
      </trkpt>
      <trkpt lat="34.430036628618836" lon="-119.87343549728394">
        <ele>13.66</ele>
      </trkpt>
      <trkpt lat="34.430036544799805" lon="-119.87343549728394">
        <ele>13.78</ele>
      </trkpt>
      <trkpt lat="34.43004509434104" lon="-119.87312159501016">
        <ele>13.9</ele>
      </trkpt>
      <trkpt lat="34.430053727701306" lon="-119.87280769273639">
        <ele>14.01</ele>
      </trkpt>
      <trkpt lat="34.43006236106157" lon="-119.87249379046261">
        <ele>14.13</ele>
      </trkpt>
      <trkpt lat="34.43007099442184" lon="-119.87217997200787">
        <ele>14.24</ele>
      </trkpt>
      <trkpt lat="34.430079543963075" lon="-119.87186908721924">
        <ele>14.35</ele>
      </trkpt>
      <trkpt lat="34.430079543963075" lon="-119.87178325653076">
        <ele>14.45</ele>
      </trkpt>
      <trkpt lat="34.430079543963075" lon="-119.87157898955047">
        <ele>14.55</ele>
      </trkpt>
      <trkpt lat="34.430079543963075" lon="-119.8713755607605">
        <ele>14.63</ele>
      </trkpt>
      <trkpt lat="34.43007946014404" lon="-119.8713755607605">
        <ele>14.72</ele>
      </trkpt>
      <trkpt lat="34.43008658476174" lon="-119.87103156745434">
        <ele>14.79</ele>
      </trkpt>
      <trkpt lat="34.430093793198466" lon="-119.87068757414818">
        <ele>14.85</ele>
      </trkpt>
      <trkpt lat="34.43010091781616" lon="-119.87034559249878">
        <ele>14.9</ele>
      </trkpt>
      <trkpt lat="34.43010091781616" lon="-119.87009832635522">
        <ele>14.95</ele>
      </trkpt>
      <trkpt lat="34.43010091781616" lon="-119.86985206604004">
        <ele>15.0</ele>
      </trkpt>
      <trkpt lat="34.43025120534003" lon="-119.86985206604004">
        <ele>15.03</ele>
      </trkpt>
      <trkpt lat="34.430294036865234" lon="-119.86985206604004">
        <ele>15.06</ele>
      </trkpt>
      <trkpt lat="34.430294120684266" lon="-119.86983060836792">
        <ele>15.07</ele>
      </trkpt>
      <trkpt lat="34.43031549453735" lon="-119.86983060836792">
        <ele>15.08</ele>
      </trkpt>
      <trkpt lat="34.430315578356385" lon="-119.86974477767944">
        <ele>15.07</ele>
      </trkpt>
      <trkpt lat="34.430251121520996" lon="-119.86974477767944">
        <ele>15.05</ele>
      </trkpt>
      <trkpt lat="34.43020284175873" lon="-119.86975165084004">
        <ele>15.02</ele>
      </trkpt>
      <trkpt lat="34.43010091781616" lon="-119.86976623535156">
        <ele>14.97</ele>
      </trkpt>
      <trkpt lat="34.43010091781616" lon="-119.86961603164673">
        <ele>14.9</ele>
      </trkpt>
      <trkpt lat="34.430101001635194" lon="-119.86948728561401">
        <ele>14.83</ele>
      </trkpt>
      <trkpt lat="34.43011173047125" lon="-119.86919702030718">
        <ele>14.75</ele>
      </trkpt>
      <trkpt lat="34.43012245930731" lon="-119.8689079284668">
        <ele>14.66</ele>
      </trkpt>
      <trkpt lat="34.43012237548828" lon="-119.8689079284668">
        <ele>14.55</ele>
      </trkpt>
      <trkpt lat="34.43012237548828" lon="-119.8686933517456">
        <ele>14.42</ele>
      </trkpt>
      <trkpt lat="34.4301438331604" lon="-119.86860752105713">
        <ele>14.29</ele>
      </trkpt>
      <trkpt lat="34.430058002471924" lon="-119.86860752105713">
        <ele>14.12</ele>
      </trkpt>
      <trkpt lat="34.43007946014404" lon="-119.8682427406311">
        <ele>13.94</ele>
      </trkpt>
      <trkpt lat="34.4300901889801" lon="-119.86794174648821">
        <ele>13.78</ele>
      </trkpt>
      <trkpt lat="34.430101001635194" lon="-119.86764192581177">
        <ele>13.59</ele>
      </trkpt>
      <trkpt lat="34.43010812625289" lon="-119.86737672239542">
        <ele>13.39</ele>
      </trkpt>
      <trkpt lat="34.430115250870585" lon="-119.8671116027981">
        <ele>13.16</ele>
      </trkpt>
      <trkpt lat="34.43012237548828" lon="-119.86684799194336">
        <ele>12.91</ele>
      </trkpt>
      <trkpt lat="34.43016537465155" lon="-119.86684799194336">
        <ele>12.66</ele>
      </trkpt>
      <trkpt lat="34.43016537465155" lon="-119.86663299612701">
        <ele>12.36</ele>
      </trkpt>
      <trkpt lat="34.43016537465155" lon="-119.86641883850098">
        <ele>12.05</ele>
      </trkpt>
      <trkpt lat="34.43016529083252" lon="-119.86641883850098">
        <ele>11.76</ele>
      </trkpt>
      <trkpt lat="34.43016529083252" lon="-119.86616084352136">
        <ele>11.41</ele>
      </trkpt>
      <trkpt lat="34.43016529083252" lon="-119.86590284854174">
        <ele>11.08</ele>
      </trkpt>
      <trkpt lat="34.43016537465155" lon="-119.86564636230469">
        <ele>10.76</ele>
      </trkpt>
      <trkpt lat="34.43017610348761" lon="-119.86540982499719">
        <ele>10.42</ele>
      </trkpt>
      <trkpt lat="34.43018683232367" lon="-119.86517429351807">
        <ele>10.06</ele>
      </trkpt>
      <trkpt lat="34.43019211292267" lon="-119.86482493579388">
        <ele>9.7</ele>
      </trkpt>
      <trkpt lat="34.4301974773407" lon="-119.86447557806969">
        <ele>9.31</ele>
      </trkpt>
      <trkpt lat="34.43020284175873" lon="-119.8641262203455">
        <ele>8.96</ele>
      </trkpt>
      <trkpt lat="34.43020820617676" lon="-119.86377954483032">
        <ele>8.57</ele>
      </trkpt>
      <trkpt lat="34.43020820617676" lon="-119.86369371414185">
        <ele>8.24</ele>
      </trkpt>
      <trkpt lat="34.43020828999579" lon="-119.8634147644043">
        <ele>7.91</ele>
      </trkpt>
      <trkpt lat="34.43020828999579" lon="-119.86328601837158">
        <ele>7.58</ele>
      </trkpt>
      <trkpt lat="34.430215414613485" lon="-119.8629348166287">
        <ele>7.25</ele>
      </trkpt>
      <trkpt lat="34.43022253923118" lon="-119.86258369870484">
        <ele>6.91</ele>
      </trkpt>
      <trkpt lat="34.43022974766791" lon="-119.86223258078098">
        <ele>6.61</ele>
      </trkpt>
      <trkpt lat="34.430236872285604" lon="-119.8618813790381">
        <ele>6.31</ele>
      </trkpt>
      <trkpt lat="34.4302439969033" lon="-119.86153026111424">
        <ele>6.02</ele>
      </trkpt>
      <trkpt lat="34.430251121520996" lon="-119.8611831665039">
        <ele>5.71</ele>
      </trkpt>
      <trkpt lat="34.430251121520996" lon="-119.86086063086987">
        <ele>5.45</ele>
      </trkpt>
      <trkpt lat="34.430251121520996" lon="-119.86053943634033">
        <ele>5.2</ele>
      </trkpt>
      <trkpt lat="34.430283308029175" lon="-119.86020617187023">
        <ele>4.96</ele>
      </trkpt>
      <trkpt lat="34.43031549453735" lon="-119.85987424850464">
        <ele>4.73</ele>
      </trkpt>
      <trkpt lat="34.43031549453735" lon="-119.85976696014404">
        <ele>4.51</ele>
      </trkpt>
      <trkpt lat="34.43033695220947" lon="-119.85959529876709">
        <ele>4.31</ele>
      </trkpt>
      <trkpt lat="34.43035849370062" lon="-119.85944509506226">
        <ele>4.12</ele>
      </trkpt>
      <trkpt lat="34.430251121520996" lon="-119.85944509506226">
        <ele>3.94</ele>
      </trkpt>
      <trkpt lat="34.430058002471924" lon="-119.85950946807861">
        <ele>3.77</ele>
      </trkpt>
      <trkpt lat="34.429749799892306" lon="-119.85953939147294">
        <ele>3.62</ele>
      </trkpt>
      <trkpt lat="34.42944159731269" lon="-119.85956931486726">
        <ele>3.44</ele>
      </trkpt>
      <trkpt lat="34.42913339473307" lon="-119.85959932208061">
        <ele>3.3</ele>
      </trkpt>
      <trkpt lat="34.428825275972486" lon="-119.85962924547493">
        <ele>3.18</ele>
      </trkpt>
      <trkpt lat="34.428513050079346" lon="-119.85965967178345">
        <ele>3.08</ele>
      </trkpt>
      <trkpt lat="34.42821725271642" lon="-119.85965967178345">
        <ele>2.98</ele>
      </trkpt>
      <trkpt lat="34.42792153917253" lon="-119.85965967178345">
        <ele>2.9</ele>
      </trkpt>
      <trkpt lat="34.42762582562864" lon="-119.85965967178345">
        <ele>2.82</ele>
      </trkpt>
      <trkpt lat="34.427330112084746" lon="-119.85965967178345">
        <ele>2.76</ele>
      </trkpt>
      <trkpt lat="34.427034398540854" lon="-119.85965967178345">
        <ele>2.71</ele>
      </trkpt>
      <trkpt lat="34.42673868499696" lon="-119.85965967178345">
        <ele>2.67</ele>
      </trkpt>
      <trkpt lat="34.42644297145307" lon="-119.85965967178345">
        <ele>2.64</ele>
      </trkpt>
      <trkpt lat="34.42614725790918" lon="-119.85965967178345">
        <ele>2.62</ele>
      </trkpt>
      <trkpt lat="34.42585154436529" lon="-119.85965967178345">
        <ele>2.6</ele>
      </trkpt>
      <trkpt lat="34.425555830821395" lon="-119.85965967178345">
        <ele>2.6</ele>
      </trkpt>
      <trkpt lat="34.425251483917236" lon="-119.85965967178345">
        <ele>2.61</ele>
      </trkpt>
      <trkpt lat="34.42525156773627" lon="-119.85965967178345">
        <ele>2.63</ele>
      </trkpt>
      <trkpt lat="34.42495836876333" lon="-119.85965749248862">
        <ele>2.65</ele>
      </trkpt>
      <trkpt lat="34.42466516979039" lon="-119.8596553131938">
        <ele>2.68</ele>
      </trkpt>
      <trkpt lat="34.42437197081745" lon="-119.859653217718">
        <ele>2.73</ele>
      </trkpt>
      <trkpt lat="34.424078771844506" lon="-119.85965103842318">
        <ele>2.78</ele>
      </trkpt>
      <trkpt lat="34.423785572871566" lon="-119.85964894294739">
        <ele>2.84</ele>
      </trkpt>
      <trkpt lat="34.423492373898625" lon="-119.85964676365256">
        <ele>2.91</ele>
      </trkpt>
      <trkpt lat="34.423199174925685" lon="-119.85964466817677">
        <ele>2.98</ele>
      </trkpt>
      <trkpt lat="34.422905975952744" lon="-119.85964248888195">
        <ele>3.07</ele>
      </trkpt>
      <trkpt lat="34.422612776979804" lon="-119.85964039340615">
        <ele>3.16</ele>
      </trkpt>
      <trkpt lat="34.422311782836914" lon="-119.85963821411133">
        <ele>3.26</ele>
      </trkpt>
      <trkpt lat="34.42214012145996" lon="-119.8594880104065">
        <ele>3.37</ele>
      </trkpt>
      <trkpt lat="34.422075832262635" lon="-119.8594880104065">
        <ele>3.48</ele>
      </trkpt>
      <trkpt lat="34.422032833099365" lon="-119.8594880104065">
        <ele>3.61</ele>
      </trkpt>
      <trkpt lat="34.42201145924628" lon="-119.8594880104065">
        <ele>3.74</ele>
      </trkpt>
      <trkpt lat="34.42183971405029" lon="-119.85963821411133">
        <ele>3.88</ele>
      </trkpt>
      <trkpt lat="34.42156679928303" lon="-119.85964349471033">
        <ele>4.03</ele>
      </trkpt>
      <trkpt lat="34.421293968334794" lon="-119.85964885912836">
        <ele>4.18</ele>
      </trkpt>
      <trkpt lat="34.42102113738656" lon="-119.85965422354639">
        <ele>4.35</ele>
      </trkpt>
      <trkpt lat="34.42074537277222" lon="-119.85965967178345">
        <ele>4.55</ele>
      </trkpt>
      <trkpt lat="34.42044496536255" lon="-119.85970258712769">
        <ele>4.72</ele>
      </trkpt>
      <trkpt lat="34.42022016271949" lon="-119.85976679250598">
        <ele>4.89</ele>
      </trkpt>
      <trkpt lat="34.41999435424805" lon="-119.8598313331604">
        <ele>5.07</ele>
      </trkpt>
      <trkpt lat="34.41999443806708" lon="-119.8598313331604">
        <ele>5.26</ele>
      </trkpt>
      <trkpt lat="34.419745998457074" lon="-119.8599383700639">
        <ele>5.47</ele>
      </trkpt>
      <trkpt lat="34.4194976426661" lon="-119.8600454069674">
        <ele>5.7</ele>
      </trkpt>
      <trkpt lat="34.4192492030561" lon="-119.8601524438709">
        <ele>5.96</ele>
      </trkpt>
      <trkpt lat="34.419000847265124" lon="-119.86025956459343">
        <ele>6.19</ele>
      </trkpt>
      <trkpt lat="34.41874980926514" lon="-119.86036777496338">
        <ele>6.37</ele>
      </trkpt>
      <trkpt lat="34.41849290393293" lon="-119.86041764728725">
        <ele>6.57</ele>
      </trkpt>
      <trkpt lat="34.41823608241975" lon="-119.86046760343015">
        <ele>6.77</ele>
      </trkpt>
      <trkpt lat="34.41797733306885" lon="-119.86051797866821">
        <ele>6.98</ele>
      </trkpt>
      <trkpt lat="34.41793441772461" lon="-119.86047506332397">
        <ele>7.18</ele>
      </trkpt>
      <trkpt lat="34.417841294780374" lon="-119.86022436060011">
        <ele>7.4</ele>
      </trkpt>
      <trkpt lat="34.41774817183614" lon="-119.85997374169528">
        <ele>7.61</ele>
      </trkpt>
      <trkpt lat="34.41765546798706" lon="-119.8597240447998">
        <ele>7.84</ele>
      </trkpt>
      <trkpt lat="34.417569637298584" lon="-119.85968112945557">
        <ele>8.03</ele>
      </trkpt>
      <trkpt lat="34.4175482634455" lon="-119.85957384109497">
        <ele>8.21</ele>
      </trkpt>
      <trkpt lat="34.417548179626465" lon="-119.85926203429699">
        <ele>8.39</ele>
      </trkpt>
      <trkpt lat="34.417548179626465" lon="-119.85895156860352">
        <ele>8.58</ele>
      </trkpt>
      <trkpt lat="34.417569721117616" lon="-119.85884428024292">
        <ele>8.76</ele>
      </trkpt>
      <trkpt lat="34.41763401031494" lon="-119.85877990722656">
        <ele>8.92</ele>
      </trkpt>
      <trkpt lat="34.41763401031494" lon="-119.85869407653809">
        <ele>9.08</ele>
      </trkpt>
      <trkpt lat="34.41761255264282" lon="-119.85858678817749">
        <ele>9.24</ele>
      </trkpt>
      <trkpt lat="34.417612636461854" lon="-119.85858678817749">
        <ele>9.39</ele>
      </trkpt>
      <trkpt lat="34.417548179626465" lon="-119.85850095748901">
        <ele>9.55</ele>
      </trkpt>
      <trkpt lat="34.4175482634455" lon="-119.85841512680054">
        <ele>9.7</ele>
      </trkpt>
      <trkpt lat="34.417548179626465" lon="-119.8581248614937">
        <ele>9.84</ele>
      </trkpt>
      <trkpt lat="34.417548179626465" lon="-119.85783576965332">
        <ele>9.98</ele>
      </trkpt>
      <trkpt lat="34.417548179626465" lon="-119.85756696201861">
        <ele>10.11</ele>
      </trkpt>
      <trkpt lat="34.4175482634455" lon="-119.85729932785034">
        <ele>10.24</ele>
      </trkpt>
      <trkpt lat="34.417591178789735" lon="-119.85714912414551">
        <ele>10.38</ele>
      </trkpt>
      <trkpt lat="34.41763401031494" lon="-119.8570203781128">
        <ele>10.5</ele>
      </trkpt>
      <trkpt lat="34.41750526428223" lon="-119.8570203781128">
        <ele>10.64</ele>
      </trkpt>
      <trkpt lat="34.41741943359375" lon="-119.8570203781128">
        <ele>10.76</ele>
      </trkpt>
      <trkpt lat="34.417290687561035" lon="-119.8570203781128">
        <ele>10.88</ele>
      </trkpt>
      <trkpt lat="34.41722639836371" lon="-119.85704183578491">
        <ele>11.0</ele>
      </trkpt>
      <trkpt lat="34.417108464986086" lon="-119.85703001730144">
        <ele>11.11</ele>
      </trkpt>
      <trkpt lat="34.41722639836371" lon="-119.85704183578491">
        <ele>11.0</ele>
      </trkpt>
      <trkpt lat="34.417290687561035" lon="-119.8570203781128">
        <ele>10.88</ele>
      </trkpt>
      <trkpt lat="34.41741943359375" lon="-119.8570203781128">
        <ele>10.76</ele>
      </trkpt>
      <trkpt lat="34.41750526428223" lon="-119.8570203781128">
        <ele>10.64</ele>
      </trkpt>
      <trkpt lat="34.41763409413397" lon="-119.8570203781128">
        <ele>11.67</ele>
      </trkpt>
      <trkpt lat="34.417612636461854" lon="-119.8569130897522">
        <ele>11.79</ele>
      </trkpt>
      <trkpt lat="34.4175482634455" lon="-119.85674142837524">
        <ele>11.94</ele>
      </trkpt>
      <trkpt lat="34.417537450790405" lon="-119.85645116306841">
        <ele>12.06</ele>
      </trkpt>
      <trkpt lat="34.41752680577338" lon="-119.85616207122803">
        <ele>12.2</ele>
      </trkpt>
      <trkpt lat="34.41752680577338" lon="-119.85590407624841">
        <ele>12.36</ele>
      </trkpt>
      <trkpt lat="34.41752680577338" lon="-119.85564708709717">
        <ele>12.5</ele>
      </trkpt>
      <trkpt lat="34.4175910949707" lon="-119.85549688339233">
        <ele>12.63</ele>
      </trkpt>
      <trkpt lat="34.41763409413397" lon="-119.85536813735962">
        <ele>12.77</ele>
      </trkpt>
      <trkpt lat="34.417591178789735" lon="-119.85526084899902">
        <ele>12.92</ele>
      </trkpt>
      <trkpt lat="34.417548179626465" lon="-119.85515356063843">
        <ele>13.08</ele>
      </trkpt>
      <trkpt lat="34.41752680577338" lon="-119.85485315322876">
        <ele>13.23</ele>
      </trkpt>
      <trkpt lat="34.417526721954346" lon="-119.8545091599226">
        <ele>13.37</ele>
      </trkpt>
      <trkpt lat="34.417526721954346" lon="-119.85416516661644">
        <ele>13.55</ele>
      </trkpt>
      <trkpt lat="34.417526721954346" lon="-119.85382318496704">
        <ele>13.69</ele>
      </trkpt>
      <trkpt lat="34.417526721954346" lon="-119.85375881195068">
        <ele>13.83</ele>
      </trkpt>
      <trkpt lat="34.41750526428223" lon="-119.85363006591797">
        <ele>13.97</ele>
      </trkpt>
      <trkpt lat="34.41748380661011" lon="-119.85358715057373">
        <ele>14.1</ele>
      </trkpt>
      <trkpt lat="34.41750534810126" lon="-119.85352277755737">
        <ele>14.24</ele>
      </trkpt>
      <trkpt lat="34.41752680577338" lon="-119.85350131988525">
        <ele>14.37</ele>
      </trkpt>
      <trkpt lat="34.417569637298584" lon="-119.85347986221313">
        <ele>14.5</ele>
      </trkpt>
      <trkpt lat="34.417612636461854" lon="-119.85345840454102">
        <ele>14.63</ele>
      </trkpt>
      <trkpt lat="34.41765546798706" lon="-119.85339403152466">
        <ele>14.76</ele>
      </trkpt>
      <trkpt lat="34.4176983833313" lon="-119.8532223701477">
        <ele>14.88</ele>
      </trkpt>
      <trkpt lat="34.417548179626465" lon="-119.85290050506592">
        <ele>15.03</ele>
      </trkpt>
      <trkpt lat="34.41744080744684" lon="-119.85269648954272">
        <ele>15.16</ele>
      </trkpt>
      <trkpt lat="34.41733360290527" lon="-119.85249280929565">
        <ele>15.27</ele>
      </trkpt>
      <trkpt lat="34.417312145233154" lon="-119.85238552093506">
        <ele>15.38</ele>
      </trkpt>
      <trkpt lat="34.41739797592163" lon="-119.85212802886963">
        <ele>15.5</ele>
      </trkpt>
      <trkpt lat="34.41743016242981" lon="-119.85188076272607">
        <ele>15.62</ele>
      </trkpt>
      <trkpt lat="34.41746234893799" lon="-119.85163450241089">
        <ele>15.72</ele>
      </trkpt>
      <trkpt lat="34.41743007861078" lon="-119.85136577859521">
        <ele>15.8</ele>
      </trkpt>
      <trkpt lat="34.41739805974066" lon="-119.85109806060791">
        <ele>15.88</ele>
      </trkpt>
      <trkpt lat="34.41739805974066" lon="-119.85105514526367">
        <ele>15.96</ele>
      </trkpt>
      <trkpt lat="34.41738724708557" lon="-119.85084014944732">
        <ele>16.02</ele>
      </trkpt>
      <trkpt lat="34.41737651824951" lon="-119.85062599182129">
        <ele>16.09</ele>
      </trkpt>
      <trkpt lat="34.41733360290527" lon="-119.85049724578857">
        <ele>16.14</ele>
      </trkpt>
      <trkpt lat="34.41724785603583" lon="-119.8504114151001">
        <ele>16.19</ele>
      </trkpt>
      <trkpt lat="34.41712615080178" lon="-119.85018954612315">
        <ele>16.23</ele>
      </trkpt>
      <trkpt lat="34.41700444556773" lon="-119.8499676771462">
        <ele>16.27</ele>
      </trkpt>
      <trkpt lat="34.41688299179077" lon="-119.8497462272644">
        <ele>16.3</ele>
      </trkpt>
      <trkpt lat="34.416818702593446" lon="-119.84953165054321">
        <ele>16.32</ele>
      </trkpt>
      <trkpt lat="34.416775703430176" lon="-119.84935998916626">
        <ele>16.34</ele>
      </trkpt>
      <trkpt lat="34.41673278808594" lon="-119.84925270080566">
        <ele>16.36</ele>
      </trkpt>
      <trkpt lat="34.41671141423285" lon="-119.84903812408447">
        <ele>16.37</ele>
      </trkpt>
      <trkpt lat="34.41671133041382" lon="-119.84903812408447">
        <ele>16.37</ele>
      </trkpt>
      <trkpt lat="34.41673278808594" lon="-119.84897375106812">
        <ele>16.37</ele>
      </trkpt>
      <trkpt lat="34.416721975430846" lon="-119.84869421459734">
        <ele>16.36</ele>
      </trkpt>
      <trkpt lat="34.41671133041382" lon="-119.84841585159302">
        <ele>16.35</ele>
      </trkpt>
      <trkpt lat="34.41671133041382" lon="-119.84809398651123">
        <ele>16.34</ele>
      </trkpt>
      <trkpt lat="34.41671133041382" lon="-119.84802961349487">
        <ele>16.32</ele>
      </trkpt>
      <trkpt lat="34.41662549972534" lon="-119.84785795211792">
        <ele>16.3</ele>
      </trkpt>
      <trkpt lat="34.41660404205322" lon="-119.8478364944458">
        <ele>16.28</ele>
      </trkpt>
      <trkpt lat="34.4165825843811" lon="-119.84779357910156">
        <ele>16.25</ele>
      </trkpt>
      <trkpt lat="34.416582668200135" lon="-119.84770774841309">
        <ele>16.22</ele>
      </trkpt>
      <trkpt lat="34.41662549972534" lon="-119.84766483306885">
        <ele>16.19</ele>
      </trkpt>
      <trkpt lat="34.41666841506958" lon="-119.84760046005249">
        <ele>16.15</ele>
      </trkpt>
      <trkpt lat="34.41671133041382" lon="-119.84742879867554">
        <ele>16.12</ele>
      </trkpt>
      <trkpt lat="34.41671133041382" lon="-119.84736442565918">
        <ele>16.08</ele>
      </trkpt>
      <trkpt lat="34.41671133041382" lon="-119.84714942984283">
        <ele>16.04</ele>
      </trkpt>
      <trkpt lat="34.41671141423285" lon="-119.8469352722168">
        <ele>15.99</ele>
      </trkpt>
      <trkpt lat="34.41671133041382" lon="-119.8469352722168">
        <ele>15.95</ele>
      </trkpt>
      <trkpt lat="34.41670060157776" lon="-119.84655900858343">
        <ele>15.88</ele>
      </trkpt>
      <trkpt lat="34.41668995656073" lon="-119.84618425369263">
        <ele>15.84</ele>
      </trkpt>
      <trkpt lat="34.41668995656073" lon="-119.84596967697144">
        <ele>15.81</ele>
      </trkpt>
      <trkpt lat="34.41671141423285" lon="-119.84577655792236">
        <ele>15.77</ele>
      </trkpt>
      <trkpt lat="34.41671141423285" lon="-119.84551856294274">
        <ele>15.73</ele>
      </trkpt>
      <trkpt lat="34.41671141423285" lon="-119.84526056796312">
        <ele>15.71</ele>
      </trkpt>
      <trkpt lat="34.41671141423285" lon="-119.84500408172607">
        <ele>15.7</ele>
      </trkpt>
      <trkpt lat="34.41668995656073" lon="-119.84496116638184">
        <ele>15.67</ele>
      </trkpt>
      <trkpt lat="34.41666841506958" lon="-119.84487533569336">
        <ele>15.63</ele>
      </trkpt>
      <trkpt lat="34.41666849888861" lon="-119.84463930130005">
        <ele>15.6</ele>
      </trkpt>
      <trkpt lat="34.41671133041382" lon="-119.84453201293945">
        <ele>15.55</ele>
      </trkpt>
      <trkpt lat="34.41673287190497" lon="-119.84423160552979">
        <ele>15.52</ele>
      </trkpt>
      <trkpt lat="34.41673278808594" lon="-119.84423160552979">
        <ele>15.48</ele>
      </trkpt>
      <trkpt lat="34.41671133041382" lon="-119.84386682510376">
        <ele>15.44</ele>
      </trkpt>
      <trkpt lat="34.41666849888861" lon="-119.8436951637268">
        <ele>15.41</ele>
      </trkpt>
      <trkpt lat="34.416539669036865" lon="-119.84365224838257">
        <ele>15.39</ele>
      </trkpt>
      <trkpt lat="34.416368091478944" lon="-119.84365224838257">
        <ele>15.38</ele>
      </trkpt>
      <trkpt lat="34.41636800765991" lon="-119.84365224838257">
        <ele>15.35</ele>
      </trkpt>
      <trkpt lat="34.416282176971436" lon="-119.84363079071045">
        <ele>15.33</ele>
      </trkpt>
      <trkpt lat="34.416260719299316" lon="-119.84356641769409">
        <ele>15.31</ele>
      </trkpt>
      <trkpt lat="34.4162392616272" lon="-119.84337329864502">
        <ele>15.28</ele>
      </trkpt>
      <trkpt lat="34.4160680193454" lon="-119.84334111213684">
        <ele>15.26</ele>
      </trkpt>
      <trkpt lat="34.41589602269232" lon="-119.84330892562866">
        <ele>15.24</ele>
      </trkpt>
      <trkpt lat="34.415831565856934" lon="-119.84328746795654">
        <ele>15.22</ele>
      </trkpt>
      <trkpt lat="34.415788650512695" lon="-119.84322309494019">
        <ele>15.2</ele>
      </trkpt>
      <trkpt lat="34.415799379348755" lon="-119.84300809912384">
        <ele>15.15</ele>
      </trkpt>
      <trkpt lat="34.415810192003846" lon="-119.8427939414978">
        <ele>15.11</ele>
      </trkpt>
      <trkpt lat="34.415799379348755" lon="-119.84257894568145">
        <ele>15.08</ele>
      </trkpt>
      <trkpt lat="34.41578873433173" lon="-119.84236478805542">
        <ele>15.07</ele>
      </trkpt>
      <trkpt lat="34.415788650512695" lon="-119.84212875366211">
        <ele>15.04</ele>
      </trkpt>
      <trkpt lat="34.41570290364325" lon="-119.8420000076294">
        <ele>15.05</ele>
      </trkpt>
      <trkpt lat="34.415574073791504" lon="-119.84193563461304">
        <ele>15.09</ele>
      </trkpt>
      <trkpt lat="34.415338123217225" lon="-119.84193563461304">
        <ele>15.13</ele>
      </trkpt>
      <trkpt lat="34.415124049410224" lon="-119.84192842617631">
        <ele>15.15</ele>
      </trkpt>
      <trkpt lat="34.41490997560322" lon="-119.84192130155861">
        <ele>15.19</ele>
      </trkpt>
      <trkpt lat="34.41469430923462" lon="-119.84191417694092">
        <ele>15.17</ele>
      </trkpt>
      <trkpt lat="34.41469439305365" lon="-119.84191417694092">
        <ele>15.19</ele>
      </trkpt>
      <trkpt lat="34.41443681716919" lon="-119.8418927192688">
        <ele>15.21</ele>
      </trkpt>
      <trkpt lat="34.4144154433161" lon="-119.84202146530151">
        <ele>15.22</ele>
      </trkpt>
      <trkpt lat="34.41439398564398" lon="-119.84219312667847">
        <ele>15.24</ele>
      </trkpt>
      <trkpt lat="34.41439390182495" lon="-119.84219312667847">
        <ele>15.26</ele>
      </trkpt>
      <trkpt lat="34.414308071136475" lon="-119.84221458435059">
        <ele>15.28</ele>
      </trkpt>
      <trkpt lat="34.41428669728339" lon="-119.84221458435059">
        <ele>15.3</ele>
      </trkpt>
      <trkpt lat="34.41422232426703" lon="-119.84221458435059">
        <ele>15.32</ele>
      </trkpt>
      <trkpt lat="34.414072036743164" lon="-119.84221458435059">
        <ele>15.33</ele>
      </trkpt>
      <trkpt lat="34.413836086168885" lon="-119.84221458435059">
        <ele>15.31</ele>
      </trkpt>
      <trkpt lat="34.41364288330078" lon="-119.84217166900635">
        <ele>15.32</ele>
      </trkpt>
      <trkpt lat="34.413621509447694" lon="-119.84219312667847">
        <ele>15.33</ele>
      </trkpt>
      <trkpt lat="34.413578594103456" lon="-119.84219312667847">
        <ele>15.33</ele>
      </trkpt>
      <trkpt lat="34.413578510284424" lon="-119.84219312667847">
        <ele>15.33</ele>
      </trkpt>
      <trkpt lat="34.413557052612305" lon="-119.84210729598999">
        <ele>15.33</ele>
      </trkpt>
      <trkpt lat="34.413514137268066" lon="-119.84204292297363">
        <ele>15.32</ele>
      </trkpt>
      <trkpt lat="34.41349276341498" lon="-119.8420000076294">
        <ele>15.31</ele>
      </trkpt>
      <trkpt lat="34.41349267959595" lon="-119.84180688858032">
        <ele>15.29</ele>
      </trkpt>
      <trkpt lat="34.413364017382264" lon="-119.84165668487549">
        <ele>15.26</ele>
      </trkpt>
      <trkpt lat="34.41329964436591" lon="-119.84163522720337">
        <ele>15.22</ele>
      </trkpt>
      <trkpt lat="34.413063609972596" lon="-119.84142065048218">
        <ele>15.16</ele>
      </trkpt>
      <trkpt lat="34.41304215230048" lon="-119.84139919281006">
        <ele>15.09</ele>
      </trkpt>
      <trkpt lat="34.413042068481445" lon="-119.84137773513794">
        <ele>15.02</ele>
      </trkpt>
      <trkpt lat="34.413020610809326" lon="-119.84135627746582">
        <ele>14.93</ele>
      </trkpt>
      <trkpt lat="34.41297769546509" lon="-119.84129190444946">
        <ele>14.82</ele>
      </trkpt>
      <trkpt lat="34.41295623779297" lon="-119.84124898910522">
        <ele>14.71</ele>
      </trkpt>
      <trkpt lat="34.413042068481445" lon="-119.84105587005615">
        <ele>14.57</ele>
      </trkpt>
      <trkpt lat="34.41325664520264" lon="-119.84086275100708">
        <ele>14.43</ele>
      </trkpt>
      <trkpt lat="34.413428138941526" lon="-119.8406804446131">
        <ele>14.31</ele>
      </trkpt>
      <trkpt lat="34.41359996795654" lon="-119.84049797058105">
        <ele>14.18</ele>
      </trkpt>
      <trkpt lat="34.41375017166138" lon="-119.84039068222046">
        <ele>14.01</ele>
      </trkpt>
      <trkpt lat="34.41383600234985" lon="-119.8402190208435">
        <ele>13.81</ele>
      </trkpt>
      <trkpt lat="34.414029121398926" lon="-119.84011173248291">
        <ele>13.58</ele>
      </trkpt>
      <trkpt lat="34.41419365815818" lon="-119.83984694816172">
        <ele>13.33</ele>
      </trkpt>
      <trkpt lat="34.41435819491744" lon="-119.83958224765956">
        <ele>13.08</ele>
      </trkpt>
      <trkpt lat="34.414522647857666" lon="-119.8393177986145">
        <ele>12.79</ele>
      </trkpt>
      <trkpt lat="34.4146728515625" lon="-119.83918905258179">
        <ele>12.47</ele>
      </trkpt>
      <trkpt lat="34.41478734835982" lon="-119.83892410062253">
        <ele>12.11</ele>
      </trkpt>
      <trkpt lat="34.41490192897618" lon="-119.83865923248231">
        <ele>11.73</ele>
      </trkpt>
      <trkpt lat="34.415016174316406" lon="-119.83839511871338">
        <ele>11.35</ele>
      </trkpt>
      <trkpt lat="34.41515573300421" lon="-119.8380782827735">
        <ele>10.95</ele>
      </trkpt>
      <trkpt lat="34.41529537551105" lon="-119.83776153065264">
        <ele>10.49</ele>
      </trkpt>
      <trkpt lat="34.415434934198856" lon="-119.83744469471276">
        <ele>9.94</ele>
      </trkpt>
      <trkpt lat="34.415574073791504" lon="-119.83712911605835">
        <ele>9.41</ele>
      </trkpt>
      <trkpt lat="34.41571354866028" lon="-119.83691445551813">
        <ele>8.93</ele>
      </trkpt>
      <trkpt lat="34.41585302352905" lon="-119.83669996261597">
        <ele>8.44</ele>
      </trkpt>
      <trkpt lat="34.41589593887329" lon="-119.83648538589478">
        <ele>7.97</ele>
      </trkpt>
      <trkpt lat="34.41594966687262" lon="-119.8362489324063">
        <ele>7.5</ele>
      </trkpt>
      <trkpt lat="34.41600322723389" lon="-119.83601331710815">
        <ele>7.03</ele>
      </trkpt>
      <trkpt lat="34.416110599413514" lon="-119.83576990664005">
        <ele>6.6</ele>
      </trkpt>
      <trkpt lat="34.41621797159314" lon="-119.83552649617195">
        <ele>6.18</ele>
      </trkpt>
      <trkpt lat="34.416325092315674" lon="-119.8352837562561">
        <ele>5.77</ele>
      </trkpt>
      <trkpt lat="34.41645920276642" lon="-119.83503682538867">
        <ele>5.37</ele>
      </trkpt>
      <trkpt lat="34.416593397036195" lon="-119.83478989452124">
        <ele>4.99</ele>
      </trkpt>
      <trkpt lat="34.41672759130597" lon="-119.83454304747283">
        <ele>4.62</ele>
      </trkpt>
      <trkpt lat="34.41686153411865" lon="-119.83429670333862">
        <ele>4.27</ele>
      </trkpt>
      <trkpt lat="34.417068902403116" lon="-119.83401054516435">
        <ele>3.91</ele>
      </trkpt>
      <trkpt lat="34.41727627068758" lon="-119.8337244708091">
        <ele>3.57</ele>
      </trkpt>
      <trkpt lat="34.41748380661011" lon="-119.83343839645386">
        <ele>3.27</ele>
      </trkpt>
      <trkpt lat="34.41744793206453" lon="-119.83308007009327">
        <ele>2.97</ele>
      </trkpt>
      <trkpt lat="34.41741214133799" lon="-119.83272174373269">
        <ele>2.69</ele>
      </trkpt>
      <trkpt lat="34.41737651824951" lon="-119.8323655128479">
        <ele>2.45</ele>
      </trkpt>
      <trkpt lat="34.417312145233154" lon="-119.8322582244873">
        <ele>2.23</ele>
      </trkpt>
      <trkpt lat="34.4171404838562" lon="-119.83221530914307">
        <ele>2.05</ele>
      </trkpt>
      <trkpt lat="34.41711902618408" lon="-119.83212947845459">
        <ele>1.87</ele>
      </trkpt>
      <trkpt lat="34.41717275418341" lon="-119.83187148347497">
        <ele>1.65</ele>
      </trkpt>
      <trkpt lat="34.41722631454468" lon="-119.83161449432373">
        <ele>1.49</ele>
      </trkpt>
      <trkpt lat="34.41724785603583" lon="-119.83150720596313">
        <ele>1.35</ele>
      </trkpt>
      <trkpt lat="34.417269229888916" lon="-119.83137845993042">
        <ele>1.23</ele>
      </trkpt>
      <trkpt lat="34.41735506057739" lon="-119.8313570022583">
        <ele>1.13</ele>
      </trkpt>
      <trkpt lat="34.41744089126587" lon="-119.8314642906189">
        <ele>1.04</ele>
      </trkpt>
      <trkpt lat="34.417526721954346" lon="-119.83150720596313">
        <ele>0.97</ele>
      </trkpt>
      <trkpt lat="34.41771933808923" lon="-119.83157141134143">
        <ele>0.9</ele>
      </trkpt>
      <trkpt lat="34.41791296005249" lon="-119.83163595199585">
        <ele>0.86</ele>
      </trkpt>
      <trkpt lat="34.41797733306885" lon="-119.83163595199585">
        <ele>0.82</ele>
      </trkpt>
      <trkpt lat="34.418020248413086" lon="-119.83159303665161">
        <ele>0.8</ele>
      </trkpt>
      <trkpt lat="34.418063163757324" lon="-119.8313570022583">
        <ele>0.78</ele>
      </trkpt>
      <trkpt lat="34.418020248413086" lon="-119.83107805252075">
        <ele>0.78</ele>
      </trkpt>
      <trkpt lat="34.418041706085205" lon="-119.83097076416016">
        <ele>0.78</ele>
      </trkpt>
      <trkpt lat="34.41811680793762" lon="-119.83078812249005">
        <ele>0.79</ele>
      </trkpt>
      <trkpt lat="34.41819190979004" lon="-119.83060598373413">
        <ele>0.81</ele>
      </trkpt>
      <trkpt lat="34.41842794418335" lon="-119.83039140701294">
        <ele>0.83</ele>
      </trkpt>
      <trkpt lat="34.41864252090454" lon="-119.83030557632446">
        <ele>0.85</ele>
      </trkpt>
      <trkpt lat="34.41887855529785" lon="-119.83032703399658">
        <ele>0.89</ele>
      </trkpt>
      <trkpt lat="34.41902842372656" lon="-119.83039123937488">
        <ele>0.93</ele>
      </trkpt>
      <trkpt lat="34.41917896270752" lon="-119.8304557800293">
        <ele>0.99</ele>
      </trkpt>
      <trkpt lat="34.41931835375726" lon="-119.83062735758722">
        <ele>1.04</ele>
      </trkpt>
      <trkpt lat="34.41945791244507" lon="-119.8307991027832">
        <ele>1.12</ele>
      </trkpt>
      <trkpt lat="34.419565200805664" lon="-119.83084201812744">
        <ele>1.17</ele>
      </trkpt>
      <trkpt lat="34.41967248916626" lon="-119.83084201812744">
        <ele>1.21</ele>
      </trkpt>
      <trkpt lat="34.419851023703814" lon="-119.83064412139356">
        <ele>1.26</ele>
      </trkpt>
      <trkpt lat="34.42002955824137" lon="-119.83044630847871">
        <ele>1.31</ele>
      </trkpt>
      <trkpt lat="34.42020809277892" lon="-119.83024841174483">
        <ele>1.32</ele>
      </trkpt>
      <trkpt lat="34.420387130230665" lon="-119.83005017973483">
        <ele>1.36</ele>
      </trkpt>
      <trkpt lat="34.420387130230665" lon="-119.8300500959158">
        <ele>1.4</ele>
      </trkpt>
      <trkpt lat="34.42046642303467" lon="-119.82996225357056">
        <ele>1.45</ele>
      </trkpt>
      <trkpt lat="34.420645125210285" lon="-119.82977634295821">
        <ele>1.49</ele>
      </trkpt>
      <trkpt lat="34.4208238273859" lon="-119.8295905161649">
        <ele>1.53</ele>
      </trkpt>
      <trkpt lat="34.42100294865668" lon="-119.82940435409546">
        <ele>1.58</ele>
      </trkpt>
      <trkpt lat="34.42100286483765" lon="-119.82938289642334">
        <ele>1.62</ele>
      </trkpt>
      <trkpt lat="34.42116379737854" lon="-119.82912532053888">
        <ele>1.66</ele>
      </trkpt>
      <trkpt lat="34.421324729919434" lon="-119.82886791229248">
        <ele>1.7</ele>
      </trkpt>
      <trkpt lat="34.42141056060791" lon="-119.828782081604">
        <ele>1.75</ele>
      </trkpt>
      <trkpt lat="34.4216391351074" lon="-119.82859633862972">
        <ele>1.79</ele>
      </trkpt>
      <trkpt lat="34.421867709606886" lon="-119.82841059565544">
        <ele>1.83</ele>
      </trkpt>
      <trkpt lat="34.422096284106374" lon="-119.82822485268116">
        <ele>1.87</ele>
      </trkpt>
      <trkpt lat="34.42232494242489" lon="-119.82803910970688">
        <ele>1.92</ele>
      </trkpt>
      <trkpt lat="34.42255351692438" lon="-119.8278533667326">
        <ele>1.96</ele>
      </trkpt>
      <trkpt lat="34.422783851623535" lon="-119.82766628265381">
        <ele>2.01</ele>
      </trkpt>
      <trkpt lat="34.42286968231201" lon="-119.8275375366211">
        <ele>2.06</ele>
      </trkpt>
      <trkpt lat="34.42289113998413" lon="-119.82745170593262">
        <ele>2.11</ele>
      </trkpt>
      <trkpt lat="34.42286968231201" lon="-119.82728004455566">
        <ele>2.16</ele>
      </trkpt>
      <trkpt lat="34.422762310132384" lon="-119.82706530019641">
        <ele>2.22</ele>
      </trkpt>
      <trkpt lat="34.42265510559082" lon="-119.82685089111328">
        <ele>2.27</ele>
      </trkpt>
      <trkpt lat="34.4225905649364" lon="-119.82664670795202">
        <ele>2.33</ele>
      </trkpt>
      <trkpt lat="34.422526359558105" lon="-119.82644319534302">
        <ele>2.41</ele>
      </trkpt>
      <trkpt lat="34.422494089230895" lon="-119.82619592919946">
        <ele>2.46</ele>
      </trkpt>
      <trkpt lat="34.42246198654175" lon="-119.82594966888428">
        <ele>2.53</ele>
      </trkpt>
      <trkpt lat="34.422504901885986" lon="-119.82565940357745">
        <ele>2.6</ele>
      </trkpt>
      <trkpt lat="34.422547817230225" lon="-119.82537031173706">
        <ele>2.68</ele>
      </trkpt>
      <trkpt lat="34.42263373173773" lon="-119.82500921934843">
        <ele>2.77</ele>
      </trkpt>
      <trkpt lat="34.42271973006427" lon="-119.82464821077883">
        <ele>2.85</ele>
      </trkpt>
      <trkpt lat="34.42280564457178" lon="-119.8242871183902">
        <ele>2.93</ele>
      </trkpt>
      <trkpt lat="34.42289164289832" lon="-119.8239261098206">
        <ele>3.01</ele>
      </trkpt>
      <trkpt lat="34.42297697067261" lon="-119.82356786727905">
        <ele>3.13</ele>
      </trkpt>
      <trkpt lat="34.42305433563888" lon="-119.82324549928308">
        <ele>3.22</ele>
      </trkpt>
      <trkpt lat="34.423131700605154" lon="-119.8229231312871">
        <ele>3.3</ele>
      </trkpt>
      <trkpt lat="34.42320906557143" lon="-119.82260076329112">
        <ele>3.38</ele>
      </trkpt>
      <trkpt lat="34.42328651435673" lon="-119.82227839529514">
        <ele>3.47</ele>
      </trkpt>
      <trkpt lat="34.423363292589784" lon="-119.82195854187012">
        <ele>3.55</ele>
      </trkpt>
      <trkpt lat="34.42336320877075" lon="-119.82195854187012">
        <ele>3.64</ele>
      </trkpt>
      <trkpt lat="34.423377458006144" lon="-119.8216432146728">
        <ele>3.73</ele>
      </trkpt>
      <trkpt lat="34.42339179106057" lon="-119.82132788747549">
        <ele>3.81</ele>
      </trkpt>
      <trkpt lat="34.42340612411499" lon="-119.82101440429688">
        <ele>3.9</ele>
      </trkpt>
      <trkpt lat="34.4234436750412" lon="-119.82071341015399">
        <ele>3.99</ele>
      </trkpt>
      <trkpt lat="34.42348130978644" lon="-119.82041249983013">
        <ele>4.08</ele>
      </trkpt>
      <trkpt lat="34.42351894453168" lon="-119.82011150568724">
        <ele>4.17</ele>
      </trkpt>
      <trkpt lat="34.423556327819824" lon="-119.8198127746582">
        <ele>4.26</ele>
      </trkpt>
      <trkpt lat="34.42356487736106" lon="-119.81948596425354">
        <ele>4.35</ele>
      </trkpt>
      <trkpt lat="34.423573510721326" lon="-119.81915915384889">
        <ele>4.44</ele>
      </trkpt>
      <trkpt lat="34.42358206026256" lon="-119.81883242726326">
        <ele>4.57</ele>
      </trkpt>
      <trkpt lat="34.42359069362283" lon="-119.8185056168586">
        <ele>4.67</ele>
      </trkpt>
      <trkpt lat="34.42359924316406" lon="-119.81818199157715">
        <ele>4.76</ele>
      </trkpt>
      <trkpt lat="34.423602260649204" lon="-119.81784721836448">
        <ele>4.86</ele>
      </trkpt>
      <trkpt lat="34.42360536195338" lon="-119.8175124451518">
        <ele>4.99</ele>
      </trkpt>
      <trkpt lat="34.42360846325755" lon="-119.81717767193913">
        <ele>5.08</ele>
      </trkpt>
      <trkpt lat="34.42361148074269" lon="-119.81684289872646">
        <ele>5.17</ele>
      </trkpt>
      <trkpt lat="34.423614582046866" lon="-119.81650812551379">
        <ele>5.24</ele>
      </trkpt>
      <trkpt lat="34.42361768335104" lon="-119.81617335230112">
        <ele>5.34</ele>
      </trkpt>
      <trkpt lat="34.42362070083618" lon="-119.81584310531616">
        <ele>5.46</ele>
      </trkpt>
      <trkpt lat="34.42366361618042" lon="-119.81547765433788">
        <ele>5.56</ele>
      </trkpt>
      <trkpt lat="34.42370653152466" lon="-119.81511354446411">
        <ele>5.65</ele>
      </trkpt>
      <trkpt lat="34.42373871803284" lon="-119.81492009013891">
        <ele>5.76</ele>
      </trkpt>
      <trkpt lat="34.423770904541016" lon="-119.81472730636597">
        <ele>5.86</ele>
      </trkpt>
      <trkpt lat="34.42388364113867" lon="-119.81437275186181">
        <ele>5.95</ele>
      </trkpt>
      <trkpt lat="34.42399646155536" lon="-119.81401819735765">
        <ele>6.06</ele>
      </trkpt>
      <trkpt lat="34.42410928197205" lon="-119.81366372667253">
        <ele>6.19</ele>
      </trkpt>
      <trkpt lat="34.42422151565552" lon="-119.8133111000061">
        <ele>6.3</ele>
      </trkpt>
      <trkpt lat="34.42433249205351" lon="-119.81301387771964">
        <ele>6.4</ele>
      </trkpt>
      <trkpt lat="34.4244434684515" lon="-119.81271673925221">
        <ele>6.51</ele>
      </trkpt>
      <trkpt lat="34.42455444484949" lon="-119.81241960078478">
        <ele>6.62</ele>
      </trkpt>
      <trkpt lat="34.42466542124748" lon="-119.81212237849832">
        <ele>6.74</ele>
      </trkpt>
      <trkpt lat="34.42477639764547" lon="-119.81182524003088">
        <ele>6.85</ele>
      </trkpt>
      <trkpt lat="34.42488670349121" lon="-119.81153011322021">
        <ele>6.97</ele>
      </trkpt>
      <trkpt lat="34.42499399185181" lon="-119.81135845184326">
        <ele>7.1</ele>
      </trkpt>
      <trkpt lat="34.425251483917236" lon="-119.81122970581055">
        <ele>7.23</ele>
      </trkpt>
      <trkpt lat="34.42533731460571" lon="-119.81101512908936">
        <ele>7.37</ele>
      </trkpt>
      <trkpt lat="34.425358856096864" lon="-119.81097221374512">
        <ele>7.51</ele>
      </trkpt>
      <trkpt lat="34.42538022994995" lon="-119.81090784072876">
        <ele>7.64</ele>
      </trkpt>
      <trkpt lat="34.42540168762207" lon="-119.81070357374847">
        <ele>7.78</ele>
      </trkpt>
      <trkpt lat="34.42542314529419" lon="-119.8105001449585">
        <ele>7.93</ele>
      </trkpt>
      <trkpt lat="34.425358856096864" lon="-119.81032848358154">
        <ele>8.09</ele>
      </trkpt>
      <trkpt lat="34.42520865239203" lon="-119.81002807617188">
        <ele>8.25</ele>
      </trkpt>
      <trkpt lat="34.42514419555664" lon="-119.80987787246704">
        <ele>8.41</ele>
      </trkpt>
      <trkpt lat="34.4251549243927" lon="-119.80960906483233">
        <ele>8.58</ele>
      </trkpt>
      <trkpt lat="34.42516565322876" lon="-119.80934143066406">
        <ele>8.75</ele>
      </trkpt>
      <trkpt lat="34.42518409341574" lon="-119.8090302105993">
        <ele>8.96</ele>
      </trkpt>
      <trkpt lat="34.425202533602715" lon="-119.80871907435358">
        <ele>9.14</ele>
      </trkpt>
      <trkpt lat="34.425221057608724" lon="-119.80840793810785">
        <ele>9.34</ele>
      </trkpt>
      <trkpt lat="34.42523941397667" lon="-119.80809914879501">
        <ele>9.57</ele>
      </trkpt>
      <trkpt lat="34.42523941397667" lon="-119.80809923261404">
        <ele>9.75</ele>
      </trkpt>
      <trkpt lat="34.425257770344615" lon="-119.80779027566314">
        <ele>9.95</ele>
      </trkpt>
      <trkpt lat="34.42527612671256" lon="-119.80748131871223">
        <ele>10.15</ele>
      </trkpt>
      <trkpt lat="34.425294399261475" lon="-119.80717420578003">
        <ele>10.34</ele>
      </trkpt>
      <trkpt lat="34.42533731460571" lon="-119.80697002261877">
        <ele>10.51</ele>
      </trkpt>
      <trkpt lat="34.42538022994995" lon="-119.80676651000977">
        <ele>10.68</ele>
      </trkpt>
      <trkpt lat="34.42546614445746" lon="-119.80645487084985">
        <ele>10.84</ele>
      </trkpt>
      <trkpt lat="34.425551891326904" lon="-119.80614423751831">
        <ele>10.99</ele>
      </trkpt>
      <trkpt lat="34.425594890490174" lon="-119.80578088201582">
        <ele>11.14</ele>
      </trkpt>
      <trkpt lat="34.425637889653444" lon="-119.80541761033237">
        <ele>11.27</ele>
      </trkpt>
      <trkpt lat="34.425680888816714" lon="-119.80505433864892">
        <ele>11.4</ele>
      </trkpt>
      <trkpt lat="34.425723887979984" lon="-119.80469106696546">
        <ele>11.53</ele>
      </trkpt>
      <trkpt lat="34.425766887143254" lon="-119.80432771146297">
        <ele>11.64</ele>
      </trkpt>
      <trkpt lat="34.425809886306524" lon="-119.80396443977952">
        <ele>11.74</ele>
      </trkpt>
      <trkpt lat="34.425852885469794" lon="-119.80360116809607">
        <ele>11.86</ele>
      </trkpt>
      <trkpt lat="34.425895884633064" lon="-119.80323789641261">
        <ele>11.95</ele>
      </trkpt>
      <trkpt lat="34.425938883796334" lon="-119.80287454091012">
        <ele>12.03</ele>
      </trkpt>
      <trkpt lat="34.42598112858832" lon="-119.80251789093018">
        <ele>12.1</ele>
      </trkpt>
      <trkpt lat="34.42598104476929" lon="-119.80251789093018">
        <ele>12.15</ele>
      </trkpt>
      <trkpt lat="34.42598112858832" lon="-119.80238914489746">
        <ele>12.2</ele>
      </trkpt>
      <trkpt lat="34.42598104476929" lon="-119.80238914489746">
        <ele>12.23</ele>
      </trkpt>
      <trkpt lat="34.426045501604676" lon="-119.80205596424639">
        <ele>12.24</ele>
      </trkpt>
      <trkpt lat="34.426109958440065" lon="-119.80172278359532">
        <ele>12.26</ele>
      </trkpt>
      <trkpt lat="34.426174415275455" lon="-119.80138968676329">
        <ele>12.29</ele>
      </trkpt>
      <trkpt lat="34.42623853683472" lon="-119.80105876922607">
        <ele>12.27</ele>
      </trkpt>
      <trkpt lat="34.426281452178955" lon="-119.80069398880005">
        <ele>12.22</ele>
      </trkpt>
      <trkpt lat="34.426281452178955" lon="-119.80035351589322">
        <ele>12.17</ele>
      </trkpt>
      <trkpt lat="34.426281452178955" lon="-119.80001312680542">
        <ele>12.13</ele>
      </trkpt>
      <trkpt lat="34.426281452178955" lon="-119.79967273771763">
        <ele>12.07</ele>
      </trkpt>
      <trkpt lat="34.426281452178955" lon="-119.79933234862983">
        <ele>12.01</ele>
      </trkpt>
      <trkpt lat="34.426281452178955" lon="-119.79899195954204">
        <ele>11.94</ele>
      </trkpt>
      <trkpt lat="34.426281452178955" lon="-119.79865550994873">
        <ele>11.86</ele>
      </trkpt>
      <trkpt lat="34.426335180178285" lon="-119.79834378696978">
        <ele>11.77</ele>
      </trkpt>
      <trkpt lat="34.42638874053955" lon="-119.79803323745728">
        <ele>11.68</ele>
      </trkpt>
      <trkpt lat="34.42648538388312" lon="-119.79776468127966">
        <ele>11.57</ele>
      </trkpt>
      <trkpt lat="34.42658185958862" lon="-119.7974967956543">
        <ele>11.45</ele>
      </trkpt>
      <trkpt lat="34.42675360478461" lon="-119.79717778041959">
        <ele>11.34</ele>
      </trkpt>
      <trkpt lat="34.42692534998059" lon="-119.79685884900391">
        <ele>11.24</ele>
      </trkpt>
      <trkpt lat="34.42709709517658" lon="-119.7965398337692">
        <ele>11.1</ele>
      </trkpt>
      <trkpt lat="34.427268924191594" lon="-119.79622090235353">
        <ele>10.99</ele>
      </trkpt>
      <trkpt lat="34.42744066938758" lon="-119.79590188711882">
        <ele>10.88</ele>
      </trkpt>
      <trkpt lat="34.427612414583564" lon="-119.79558295570314">
        <ele>10.78</ele>
      </trkpt>
      <trkpt lat="34.42778357304633" lon="-119.7952651977539">
        <ele>10.68</ele>
      </trkpt>
      <trkpt lat="34.427847946062684" lon="-119.79517936706543">
        <ele>10.58</ele>
      </trkpt>
      <trkpt lat="34.42784786224365" lon="-119.79517936706543">
        <ele>10.49</ele>
      </trkpt>
      <trkpt lat="34.428027318790555" lon="-119.79487292468548">
        <ele>10.4</ele>
      </trkpt>
      <trkpt lat="34.42820685915649" lon="-119.79456656612456">
        <ele>10.31</ele>
      </trkpt>
      <trkpt lat="34.428386399522424" lon="-119.79426020756364">
        <ele>10.23</ele>
      </trkpt>
      <trkpt lat="34.42856593988836" lon="-119.79395384900272">
        <ele>10.16</ele>
      </trkpt>
      <trkpt lat="34.42874548025429" lon="-119.7936474904418">
        <ele>10.09</ele>
      </trkpt>
      <trkpt lat="34.42892502062023" lon="-119.79334113188088">
        <ele>10.04</ele>
      </trkpt>
      <trkpt lat="34.42910456098616" lon="-119.79303477331996">
        <ele>10.01</ele>
      </trkpt>
      <trkpt lat="34.429284101352096" lon="-119.79272841475904">
        <ele>9.95</ele>
      </trkpt>
      <trkpt lat="34.42946364171803" lon="-119.79242197237909">
        <ele>9.89</ele>
      </trkpt>
      <trkpt lat="34.429643182083964" lon="-119.79211561381817">
        <ele>9.87</ele>
      </trkpt>
      <trkpt lat="34.42982196807861" lon="-119.79181051254272">
        <ele>9.83</ele>
      </trkpt>
      <trkpt lat="34.42989715375006" lon="-119.7915956005454">
        <ele>9.82</ele>
      </trkpt>
      <trkpt lat="34.42997217178345" lon="-119.79138135910034">
        <ele>9.79</ele>
      </trkpt>
      <trkpt lat="34.430036628618836" lon="-119.79107508435845">
        <ele>9.78</ele>
      </trkpt>
      <trkpt lat="34.43010116927326" lon="-119.79076880961657">
        <ele>9.79</ele>
      </trkpt>
      <trkpt lat="34.430165626108646" lon="-119.79046253487468">
        <ele>9.81</ele>
      </trkpt>
      <trkpt lat="34.43022974766791" lon="-119.79015827178955">
        <ele>9.83</ele>
      </trkpt>
      <trkpt lat="34.430315578356385" lon="-119.78994369506836">
        <ele>9.86</ele>
      </trkpt>
      <trkpt lat="34.43031549453735" lon="-119.78994369506836">
        <ele>9.89</ele>
      </trkpt>
      <trkpt lat="34.43042278289795" lon="-119.78962182998657">
        <ele>9.93</ele>
      </trkpt>
      <trkpt lat="34.43046569824219" lon="-119.78929937817156">
        <ele>9.98</ele>
      </trkpt>
      <trkpt lat="34.43050869740546" lon="-119.78897692635655">
        <ele>10.04</ele>
      </trkpt>
      <trkpt lat="34.430551528930664" lon="-119.78865623474121">
        <ele>10.11</ele>
      </trkpt>
      <trkpt lat="34.430530071258545" lon="-119.78850603103638">
        <ele>10.19</ele>
      </trkpt>
      <trkpt lat="34.43042286671698" lon="-119.7884202003479">
        <ele>10.27</ele>
      </trkpt>
      <trkpt lat="34.43022966384888" lon="-119.78829145431519">
        <ele>10.37</ele>
      </trkpt>
      <trkpt lat="34.43018674850464" lon="-119.78826999664307">
        <ele>10.48</ele>
      </trkpt>
      <trkpt lat="34.43016529083252" lon="-119.78814125061035">
        <ele>10.59</ele>
      </trkpt>
      <trkpt lat="34.430294036865234" lon="-119.78784084320068">
        <ele>10.72</ele>
      </trkpt>
      <trkpt lat="34.43036561831832" lon="-119.7875758074224">
        <ele>10.86</ele>
      </trkpt>
      <trkpt lat="34.430437283590436" lon="-119.78731077164412">
        <ele>11.0</ele>
      </trkpt>
      <trkpt lat="34.430508613586426" lon="-119.78704690933228">
        <ele>11.16</ele>
      </trkpt>
      <trkpt lat="34.430540800094604" lon="-119.78682118467987">
        <ele>11.33</ele>
      </trkpt>
      <trkpt lat="34.43057298660278" lon="-119.78659629821777">
        <ele>11.5</ele>
      </trkpt>
      <trkpt lat="34.43063735961914" lon="-119.78633880615234">
        <ele>11.69</ele>
      </trkpt>
      <trkpt lat="34.430766105651855" lon="-119.78612422943115">
        <ele>11.88</ele>
      </trkpt>
      <trkpt lat="34.43098051473498" lon="-119.7859026119113">
        <ele>12.08</ele>
      </trkpt>
      <trkpt lat="34.43119492381811" lon="-119.78568107821047">
        <ele>12.29</ele>
      </trkpt>
      <trkpt lat="34.43140983581543" lon="-119.78545904159546">
        <ele>12.51</ele>
      </trkpt>
      <trkpt lat="34.4316029548645" lon="-119.78515855036676">
        <ele>12.74</ele>
      </trkpt>
      <trkpt lat="34.431796073913574" lon="-119.78485805913806">
        <ele>12.99</ele>
      </trkpt>
      <trkpt lat="34.43198919296265" lon="-119.78455781936646">
        <ele>13.25</ele>
      </trkpt>
      <trkpt lat="34.43207502365112" lon="-119.7842788696289">
        <ele>13.53</ele>
      </trkpt>
      <trkpt lat="34.432268142700195" lon="-119.78408575057983">
        <ele>13.82</ele>
      </trkpt>
      <trkpt lat="34.432311141863465" lon="-119.78402137756348">
        <ele>14.08</ele>
      </trkpt>
      <trkpt lat="34.43239688873291" lon="-119.78387117385864">
        <ele>14.38</ele>
      </trkpt>
      <trkpt lat="34.432514822110534" lon="-119.78372097015381">
        <ele>14.66</ele>
      </trkpt>
      <trkpt lat="34.43263292312622" lon="-119.78357076644897">
        <ele>14.89</ele>
      </trkpt>
      <trkpt lat="34.43272948265076" lon="-119.78336675092578">
        <ele>15.13</ele>
      </trkpt>
      <trkpt lat="34.43282604217529" lon="-119.78316307067871">
        <ele>15.36</ele>
      </trkpt>
      <trkpt lat="34.432997703552246" lon="-119.78296995162964">
        <ele>15.57</ele>
      </trkpt>
      <trkpt lat="34.43309426307678" lon="-119.78278739377856">
        <ele>15.77</ele>
      </trkpt>
      <trkpt lat="34.43319082260132" lon="-119.78260517120361">
        <ele>15.97</ele>
      </trkpt>
      <trkpt lat="34.43338394165039" lon="-119.78234767913818">
        <ele>16.15</ele>
      </trkpt>
      <trkpt lat="34.43350204266608" lon="-119.78201466612518">
        <ele>16.31</ele>
      </trkpt>
      <trkpt lat="34.4336199760437" lon="-119.78168249130249">
        <ele>16.45</ele>
      </trkpt>
      <trkpt lat="34.43364143371582" lon="-119.78151082992554">
        <ele>16.6</ele>
      </trkpt>
      <trkpt lat="34.43361989222467" lon="-119.7811882942915">
        <ele>16.78</ele>
      </trkpt>
      <trkpt lat="34.43359851837158" lon="-119.78086709976196">
        <ele>16.95</ele>
      </trkpt>
      <trkpt lat="34.43356624804437" lon="-119.78059837594628">
        <ele>17.12</ele>
      </trkpt>
      <trkpt lat="34.433534145355225" lon="-119.78033065795898">
        <ele>17.29</ele>
      </trkpt>
      <trkpt lat="34.433555603027344" lon="-119.78024482727051">
        <ele>17.47</ele>
      </trkpt>
      <trkpt lat="34.43357706069946" lon="-119.78022336959839">
        <ele>17.64</ele>
      </trkpt>
      <trkpt lat="34.43368443287909" lon="-119.78015899658203">
        <ele>17.82</ele>
      </trkpt>
      <trkpt lat="34.433770179748535" lon="-119.7801160812378">
        <ele>18.01</ele>
      </trkpt>
      <trkpt lat="34.434069748967886" lon="-119.7800999879837">
        <ele>18.2</ele>
      </trkpt>
      <trkpt lat="34.43436940200627" lon="-119.78008397854865">
        <ele>18.4</ele>
      </trkpt>
      <trkpt lat="34.43466905504465" lon="-119.78006788529456">
        <ele>18.61</ele>
      </trkpt>
      <trkpt lat="34.43497189320624" lon="-119.78005170822144">
        <ele>18.83</ele>
      </trkpt>
      <trkpt lat="34.43513232283294" lon="-119.78004097938538">
        <ele>19.05</ele>
      </trkpt>
      <trkpt lat="34.435293674468994" lon="-119.78003025054932">
        <ele>19.28</ele>
      </trkpt>
      <trkpt lat="34.43559408187866" lon="-119.7800087928772">
        <ele>19.52</ele>
      </trkpt>
      <trkpt lat="34.43559408187866" lon="-119.77968692779541">
        <ele>19.78</ele>
      </trkpt>
      <trkpt lat="34.43558326922357" lon="-119.77946111932397">
        <ele>20.04</ele>
      </trkpt>
      <trkpt lat="34.43557262420654" lon="-119.77923631668091">
        <ele>20.3</ele>
      </trkpt>
      <trkpt lat="34.435572708025575" lon="-119.778892993927">
        <ele>20.59</ele>
      </trkpt>
      <trkpt lat="34.435551166534424" lon="-119.7785496711731">
        <ele>20.87</ele>
      </trkpt>
      <trkpt lat="34.435543958097696" lon="-119.77818774059415">
        <ele>21.19</ele>
      </trkpt>
      <trkpt lat="34.43553683348" lon="-119.7778258100152">
        <ele>21.52</ele>
      </trkpt>
      <trkpt lat="34.43552962504327" lon="-119.77746396325529">
        <ele>21.86</ele>
      </trkpt>
      <trkpt lat="34.43552250042558" lon="-119.77710203267634">
        <ele>22.19</ele>
      </trkpt>
      <trkpt lat="34.43551529198885" lon="-119.77674018591642">
        <ele>22.47</ele>
      </trkpt>
      <trkpt lat="34.435508251190186" lon="-119.77638244628906">
        <ele>22.75</ele>
      </trkpt>
      <trkpt lat="34.435529708862305" lon="-119.77610349655151">
        <ele>23.04</ele>
      </trkpt>
      <trkpt lat="34.435529792681336" lon="-119.77610349655151">
        <ele>23.31</ele>
      </trkpt>
      <trkpt lat="34.43559408187866" lon="-119.7758674621582">
        <ele>23.59</ele>
      </trkpt>
      <trkpt lat="34.43570137023926" lon="-119.77571725845337">
        <ele>23.88</ele>
      </trkpt>
      <trkpt lat="34.43590144626796" lon="-119.77550276555121">
        <ele>24.17</ele>
      </trkpt>
      <trkpt lat="34.4361016061157" lon="-119.77528835646808">
        <ele>24.47</ele>
      </trkpt>
      <trkpt lat="34.436302185058594" lon="-119.7750735282898">
        <ele>24.74</ele>
      </trkpt>
      <trkpt lat="34.43638801574707" lon="-119.77483749389648">
        <ele>24.98</ele>
      </trkpt>
      <trkpt lat="34.43640947341919" lon="-119.77460145950317">
        <ele>25.19</ele>
      </trkpt>
      <trkpt lat="34.43636655807495" lon="-119.77449417114258">
        <ele>25.4</ele>
      </trkpt>
      <trkpt lat="34.43636655807495" lon="-119.77434396743774">
        <ele>25.61</ele>
      </trkpt>
      <trkpt lat="34.43638801574707" lon="-119.77415042929351">
        <ele>25.82</ele>
      </trkpt>
      <trkpt lat="34.43640947341919" lon="-119.7739577293396">
        <ele>26.05</ele>
      </trkpt>
      <trkpt lat="34.43640947341919" lon="-119.77382898330688">
        <ele>26.28</ele>
      </trkpt>
      <trkpt lat="34.43638801574707" lon="-119.77363586425781">
        <ele>26.51</ele>
      </trkpt>
      <trkpt lat="34.43637720309198" lon="-119.7733670566231">
        <ele>26.74</ele>
      </trkpt>
      <trkpt lat="34.43636655807495" lon="-119.77309942245483">
        <ele>26.93</ele>
      </trkpt>
      <trkpt lat="34.43635574541986" lon="-119.77281988598406">
        <ele>27.13</ele>
      </trkpt>
      <trkpt lat="34.43634510040283" lon="-119.77254152297974">
        <ele>27.33</ele>
      </trkpt>
      <trkpt lat="34.43633428774774" lon="-119.77220825850964">
        <ele>27.54</ele>
      </trkpt>
      <trkpt lat="34.43632355891168" lon="-119.77187499403954">
        <ele>27.72</ele>
      </trkpt>
      <trkpt lat="34.43631283007562" lon="-119.77154181338847">
        <ele>27.93</ele>
      </trkpt>
      <trkpt lat="34.436302185058594" lon="-119.77121114730835">
        <ele>28.11</ele>
      </trkpt>
      <trkpt lat="34.436302185058594" lon="-119.77112531661987">
        <ele>28.28</ele>
      </trkpt>
      <trkpt lat="34.436237812042236" lon="-119.77110385894775">
        <ele>28.45</ele>
      </trkpt>
      <trkpt lat="34.436237812042236" lon="-119.77101802825928">
        <ele>28.62</ele>
      </trkpt>
      <trkpt lat="34.43633805960417" lon="-119.77075307630002">
        <ele>28.79</ele>
      </trkpt>
      <trkpt lat="34.4364383071661" lon="-119.77048812434077">
        <ele>28.98</ele>
      </trkpt>
      <trkpt lat="34.436538219451904" lon="-119.77022409439087">
        <ele>29.16</ele>
      </trkpt>
      <trkpt lat="34.43661700934172" lon="-119.7698909137398">
        <ele>29.35</ele>
      </trkpt>
      <trkpt lat="34.43669579923153" lon="-119.76955781690776">
        <ele>29.53</ele>
      </trkpt>
      <trkpt lat="34.43677458912134" lon="-119.76922472007573">
        <ele>29.74</ele>
      </trkpt>
      <trkpt lat="34.436853462830186" lon="-119.76889162324369">
        <ele>29.92</ele>
      </trkpt>
      <trkpt lat="34.43693225272" lon="-119.76855852641165">
        <ele>30.11</ele>
      </trkpt>
      <trkpt lat="34.43701037205756" lon="-119.76822853088379">
        <ele>30.27</ele>
      </trkpt>
      <trkpt lat="34.436988830566406" lon="-119.7680139541626">
        <ele>30.46</ele>
      </trkpt>
      <trkpt lat="34.437010288238525" lon="-119.76792812347412">
        <ele>30.67</ele>
      </trkpt>
      <trkpt lat="34.43722486495972" lon="-119.76771354675293">
        <ele>30.89</ele>
      </trkpt>
      <trkpt lat="34.437400717288256" lon="-119.7674904204905">
        <ele>31.14</ele>
      </trkpt>
      <trkpt lat="34.437576653435826" lon="-119.76726729422808">
        <ele>31.38</ele>
      </trkpt>
      <trkpt lat="34.437752505764365" lon="-119.76704425178468">
        <ele>31.63</ele>
      </trkpt>
      <trkpt lat="34.437928441911936" lon="-119.76682112552226">
        <ele>31.94</ele>
      </trkpt>
      <trkpt lat="34.4381046295166" lon="-119.76659774780273">
        <ele>32.26</ele>
      </trkpt>
      <trkpt lat="34.43816900253296" lon="-119.7665548324585">
        <ele>32.55</ele>
      </trkpt>
      <trkpt lat="34.43812608718872" lon="-119.7664475440979">
        <ele>32.84</ele>
      </trkpt>
      <trkpt lat="34.43802944384515" lon="-119.7662435285747">
        <ele>33.16</ele>
      </trkpt>
      <trkpt lat="34.43793296813965" lon="-119.76603984832764">
        <ele>33.52</ele>
      </trkpt>
      <trkpt lat="34.43784696981311" lon="-119.76574975065887">
        <ele>33.9</ele>
      </trkpt>
      <trkpt lat="34.437761306762695" lon="-119.76546049118042">
        <ele>34.22</ele>
      </trkpt>
      <trkpt lat="34.43772358819842" lon="-119.76517584174871">
        <ele>34.54</ele>
      </trkpt>
      <trkpt lat="34.437686037272215" lon="-119.76489228196442">
        <ele>34.87</ele>
      </trkpt>
      <trkpt lat="34.43764572031796" lon="-119.76458852179348">
        <ele>35.18</ele>
      </trkpt>
      <trkpt lat="34.437605487182736" lon="-119.76428476162255">
        <ele>35.54</ele>
      </trkpt>
      <trkpt lat="34.43756525404751" lon="-119.76398100145161">
        <ele>35.9</ele>
      </trkpt>
      <trkpt lat="34.43752535618842" lon="-119.76367950439453">
        <ele>36.3</ele>
      </trkpt>
      <trkpt lat="34.43747372366488" lon="-119.76333986967802">
        <ele>36.71</ele>
      </trkpt>
      <trkpt lat="34.43742209114134" lon="-119.76300023496151">
        <ele>37.18</ele>
      </trkpt>
      <trkpt lat="34.43737054243684" lon="-119.762660600245">
        <ele>37.71</ele>
      </trkpt>
      <trkpt lat="34.4373189099133" lon="-119.76232096552849">
        <ele>38.24</ele>
      </trkpt>
      <trkpt lat="34.437267780303955" lon="-119.76198434829712">
        <ele>38.79</ele>
      </trkpt>
      <trkpt lat="34.43726786412299" lon="-119.76198434829712">
        <ele>39.31</ele>
      </trkpt>
      <trkpt lat="34.437224781140685" lon="-119.76171202026308">
        <ele>39.89</ele>
      </trkpt>
      <trkpt lat="34.437181781977415" lon="-119.76143977604806">
        <ele>40.47</ele>
      </trkpt>
      <trkpt lat="34.43713903427124" lon="-119.76116895675659">
        <ele>41.05</ele>
      </trkpt>
      <trkpt lat="34.43711749278009" lon="-119.76087332703173">
        <ele>41.66</ele>
      </trkpt>
      <trkpt lat="34.43709603510797" lon="-119.76057769730687">
        <ele>42.28</ele>
      </trkpt>
      <trkpt lat="34.43707457743585" lon="-119.76028215140104">
        <ele>42.87</ele>
      </trkpt>
      <trkpt lat="34.437053287401795" lon="-119.75998878479004">
        <ele>43.47</ele>
      </trkpt>
      <trkpt lat="34.437031745910645" lon="-119.75970924831927">
        <ele>44.07</ele>
      </trkpt>
      <trkpt lat="34.43701037205756" lon="-119.75943088531494">
        <ele>44.71</ele>
      </trkpt>
      <trkpt lat="34.43699687719345" lon="-119.75908420979977">
        <ele>45.35</ele>
      </trkpt>
      <trkpt lat="34.43698346614838" lon="-119.75873753428459">
        <ele>46.01</ele>
      </trkpt>
      <trkpt lat="34.43696997128427" lon="-119.75839085876942">
        <ele>46.64</ele>
      </trkpt>
      <trkpt lat="34.436956560239196" lon="-119.75804418325424">
        <ele>47.32</ele>
      </trkpt>
      <trkpt lat="34.43694314919412" lon="-119.75769750773907">
        <ele>47.95</ele>
      </trkpt>
      <trkpt lat="34.436929654330015" lon="-119.75735083222389">
        <ele>48.59</ele>
      </trkpt>
      <trkpt lat="34.43691624328494" lon="-119.75700424052775">
        <ele>49.27</ele>
      </trkpt>
      <trkpt lat="34.43690299987793" lon="-119.75666284561157">
        <ele>49.88</ele>
      </trkpt>
      <trkpt lat="34.43690308369696" lon="-119.75666284561157">
        <ele>50.46</ele>
      </trkpt>
      <trkpt lat="34.43689017556608" lon="-119.75634030997753">
        <ele>51.01</ele>
      </trkpt>
      <trkpt lat="34.43687726743519" lon="-119.75601785816252">
        <ele>51.56</ele>
      </trkpt>
      <trkpt lat="34.43686435930431" lon="-119.75569540634751">
        <ele>52.11</ele>
      </trkpt>
      <trkpt lat="34.436851451173425" lon="-119.75537287071347">
        <ele>52.65</ele>
      </trkpt>
      <trkpt lat="34.436838710680604" lon="-119.75505352020264">
        <ele>53.17</ele>
      </trkpt>
      <trkpt lat="34.43682789802551" lon="-119.75472025573254">
        <ele>53.61</ele>
      </trkpt>
      <trkpt lat="34.43681716918945" lon="-119.75438833236694">
        <ele>54.04</ele>
      </trkpt>
      <trkpt lat="34.43677417002618" lon="-119.75404433906078">
        <ele>54.44</ele>
      </trkpt>
      <trkpt lat="34.43673133850098" lon="-119.75370168685913">
        <ele>54.8</ele>
      </trkpt>
      <trkpt lat="34.43666696548462" lon="-119.75372314453125">
        <ele>55.09</ele>
      </trkpt>
      <trkpt lat="34.43658096715808" lon="-119.75345810875297">
        <ele>55.35</ele>
      </trkpt>
      <trkpt lat="34.43649505265057" lon="-119.75319315679371">
        <ele>55.56</ele>
      </trkpt>
      <trkpt lat="34.43640947341919" lon="-119.75292921066284">
        <ele>55.75</ele>
      </trkpt>
      <trkpt lat="34.436280727386475" lon="-119.7526502609253">
        <ele>55.91</ele>
      </trkpt>
      <trkpt lat="34.43614116869867" lon="-119.75243560038507">
        <ele>56.01</ele>
      </trkpt>
      <trkpt lat="34.436001777648926" lon="-119.75222110748291">
        <ele>56.09</ele>
      </trkpt>
      <trkpt lat="34.43580865859985" lon="-119.7519277408719">
        <ele>56.09</ele>
      </trkpt>
      <trkpt lat="34.43561553955078" lon="-119.75163445807993">
        <ele>56.04</ele>
      </trkpt>
      <trkpt lat="34.43542250432074" lon="-119.75134134292603">
        <ele>55.96</ele>
      </trkpt>
      <trkpt lat="34.43524011410773" lon="-119.75109457969666">
        <ele>55.87</ele>
      </trkpt>
      <trkpt lat="34.435057723894715" lon="-119.75084781646729">
        <ele>55.8</ele>
      </trkpt>
      <trkpt lat="34.4348753336817" lon="-119.75060113705695">
        <ele>55.69</ele>
      </trkpt>
      <trkpt lat="34.43469285964966" lon="-119.75035429000854">
        <ele>55.52</ele>
      </trkpt>
      <trkpt lat="34.434485491365194" lon="-119.75011113099754">
        <ele>55.37</ele>
      </trkpt>
      <trkpt lat="34.43427820689976" lon="-119.74986805580556">
        <ele>55.01</ele>
      </trkpt>
      <trkpt lat="34.434070670977235" lon="-119.7496247291565">
        <ele>54.49</ele>
      </trkpt>
      <trkpt lat="34.43400629796088" lon="-119.74953889846802">
        <ele>54.1</ele>
      </trkpt>
      <trkpt lat="34.43379180505872" lon="-119.7493065521121">
        <ele>53.68</ele>
      </trkpt>
      <trkpt lat="34.43357731215656" lon="-119.74907420575619">
        <ele>53.34</ele>
      </trkpt>
      <trkpt lat="34.43336290307343" lon="-119.7488419432193">
        <ele>52.95</ele>
      </trkpt>
      <trkpt lat="34.43314841017127" lon="-119.74860959686339">
        <ele>52.56</ele>
      </trkpt>
      <trkpt lat="34.43293400108814" lon="-119.74837725050747">
        <ele>52.18</ele>
      </trkpt>
      <trkpt lat="34.4327187538147" lon="-119.74814414978027">
        <ele>51.82</ele>
      </trkpt>
      <trkpt lat="34.43267583847046" lon="-119.74810123443604">
        <ele>51.46</ele>
      </trkpt>
      <trkpt lat="34.43265438079834" lon="-119.7480583190918">
        <ele>51.11</ele>
      </trkpt>
      <trkpt lat="34.43248271942139" lon="-119.74783301353455">
        <ele>50.76</ele>
      </trkpt>
      <trkpt lat="34.432311058044434" lon="-119.7476077079773">
        <ele>50.41</ele>
      </trkpt>
      <trkpt lat="34.43212506361306" lon="-119.7473072167486">
        <ele>50.07</ele>
      </trkpt>
      <trkpt lat="34.43193906918168" lon="-119.7470067255199">
        <ele>49.75</ele>
      </trkpt>
      <trkpt lat="34.43175324238837" lon="-119.74670648574829">
        <ele>49.41</ele>
      </trkpt>
      <trkpt lat="34.431753158569336" lon="-119.74670648574829">
        <ele>49.11</ele>
      </trkpt>
      <trkpt lat="34.43158677779138" lon="-119.74643818102777">
        <ele>48.8</ele>
      </trkpt>
      <trkpt lat="34.43142048083246" lon="-119.74616987630725">
        <ele>48.52</ele>
      </trkpt>
      <trkpt lat="34.431254183873534" lon="-119.74590157158673">
        <ele>48.26</ele>
      </trkpt>
      <trkpt lat="34.431088054552674" lon="-119.74563360214233">
        <ele>47.98</ele>
      </trkpt>
      <trkpt lat="34.43093785084784" lon="-119.74539756774902">
        <ele>47.74</ele>
      </trkpt>
      <trkpt lat="34.43081974983215" lon="-119.74520436488092">
        <ele>47.47</ele>
      </trkpt>
      <trkpt lat="34.4307017326355" lon="-119.74501132965088">
        <ele>47.25</ele>
      </trkpt>
      <trkpt lat="34.43056217394769" lon="-119.7447751276195">
        <ele>47.01</ele>
      </trkpt>
      <trkpt lat="34.43042278289795" lon="-119.74453926086426">
        <ele>46.8</ele>
      </trkpt>
      <trkpt lat="34.43040132522583" lon="-119.74449634552002">
        <ele>46.58</ele>
      </trkpt>
      <trkpt lat="34.43022966384888" lon="-119.74423885345459">
        <ele>46.35</ele>
      </trkpt>
      <trkpt lat="34.430072167888284" lon="-119.7439346741885">
        <ele>46.17</ele>
      </trkpt>
      <trkpt lat="34.42991475574672" lon="-119.7436304949224">
        <ele>45.98</ele>
      </trkpt>
      <trkpt lat="34.42975725978613" lon="-119.7433263156563">
        <ele>45.75</ele>
      </trkpt>
      <trkpt lat="34.42959984764457" lon="-119.74302213639021">
        <ele>45.45</ele>
      </trkpt>
      <trkpt lat="34.429442351683974" lon="-119.74271795712411">
        <ele>45.06</ele>
      </trkpt>
      <trkpt lat="34.429285526275635" lon="-119.74241495132446">
        <ele>44.79</ele>
      </trkpt>
      <trkpt lat="34.429264068603516" lon="-119.74237203598022">
        <ele>44.58</ele>
      </trkpt>
      <trkpt lat="34.4292426109314" lon="-119.74232912063599">
        <ele>44.37</ele>
      </trkpt>
      <trkpt lat="34.42911369726062" lon="-119.74202837795019">
        <ele>44.21</ele>
      </trkpt>
      <trkpt lat="34.42898486740887" lon="-119.74172771908343">
        <ele>44.08</ele>
      </trkpt>
      <trkpt lat="34.42885595373809" lon="-119.74142697639763">
        <ele>43.88</ele>
      </trkpt>
      <trkpt lat="34.42872762680054" lon="-119.74112749099731">
        <ele>43.66</ele>
      </trkpt>
      <trkpt lat="34.42870616912842" lon="-119.74108457565308">
        <ele>43.39</ele>
      </trkpt>
      <trkpt lat="34.42856300622225" lon="-119.74079104140401">
        <ele>43.11</ele>
      </trkpt>
      <trkpt lat="34.42841984331608" lon="-119.74049759097397">
        <ele>42.8</ele>
      </trkpt>
      <trkpt lat="34.428277015686035" lon="-119.74020481109619">
        <ele>42.46</ele>
      </trkpt>
      <trkpt lat="34.42811599932611" lon="-119.73995796404779">
        <ele>42.08</ele>
      </trkpt>
      <trkpt lat="34.42795515060425" lon="-119.73971128463745">
        <ele>41.66</ele>
      </trkpt>
      <trkpt lat="34.42778357304633" lon="-119.73949670791626">
        <ele>41.21</ele>
      </trkpt>
      <trkpt lat="34.42761191166937" lon="-119.73928213119507">
        <ele>40.77</ele>
      </trkpt>
      <trkpt lat="34.42744025029242" lon="-119.73904609680176">
        <ele>40.31</ele>
      </trkpt>
      <trkpt lat="34.42726858891547" lon="-119.73881006240845">
        <ele>39.83</ele>
      </trkpt>
      <trkpt lat="34.427096927538514" lon="-119.73857402801514">
        <ele>39.34</ele>
      </trkpt>
      <trkpt lat="34.42692526616156" lon="-119.73833799362183">
        <ele>38.77</ele>
      </trkpt>
      <trkpt lat="34.42692518234253" lon="-119.73833799362183">
        <ele>38.27</ele>
      </trkpt>
      <trkpt lat="34.42678553983569" lon="-119.73806960508227">
        <ele>37.67</ele>
      </trkpt>
      <trkpt lat="34.42664623260498" lon="-119.73780155181885">
        <ele>37.05</ele>
      </trkpt>
      <trkpt lat="34.42656744271517" lon="-119.73754364065826">
        <ele>36.45</ele>
      </trkpt>
      <trkpt lat="34.426488652825356" lon="-119.7372858133167">
        <ele>35.87</ele>
      </trkpt>
      <trkpt lat="34.42641019821167" lon="-119.73702907562256">
        <ele>35.32</ele>
      </trkpt>
      <trkpt lat="34.42638865672052" lon="-119.73681407980621">
        <ele>34.77</ele>
      </trkpt>
      <trkpt lat="34.42636728286743" lon="-119.73659992218018">
        <ele>34.3</ele>
      </trkpt>
      <trkpt lat="34.42634574137628" lon="-119.73624520003796">
        <ele>33.86</ele>
      </trkpt>
      <trkpt lat="34.42632436752319" lon="-119.73589181900024">
        <ele>33.46</ele>
      </trkpt>
      <trkpt lat="34.42623853683472" lon="-119.73580598831177">
        <ele>32.97</ele>
      </trkpt>
      <trkpt lat="34.42613124847412" lon="-119.73587036132812">
        <ele>32.44</ele>
      </trkpt>
      <trkpt lat="34.426045417785645" lon="-119.735848903656">
        <ele>31.97</ele>
      </trkpt>
      <trkpt lat="34.42595958709717" lon="-119.73610639572144">
        <ele>31.39</ele>
      </trkpt>
      <trkpt lat="34.42587375640869" lon="-119.73621368408203">
        <ele>30.89</ele>
      </trkpt>
      <trkpt lat="34.42570209503174" lon="-119.73632097244263">
        <ele>30.41</ele>
      </trkpt>
      <trkpt lat="34.42545575089753" lon="-119.73644410260022">
        <ele>29.96</ele>
      </trkpt>
      <trkpt lat="34.42520949058235" lon="-119.7365672327578">
        <ele>29.49</ele>
      </trkpt>
      <trkpt lat="34.42496323026717" lon="-119.7366903629154">
        <ele>29.03</ele>
      </trkpt>
      <trkpt lat="34.42471504211426" lon="-119.73681449890137">
        <ele>28.6</ele>
      </trkpt>
      <trkpt lat="34.424490155652165" lon="-119.73691080696881">
        <ele>28.19</ele>
      </trkpt>
      <trkpt lat="34.424264430999756" lon="-119.73700761795044">
        <ele>27.79</ele>
      </trkpt>
      <trkpt lat="34.424023451283574" lon="-119.73713611252606">
        <ele>27.44</ele>
      </trkpt>
      <trkpt lat="34.423782555386424" lon="-119.73726460710168">
        <ele>27.11</ele>
      </trkpt>
      <trkpt lat="34.42354157567024" lon="-119.7373931016773">
        <ele>26.74</ele>
      </trkpt>
      <trkpt lat="34.423298835754395" lon="-119.7375226020813">
        <ele>26.48</ele>
      </trkpt>
      <trkpt lat="34.423148799687624" lon="-119.73762972280383">
        <ele>26.22</ele>
      </trkpt>
      <trkpt lat="34.42299842834473" lon="-119.73773717880249">
        <ele>25.96</ele>
      </trkpt>
      <trkpt lat="34.42282693460584" lon="-119.73787640221417">
        <ele>25.73</ele>
      </trkpt>
      <trkpt lat="34.42265510559082" lon="-119.73801612854004">
        <ele>25.54</ele>
      </trkpt>
      <trkpt lat="34.42265518940985" lon="-119.73801612854004">
        <ele>25.38</ele>
      </trkpt>
      <trkpt lat="34.4224264472723" lon="-119.73825551569462">
        <ele>25.23</ele>
      </trkpt>
      <trkpt lat="34.42219770513475" lon="-119.73849498666823">
        <ele>25.11</ele>
      </trkpt>
      <trkpt lat="34.4219689629972" lon="-119.73873445764184">
        <ele>25.01</ele>
      </trkpt>
      <trkpt lat="34.42174022085965" lon="-119.73897384479642">
        <ele>24.93</ele>
      </trkpt>
      <trkpt lat="34.421511478722095" lon="-119.73921331577003">
        <ele>24.88</ele>
      </trkpt>
      <trkpt lat="34.421281814575195" lon="-119.73945379257202">
        <ele>24.83</ele>
      </trkpt>
      <trkpt lat="34.42114233970642" lon="-119.73962537012994">
        <ele>24.77</ele>
      </trkpt>
      <trkpt lat="34.42100286483765" lon="-119.73979711532593">
        <ele>24.75</ele>
      </trkpt>
      <trkpt lat="34.42079700529575" lon="-119.73999434150755">
        <ele>24.72</ele>
      </trkpt>
      <trkpt lat="34.42059122957289" lon="-119.74019156768918">
        <ele>24.71</ele>
      </trkpt>
      <trkpt lat="34.420385370031" lon="-119.7403887938708">
        <ele>24.7</ele>
      </trkpt>
      <trkpt lat="34.42017959430814" lon="-119.74058602005243">
        <ele>24.71</ele>
      </trkpt>
      <trkpt lat="34.41997289657593" lon="-119.74078416824341">
        <ele>24.7</ele>
      </trkpt>
      <trkpt lat="34.41976938396692" lon="-119.74090193398297">
        <ele>24.67</ele>
      </trkpt>
      <trkpt lat="34.419565200805664" lon="-119.74102020263672">
        <ele>24.67</ele>
      </trkpt>
      <trkpt lat="34.419343918561935" lon="-119.7411057818681">
        <ele>24.67</ele>
      </trkpt>
      <trkpt lat="34.41912272013724" lon="-119.74119144491851">
        <ele>24.65</ele>
      </trkpt>
      <trkpt lat="34.41890001296997" lon="-119.74127769470215">
        <ele>24.59</ele>
      </trkpt>
      <trkpt lat="34.41869666799903" lon="-119.74132044240832">
        <ele>24.53</ele>
      </trkpt>
      <trkpt lat="34.41849231719971" lon="-119.74136352539062">
        <ele>24.44</ele>
      </trkpt>
      <trkpt lat="34.418299701064825" lon="-119.7413634415716">
        <ele>24.33</ele>
      </trkpt>
      <trkpt lat="34.41810607910156" lon="-119.74136352539062">
        <ele>24.14</ele>
      </trkpt>
      <trkpt lat="34.41808462142944" lon="-119.74123477935791">
        <ele>24.04</ele>
      </trkpt>
      <trkpt lat="34.4183218292892" lon="-119.74121575243771">
        <ele>23.98</ele>
      </trkpt>
      <trkpt lat="34.41856037825346" lon="-119.74119672551751">
        <ele>23.8</ele>
      </trkpt>
      <trkpt lat="34.418323086574674" lon="-119.74121566861868">
        <ele>23.56</ele>
      </trkpt>
      <trkpt lat="34.41808462142944" lon="-119.74123477935791">
        <ele>24.04</ele>
      </trkpt>
      <trkpt lat="34.41790265031159" lon="-119.74122405052185">
        <ele>22.89</ele>
      </trkpt>
      <trkpt lat="34.41771984100342" lon="-119.74121332168579">
        <ele>22.58</ele>
      </trkpt>
      <trkpt lat="34.41750576719642" lon="-119.74115624092519">
        <ele>22.29</ele>
      </trkpt>
      <trkpt lat="34.417291693389416" lon="-119.7410991601646">
        <ele>21.96</ele>
      </trkpt>
      <trkpt lat="34.417076110839844" lon="-119.74104166030884">
        <ele>21.6</ele>
      </trkpt>
      <trkpt lat="34.41679724492133" lon="-119.74095582962036">
        <ele>21.12</ele>
      </trkpt>
      <trkpt lat="34.4166259188205" lon="-119.74087016656995">
        <ele>20.61</ele>
      </trkpt>
      <trkpt lat="34.41645392216742" lon="-119.74078416824341">
        <ele>20.11</ele>
      </trkpt>
      <trkpt lat="34.41619643010199" lon="-119.74067687988281">
        <ele>19.61</ele>
      </trkpt>
      <trkpt lat="34.41596089862287" lon="-119.74057688377798">
        <ele>19.14</ele>
      </trkpt>
      <trkpt lat="34.41572536714375" lon="-119.74047697149217">
        <ele>18.68</ele>
      </trkpt>
      <trkpt lat="34.41548832692206" lon="-119.74037647247314">
        <ele>18.2</ele>
      </trkpt>
      <trkpt lat="34.41532772965729" lon="-119.74031218327582">
        <ele>17.74</ele>
      </trkpt>
      <trkpt lat="34.41516646184027" lon="-119.74024772644043">
        <ele>17.27</ele>
      </trkpt>
      <trkpt lat="34.414898827672005" lon="-119.7401834372431">
        <ele>16.8</ele>
      </trkpt>
      <trkpt lat="34.41462993621826" lon="-119.74011898040771">
        <ele>16.36</ele>
      </trkpt>
      <trkpt lat="34.41458702087402" lon="-119.74011898040771">
        <ele>15.88</ele>
      </trkpt>
      <trkpt lat="34.41439398564398" lon="-119.7400975227356">
        <ele>15.4</ele>
      </trkpt>
      <trkpt lat="34.41413649357855" lon="-119.7400975227356">
        <ele>14.84</ele>
      </trkpt>
      <trkpt lat="34.41387246362865" lon="-119.74012602120638">
        <ele>14.35</ele>
      </trkpt>
      <trkpt lat="34.41360851749778" lon="-119.74015451967716">
        <ele>13.84</ele>
      </trkpt>
      <trkpt lat="34.41334247589111" lon="-119.74018335342407">
        <ele>13.37</ele>
      </trkpt>
      <trkpt lat="34.41308565437794" lon="-119.7401939984411">
        <ele>12.92</ele>
      </trkpt>
      <trkpt lat="34.412827491760254" lon="-119.74020481109619">
        <ele>12.47</ele>
      </trkpt>
      <trkpt lat="34.41254921257496" lon="-119.74024755880237">
        <ele>12.03</ele>
      </trkpt>
      <trkpt lat="34.412271017208695" lon="-119.74029039032757">
        <ele>11.61</ele>
      </trkpt>
      <trkpt lat="34.41199282184243" lon="-119.74033322185278">
        <ele>11.22</ele>
      </trkpt>
      <trkpt lat="34.41171177662909" lon="-119.74037647247314">
        <ele>10.82</ele>
      </trkpt>
      <trkpt lat="34.41140499897301" lon="-119.74036926403642">
        <ele>10.47</ele>
      </trkpt>
      <trkpt lat="34.411098221316934" lon="-119.74036213941872">
        <ele>10.12</ele>
      </trkpt>
      <trkpt lat="34.41078909672797" lon="-119.74035501480103">
        <ele>9.8</ele>
      </trkpt>
      <trkpt lat="34.41061785444617" lon="-119.74032282829285">
        <ele>9.54</ele>
      </trkpt>
      <trkpt lat="34.41044577397406" lon="-119.74029064178467">
        <ele>9.3</ele>
      </trkpt>
      <trkpt lat="34.41014612093568" lon="-119.74023062735796">
        <ele>9.13</ele>
      </trkpt>
      <trkpt lat="34.409846467897296" lon="-119.74017069675028">
        <ele>9.0</ele>
      </trkpt>
      <trkpt lat="34.40954681485891" lon="-119.7401107661426">
        <ele>8.87</ele>
      </trkpt>
      <trkpt lat="34.40924716182053" lon="-119.74005083553493">
        <ele>8.84</ele>
      </trkpt>
      <trkpt lat="34.40894750878215" lon="-119.73999090492725">
        <ele>8.81</ele>
      </trkpt>
      <trkpt lat="34.408647855743766" lon="-119.73993097431958">
        <ele>8.83</ele>
      </trkpt>
      <trkpt lat="34.40834820270538" lon="-119.7398710437119">
        <ele>8.86</ele>
      </trkpt>
      <trkpt lat="34.408048549667" lon="-119.73981111310422">
        <ele>8.94</ele>
      </trkpt>
      <trkpt lat="34.40774898044765" lon="-119.73975118249655">
        <ele>9.08</ele>
      </trkpt>
      <trkpt lat="34.40744932740927" lon="-119.73969125188887">
        <ele>9.29</ele>
      </trkpt>
      <trkpt lat="34.407149674370885" lon="-119.73963140510023">
        <ele>9.65</ele>
      </trkpt>
      <trkpt lat="34.4068500213325" lon="-119.73957147449255">
        <ele>9.95</ele>
      </trkpt>
      <trkpt lat="34.40655036829412" lon="-119.73951154388487">
        <ele>10.22</ele>
      </trkpt>
      <trkpt lat="34.40625071525574" lon="-119.7394516132772">
        <ele>10.53</ele>
      </trkpt>
      <trkpt lat="34.40593966282904" lon="-119.73938941955566">
        <ele>10.81</ele>
      </trkpt>
      <trkpt lat="34.40585374832153" lon="-119.73936796188354">
        <ele>11.18</ele>
      </trkpt>
      <trkpt lat="34.40568208694458" lon="-119.73936796188354">
        <ele>11.56</ele>
      </trkpt>
      <trkpt lat="34.40548896789551" lon="-119.73928213119507">
        <ele>12.01</ele>
      </trkpt>
      <trkpt lat="34.405338848009706" lon="-119.7393250465393">
        <ele>12.48</ele>
      </trkpt>
      <trkpt lat="34.405295848846436" lon="-119.73934650421143">
        <ele>13.02</ele>
      </trkpt>
      <trkpt lat="34.40514572896063" lon="-119.73930358886719">
        <ele>13.62</ele>
      </trkpt>
      <trkpt lat="34.4051456451416" lon="-119.73930358886719">
        <ele>14.26</ele>
      </trkpt>
      <trkpt lat="34.40512418746948" lon="-119.73919630050659">
        <ele>15.0</ele>
      </trkpt>
      <trkpt lat="34.4051456451416" lon="-119.739089012146">
        <ele>15.78</ele>
      </trkpt>
      <trkpt lat="34.40510272979736" lon="-119.73893880844116">
        <ele>16.61</ele>
      </trkpt>
      <trkpt lat="34.405081272125244" lon="-119.73857402801514">
        <ele>17.61</ele>
      </trkpt>
      <trkpt lat="34.40506693907082" lon="-119.73821922205389">
        <ele>18.53</ele>
      </trkpt>
      <trkpt lat="34.4050526060164" lon="-119.73786449991167">
        <ele>19.39</ele>
      </trkpt>
      <trkpt lat="34.405038272961974" lon="-119.73750977776945">
        <ele>20.3</ele>
      </trkpt>
      <trkpt lat="34.40502393990755" lon="-119.73715505562723">
        <ele>21.3</ele>
      </trkpt>
      <trkpt lat="34.40500960685313" lon="-119.73680033348501">
        <ele>22.39</ele>
      </trkpt>
      <trkpt lat="34.40499544143677" lon="-119.73644971847534">
        <ele>23.34</ele>
      </trkpt>
      <trkpt lat="34.40497389994562" lon="-119.73608418367803">
        <ele>23.96</ele>
      </trkpt>
      <trkpt lat="34.40495252609253" lon="-119.73572015762329">
        <ele>24.77</ele>
      </trkpt>
      <trkpt lat="34.404916651546955" lon="-119.73544782958925">
        <ele>25.98</ele>
      </trkpt>
      <trkpt lat="34.40488086082041" lon="-119.73517558537424">
        <ele>27.12</ele>
      </trkpt>
      <trkpt lat="34.404845237731934" lon="-119.73490476608276">
        <ele>28.11</ele>
      </trkpt>
      <trkpt lat="34.404845321550965" lon="-119.73490476608276">
        <ele>29.15</ele>
      </trkpt>
      <trkpt lat="34.404780780896544" lon="-119.73459304310381">
        <ele>30.22</ele>
      </trkpt>
      <trkpt lat="34.40471649169922" lon="-119.73428249359131">
        <ele>31.4</ele>
      </trkpt>
      <trkpt lat="34.40464122220874" lon="-119.7340031247586">
        <ele>32.56</ele>
      </trkpt>
      <trkpt lat="34.40456603653729" lon="-119.7337237559259">
        <ele>33.65</ele>
      </trkpt>
      <trkpt lat="34.40449085086584" lon="-119.73344438709319">
        <ele>34.75</ele>
      </trkpt>
      <trkpt lat="34.40441616810858" lon="-119.73316669464111">
        <ele>35.85</ele>
      </trkpt>
      <trkpt lat="34.40436244010925" lon="-119.73298396915197">
        <ele>37.0</ele>
      </trkpt>
      <trkpt lat="34.40430887974799" lon="-119.73280191421509">
        <ele>38.16</ele>
      </trkpt>
      <trkpt lat="34.40422019921243" lon="-119.73248491063714">
        <ele>39.36</ele>
      </trkpt>
      <trkpt lat="34.40413151867688" lon="-119.73216799087822">
        <ele>40.49</ele>
      </trkpt>
      <trkpt lat="34.404042921960354" lon="-119.73185098730028">
        <ele>41.64</ele>
      </trkpt>
      <trkpt lat="34.4039542414248" lon="-119.73153406754136">
        <ele>42.84</ele>
      </trkpt>
      <trkpt lat="34.403865560889244" lon="-119.73121706396341">
        <ele>44.03</ele>
      </trkpt>
      <trkpt lat="34.40377696417272" lon="-119.7309001442045">
        <ele>45.21</ele>
      </trkpt>
      <trkpt lat="34.403688283637166" lon="-119.73058314062655">
        <ele>46.35</ele>
      </trkpt>
      <trkpt lat="34.40360069274902" lon="-119.73026990890503">
        <ele>47.47</ele>
      </trkpt>
      <trkpt lat="34.403546964749694" lon="-119.73006572574377">
        <ele>48.53</ele>
      </trkpt>
      <trkpt lat="34.40349348820746" lon="-119.72986221313477">
        <ele>49.59</ele>
      </trkpt>
      <trkpt lat="34.40342894755304" lon="-119.7296257596463">
        <ele>50.64</ele>
      </trkpt>
      <trkpt lat="34.40336465835571" lon="-119.72939014434814">
        <ele>51.65</ele>
      </trkpt>
      <trkpt lat="34.4032858684659" lon="-119.72909644246101">
        <ele>52.66</ele>
      </trkpt>
      <trkpt lat="34.40320707857609" lon="-119.72880274057388">
        <ele>53.6</ele>
      </trkpt>
      <trkpt lat="34.403128707781434" lon="-119.72851037979126">
        <ele>54.51</ele>
      </trkpt>
      <trkpt lat="34.403074979782104" lon="-119.72829546779394">
        <ele>55.36</ele>
      </trkpt>
      <trkpt lat="34.40302141942084" lon="-119.72808122634888">
        <ele>56.2</ele>
      </trkpt>
      <trkpt lat="34.40294078551233" lon="-119.7278072219342">
        <ele>56.99</ele>
      </trkpt>
      <trkpt lat="34.40286023542285" lon="-119.72753321751952">
        <ele>57.74</ele>
      </trkpt>
      <trkpt lat="34.40277968533337" lon="-119.72725929692388">
        <ele>58.47</ele>
      </trkpt>
      <trkpt lat="34.40269955433905" lon="-119.7269868850708">
        <ele>59.16</ele>
      </trkpt>
      <trkpt lat="34.40261355601251" lon="-119.72667164169252">
        <ele>59.83</ele>
      </trkpt>
      <trkpt lat="34.402527641505" lon="-119.72635648213327">
        <ele>60.49</ele>
      </trkpt>
      <trkpt lat="34.40244206227362" lon="-119.72604274749756">
        <ele>61.08</ele>
      </trkpt>
      <trkpt lat="34.40242052078247" lon="-119.72593545913696">
        <ele>61.66</ele>
      </trkpt>
      <trkpt lat="34.40234525129199" lon="-119.72567754797637">
        <ele>62.24</ele>
      </trkpt>
      <trkpt lat="34.40227031707764" lon="-119.7254204750061">
        <ele>62.8</ele>
      </trkpt>
      <trkpt lat="34.40227040089667" lon="-119.7254204750061">
        <ele>63.31</ele>
      </trkpt>
      <trkpt lat="34.40218440257013" lon="-119.72509810701013">
        <ele>63.8</ele>
      </trkpt>
      <trkpt lat="34.402098739519715" lon="-119.72477674484253">
        <ele>64.27</ele>
      </trkpt>
      <trkpt lat="34.402098739519715" lon="-119.72473382949829">
        <ele>64.73</ele>
      </trkpt>
      <trkpt lat="34.4020270742476" lon="-119.72441137768328">
        <ele>65.21</ele>
      </trkpt>
      <trkpt lat="34.40195540897548" lon="-119.7240890096873">
        <ele>65.65</ele>
      </trkpt>
      <trkpt lat="34.401884162798524" lon="-119.72376823425293">
        <ele>66.08</ele>
      </trkpt>
      <trkpt lat="34.40182683058083" lon="-119.72347444854677">
        <ele>66.5</ele>
      </trkpt>
      <trkpt lat="34.40176949836314" lon="-119.7231806628406">
        <ele>66.88</ele>
      </trkpt>
      <trkpt lat="34.40171250142157" lon="-119.72288846969604">
        <ele>67.24</ele>
      </trkpt>
      <trkpt lat="34.40164804458618" lon="-119.72263097763062">
        <ele>67.58</ele>
      </trkpt>
      <trkpt lat="34.40159423276782" lon="-119.72235152497888">
        <ele>67.92</ele>
      </trkpt>
      <trkpt lat="34.401540756225586" lon="-119.72207307815552">
        <ele>68.29</ele>
      </trkpt>
      <trkpt lat="34.40146909095347" lon="-119.72172196023166">
        <ele>68.7</ele>
      </trkpt>
      <trkpt lat="34.40139742568135" lon="-119.72137092612684">
        <ele>69.04</ele>
      </trkpt>
      <trkpt lat="34.401326179504395" lon="-119.72102165222168">
        <ele>69.38</ele>
      </trkpt>
      <trkpt lat="34.401283180341125" lon="-119.72081746906042">
        <ele>69.69</ele>
      </trkpt>
      <trkpt lat="34.40124034881592" lon="-119.72061395645142">
        <ele>69.97</ele>
      </trkpt>
      <trkpt lat="34.401161475107074" lon="-119.72024850547314">
        <ele>70.22</ele>
      </trkpt>
      <trkpt lat="34.40108268521726" lon="-119.71988313831389">
        <ele>70.45</ele>
      </trkpt>
      <trkpt lat="34.40100431442261" lon="-119.71951961517334">
        <ele>70.67</ele>
      </trkpt>
      <trkpt lat="34.400944132357836" lon="-119.71917134709656">
        <ele>70.87</ele>
      </trkpt>
      <trkpt lat="34.400883950293064" lon="-119.71882316283882">
        <ele>71.04</ele>
      </trkpt>
      <trkpt lat="34.40082376822829" lon="-119.71847489476204">
        <ele>71.15</ele>
      </trkpt>
      <trkpt lat="34.40076358616352" lon="-119.7181267105043">
        <ele>71.26</ele>
      </trkpt>
      <trkpt lat="34.40070399083197" lon="-119.71778154373169">
        <ele>71.32</ele>
      </trkpt>
      <trkpt lat="34.40066090784967" lon="-119.71753427758813">
        <ele>71.33</ele>
      </trkpt>
      <trkpt lat="34.40061807632446" lon="-119.71728801727295">
        <ele>71.3</ele>
      </trkpt>
      <trkpt lat="34.40060726366937" lon="-119.71706220880151">
        <ele>71.25</ele>
      </trkpt>
      <trkpt lat="34.400596618652344" lon="-119.71683740615845">
        <ele>71.17</ele>
      </trkpt>
      <trkpt lat="34.400639617815614" lon="-119.71649408340454">
        <ele>71.07</ele>
      </trkpt>
      <trkpt lat="34.40068253315985" lon="-119.71619367599487">
        <ele>70.93</ele>
      </trkpt>
      <trkpt lat="34.40074690617621" lon="-119.71587181091309">
        <ele>70.75</ele>
      </trkpt>
      <trkpt lat="34.40081127919257" lon="-119.71552848815918">
        <ele>70.52</ele>
      </trkpt>
      <trkpt lat="34.400875652208924" lon="-119.71518457867205">
        <ele>70.26</ele>
      </trkpt>
      <trkpt lat="34.40093994140625" lon="-119.71484184265137">
        <ele>69.94</ele>
      </trkpt>
      <trkpt lat="34.40099727362394" lon="-119.71450505778193">
        <ele>69.56</ele>
      </trkpt>
      <trkpt lat="34.40105460584164" lon="-119.7141682729125">
        <ele>69.14</ele>
      </trkpt>
      <trkpt lat="34.401111686602235" lon="-119.71383333206177">
        <ele>68.68</ele>
      </trkpt>
      <trkpt lat="34.401165414601564" lon="-119.71357533708215">
        <ele>68.18</ele>
      </trkpt>
      <trkpt lat="34.40121897496283" lon="-119.71331834793091">
        <ele>67.65</ele>
      </trkpt>
      <trkpt lat="34.401269098743796" lon="-119.71301735378802">
        <ele>67.08</ele>
      </trkpt>
      <trkpt lat="34.40131922252476" lon="-119.71271644346416">
        <ele>66.46</ele>
      </trkpt>
      <trkpt lat="34.40136909484863" lon="-119.7124171257019">
        <ele>65.8</ele>
      </trkpt>
      <trkpt lat="34.401369178667665" lon="-119.7124171257019">
        <ele>65.15</ele>
      </trkpt>
      <trkpt lat="34.40141930244863" lon="-119.71213046461344">
        <ele>64.43</ele>
      </trkpt>
      <trkpt lat="34.401469426229596" lon="-119.711843887344">
        <ele>63.65</ele>
      </trkpt>
      <trkpt lat="34.40151929855347" lon="-119.71155881881714">
        <ele>62.83</ele>
      </trkpt>
      <trkpt lat="34.401583755388856" lon="-119.71120057627559">
        <ele>62.02</ele>
      </trkpt>
      <trkpt lat="34.401648212224245" lon="-119.71084233373404">
        <ele>61.15</ele>
      </trkpt>
      <trkpt lat="34.40171241760254" lon="-119.71048593521118">
        <ele>60.28</ele>
      </trkpt>
      <trkpt lat="34.40176974982023" lon="-119.71015627495944">
        <ele>59.43</ele>
      </trkpt>
      <trkpt lat="34.401827082037926" lon="-119.70982669852674">
        <ele>58.53</ele>
      </trkpt>
      <trkpt lat="34.401884162798524" lon="-119.7094988822937">
        <ele>57.66</ele>
      </trkpt>
      <trkpt lat="34.401969993487" lon="-119.70930551178753">
        <ele>56.8</ele>
      </trkpt>
      <trkpt lat="34.402055740356445" lon="-119.70911264419556">
        <ele>55.94</ele>
      </trkpt>
      <trkpt lat="34.40218457020819" lon="-119.70889806747437">
        <ele>55.07</ele>
      </trkpt>
      <trkpt lat="34.40234189853072" lon="-119.70865482464433">
        <ele>54.16</ele>
      </trkpt>
      <trkpt lat="34.40249922685325" lon="-119.70841158181429">
        <ele>53.24</ele>
      </trkpt>
      <trkpt lat="34.40265655517578" lon="-119.70816850662231">
        <ele>52.34</ele>
      </trkpt>
      <trkpt lat="34.4028318207711" lon="-119.707882264629">
        <ele>51.47</ele>
      </trkpt>
      <trkpt lat="34.403007086366415" lon="-119.70759610645473">
        <ele>50.65</ele>
      </trkpt>
      <trkpt lat="34.403182435780764" lon="-119.70730994828045">
        <ele>49.84</ele>
      </trkpt>
      <trkpt lat="34.40335770137608" lon="-119.70702370628715">
        <ele>49.07</ele>
      </trkpt>
      <trkpt lat="34.40353305079043" lon="-119.70673754811287">
        <ele>48.27</ele>
      </trkpt>
      <trkpt lat="34.40370806492865" lon="-119.70645189285278">
        <ele>47.43</ele>
      </trkpt>
      <trkpt lat="34.403836727142334" lon="-119.70624796114862">
        <ele>46.61</ele>
      </trkpt>
      <trkpt lat="34.40396547317505" lon="-119.70604419708252">
        <ele>45.81</ele>
      </trkpt>
      <trkpt lat="34.40396555699408" lon="-119.70604419708252">
        <ele>45.03</ele>
      </trkpt>
      <trkpt lat="34.404115760698915" lon="-119.70579735003412">
        <ele>44.24</ele>
      </trkpt>
      <trkpt lat="34.40426588058472" lon="-119.70555067062378">
        <ele>43.45</ele>
      </trkpt>
      <trkpt lat="34.404287338256836" lon="-119.70550775527954">
        <ele>42.67</ele>
      </trkpt>
      <trkpt lat="34.40444827079773" lon="-119.70526090823114">
        <ele>41.79</ele>
      </trkpt>
      <trkpt lat="34.404609287157655" lon="-119.7050142288208">
        <ele>40.81</ele>
      </trkpt>
      <trkpt lat="34.40469511784613" lon="-119.70482110977173">
        <ele>39.93</ele>
      </trkpt>
      <trkpt lat="34.404802322387695" lon="-119.70464936457574">
        <ele>39.18</ele>
      </trkpt>
      <trkpt lat="34.40490961074829" lon="-119.70447778701782">
        <ele>38.45</ele>
      </trkpt>
      <trkpt lat="34.40497406758368" lon="-119.70437049865723">
        <ele>37.77</ele>
      </trkpt>
      <trkpt lat="34.405070627108216" lon="-119.70419875346124">
        <ele>37.11</ele>
      </trkpt>
      <trkpt lat="34.40516718663275" lon="-119.70402717590332">
        <ele>36.46</ele>
      </trkpt>
      <trkpt lat="34.40520876087248" lon="-119.70395375043154">
        <ele>35.79</ele>
      </trkpt>
      <trkpt lat="34.405345134437084" lon="-119.70371344126761">
        <ele>35.2</ele>
      </trkpt>
      <trkpt lat="34.405481508001685" lon="-119.70347313210368">
        <ele>34.54</ele>
      </trkpt>
      <trkpt lat="34.405617797747254" lon="-119.70323324203491">
        <ele>33.84</ele>
      </trkpt>
      <trkpt lat="34.40573581494391" lon="-119.70299704000354">
        <ele>33.13</ele>
      </trkpt>
      <trkpt lat="34.40585374832153" lon="-119.70276117324829">
        <ele>32.4</ele>
      </trkpt>
      <trkpt lat="34.40587520599365" lon="-119.70258951187134">
        <ele>31.64</ele>
      </trkpt>
      <trkpt lat="34.40604695118964" lon="-119.70227460376918">
        <ele>30.92</ele>
      </trkpt>
      <trkpt lat="34.40621869638562" lon="-119.70195969566703">
        <ele>30.18</ele>
      </trkpt>
      <trkpt lat="34.40639019012451" lon="-119.7016453742981">
        <ele>29.38</ele>
      </trkpt>
      <trkpt lat="34.40647610463202" lon="-119.70145225524902">
        <ele>28.59</ele>
      </trkpt>
      <trkpt lat="34.4064546469599" lon="-119.70136642456055">
        <ele>27.81</ele>
      </trkpt>
      <trkpt lat="34.40636873245239" lon="-119.70106601715088">
        <ele>26.95</ele>
      </trkpt>
      <trkpt lat="34.40627200528979" lon="-119.70082973130047">
        <ele>26.12</ele>
      </trkpt>
      <trkpt lat="34.40617561340332" lon="-119.70059394836426">
        <ele>25.29</ele>
      </trkpt>
      <trkpt lat="34.406068325042725" lon="-119.70044374465942">
        <ele>24.47</ele>
      </trkpt>
      <trkpt lat="34.40596103668213" lon="-119.70029354095459">
        <ele>23.66</ele>
      </trkpt>
      <trkpt lat="34.40575735643506" lon="-119.70010058954358">
        <ele>22.81</ele>
      </trkpt>
      <trkpt lat="34.405553340911865" lon="-119.69990730285645">
        <ele>21.89</ele>
      </trkpt>
      <trkpt lat="34.40534974448383" lon="-119.69973580911756">
        <ele>20.99</ele>
      </trkpt>
      <trkpt lat="34.40514572896063" lon="-119.69956398010254">
        <ele>20.09</ele>
      </trkpt>
      <trkpt lat="34.40493106842041" lon="-119.69939231872559">
        <ele>19.23</ele>
      </trkpt>
      <trkpt lat="34.40493115223944" lon="-119.69939231872559">
        <ele>18.48</ele>
      </trkpt>
      <trkpt lat="34.40471649169922" lon="-119.69915628433228">
        <ele>17.69</ele>
      </trkpt>
      <trkpt lat="34.40459839068353" lon="-119.69893081113696">
        <ele>16.98</ele>
      </trkpt>
      <trkpt lat="34.40448045730591" lon="-119.69870567321777">
        <ele>16.3</ele>
      </trkpt>
      <trkpt lat="34.40448054112494" lon="-119.69870567321777">
        <ele>15.64</ele>
      </trkpt>
      <trkpt lat="34.4043408986181" lon="-119.69845874235034">
        <ele>15.0</ele>
      </trkpt>
      <trkpt lat="34.40420150756836" lon="-119.69821214675903">
        <ele>14.38</ele>
      </trkpt>
      <trkpt lat="34.404083490371704" lon="-119.69808340072632">
        <ele>13.79</ele>
      </trkpt>
      <trkpt lat="34.40396547317505" lon="-119.6979546546936">
        <ele>13.24</ele>
      </trkpt>
      <trkpt lat="34.40381552092731" lon="-119.69786890782416">
        <ele>12.72</ele>
      </trkpt>
      <trkpt lat="34.40366506576538" lon="-119.69778299331665">
        <ele>12.23</ele>
      </trkpt>
      <trkpt lat="34.40348309464753" lon="-119.69777226448059">
        <ele>11.77</ele>
      </trkpt>
      <trkpt lat="34.403300285339355" lon="-119.69776153564453">
        <ele>11.34</ele>
      </trkpt>
      <trkpt lat="34.40330036915839" lon="-119.69776153564453">
        <ele>10.98</ele>
      </trkpt>
      <trkpt lat="34.40323599614203" lon="-119.69776153564453">
        <ele>10.64</ele>
      </trkpt>
      <trkpt lat="34.40315008163452" lon="-119.69776153564453">
        <ele>10.33</ele>
      </trkpt>
      <trkpt lat="34.40315008163452" lon="-119.69765424728394">
        <ele>10.05</ele>
      </trkpt>
      <trkpt lat="34.4031357485801" lon="-119.69738904386759">
        <ele>9.79</ele>
      </trkpt>
      <trkpt lat="34.403121415525675" lon="-119.69712392427027">
        <ele>9.58</ele>
      </trkpt>
      <trkpt lat="34.40310716629028" lon="-119.69686031341553">
        <ele>9.38</ele>
      </trkpt>
      <trkpt lat="34.40315008163452" lon="-119.69651699066162">
        <ele>9.23</ele>
      </trkpt>
      <trkpt lat="34.40319299697876" lon="-119.69632353633642">
        <ele>9.12</ele>
      </trkpt>
      <trkpt lat="34.403235912323" lon="-119.69613075256348">
        <ele>9.02</ele>
      </trkpt>
      <trkpt lat="34.403311014175415" lon="-119.69593738205731">
        <ele>8.97</ele>
      </trkpt>
      <trkpt lat="34.40338611602783" lon="-119.69574451446533">
        <ele>8.91</ele>
      </trkpt>
      <trkpt lat="34.403557777404785" lon="-119.69546556472778">
        <ele>8.89</ele>
      </trkpt>
      <trkpt lat="34.40375089645386" lon="-119.69520807266235">
        <ele>8.86</ele>
      </trkpt>
      <trkpt lat="34.403933035209775" lon="-119.69506876543164">
        <ele>8.86</ele>
      </trkpt>
      <trkpt lat="34.40411567687988" lon="-119.6949291229248">
        <ele>8.88</ele>
      </trkpt>
      <trkpt lat="34.40422296524048" lon="-119.69486474990845">
        <ele>8.89</ele>
      </trkpt>
      <trkpt lat="34.40426588058472" lon="-119.69484329223633">
        <ele>8.91</ele>
      </trkpt>
      <trkpt lat="34.404501328244805" lon="-119.69475762918591">
        <ele>8.95</ele>
      </trkpt>
      <trkpt lat="34.40473794937134" lon="-119.69467163085938">
        <ele>8.98</ele>
      </trkpt>
      <trkpt lat="34.40504975616932" lon="-119.6946410369128">
        <ele>9.01</ele>
      </trkpt>
      <trkpt lat="34.4053615629673" lon="-119.69461044296622">
        <ele>9.01</ele>
      </trkpt>
      <trkpt lat="34.40567345358431" lon="-119.69457984901965">
        <ele>9.01</ele>
      </trkpt>
      <trkpt lat="34.405985260382295" lon="-119.6945493388921">
        <ele>8.98</ele>
      </trkpt>
      <trkpt lat="34.40629715099931" lon="-119.69451874494553">
        <ele>8.97</ele>
      </trkpt>
      <trkpt lat="34.40660895779729" lon="-119.69448815099895">
        <ele>8.99</ele>
      </trkpt>
      <trkpt lat="34.40692663192749" lon="-119.69445705413818">
        <ele>8.83</ele>
      </trkpt>
      <trkpt lat="34.407097874209285" lon="-119.69441422261298">
        <ele>8.68</ele>
      </trkpt>
      <trkpt lat="34.40727003850043" lon="-119.6943712234497">
        <ele>8.54</ele>
      </trkpt>
      <trkpt lat="34.4072699546814" lon="-119.6943712234497">
        <ele>8.42</ele>
      </trkpt>
      <trkpt lat="34.40742015838623" lon="-119.69432830810547">
        <ele>8.24</ele>
      </trkpt>
      <trkpt lat="34.40769910812378" lon="-119.69417810440063">
        <ele>8.02</ele>
      </trkpt>
      <trkpt lat="34.40783849917352" lon="-119.69403871335089">
        <ele>7.84</ele>
      </trkpt>
      <trkpt lat="34.40797814168036" lon="-119.69389915466309">
        <ele>7.64</ele>
      </trkpt>
      <trkpt lat="34.40797805786133" lon="-119.69389915466309">
        <ele>7.46</ele>
      </trkpt>
      <trkpt lat="34.408063888549805" lon="-119.69389915466309">
        <ele>7.27</ele>
      </trkpt>
      <trkpt lat="34.40812826156616" lon="-119.69383478164673">
        <ele>7.06</ele>
      </trkpt>
      <trkpt lat="34.408314088359475" lon="-119.69362741336226">
        <ele>6.85</ele>
      </trkpt>
      <trkpt lat="34.40849991515279" lon="-119.69342012889683">
        <ele>6.64</ele>
      </trkpt>
      <trkpt lat="34.40868616104126" lon="-119.69321250915527">
        <ele>6.41</ele>
      </trkpt>
      <trkpt lat="34.408879363909364" lon="-119.6930193901062">
        <ele>6.18</ele>
      </trkpt>
      <trkpt lat="34.409007942304015" lon="-119.69289072789252">
        <ele>5.96</ele>
      </trkpt>
      <trkpt lat="34.40913685597479" lon="-119.69276189804077">
        <ele>5.72</ele>
      </trkpt>
      <trkpt lat="34.4091796875" lon="-119.69269752502441">
        <ele>5.51</ele>
      </trkpt>
      <trkpt lat="34.40940842963755" lon="-119.69244732521474">
        <ele>5.29</ele>
      </trkpt>
      <trkpt lat="34.4096371717751" lon="-119.69219712540507">
        <ele>5.1</ele>
      </trkpt>
      <trkpt lat="34.40986633300781" lon="-119.69194650650024">
        <ele>4.93</ele>
      </trkpt>
      <trkpt lat="34.410059452056885" lon="-119.69173192977905">
        <ele>4.77</ele>
      </trkpt>
      <trkpt lat="34.41019884310663" lon="-119.69159253872931">
        <ele>4.63</ele>
      </trkpt>
      <trkpt lat="34.410338485613465" lon="-119.6914529800415">
        <ele>4.5</ele>
      </trkpt>
      <trkpt lat="34.410509979352355" lon="-119.69125994481146">
        <ele>4.37</ele>
      </trkpt>
      <trkpt lat="34.41068172454834" lon="-119.69106674194336">
        <ele>4.23</ele>
      </trkpt>
      <trkpt lat="34.41083905287087" lon="-119.69084495678544">
        <ele>4.11</ele>
      </trkpt>
      <trkpt lat="34.4109963811934" lon="-119.69062325544655">
        <ele>4.02</ele>
      </trkpt>
      <trkpt lat="34.41115379333496" lon="-119.69040155410767">
        <ele>3.95</ele>
      </trkpt>
      <trkpt lat="34.4111967086792" lon="-119.69033718109131">
        <ele>3.88</ele>
      </trkpt>
      <trkpt lat="34.41137893125415" lon="-119.69013341702521">
        <ele>3.83</ele>
      </trkpt>
      <trkpt lat="34.411561489105225" lon="-119.68992948532104">
        <ele>3.8</ele>
      </trkpt>
      <trkpt lat="34.411733066663146" lon="-119.68972211703658">
        <ele>3.77</ele>
      </trkpt>
      <trkpt lat="34.41190464422107" lon="-119.68951474875212">
        <ele>3.76</ele>
      </trkpt>
      <trkpt lat="34.412076473236084" lon="-119.68930721282959">
        <ele>3.78</ele>
      </trkpt>
      <trkpt lat="34.41218376159668" lon="-119.689199924469">
        <ele>3.8</ele>
      </trkpt>
      <trkpt lat="34.412291049957275" lon="-119.68907117843628">
        <ele>3.82</ele>
      </trkpt>
      <trkpt lat="34.41246271133423" lon="-119.6888780593872">
        <ele>3.84</ele>
      </trkpt>
      <trkpt lat="34.41259137354791" lon="-119.68873866833746">
        <ele>3.89</ele>
      </trkpt>
      <trkpt lat="34.41272028721869" lon="-119.68859910964966">
        <ele>3.93</ele>
      </trkpt>
      <trkpt lat="34.412898905575275" lon="-119.68840607441962">
        <ele>3.97</ele>
      </trkpt>
      <trkpt lat="34.41307760775089" lon="-119.68821303918958">
        <ele>4.01</ele>
      </trkpt>
      <trkpt lat="34.41325664520264" lon="-119.68801975250244">
        <ele>4.05</ele>
      </trkpt>
      <trkpt lat="34.413321018218994" lon="-119.68795537948608">
        <ele>4.1</ele>
      </trkpt>
      <trkpt lat="34.413528302684426" lon="-119.68773376196623">
        <ele>4.17</ele>
      </trkpt>
      <trkpt lat="34.41373558714986" lon="-119.68751214444637">
        <ele>4.22</ele>
      </trkpt>
      <trkpt lat="34.41394329071045" lon="-119.68729019165039">
        <ele>4.26</ele>
      </trkpt>
      <trkpt lat="34.414072036743164" lon="-119.68709698878229">
        <ele>4.3</ele>
      </trkpt>
      <trkpt lat="34.41420078277588" lon="-119.68690395355225">
        <ele>4.36</ele>
      </trkpt>
      <trkpt lat="34.41424378193915" lon="-119.68686103820801">
        <ele>4.4</ele>
      </trkpt>
      <trkpt lat="34.414308071136475" lon="-119.68675374984741">
        <ele>4.43</ele>
      </trkpt>
      <trkpt lat="34.414329528808594" lon="-119.68671083450317">
        <ele>4.45</ele>
      </trkpt>
      <trkpt lat="34.41445827484131" lon="-119.68643188476562">
        <ele>4.46</ele>
      </trkpt>
      <trkpt lat="34.41455500200391" lon="-119.68608805909753">
        <ele>4.48</ele>
      </trkpt>
      <trkpt lat="34.41465147770941" lon="-119.68574523925781">
        <ele>4.47</ele>
      </trkpt>
      <trkpt lat="34.41469439305365" lon="-119.68555212020874">
        <ele>4.46</ele>
      </trkpt>
      <trkpt lat="34.41469430923462" lon="-119.68555212020874">
        <ele>4.45</ele>
      </trkpt>
      <trkpt lat="34.414744433015585" lon="-119.685222459957">
        <ele>4.44</ele>
      </trkpt>
      <trkpt lat="34.41479455679655" lon="-119.6848928835243">
        <ele>4.42</ele>
      </trkpt>
      <trkpt lat="34.41484476439655" lon="-119.6845633070916">
        <ele>4.37</ele>
      </trkpt>
      <trkpt lat="34.414894888177514" lon="-119.68423373065889">
        <ele>4.32</ele>
      </trkpt>
      <trkpt lat="34.41494509577751" lon="-119.68390407040715">
        <ele>4.27</ele>
      </trkpt>
      <trkpt lat="34.41499471664429" lon="-119.68357801437378">
        <ele>4.2</ele>
      </trkpt>
      <trkpt lat="34.41503151319921" lon="-119.68324935995042">
        <ele>4.13</ele>
      </trkpt>
      <trkpt lat="34.415068393573165" lon="-119.6829207893461">
        <ele>4.07</ele>
      </trkpt>
      <trkpt lat="34.41510527394712" lon="-119.68259221874177">
        <ele>3.99</ele>
      </trkpt>
      <trkpt lat="34.41514207050204" lon="-119.68226356431842">
        <ele>3.92</ele>
      </trkpt>
      <trkpt lat="34.415178950876" lon="-119.6819349937141">
        <ele>3.86</ele>
      </trkpt>
      <trkpt lat="34.41521583124995" lon="-119.68160642310977">
        <ele>3.79</ele>
      </trkpt>
      <trkpt lat="34.41525220870972" lon="-119.68128204345703">
        <ele>3.71</ele>
      </trkpt>
      <trkpt lat="34.415295124053955" lon="-119.68090577982366">
        <ele>3.6</ele>
      </trkpt>
      <trkpt lat="34.41533803939819" lon="-119.68053102493286">
        <ele>3.53</ele>
      </trkpt>
      <trkpt lat="34.415359580889344" lon="-119.6804666519165">
        <ele>3.45</ele>
      </trkpt>
      <trkpt lat="34.41538095474243" lon="-119.68029499053955">
        <ele>3.37</ele>
      </trkpt>
      <trkpt lat="34.41538095474243" lon="-119.6802306175232">
        <ele>3.3</ele>
      </trkpt>
      <trkpt lat="34.41542034968734" lon="-119.67986156232655">
        <ele>3.22</ele>
      </trkpt>
      <trkpt lat="34.415459744632244" lon="-119.67949250712991">
        <ele>3.16</ele>
      </trkpt>
      <trkpt lat="34.41549913957715" lon="-119.67912345193326">
        <ele>3.07</ele>
      </trkpt>
      <trkpt lat="34.41553853452206" lon="-119.67875448055565">
        <ele>2.99</ele>
      </trkpt>
      <trkpt lat="34.415578013285995" lon="-119.67838542535901">
        <ele>2.93</ele>
      </trkpt>
      <trkpt lat="34.41561698913574" lon="-119.67802047729492">
        <ele>2.85</ele>
      </trkpt>
      <trkpt lat="34.415684128180146" lon="-119.67768729664385">
        <ele>2.79</ele>
      </trkpt>
      <trkpt lat="34.41575126722455" lon="-119.67735411599278">
        <ele>2.75</ele>
      </trkpt>
      <trkpt lat="34.415818490087986" lon="-119.67702101916075">
        <ele>2.71</ele>
      </trkpt>
      <trkpt lat="34.41588562913239" lon="-119.67668783850968">
        <ele>2.67</ele>
      </trkpt>
      <trkpt lat="34.415952768176794" lon="-119.67635474167764">
        <ele>2.63</ele>
      </trkpt>
      <trkpt lat="34.41601999104023" lon="-119.67602156102657">
        <ele>2.62</ele>
      </trkpt>
      <trkpt lat="34.416087130084634" lon="-119.67568846419454">
        <ele>2.62</ele>
      </trkpt>
      <trkpt lat="34.41615343093872" lon="-119.67535972595215">
        <ele>2.62</ele>
      </trkpt>
      <trkpt lat="34.41617497242987" lon="-119.67523097991943">
        <ele>2.61</ele>
      </trkpt>
      <trkpt lat="34.41619634628296" lon="-119.67512369155884">
        <ele>2.63</ele>
      </trkpt>
      <trkpt lat="34.41626692190766" lon="-119.67475824058056">
        <ele>2.65</ele>
      </trkpt>
      <trkpt lat="34.4163375813514" lon="-119.67439287342131">
        <ele>2.68</ele>
      </trkpt>
      <trkpt lat="34.416408156976104" lon="-119.67402750626206">
        <ele>2.73</ele>
      </trkpt>
      <trkpt lat="34.41647881641984" lon="-119.67366213910282">
        <ele>2.79</ele>
      </trkpt>
      <trkpt lat="34.416549392044544" lon="-119.67329668812454">
        <ele>2.86</ele>
      </trkpt>
      <trkpt lat="34.41662005148828" lon="-119.67293132096529">
        <ele>2.94</ele>
      </trkpt>
      <trkpt lat="34.4166898727417" lon="-119.67257022857666">
        <ele>3.02</ele>
      </trkpt>
      <trkpt lat="34.41671133041382" lon="-119.67246294021606">
        <ele>3.11</ele>
      </trkpt>
      <trkpt lat="34.41673278808594" lon="-119.67235565185547">
        <ele>3.2</ele>
      </trkpt>
      <trkpt lat="34.41675424575806" lon="-119.6721625328064">
        <ele>3.31</ele>
      </trkpt>
      <trkpt lat="34.416818702593446" lon="-119.67185080982745">
        <ele>3.43</ele>
      </trkpt>
      <trkpt lat="34.416883159428835" lon="-119.67153917066753">
        <ele>3.55</ele>
      </trkpt>
      <trkpt lat="34.416947616264224" lon="-119.67122753150761">
        <ele>3.69</ele>
      </trkpt>
      <trkpt lat="34.417011737823486" lon="-119.67091798782349">
        <ele>3.85</ele>
      </trkpt>
      <trkpt lat="34.417076194658875" lon="-119.67058480717242">
        <ele>4.01</ele>
      </trkpt>
      <trkpt lat="34.417140651494265" lon="-119.67025162652135">
        <ele>4.18</ele>
      </trkpt>
      <trkpt lat="34.417205108329654" lon="-119.66991852968931">
        <ele>4.36</ele>
      </trkpt>
      <trkpt lat="34.417269229888916" lon="-119.6695876121521">
        <ele>4.54</ele>
      </trkpt>
      <trkpt lat="34.417312145233154" lon="-119.669254347682">
        <ele>4.73</ele>
      </trkpt>
      <trkpt lat="34.41735506057739" lon="-119.6689224243164">
        <ele>4.92</ele>
      </trkpt>
      <trkpt lat="34.41736578941345" lon="-119.66871815733612">
        <ele>5.13</ele>
      </trkpt>
      <trkpt lat="34.41737651824951" lon="-119.66851472854614">
        <ele>5.36</ele>
      </trkpt>
      <trkpt lat="34.41735497675836" lon="-119.6682424005121">
        <ele>5.58</ele>
      </trkpt>
      <trkpt lat="34.41733351908624" lon="-119.66797007247806">
        <ele>5.81</ele>
      </trkpt>
      <trkpt lat="34.417312145233154" lon="-119.66769933700562">
        <ele>6.05</ele>
      </trkpt>
      <trkpt lat="34.417290687561035" lon="-119.66759204864502">
        <ele>6.29</ele>
      </trkpt>
      <trkpt lat="34.41729077138007" lon="-119.66752767562866">
        <ele>6.54</ele>
      </trkpt>
      <trkpt lat="34.41726931370795" lon="-119.6674633026123">
        <ele>6.79</ele>
      </trkpt>
      <trkpt lat="34.41726931370795" lon="-119.66742038726807">
        <ele>7.05</ele>
      </trkpt>
      <trkpt lat="34.417269229888916" lon="-119.6671199798584">
        <ele>7.31</ele>
      </trkpt>
      <trkpt lat="34.417290687561035" lon="-119.6669054031372">
        <ele>7.57</ele>
      </trkpt>
      <trkpt lat="34.417344415560365" lon="-119.66659368015826">
        <ele>7.82</ele>
      </trkpt>
      <trkpt lat="34.41739797592163" lon="-119.66628313064575">
        <ele>8.1</ele>
      </trkpt>
      <trkpt lat="34.41746243275702" lon="-119.66594777069986">
        <ele>8.37</ele>
      </trkpt>
      <trkpt lat="34.41752688959241" lon="-119.665612494573">
        <ele>8.64</ele>
      </trkpt>
      <trkpt lat="34.4175913464278" lon="-119.66527721844614">
        <ele>8.94</ele>
      </trkpt>
      <trkpt lat="34.41765588708222" lon="-119.66494185850024">
        <ele>9.19</ele>
      </trkpt>
      <trkpt lat="34.41771984100342" lon="-119.66460943222046">
        <ele>9.44</ele>
      </trkpt>
      <trkpt lat="34.41779502667487" lon="-119.66427088715136">
        <ele>9.7</ele>
      </trkpt>
      <trkpt lat="34.417870212346315" lon="-119.6639324259013">
        <ele>9.95</ele>
      </trkpt>
      <trkpt lat="34.417945481836796" lon="-119.6635938808322">
        <ele>10.17</ele>
      </trkpt>
      <trkpt lat="34.418020248413086" lon="-119.66325759887695">
        <ele>10.4</ele>
      </trkpt>
      <trkpt lat="34.418073892593384" lon="-119.66307487338781">
        <ele>10.62</ele>
      </trkpt>
      <trkpt lat="34.41812753677368" lon="-119.66289281845093">
        <ele>10.84</ele>
      </trkpt>
      <trkpt lat="34.41823482513428" lon="-119.66272115707397">
        <ele>11.06</ele>
      </trkpt>
      <trkpt lat="34.41844940185547" lon="-119.66250658035278">
        <ele>11.28</ele>
      </trkpt>
      <trkpt lat="34.418656351044774" lon="-119.66241379268467">
        <ele>11.45</ele>
      </trkpt>
      <trkpt lat="34.41886330023408" lon="-119.66232100501657">
        <ele>11.6</ele>
      </trkpt>
      <trkpt lat="34.419071674346924" lon="-119.66222763061523">
        <ele>11.72</ele>
      </trkpt>
      <trkpt lat="34.419307708740234" lon="-119.66209888458252">
        <ele>11.84</ele>
      </trkpt>
      <trkpt lat="34.419436287134886" lon="-119.66197022236884">
        <ele>11.97</ele>
      </trkpt>
      <trkpt lat="34.419565200805664" lon="-119.66184139251709">
        <ele>12.11</ele>
      </trkpt>
      <trkpt lat="34.419715320691466" lon="-119.66165900230408">
        <ele>12.25</ele>
      </trkpt>
      <trkpt lat="34.41986560821533" lon="-119.66147661209106">
        <ele>12.37</ele>
      </trkpt>
      <trkpt lat="34.41995143890381" lon="-119.66126203536987">
        <ele>12.48</ele>
      </trkpt>
      <trkpt lat="34.420015811920166" lon="-119.6610689163208">
        <ele>12.6</ele>
      </trkpt>
      <trkpt lat="34.4200399518013" lon="-119.66071419417858">
        <ele>12.73</ele>
      </trkpt>
      <trkpt lat="34.420064175501466" lon="-119.66035947203636">
        <ele>12.84</ele>
      </trkpt>
      <trkpt lat="34.4200883153826" lon="-119.66000474989414">
        <ele>12.94</ele>
      </trkpt>
      <trkpt lat="34.420112539082766" lon="-119.65965002775192">
        <ele>13.1</ele>
      </trkpt>
      <trkpt lat="34.4201366789639" lon="-119.6592953056097">
        <ele>13.22</ele>
      </trkpt>
      <trkpt lat="34.420160902664065" lon="-119.65894058346748">
        <ele>13.34</ele>
      </trkpt>
      <trkpt lat="34.42018512636423" lon="-119.65858586132526">
        <ele>13.46</ele>
      </trkpt>
      <trkpt lat="34.42020893096924" lon="-119.65823650360107">
        <ele>13.56</ele>
      </trkpt>
      <trkpt lat="34.42028411664069" lon="-119.65789259411395">
        <ele>13.66</ele>
      </trkpt>
      <trkpt lat="34.42035913467407" lon="-119.65754985809326">
        <ele>13.74</ele>
      </trkpt>
      <trkpt lat="34.42046642303467" lon="-119.65731382369995">
        <ele>13.81</ele>
      </trkpt>
      <trkpt lat="34.42059516906738" lon="-119.65705633163452">
        <ele>13.91</ele>
      </trkpt>
      <trkpt lat="34.42079884931445" lon="-119.65684183873236">
        <ele>13.99</ele>
      </trkpt>
      <trkpt lat="34.42100286483765" lon="-119.65662717819214">
        <ele>14.05</ele>
      </trkpt>
      <trkpt lat="34.42121744155884" lon="-119.65639114379883">
        <ele>14.12</ele>
      </trkpt>
      <trkpt lat="34.421281814575195" lon="-119.65632677078247">
        <ele>14.21</ele>
      </trkpt>
      <trkpt lat="34.421303272247314" lon="-119.65626239776611">
        <ele>14.29</ele>
      </trkpt>
      <trkpt lat="34.42141056060791" lon="-119.65621948242188">
        <ele>14.39</ele>
      </trkpt>
      <trkpt lat="34.42145347595215" lon="-119.656240940094">
        <ele>14.49</ele>
      </trkpt>
      <trkpt lat="34.42160367965698" lon="-119.65619802474976">
        <ele>14.6</ele>
      </trkpt>
      <trkpt lat="34.42164659500122" lon="-119.65617656707764">
        <ele>14.71</ele>
      </trkpt>
      <trkpt lat="34.42186117172241" lon="-119.65596199035645">
        <ele>14.84</ele>
      </trkpt>
      <trkpt lat="34.421989833936095" lon="-119.65579032897949">
        <ele>14.97</ele>
      </trkpt>
      <trkpt lat="34.42211866378784" lon="-119.65561866760254">
        <ele>15.12</ele>
      </trkpt>
      <trkpt lat="34.422254618257284" lon="-119.65535379946232">
        <ele>15.28</ele>
      </trkpt>
      <trkpt lat="34.42239057272673" lon="-119.65508901514113">
        <ele>15.46</ele>
      </trkpt>
      <trkpt lat="34.422526359558105" lon="-119.65482473373413">
        <ele>15.64</ele>
      </trkpt>
      <trkpt lat="34.422569274902344" lon="-119.65469598770142">
        <ele>15.85</ele>
      </trkpt>
      <trkpt lat="34.42267656326294" lon="-119.65448141098022">
        <ele>16.07</ele>
      </trkpt>
      <trkpt lat="34.422794664278626" lon="-119.6542236674577">
        <ele>16.34</ele>
      </trkpt>
      <trkpt lat="34.42291268147528" lon="-119.65396642684937">
        <ele>16.59</ele>
      </trkpt>
      <trkpt lat="34.42291259765625" lon="-119.65396642684937">
        <ele>16.85</ele>
      </trkpt>
      <trkpt lat="34.42282676696777" lon="-119.65362310409546">
        <ele>17.13</ele>
      </trkpt>
      <trkpt lat="34.42269793711603" lon="-119.65337617322803">
        <ele>17.42</ele>
      </trkpt>
      <trkpt lat="34.422569358721375" lon="-119.65312957763672">
        <ele>17.73</ele>
      </trkpt>
      <trkpt lat="34.422504901885986" lon="-119.653000831604">
        <ele>18.06</ele>
      </trkpt>
      <trkpt lat="34.422504901885986" lon="-119.65267896652222">
        <ele>18.42</ele>
      </trkpt>
      <trkpt lat="34.42246198654175" lon="-119.65261459350586">
        <ele>18.77</ele>
      </trkpt>
      <trkpt lat="34.42233324050903" lon="-119.65246438980103">
        <ele>19.17</ele>
      </trkpt>
      <trkpt lat="34.42220449447632" lon="-119.65216398239136">
        <ele>19.56</ele>
      </trkpt>
      <trkpt lat="34.42206124775112" lon="-119.65183465741575">
        <ele>19.94</ele>
      </trkpt>
      <trkpt lat="34.42191808484495" lon="-119.65150533244014">
        <ele>20.33</ele>
      </trkpt>
      <trkpt lat="34.421775341033936" lon="-119.65117692947388">
        <ele>20.74</ele>
      </trkpt>
      <trkpt lat="34.42167869769037" lon="-119.65089756064117">
        <ele>21.16</ele>
      </trkpt>
      <trkpt lat="34.421582305803895" lon="-119.65061902999878">
        <ele>21.61</ele>
      </trkpt>
      <trkpt lat="34.421528493985534" lon="-119.65030730701983">
        <ele>22.02</ele>
      </trkpt>
      <trkpt lat="34.42147493362427" lon="-119.64999675750732">
        <ele>22.43</ele>
      </trkpt>
      <trkpt lat="34.42147493362427" lon="-119.64971009641886">
        <ele>22.81</ele>
      </trkpt>
      <trkpt lat="34.42147493362427" lon="-119.64942343533039">
        <ele>23.16</ele>
      </trkpt>
      <trkpt lat="34.42147493362427" lon="-119.64913845062256">
        <ele>23.49</ele>
      </trkpt>
      <trkpt lat="34.42147493362427" lon="-119.64884818531573">
        <ele>23.8</ele>
      </trkpt>
      <trkpt lat="34.42147493362427" lon="-119.64855909347534">
        <ele>24.11</ele>
      </trkpt>
      <trkpt lat="34.42147493362427" lon="-119.64834409765899">
        <ele>24.42</ele>
      </trkpt>
      <trkpt lat="34.42147493362427" lon="-119.64812994003296">
        <ele>24.73</ele>
      </trkpt>
      <trkpt lat="34.4214750174433" lon="-119.647958278656">
        <ele>25.07</ele>
      </trkpt>
      <trkpt lat="34.42149639129639" lon="-119.64787244796753">
        <ele>25.37</ele>
      </trkpt>
      <trkpt lat="34.421485578641295" lon="-119.64760364033282">
        <ele>25.67</ele>
      </trkpt>
      <trkpt lat="34.42147493362427" lon="-119.64733600616455">
        <ele>25.96</ele>
      </trkpt>
      <trkpt lat="34.42139605991542" lon="-119.64699930511415">
        <ele>26.19</ele>
      </trkpt>
      <trkpt lat="34.42131727002561" lon="-119.64666260406375">
        <ele>26.36</ele>
      </trkpt>
      <trkpt lat="34.42123889923096" lon="-119.64632749557495">
        <ele>26.48</ele>
      </trkpt>
      <trkpt lat="34.42119606770575" lon="-119.6460485458374">
        <ele>26.58</ele>
      </trkpt>
      <trkpt lat="34.42119598388672" lon="-119.6460485458374">
        <ele>26.65</ele>
      </trkpt>
      <trkpt lat="34.42117461003363" lon="-119.64598417282104">
        <ele>26.69</ele>
      </trkpt>
      <trkpt lat="34.42116379737854" lon="-119.64560790918767">
        <ele>26.69</ele>
      </trkpt>
      <trkpt lat="34.42115306854248" lon="-119.64523315429688">
        <ele>26.7</ele>
      </trkpt>
      <trkpt lat="34.42113152705133" lon="-119.64497515931726">
        <ele>26.65</ele>
      </trkpt>
      <trkpt lat="34.42111015319824" lon="-119.64471817016602">
        <ele>26.57</ele>
      </trkpt>
      <trkpt lat="34.42108861170709" lon="-119.6443526353687">
        <ele>26.45</ele>
      </trkpt>
      <trkpt lat="34.421067237854004" lon="-119.64398860931396">
        <ele>26.34</ele>
      </trkpt>
      <trkpt lat="34.42104586400092" lon="-119.64379549026489">
        <ele>26.14</ele>
      </trkpt>
      <trkpt lat="34.421045780181885" lon="-119.64348368346691">
        <ele>25.94</ele>
      </trkpt>
      <trkpt lat="34.421045780181885" lon="-119.64317321777344">
        <ele>25.69</ele>
      </trkpt>
      <trkpt lat="34.421045780181885" lon="-119.64304447174072">
        <ele>25.4</ele>
      </trkpt>
      <trkpt lat="34.42108869552612" lon="-119.64284028857946">
        <ele>25.11</ele>
      </trkpt>
      <trkpt lat="34.42113161087036" lon="-119.64263677597046">
        <ele>24.74</ele>
      </trkpt>
      <trkpt lat="34.42121752537787" lon="-119.64235740713775">
        <ele>24.31</ele>
      </trkpt>
      <trkpt lat="34.42130352370441" lon="-119.64207812212408">
        <ele>23.76</ele>
      </trkpt>
      <trkpt lat="34.42138918675482" lon="-119.64179992675781">
        <ele>23.24</ele>
      </trkpt>
      <trkpt lat="34.42143210209906" lon="-119.64164972305298">
        <ele>22.77</ele>
      </trkpt>
      <trkpt lat="34.42143210209906" lon="-119.6415638923645">
        <ele>22.34</ele>
      </trkpt>
      <trkpt lat="34.42149647511542" lon="-119.64119911193848">
        <ele>21.89</ele>
      </trkpt>
      <trkpt lat="34.42151793278754" lon="-119.64107036590576">
        <ele>21.49</ele>
      </trkpt>
      <trkpt lat="34.421539306640625" lon="-119.64081287384033">
        <ele>21.1</ele>
      </trkpt>
      <trkpt lat="34.42153939045966" lon="-119.64057683944702">
        <ele>20.74</ele>
      </trkpt>
      <trkpt lat="34.421539306640625" lon="-119.64042663574219">
        <ele>20.39</ele>
      </trkpt>
      <trkpt lat="34.421560764312744" lon="-119.64014768600464">
        <ele>20.08</ele>
      </trkpt>
      <trkpt lat="34.421517848968506" lon="-119.63995456695557">
        <ele>19.79</ele>
      </trkpt>
      <trkpt lat="34.42149639129639" lon="-119.63993310928345">
        <ele>19.48</ele>
      </trkpt>
      <trkpt lat="34.42143201828003" lon="-119.63980436325073">
        <ele>19.21</ele>
      </trkpt>
      <trkpt lat="34.42143210209906" lon="-119.63973999023438">
        <ele>18.95</ele>
      </trkpt>
      <trkpt lat="34.421517848968506" lon="-119.63958978652954">
        <ele>18.71</ele>
      </trkpt>
      <trkpt lat="34.42164667882025" lon="-119.63958978652954">
        <ele>18.48</ele>
      </trkpt>
      <trkpt lat="34.42166805267334" lon="-119.63958978652954">
        <ele>18.25</ele>
      </trkpt>
      <trkpt lat="34.421753883361816" lon="-119.6395468711853">
        <ele>18.05</ele>
      </trkpt>
      <trkpt lat="34.42183971405029" lon="-119.63941812515259">
        <ele>17.88</ele>
      </trkpt>
      <trkpt lat="34.42189344204962" lon="-119.63917094282806">
        <ele>17.72</ele>
      </trkpt>
      <trkpt lat="34.42194700241089" lon="-119.63892459869385">
        <ele>17.57</ele>
      </trkpt>
      <trkpt lat="34.42203828133643" lon="-119.63856459595263">
        <ele>17.41</ele>
      </trkpt>
      <trkpt lat="34.422129644081" lon="-119.63820467703044">
        <ele>17.23</ele>
      </trkpt>
      <trkpt lat="34.422221006825566" lon="-119.63784467428923">
        <ele>17.05</ele>
      </trkpt>
      <trkpt lat="34.422311866655946" lon="-119.63748693466187">
        <ele>16.89</ele>
      </trkpt>
      <trkpt lat="34.42238914780319" lon="-119.63718174956739">
        <ele>16.75</ele>
      </trkpt>
      <trkpt lat="34.42246651276946" lon="-119.63687656447291">
        <ele>16.63</ele>
      </trkpt>
      <trkpt lat="34.422543877735734" lon="-119.63657137937844">
        <ele>16.52</ele>
      </trkpt>
      <trkpt lat="34.42262124270201" lon="-119.636266278103">
        <ele>16.43</ele>
      </trkpt>
      <trkpt lat="34.42269802093506" lon="-119.6359634399414">
        <ele>16.36</ele>
      </trkpt>
      <trkpt lat="34.42275174893439" lon="-119.63567325845361">
        <ele>16.28</ele>
      </trkpt>
      <trkpt lat="34.422805393114686" lon="-119.63538408279419">
        <ele>16.2</ele>
      </trkpt>
      <trkpt lat="34.422805309295654" lon="-119.63538408279419">
        <ele>16.12</ele>
      </trkpt>
      <trkpt lat="34.42284822463989" lon="-119.63504008948803">
        <ele>16.06</ele>
      </trkpt>
      <trkpt lat="34.42289113998413" lon="-119.63469743728638">
        <ele>15.98</ele>
      </trkpt>
      <trkpt lat="34.42290832288563" lon="-119.63438780978322">
        <ele>15.9</ele>
      </trkpt>
      <trkpt lat="34.422925505787134" lon="-119.6340782660991">
        <ele>15.8</ele>
      </trkpt>
      <trkpt lat="34.42294277250767" lon="-119.63376863859594">
        <ele>15.7</ele>
      </trkpt>
      <trkpt lat="34.42295995540917" lon="-119.63345909491181">
        <ele>15.58</ele>
      </trkpt>
      <trkpt lat="34.42297705449164" lon="-119.6331524848938">
        <ele>15.46</ele>
      </trkpt>
      <trkpt lat="34.42299842834473" lon="-119.63295936584473">
        <ele>15.32</ele>
      </trkpt>
      <trkpt lat="34.42297697067261" lon="-119.63285207748413">
        <ele>15.16</ele>
      </trkpt>
      <trkpt lat="34.42301276139915" lon="-119.63258695788682">
        <ele>14.98</ele>
      </trkpt>
      <trkpt lat="34.42304855212569" lon="-119.6323218382895">
        <ele>14.79</ele>
      </trkpt>
      <trkpt lat="34.4230842590332" lon="-119.63205814361572">
        <ele>14.57</ele>
      </trkpt>
      <trkpt lat="34.423019886016846" lon="-119.63182210922241">
        <ele>14.33</ele>
      </trkpt>
      <trkpt lat="34.42295551300049" lon="-119.63184356689453">
        <ele>14.06</ele>
      </trkpt>
      <trkpt lat="34.42286976613104" lon="-119.6318006515503">
        <ele>13.77</ele>
      </trkpt>
      <trkpt lat="34.42286968231201" lon="-119.6318006515503">
        <ele>13.47</ele>
      </trkpt>
      <trkpt lat="34.42274102009833" lon="-119.63160753250122">
        <ele>13.11</ele>
      </trkpt>
      <trkpt lat="34.42274102009833" lon="-119.63143587112427">
        <ele>12.74</ele>
      </trkpt>
      <trkpt lat="34.42278393544257" lon="-119.63137149810791">
        <ele>12.37</ele>
      </trkpt>
      <trkpt lat="34.422805309295654" lon="-119.63137149810791">
        <ele>11.99</ele>
      </trkpt>
      <trkpt lat="34.42286968231201" lon="-119.63109254837036">
        <ele>11.56</ele>
      </trkpt>
      <trkpt lat="34.422730123624206" lon="-119.63084561750293">
        <ele>11.13</ele>
      </trkpt>
      <trkpt lat="34.42259073257446" lon="-119.63059902191162">
        <ele>10.67</ele>
      </trkpt>
      <trkpt lat="34.422461818903685" lon="-119.63027673773468">
        <ele>10.18</ele>
      </trkpt>
      <trkpt lat="34.422333324328065" lon="-119.62995529174805">
        <ele>9.69</ele>
      </trkpt>
      <trkpt lat="34.42220441065729" lon="-119.62964382022619">
        <ele>9.2</ele>
      </trkpt>
      <trkpt lat="34.42207549698651" lon="-119.62933234870434">
        <ele>8.71</ele>
      </trkpt>
      <trkpt lat="34.42194666713476" lon="-119.62902087718248">
        <ele>8.21</ele>
      </trkpt>
      <trkpt lat="34.421818340197206" lon="-119.62871074676514">
        <ele>7.71</ele>
      </trkpt>
      <trkpt lat="34.421796882525086" lon="-119.62860345840454">
        <ele>7.23</ele>
      </trkpt>
      <trkpt lat="34.4216822180897" lon="-119.62827396579087">
        <ele>6.75</ele>
      </trkpt>
      <trkpt lat="34.421567637473345" lon="-119.62794455699623">
        <ele>6.24</ele>
      </trkpt>
      <trkpt lat="34.42145347595215" lon="-119.62761640548706">
        <ele>5.78</ele>
      </trkpt>
      <trkpt lat="34.42137820646167" lon="-119.62726176716387">
        <ele>5.32</ele>
      </trkpt>
      <trkpt lat="34.421303272247314" lon="-119.62690830230713">
        <ele>4.86</ele>
      </trkpt>
      <trkpt lat="34.421260273084044" lon="-119.62659297510982">
        <ele>4.41</ele>
      </trkpt>
      <trkpt lat="34.421217273920774" lon="-119.62627773173153">
        <ele>3.99</ele>
      </trkpt>
      <trkpt lat="34.4211745262146" lon="-119.62596416473389">
        <ele>3.6</ele>
      </trkpt>
      <trkpt lat="34.421160193160176" lon="-119.62568462826312">
        <ele>3.22</ele>
      </trkpt>
      <trkpt lat="34.42114586010575" lon="-119.62540517561138">
        <ele>2.87</ele>
      </trkpt>
      <trkpt lat="34.42113169468939" lon="-119.62512731552124">
        <ele>2.54</ele>
      </trkpt>
      <trkpt lat="34.4211208820343" lon="-119.62475105188787">
        <ele>2.19</ele>
      </trkpt>
      <trkpt lat="34.421110237017274" lon="-119.62437629699707">
        <ele>1.92</ele>
      </trkpt>
      <trkpt lat="34.42111015319824" lon="-119.62437629699707">
        <ele>1.68</ele>
      </trkpt>
      <trkpt lat="34.421088779345155" lon="-119.62405443191528">
        <ele>1.47</ele>
      </trkpt>
      <trkpt lat="34.421067321673036" lon="-119.62377548217773">
        <ele>1.3</ele>
      </trkpt>
      <trkpt lat="34.421067321673036" lon="-119.62364673614502">
        <ele>1.17</ele>
      </trkpt>
      <trkpt lat="34.421072686091065" lon="-119.62334574200213">
        <ele>1.08</ele>
      </trkpt>
      <trkpt lat="34.421078050509095" lon="-119.62304474785924">
        <ele>1.03</ele>
      </trkpt>
      <trkpt lat="34.421083414927125" lon="-119.62274375371635">
        <ele>1.04</ele>
      </trkpt>
      <trkpt lat="34.421088779345155" lon="-119.62244510650635">
        <ele>1.11</ele>
      </trkpt>
      <trkpt lat="34.42108869552612" lon="-119.62244510650635">
        <ele>1.2</ele>
      </trkpt>
      <trkpt lat="34.42111551761627" lon="-119.62208493612707">
        <ele>1.33</ele>
      </trkpt>
      <trkpt lat="34.42114242352545" lon="-119.62172484956682">
        <ele>1.57</ele>
      </trkpt>
      <trkpt lat="34.42116932943463" lon="-119.62136476300657">
        <ele>1.81</ele>
      </trkpt>
      <trkpt lat="34.42119606770575" lon="-119.62100744247437">
        <ele>2.11</ele>
      </trkpt>
      <trkpt lat="34.42123185843229" lon="-119.62064911611378">
        <ele>2.5</ele>
      </trkpt>
      <trkpt lat="34.421267649158835" lon="-119.6202907897532">
        <ele>2.92</ele>
      </trkpt>
      <trkpt lat="34.421303272247314" lon="-119.61993455886841">
        <ele>3.42</ele>
      </trkpt>
      <trkpt lat="34.421324729919434" lon="-119.61982727050781">
        <ele>3.95</ele>
      </trkpt>
      <trkpt lat="34.421367729082704" lon="-119.61947103962302">
        <ele>4.54</ele>
      </trkpt>
      <trkpt lat="34.421410728245974" lon="-119.61911480873823">
        <ele>5.19</ele>
      </trkpt>
      <trkpt lat="34.421453727409244" lon="-119.61875857785344">
        <ele>5.88</ele>
      </trkpt>
      <trkpt lat="34.421496726572514" lon="-119.61840234696865">
        <ele>6.65</ele>
      </trkpt>
      <trkpt lat="34.421539725735784" lon="-119.61804611608386">
        <ele>7.51</ele>
      </trkpt>
      <trkpt lat="34.421582724899054" lon="-119.61768988519907">
        <ele>8.45</ele>
      </trkpt>
      <trkpt lat="34.42162522114813" lon="-119.61733818054199">
        <ele>9.46</ele>
      </trkpt>
      <trkpt lat="34.42167886532843" lon="-119.6170479990542">
        <ele>10.57</ele>
      </trkpt>
      <trkpt lat="34.4217324256897" lon="-119.61675882339478">
        <ele>11.73</ele>
      </trkpt>
      <trkpt lat="34.42180400714278" lon="-119.61647937074304">
        <ele>12.95</ele>
      </trkpt>
      <trkpt lat="34.4218756724149" lon="-119.61620000191033">
        <ele>14.21</ele>
      </trkpt>
      <trkpt lat="34.42194708622992" lon="-119.61592197418213">
        <ele>15.53</ele>
      </trkpt>
      <trkpt lat="34.42194700241089" lon="-119.61592197418213">
        <ele>16.86</ele>
      </trkpt>
      <trkpt lat="34.4220257923007" lon="-119.6156353969127">
        <ele>18.24</ele>
      </trkpt>
      <trkpt lat="34.422104582190514" lon="-119.61534890346229">
        <ele>19.66</ele>
      </trkpt>
      <trkpt lat="34.4221830368042" lon="-119.61506366729736">
        <ele>21.18</ele>
      </trkpt>
      <trkpt lat="34.42224749363959" lon="-119.61480575613678">
        <ele>22.69</ele>
      </trkpt>
      <trkpt lat="34.42231195047498" lon="-119.61454784497619">
        <ele>24.24</ele>
      </trkpt>
      <trkpt lat="34.42237615585327" lon="-119.61429119110107">
        <ele>25.86</ele>
      </trkpt>
      <trkpt lat="34.42237615585327" lon="-119.6142053604126">
        <ele>27.48</ele>
      </trkpt>
      <trkpt lat="34.42237615585327" lon="-119.61394786834717">
        <ele>29.15</ele>
      </trkpt>
      <trkpt lat="34.422283032909036" lon="-119.61359683424234">
        <ele>30.85</ele>
      </trkpt>
      <trkpt lat="34.4221899099648" lon="-119.61324580013752">
        <ele>32.62</ele>
      </trkpt>
      <trkpt lat="34.42209720611572" lon="-119.61289644241333">
        <ele>34.38</ele>
      </trkpt>
      <trkpt lat="34.42211866378784" lon="-119.61268186569214">
        <ele>36.09</ele>
      </trkpt>
      <trkpt lat="34.42222595214844" lon="-119.61251020431519">
        <ele>37.76</ele>
      </trkpt>
      <trkpt lat="34.42216157913208" lon="-119.61214542388916">
        <ele>39.53</ele>
      </trkpt>
      <trkpt lat="34.42220449447632" lon="-119.61201667785645">
        <ele>41.17</ele>
      </trkpt>
      <trkpt lat="34.422054374590516" lon="-119.61186655797064">
        <ele>42.86</ele>
      </trkpt>
      <trkpt lat="34.42190408706665" lon="-119.61171627044678">
        <ele>44.45</ele>
      </trkpt>
      <trkpt lat="34.421753883361816" lon="-119.61145877838135">
        <ele>45.96</ele>
      </trkpt>
      <trkpt lat="34.42166805267334" lon="-119.61115837097168">
        <ele>47.32</ele>
      </trkpt>
      <trkpt lat="34.42161784507334" lon="-119.61086458526552">
        <ele>48.66</ele>
      </trkpt>
      <trkpt lat="34.42156772129238" lon="-119.61057079955935">
        <ele>49.89</ele>
      </trkpt>
      <trkpt lat="34.421517848968506" lon="-119.6102786064148">
        <ele>51.02</ele>
      </trkpt>
      <trkpt lat="34.42145029082894" lon="-119.60994081571698">
        <ele>52.03</ele>
      </trkpt>
      <trkpt lat="34.42138273268938" lon="-119.60960302501917">
        <ele>52.87</ele>
      </trkpt>
      <trkpt lat="34.42131517454982" lon="-119.60926531814039">
        <ele>53.56</ele>
      </trkpt>
      <trkpt lat="34.421247616410255" lon="-119.60892752744257">
        <ele>54.17</ele>
      </trkpt>
      <trkpt lat="34.42118005827069" lon="-119.6085898205638">
        <ele>54.67</ele>
      </trkpt>
      <trkpt lat="34.42111250013113" lon="-119.60825202986598">
        <ele>54.99</ele>
      </trkpt>
      <trkpt lat="34.421045780181885" lon="-119.60791826248169">
        <ele>55.16</ele>
      </trkpt>
      <trkpt lat="34.42101711407304" lon="-119.60759572684765">
        <ele>55.26</ele>
      </trkpt>
      <trkpt lat="34.42098844796419" lon="-119.60727327503264">
        <ele>55.21</ele>
      </trkpt>
      <trkpt lat="34.42095994949341" lon="-119.60695266723633">
        <ele>55.07</ele>
      </trkpt>
      <trkpt lat="34.42095994949341" lon="-119.60658713243902">
        <ele>54.73</ele>
      </trkpt>
      <trkpt lat="34.42095994949341" lon="-119.60622310638428">
        <ele>54.14</ele>
      </trkpt>
      <trkpt lat="34.42097067832947" lon="-119.60600811056793">
        <ele>53.53</ele>
      </trkpt>
      <trkpt lat="34.42098140716553" lon="-119.6057939529419">
        <ele>52.85</ele>
      </trkpt>
      <trkpt lat="34.42103723064065" lon="-119.60546286776662">
        <ele>52.09</ele>
      </trkpt>
      <trkpt lat="34.421093137934804" lon="-119.60513186641037">
        <ele>51.3</ele>
      </trkpt>
      <trkpt lat="34.42114904522896" lon="-119.60480086505413">
        <ele>50.45</ele>
      </trkpt>
      <trkpt lat="34.42120495252311" lon="-119.60446986369789">
        <ele>49.58</ele>
      </trkpt>
      <trkpt lat="34.421260356903076" lon="-119.60414171218872">
        <ele>48.69</ele>
      </trkpt>
      <trkpt lat="34.42134618759155" lon="-119.60397005081177">
        <ele>47.82</ele>
      </trkpt>
      <trkpt lat="34.42158222198486" lon="-119.60386276245117">
        <ele>46.98</ele>
      </trkpt>
      <trkpt lat="34.4216251373291" lon="-119.60379838943481">
        <ele>46.02</ele>
      </trkpt>
      <trkpt lat="34.421582305803895" lon="-119.60362672805786">
        <ele>45.0</ele>
      </trkpt>
      <trkpt lat="34.421560848131776" lon="-119.60351943969727">
        <ele>43.99</ele>
      </trkpt>
      <trkpt lat="34.4214750174433" lon="-119.60317611694336">
        <ele>42.87</ele>
      </trkpt>
      <trkpt lat="34.42147493362427" lon="-119.60317611694336">
        <ele>41.83</ele>
      </trkpt>
      <trkpt lat="34.42145347595215" lon="-119.60285425186157">
        <ele>40.74</ele>
      </trkpt>
      <trkpt lat="34.42145347595215" lon="-119.60257530212402">
        <ele>39.58</ele>
      </trkpt>
      <trkpt lat="34.4215286616236" lon="-119.60224212147295">
        <ele>38.47</ele>
      </trkpt>
      <trkpt lat="34.421603763476014" lon="-119.60191011428833">
        <ele>37.42</ele>
      </trkpt>
      <trkpt lat="34.42160367965698" lon="-119.60191011428833">
        <ele>36.42</ele>
      </trkpt>
      <trkpt lat="34.42164667882025" lon="-119.60169553756714">
        <ele>35.39</ele>
      </trkpt>
      <trkpt lat="34.42166813649237" lon="-119.6015453338623">
        <ele>34.42</ele>
      </trkpt>
      <trkpt lat="34.42168959416449" lon="-119.60143804550171">
        <ele>33.48</ele>
      </trkpt>
      <trkpt lat="34.42170023918152" lon="-119.60114778019488">
        <ele>32.54</ele>
      </trkpt>
      <trkpt lat="34.42171096801758" lon="-119.60085868835449">
        <ele>31.65</ele>
      </trkpt>
      <trkpt lat="34.42170015536249" lon="-119.60058988071978">
        <ele>30.83</ele>
      </trkpt>
      <trkpt lat="34.42168951034546" lon="-119.60032224655151">
        <ele>30.05</ele>
      </trkpt>
      <trkpt lat="34.42166813649237" lon="-119.60006475448608">
        <ele>29.32</ele>
      </trkpt>
      <trkpt lat="34.42164659500122" lon="-119.59997892379761">
        <ele>28.62</ele>
      </trkpt>
      <trkpt lat="34.42157132551074" lon="-119.59964574314654">
        <ele>27.96</ele>
      </trkpt>
      <trkpt lat="34.42149639129639" lon="-119.59931373596191">
        <ele>27.33</ele>
      </trkpt>
      <trkpt lat="34.42136747762561" lon="-119.59899145178497">
        <ele>26.69</ele>
      </trkpt>
      <trkpt lat="34.42123889923096" lon="-119.59867000579834">
        <ele>26.12</ele>
      </trkpt>
      <trkpt lat="34.42110462114215" lon="-119.5983316283673">
        <ele>25.62</ele>
      </trkpt>
      <trkpt lat="34.42097034305334" lon="-119.5979933347553">
        <ele>25.13</ele>
      </trkpt>
      <trkpt lat="34.42083606496453" lon="-119.5976550411433">
        <ele>24.66</ele>
      </trkpt>
      <trkpt lat="34.42070245742798" lon="-119.59731817245483">
        <ele>24.23</ele>
      </trkpt>
      <trkpt lat="34.4205907266587" lon="-119.59704316221178">
        <ele>23.84</ele>
      </trkpt>
      <trkpt lat="34.420478995889425" lon="-119.59676823578775">
        <ele>23.46</ele>
      </trkpt>
      <trkpt lat="34.42036734893918" lon="-119.59649330936372">
        <ele>23.11</ele>
      </trkpt>
      <trkpt lat="34.420255618169904" lon="-119.5962183829397">
        <ele>22.82</ele>
      </trkpt>
      <trkpt lat="34.42014455795288" lon="-119.59594488143921">
        <ele>22.57</ele>
      </trkpt>
      <trkpt lat="34.42004431039095" lon="-119.59568705409765">
        <ele>22.38</ele>
      </trkpt>
      <trkpt lat="34.41994406282902" lon="-119.59542931057513">
        <ele>22.23</ele>
      </trkpt>
      <trkpt lat="34.41984415054321" lon="-119.59517240524292">
        <ele>22.11</ele>
      </trkpt>
      <trkpt lat="34.419779693707824" lon="-119.59484282881021">
        <ele>22.01</ele>
      </trkpt>
      <trkpt lat="34.419715236872435" lon="-119.59451325237751">
        <ele>21.98</ele>
      </trkpt>
      <trkpt lat="34.41965111531317" lon="-119.59418535232544">
        <ele>21.94</ele>
      </trkpt>
      <trkpt lat="34.41958657465875" lon="-119.59386290051043">
        <ele>21.96</ele>
      </trkpt>
      <trkpt lat="34.41952211782336" lon="-119.59354053251445">
        <ele>22.0</ele>
      </trkpt>
      <trkpt lat="34.41945766098797" lon="-119.59321808069944">
        <ele>22.12</ele>
      </trkpt>
      <trkpt lat="34.41939312033355" lon="-119.59289571270347">
        <ele>22.29</ele>
      </trkpt>
      <trkpt lat="34.419329250231385" lon="-119.5925760269165">
        <ele>22.39</ele>
      </trkpt>
      <trkpt lat="34.41926487721503" lon="-119.59221124649048">
        <ele>22.44</ele>
      </trkpt>
      <trkpt lat="34.41918960772455" lon="-119.5918457955122">
        <ele>22.56</ele>
      </trkpt>
      <trkpt lat="34.41911458969116" lon="-119.59148168563843">
        <ele>22.78</ele>
      </trkpt>
      <trkpt lat="34.41905004903674" lon="-119.59127750247717">
        <ele>23.07</ele>
      </trkpt>
      <trkpt lat="34.41898584365845" lon="-119.59107398986816">
        <ele>23.41</ele>
      </trkpt>
      <trkpt lat="34.41896438598633" lon="-119.59098815917969">
        <ele>23.76</ele>
      </trkpt>
      <trkpt lat="34.41882323473692" lon="-119.59065984003246">
        <ele>24.19</ele>
      </trkpt>
      <trkpt lat="34.41868208348751" lon="-119.59033152088523">
        <ele>24.64</ele>
      </trkpt>
      <trkpt lat="34.4185409322381" lon="-119.590003201738">
        <ele>25.06</ele>
      </trkpt>
      <trkpt lat="34.418399864807725" lon="-119.58967488259077">
        <ele>25.46</ele>
      </trkpt>
      <trkpt lat="34.418258713558316" lon="-119.58934656344354">
        <ele>25.86</ele>
      </trkpt>
      <trkpt lat="34.41811756230891" lon="-119.58901824429631">
        <ele>26.26</ele>
      </trkpt>
      <trkpt lat="34.41797741688788" lon="-119.58869218826294">
        <ele>26.63</ele>
      </trkpt>
      <trkpt lat="34.41797733306885" lon="-119.58869218826294">
        <ele>27.03</ele>
      </trkpt>
      <trkpt lat="34.41788060590625" lon="-119.58844508975744">
        <ele>27.37</ele>
      </trkpt>
      <trkpt lat="34.417784214019775" lon="-119.5881986618042">
        <ele>27.77</ele>
      </trkpt>
      <trkpt lat="34.417698215693235" lon="-119.58794083446264">
        <ele>28.16</ele>
      </trkpt>
      <trkpt lat="34.41761255264282" lon="-119.58768367767334">
        <ele>28.55</ele>
      </trkpt>
      <trkpt lat="34.4175480119884" lon="-119.58738276734948">
        <ele>28.94</ele>
      </trkpt>
      <trkpt lat="34.41748380661011" lon="-119.587082862854">
        <ele>29.31</ele>
      </trkpt>
      <trkpt lat="34.4174515362829" lon="-119.58683559671044">
        <ele>29.62</ele>
      </trkpt>
      <trkpt lat="34.41741943359375" lon="-119.58658933639526">
        <ele>29.87</ele>
      </trkpt>
      <trkpt lat="34.4173978921026" lon="-119.58633134141564">
        <ele>30.1</ele>
      </trkpt>
      <trkpt lat="34.41737643443048" lon="-119.58607334643602">
        <ele>30.33</ele>
      </trkpt>
      <trkpt lat="34.41735506057739" lon="-119.58581686019897">
        <ele>30.51</ele>
      </trkpt>
      <trkpt lat="34.41735506057739" lon="-119.58575248718262">
        <ele>30.68</ele>
      </trkpt>
      <trkpt lat="34.41737651824951" lon="-119.5854371599853">
        <ele>30.82</ele>
      </trkpt>
      <trkpt lat="34.41739797592163" lon="-119.58512183278799">
        <ele>30.93</ele>
      </trkpt>
      <trkpt lat="34.41741943359375" lon="-119.58480834960938">
        <ele>31.01</ele>
      </trkpt>
      <trkpt lat="34.417469557374716" lon="-119.58445002324879">
        <ele>31.1</ele>
      </trkpt>
      <trkpt lat="34.41751968115568" lon="-119.58409178070724">
        <ele>31.14</ele>
      </trkpt>
      <trkpt lat="34.417569637298584" lon="-119.58373546600342">
        <ele>31.19</ele>
      </trkpt>
      <trkpt lat="34.41760182380676" lon="-119.58348819985986">
        <ele>31.15</ele>
      </trkpt>
      <trkpt lat="34.41763401031494" lon="-119.58324193954468">
        <ele>31.06</ele>
      </trkpt>
      <trkpt lat="34.41762319765985" lon="-119.58304840140045">
        <ele>30.87</ele>
      </trkpt>
      <trkpt lat="34.41761255264282" lon="-119.58285570144653">
        <ele>30.63</ele>
      </trkpt>
      <trkpt lat="34.41739847883582" lon="-119.58283424377441">
        <ele>30.3</ele>
      </trkpt>
      <trkpt lat="34.41718339920044" lon="-119.5828127861023">
        <ele>29.92</ele>
      </trkpt>
      <trkpt lat="34.41701207309961" lon="-119.58275922574103">
        <ele>29.51</ele>
      </trkpt>
      <trkpt lat="34.41684007644653" lon="-119.5827054977417">
        <ele>29.09</ele>
      </trkpt>
      <trkpt lat="34.416583171114326" lon="-119.58261983469129">
        <ele>28.62</ele>
      </trkpt>
      <trkpt lat="34.416325176134706" lon="-119.58253383636475">
        <ele>28.09</ele>
      </trkpt>
      <trkpt lat="34.41611051559448" lon="-119.58244800567627">
        <ele>27.54</ele>
      </trkpt>
      <trkpt lat="34.41600331105292" lon="-119.58242654800415">
        <ele>26.98</ele>
      </trkpt>
      <trkpt lat="34.41583190113306" lon="-119.58234088495374">
        <ele>26.39</ele>
      </trkpt>
      <trkpt lat="34.41565990447998" lon="-119.5822548866272">
        <ele>25.79</ele>
      </trkpt>
      <trkpt lat="34.41546686924994" lon="-119.58212614059448">
        <ele>25.15</ele>
      </trkpt>
      <trkpt lat="34.41525229252875" lon="-119.58184719085693">
        <ele>24.51</ele>
      </trkpt>
      <trkpt lat="34.41514492034912" lon="-119.58167544566095">
        <ele>23.86</ele>
      </trkpt>
      <trkpt lat="34.415037631988525" lon="-119.58150386810303">
        <ele>23.2</ele>
      </trkpt>
      <trkpt lat="34.41493034362793" lon="-119.58118200302124">
        <ele>22.54</ele>
      </trkpt>
      <trkpt lat="34.41489807330072" lon="-119.58096700720489">
        <ele>21.85</ele>
      </trkpt>
      <trkpt lat="34.41486597061157" lon="-119.58075284957886">
        <ele>21.17</ele>
      </trkpt>
      <trkpt lat="34.414866054430604" lon="-119.58043098449707">
        <ele>20.51</ele>
      </trkpt>
      <trkpt lat="34.41486597061157" lon="-119.58043098449707">
        <ele>19.85</ele>
      </trkpt>
      <trkpt lat="34.41490896977484" lon="-119.58006620407104">
        <ele>19.17</ele>
      </trkpt>
      <trkpt lat="34.41493042744696" lon="-119.57995891571045">
        <ele>18.51</ele>
      </trkpt>
      <trkpt lat="34.41495188511908" lon="-119.5796937122941">
        <ele>17.85</ele>
      </trkpt>
      <trkpt lat="34.4149733427912" lon="-119.57942859269679">
        <ele>17.21</ele>
      </trkpt>
      <trkpt lat="34.41499471664429" lon="-119.57916498184204">
        <ele>16.56</ele>
      </trkpt>
      <trkpt lat="34.41499471664429" lon="-119.57887471653521">
        <ele>15.92</ele>
      </trkpt>
      <trkpt lat="34.41499480046332" lon="-119.57858562469482">
        <ele>15.3</ele>
      </trkpt>
      <trkpt lat="34.41499480046332" lon="-119.5782673638314">
        <ele>14.72</ele>
      </trkpt>
      <trkpt lat="34.41499480046332" lon="-119.57794918678701">
        <ele>14.16</ele>
      </trkpt>
      <trkpt lat="34.41499480046332" lon="-119.57763100974262">
        <ele>13.6</ele>
      </trkpt>
      <trkpt lat="34.41499480046332" lon="-119.57731283269823">
        <ele>13.11</ele>
      </trkpt>
      <trkpt lat="34.41499480046332" lon="-119.57699775695801">
        <ele>12.61</ele>
      </trkpt>
      <trkpt lat="34.41499480046332" lon="-119.57671880722046">
        <ele>12.15</ele>
      </trkpt>
      <trkpt lat="34.41499480046332" lon="-119.57637548446655">
        <ele>11.75</ele>
      </trkpt>
      <trkpt lat="34.41502162255347" lon="-119.57604221999645">
        <ele>11.38</ele>
      </trkpt>
      <trkpt lat="34.41504852846265" lon="-119.57570903934538">
        <ele>11.06</ele>
      </trkpt>
      <trkpt lat="34.4150753505528" lon="-119.57537577487528">
        <ele>10.76</ele>
      </trkpt>
      <trkpt lat="34.415102088823915" lon="-119.57504510879517">
        <ele>10.48</ele>
      </trkpt>
      <trkpt lat="34.41510200500488" lon="-119.57504510879517">
        <ele>10.23</ele>
      </trkpt>
      <trkpt lat="34.41515078768134" lon="-119.57468938082457">
        <ele>10.0</ele>
      </trkpt>
      <trkpt lat="34.41519965417683" lon="-119.574333736673">
        <ele>9.79</ele>
      </trkpt>
      <trkpt lat="34.41524852067232" lon="-119.57397809252143">
        <ele>9.61</ele>
      </trkpt>
      <trkpt lat="34.41529738716781" lon="-119.57362244836986">
        <ele>9.46</ele>
      </trkpt>
      <trkpt lat="34.4153462536633" lon="-119.57326680421829">
        <ele>9.33</ele>
      </trkpt>
      <trkpt lat="34.41539512015879" lon="-119.57291107624769">
        <ele>9.21</ele>
      </trkpt>
      <trkpt lat="34.41544398665428" lon="-119.57255543209612">
        <ele>9.11</ele>
      </trkpt>
      <trkpt lat="34.41549285314977" lon="-119.57219978794456">
        <ele>9.04</ele>
      </trkpt>
      <trkpt lat="34.41554171964526" lon="-119.57184414379299">
        <ele>8.99</ele>
      </trkpt>
      <trkpt lat="34.41559058614075" lon="-119.57148849964142">
        <ele>8.95</ele>
      </trkpt>
      <trkpt lat="34.41563844680786" lon="-119.57113981246948">
        <ele>8.92</ele>
      </trkpt>
      <trkpt lat="34.41569368354976" lon="-119.57077746279538">
        <ele>8.9</ele>
      </trkpt>
      <trkpt lat="34.415749004110694" lon="-119.57041511312127">
        <ele>8.89</ele>
      </trkpt>
      <trkpt lat="34.415804240852594" lon="-119.57005276344717">
        <ele>8.9</ele>
      </trkpt>
      <trkpt lat="34.41585956141353" lon="-119.56969041377306">
        <ele>8.92</ele>
      </trkpt>
      <trkpt lat="34.41591488197446" lon="-119.56932806409895">
        <ele>8.93</ele>
      </trkpt>
      <trkpt lat="34.41597011871636" lon="-119.56896571442485">
        <ele>8.95</ele>
      </trkpt>
      <trkpt lat="34.41602476872504" lon="-119.56860780715942">
        <ele>8.99</ele>
      </trkpt>
      <trkpt lat="34.41606055945158" lon="-119.56832835450768">
        <ele>9.04</ele>
      </trkpt>
      <trkpt lat="34.41609635017812" lon="-119.56804890185595">
        <ele>9.08</ele>
      </trkpt>
      <trkpt lat="34.41613205708563" lon="-119.56777095794678">
        <ele>9.13</ele>
      </trkpt>
      <trkpt lat="34.416146306321025" lon="-119.56739109009504">
        <ele>9.14</ele>
      </trkpt>
      <trkpt lat="34.41616063937545" lon="-119.56701130606234">
        <ele>9.19</ele>
      </trkpt>
      <trkpt lat="34.41617488861084" lon="-119.56663370132446">
        <ele>9.25</ele>
      </trkpt>
      <trkpt lat="34.41616055555642" lon="-119.56627537496388">
        <ele>9.29</ele>
      </trkpt>
      <trkpt lat="34.41614622250199" lon="-119.5659170486033">
        <ele>9.34</ele>
      </trkpt>
      <trkpt lat="34.4161319732666" lon="-119.5655608177185">
        <ele>9.39</ele>
      </trkpt>
      <trkpt lat="34.41609819419682" lon="-119.56521992571652">
        <ele>9.43</ele>
      </trkpt>
      <trkpt lat="34.41606441512704" lon="-119.56487903371453">
        <ele>9.48</ele>
      </trkpt>
      <trkpt lat="34.41603063605726" lon="-119.56453814171255">
        <ele>9.52</ele>
      </trkpt>
      <trkpt lat="34.415996856987476" lon="-119.56419724971056">
        <ele>9.56</ele>
      </trkpt>
      <trkpt lat="34.415963077917695" lon="-119.56385635770857">
        <ele>9.6</ele>
      </trkpt>
      <trkpt lat="34.415929298847914" lon="-119.56351546570659">
        <ele>9.64</ele>
      </trkpt>
      <trkpt lat="34.41589602269232" lon="-119.56317901611328">
        <ele>9.67</ele>
      </trkpt>
      <trkpt lat="34.41589593887329" lon="-119.56317901611328">
        <ele>9.71</ele>
      </trkpt>
      <trkpt lat="34.41586006432772" lon="-119.56283862702549">
        <ele>9.74</ele>
      </trkpt>
      <trkpt lat="34.415824273601174" lon="-119.56249823793769">
        <ele>9.77</ele>
      </trkpt>
      <trkpt lat="34.4157883990556" lon="-119.56215784884989">
        <ele>9.84</ele>
      </trkpt>
      <trkpt lat="34.41575260832906" lon="-119.5618174597621">
        <ele>9.87</ele>
      </trkpt>
      <trkpt lat="34.41571673378348" lon="-119.56147715449333">
        <ele>9.89</ele>
      </trkpt>
      <trkpt lat="34.4156813621521" lon="-119.56114053726196">
        <ele>9.93</ele>
      </trkpt>
      <trkpt lat="34.41562755033374" lon="-119.5609040837735">
        <ele>9.97</ele>
      </trkpt>
      <trkpt lat="34.415574073791504" lon="-119.56066846847534">
        <ele>9.98</ele>
      </trkpt>
      <trkpt lat="34.41550953313708" lon="-119.56045355647802">
        <ele>10.0</ele>
      </trkpt>
      <trkpt lat="34.41544532775879" lon="-119.56023931503296">
        <ele>10.03</ele>
      </trkpt>
      <trkpt lat="34.41534868441522" lon="-119.56002448685467">
        <ele>10.02</ele>
      </trkpt>
      <trkpt lat="34.41525220870972" lon="-119.55981016159058">
        <ele>10.04</ele>
      </trkpt>
      <trkpt lat="34.41508046351373" lon="-119.55953825265169">
        <ele>10.03</ele>
      </trkpt>
      <trkpt lat="34.41490880213678" lon="-119.55926642753184">
        <ele>10.04</ele>
      </trkpt>
      <trkpt lat="34.41473722457886" lon="-119.55899477005005">
        <ele>10.02</ele>
      </trkpt>
      <trkpt lat="34.41454418934882" lon="-119.55877306871116">
        <ele>10.02</ele>
      </trkpt>
      <trkpt lat="34.414351154118776" lon="-119.5585514511913">
        <ele>9.99</ele>
      </trkpt>
      <trkpt lat="34.41415786743164" lon="-119.55832958221436">
        <ele>9.99</ele>
      </trkpt>
      <trkpt lat="34.414093578234315" lon="-119.55820083618164">
        <ele>9.97</ele>
      </trkpt>
      <trkpt lat="34.414029121398926" lon="-119.5580506324768">
        <ele>9.95</ele>
      </trkpt>
      <trkpt lat="34.41398628987372" lon="-119.55800771713257">
        <ele>9.94</ele>
      </trkpt>
      <trkpt lat="34.41377045586705" lon="-119.55775835551322">
        <ele>9.93</ele>
      </trkpt>
      <trkpt lat="34.413554621860385" lon="-119.55750899389386">
        <ele>9.93</ele>
      </trkpt>
      <trkpt lat="34.41333878785372" lon="-119.55725963227451">
        <ele>9.92</ele>
      </trkpt>
      <trkpt lat="34.41312295384705" lon="-119.55701035447419">
        <ele>9.89</ele>
      </trkpt>
      <trkpt lat="34.412907203659415" lon="-119.55676099285483">
        <ele>9.88</ele>
      </trkpt>
      <trkpt lat="34.41269136965275" lon="-119.55651163123548">
        <ele>9.88</ele>
      </trkpt>
      <trkpt lat="34.41247553564608" lon="-119.55626235343516">
        <ele>9.88</ele>
      </trkpt>
      <trkpt lat="34.412259701639414" lon="-119.5560129918158">
        <ele>9.84</ele>
      </trkpt>
      <trkpt lat="34.41204386763275" lon="-119.55576363019645">
        <ele>9.85</ele>
      </trkpt>
      <trkpt lat="34.41182811744511" lon="-119.55551435239613">
        <ele>9.86</ele>
      </trkpt>
      <trkpt lat="34.411612283438444" lon="-119.55526499077678">
        <ele>9.87</ele>
      </trkpt>
      <trkpt lat="34.41139644943178" lon="-119.55501571297646">
        <ele>9.88</ele>
      </trkpt>
      <trkpt lat="34.41118061542511" lon="-119.5547663513571">
        <ele>9.9</ele>
      </trkpt>
      <trkpt lat="34.41096478141844" lon="-119.55451698973775">
        <ele>9.91</ele>
      </trkpt>
      <trkpt lat="34.41074903123081" lon="-119.55426771193743">
        <ele>9.94</ele>
      </trkpt>
      <trkpt lat="34.410531520843506" lon="-119.55401659011841">
        <ele>9.96</ele>
      </trkpt>
      <trkpt lat="34.41042423248291" lon="-119.5537805557251">
        <ele>9.97</ele>
      </trkpt>
      <trkpt lat="34.41040277481079" lon="-119.5535659790039">
        <ele>10.01</ele>
      </trkpt>
      <trkpt lat="34.410552978515625" lon="-119.5533299446106">
        <ele>10.04</ele>
      </trkpt>
      <trkpt lat="34.41033127717674" lon="-119.55306893214583">
        <ele>10.07</ele>
      </trkpt>
      <trkpt lat="34.41010965965688" lon="-119.5528080035001">
        <ele>10.1</ele>
      </trkpt>
      <trkpt lat="34.40988804213703" lon="-119.55254699103534">
        <ele>10.13</ele>
      </trkpt>
      <trkpt lat="34.40966642461717" lon="-119.55228606238961">
        <ele>10.16</ele>
      </trkpt>
      <trkpt lat="34.409444807097316" lon="-119.55202513374388">
        <ele>10.17</ele>
      </trkpt>
      <trkpt lat="34.40922260284424" lon="-119.5517635345459">
        <ele>10.19</ele>
      </trkpt>
      <trkpt lat="34.40904239192605" lon="-119.5515317749232">
        <ele>10.21</ele>
      </trkpt>
      <trkpt lat="34.40886218100786" lon="-119.55130009911954">
        <ele>10.23</ele>
      </trkpt>
      <trkpt lat="34.408681970089674" lon="-119.55106842331588">
        <ele>10.22</ele>
      </trkpt>
      <trkpt lat="34.408501759171486" lon="-119.55083674751222">
        <ele>10.25</ele>
      </trkpt>
      <trkpt lat="34.408321380615234" lon="-119.55060482025146">
        <ele>10.23</ele>
      </trkpt>
      <trkpt lat="34.4081711769104" lon="-119.55039736814797">
        <ele>10.26</ele>
      </trkpt>
      <trkpt lat="34.408020973205566" lon="-119.5501899998635">
        <ele>10.24</ele>
      </trkpt>
      <trkpt lat="34.40787076950073" lon="-119.54998254776001">
        <ele>10.25</ele>
      </trkpt>
      <trkpt lat="34.40771126188338" lon="-119.54969731159508">
        <ele>10.26</ele>
      </trkpt>
      <trkpt lat="34.407551754266024" lon="-119.54941207543015">
        <ele>10.27</ele>
      </trkpt>
      <trkpt lat="34.4073923304677" lon="-119.54912683926523">
        <ele>10.27</ele>
      </trkpt>
      <trkpt lat="34.40723282285035" lon="-119.5488416031003">
        <ele>10.27</ele>
      </trkpt>
      <trkpt lat="34.407073399052024" lon="-119.5485564507544">
        <ele>10.29</ele>
      </trkpt>
      <trkpt lat="34.40691389143467" lon="-119.54827121458948">
        <ele>10.27</ele>
      </trkpt>
      <trkpt lat="34.40675497055054" lon="-119.54798698425293">
        <ele>10.28</ele>
      </trkpt>
      <trkpt lat="34.40664215013385" lon="-119.54772387631238">
        <ele>10.26</ele>
      </trkpt>
      <trkpt lat="34.40652941353619" lon="-119.54746076837182">
        <ele>10.28</ele>
      </trkpt>
      <trkpt lat="34.406416676938534" lon="-119.54719766043127">
        <ele>10.26</ele>
      </trkpt>
      <trkpt lat="34.406304359436035" lon="-119.54693555831909">
        <ele>10.24</ele>
      </trkpt>
      <trkpt lat="34.4062112364918" lon="-119.54662039875984">
        <ele>10.24</ele>
      </trkpt>
      <trkpt lat="34.406118113547564" lon="-119.54630523920059">
        <ele>10.24</ele>
      </trkpt>
      <trkpt lat="34.406025409698486" lon="-119.54599142074585">
        <ele>10.23</ele>
      </trkpt>
      <trkpt lat="34.40587520599365" lon="-119.5458197593689">
        <ele>10.23</ele>
      </trkpt>
      <trkpt lat="34.405810832977295" lon="-119.54566955566406">
        <ele>10.23</ele>
      </trkpt>
      <trkpt lat="34.405810832977295" lon="-119.54545497894287">
        <ele>10.23</ele>
      </trkpt>
      <trkpt lat="34.4058018643409" lon="-119.54508231952786">
        <ele>10.23</ele>
      </trkpt>
      <trkpt lat="34.40579289570451" lon="-119.54470966011286">
        <ele>10.23</ele>
      </trkpt>
      <trkpt lat="34.405783927068114" lon="-119.54433700069785">
        <ele>10.23</ele>
      </trkpt>
      <trkpt lat="34.40577495843172" lon="-119.54396434128284">
        <ele>10.23</ele>
      </trkpt>
      <trkpt lat="34.40576607361436" lon="-119.54359176568687">
        <ele>10.23</ele>
      </trkpt>
      <trkpt lat="34.405757104977965" lon="-119.54321910627186">
        <ele>10.24</ele>
      </trkpt>
      <trkpt lat="34.40574813634157" lon="-119.54284644685686">
        <ele>10.24</ele>
      </trkpt>
      <trkpt lat="34.40573916770518" lon="-119.54247378744185">
        <ele>10.25</ele>
      </trkpt>
      <trkpt lat="34.405730199068785" lon="-119.54210112802684">
        <ele>10.26</ele>
      </trkpt>
      <trkpt lat="34.40572131425142" lon="-119.54172855243087">
        <ele>10.27</ele>
      </trkpt>
      <trkpt lat="34.40571234561503" lon="-119.54135589301586">
        <ele>10.28</ele>
      </trkpt>
      <trkpt lat="34.4057035446167" lon="-119.54099178314209">
        <ele>10.31</ele>
      </trkpt>
      <trkpt lat="34.40568200312555" lon="-119.54066212289035">
        <ele>10.32</ele>
      </trkpt>
      <trkpt lat="34.40566054545343" lon="-119.54033246263862">
        <ele>10.33</ele>
      </trkpt>
      <trkpt lat="34.40563917160034" lon="-119.54000473022461">
        <ele>10.34</ele>
      </trkpt>
      <trkpt lat="34.40559617243707" lon="-119.53973600640893">
        <ele>10.34</ele>
      </trkpt>
      <trkpt lat="34.405553340911865" lon="-119.53946828842163">
        <ele>10.35</ele>
      </trkpt>
      <trkpt lat="34.40547161735594" lon="-119.53912010416389">
        <ele>10.35</ele>
      </trkpt>
      <trkpt lat="34.40538997761905" lon="-119.53877191990614">
        <ele>10.38</ele>
      </trkpt>
      <trkpt lat="34.40530833788216" lon="-119.5384237356484">
        <ele>10.38</ele>
      </trkpt>
      <trkpt lat="34.40522661432624" lon="-119.53807563520968">
        <ele>10.42</ele>
      </trkpt>
      <trkpt lat="34.4051456451416" lon="-119.53773021697998">
        <ele>10.42</ele>
      </trkpt>
      <trkpt lat="34.40504531376064" lon="-119.53737918287516">
        <ele>10.41</ele>
      </trkpt>
      <trkpt lat="34.40494506619871" lon="-119.53702823258936">
        <ele>10.41</ele>
      </trkpt>
      <trkpt lat="34.404845237731934" lon="-119.53667879104614">
        <ele>10.44</ele>
      </trkpt>
      <trkpt lat="34.404716324061155" lon="-119.53637804836035">
        <ele>10.42</ele>
      </trkpt>
      <trkpt lat="34.404587745666504" lon="-119.5360779762268">
        <ele>10.43</ele>
      </trkpt>
      <trkpt lat="34.40447308123112" lon="-119.53572702594101">
        <ele>10.44</ele>
      </trkpt>
      <trkpt lat="34.40435850061476" lon="-119.53537607565522">
        <ele>10.43</ele>
      </trkpt>
      <trkpt lat="34.4042444229126" lon="-119.53502655029297">
        <ele>10.43</ele>
      </trkpt>
      <trkpt lat="34.40417988225818" lon="-119.5347829721868">
        <ele>10.43</ele>
      </trkpt>
      <trkpt lat="34.40411542542279" lon="-119.53453939408064">
        <ele>10.43</ele>
      </trkpt>
      <trkpt lat="34.404051303863525" lon="-119.53429698944092">
        <ele>10.42</ele>
      </trkpt>
      <trkpt lat="34.40395675599575" lon="-119.53400907106698">
        <ele>10.42</ele>
      </trkpt>
      <trkpt lat="34.403862208127975" lon="-119.53372115269303">
        <ele>10.41</ele>
      </trkpt>
      <trkpt lat="34.4037676602602" lon="-119.53343323431909">
        <ele>10.4</ele>
      </trkpt>
      <trkpt lat="34.403673112392426" lon="-119.53314531594515">
        <ele>10.39</ele>
      </trkpt>
      <trkpt lat="34.403579235076904" lon="-119.53285932540894">
        <ele>10.38</ele>
      </trkpt>
      <trkpt lat="34.40364360809326" lon="-119.53283786773682">
        <ele>10.38</ele>
      </trkpt>
      <trkpt lat="34.40352542325854" lon="-119.53252631239593">
        <ele>10.38</ele>
      </trkpt>
      <trkpt lat="34.40340757369995" lon="-119.53221559524536">
        <ele>10.37</ele>
      </trkpt>
      <trkpt lat="34.40340765751898" lon="-119.53221559524536">
        <ele>10.34</ele>
      </trkpt>
      <trkpt lat="34.403278743848205" lon="-119.53191485255957">
        <ele>10.32</ele>
      </trkpt>
      <trkpt lat="34.40314991399646" lon="-119.5316141936928">
        <ele>10.28</ele>
      </trkpt>
      <trkpt lat="34.40302141942084" lon="-119.53131437301636">
        <ele>10.25</ele>
      </trkpt>
      <trkpt lat="34.40291413106024" lon="-119.53105688095093">
        <ele>10.21</ele>
      </trkpt>
      <trkpt lat="34.40282100811601" lon="-119.53082771971822">
        <ele>10.17</ele>
      </trkpt>
      <trkpt lat="34.4027279689908" lon="-119.53059864230454">
        <ele>10.13</ele>
      </trkpt>
      <trkpt lat="34.402635181322694" lon="-119.53037023544312">
        <ele>10.07</ele>
      </trkpt>
      <trkpt lat="34.402516996487975" lon="-119.53008022159338">
        <ele>10.0</ele>
      </trkpt>
      <trkpt lat="34.40239914692938" lon="-119.5297908782959">
        <ele>9.94</ele>
      </trkpt>
      <trkpt lat="34.402356231585145" lon="-119.52970504760742">
        <ele>9.89</ele>
      </trkpt>
      <trkpt lat="34.402270233258605" lon="-119.52946867793798">
        <ele>9.84</ele>
      </trkpt>
      <trkpt lat="34.40218448638916" lon="-119.5292329788208">
        <ele>9.79</ele>
      </trkpt>
      <trkpt lat="34.40218457020819" lon="-119.5292329788208">
        <ele>9.74</ele>
      </trkpt>
      <trkpt lat="34.402077281847596" lon="-119.52899694442749">
        <ele>9.65</ele>
      </trkpt>
      <trkpt lat="34.40205582417548" lon="-119.52895402908325">
        <ele>9.6</ele>
      </trkpt>
      <trkpt lat="34.402034282684326" lon="-119.52882528305054">
        <ele>9.55</ele>
      </trkpt>
      <trkpt lat="34.40201290883124" lon="-119.52880382537842">
        <ele>9.51</ele>
      </trkpt>
      <trkpt lat="34.40201290883124" lon="-119.52871799468994">
        <ele>9.47</ele>
      </trkpt>
      <trkpt lat="34.40195909701288" lon="-119.52845999971032">
        <ele>9.43</ele>
      </trkpt>
      <trkpt lat="34.40190562047064" lon="-119.52820301055908">
        <ele>9.39</ele>
      </trkpt>
      <trkpt lat="34.401884162798524" lon="-119.52809572219849">
        <ele>9.36</ele>
      </trkpt>
      <trkpt lat="34.40186262130737" lon="-119.52780545689166">
        <ele>9.33</ele>
      </trkpt>
      <trkpt lat="34.401841247454286" lon="-119.52751636505127">
        <ele>9.31</ele>
      </trkpt>
      <trkpt lat="34.401819705963135" lon="-119.52715158462524">
        <ele>9.29</ele>
      </trkpt>
      <trkpt lat="34.401798164471984" lon="-119.52680759131908">
        <ele>9.27</ele>
      </trkpt>
      <trkpt lat="34.4017767906189" lon="-119.52646493911743">
        <ele>9.26</ele>
      </trkpt>
      <trkpt lat="34.40176606178284" lon="-119.52624994330108">
        <ele>9.25</ele>
      </trkpt>
      <trkpt lat="34.40175541676581" lon="-119.52603578567505">
        <ele>9.24</ele>
      </trkpt>
      <trkpt lat="34.40173387527466" lon="-119.52569179236889">
        <ele>9.26</ele>
      </trkpt>
      <trkpt lat="34.40171241760254" lon="-119.52534914016724">
        <ele>9.26</ele>
      </trkpt>
      <trkpt lat="34.40168551169336" lon="-119.52498360536993">
        <ele>9.26</ele>
      </trkpt>
      <trkpt lat="34.40165860578418" lon="-119.52461815439165">
        <ele>9.27</ele>
      </trkpt>
      <trkpt lat="34.40163178369403" lon="-119.52425270341337">
        <ele>9.31</ele>
      </trkpt>
      <trkpt lat="34.40160512924194" lon="-119.52389001846313">
        <ele>9.32</ele>
      </trkpt>
      <trkpt lat="34.40158358775079" lon="-119.52355314977467">
        <ele>9.33</ele>
      </trkpt>
      <trkpt lat="34.40156213007867" lon="-119.52321636490524">
        <ele>9.34</ele>
      </trkpt>
      <trkpt lat="34.401540756225586" lon="-119.52288150787354">
        <ele>9.37</ele>
      </trkpt>
      <trkpt lat="34.401540756225586" lon="-119.5228385925293">
        <ele>9.39</ele>
      </trkpt>
      <trkpt lat="34.4015193823725" lon="-119.5226240158081">
        <ele>9.41</ele>
      </trkpt>
      <trkpt lat="34.40145492553711" lon="-119.52225923538208">
        <ele>9.43</ele>
      </trkpt>
      <trkpt lat="34.40140119753778" lon="-119.52203351072967">
        <ele>9.46</ele>
      </trkpt>
      <trkpt lat="34.401347637176514" lon="-119.52180862426758">
        <ele>9.48</ele>
      </trkpt>
      <trkpt lat="34.401347720995545" lon="-119.52180862426758">
        <ele>9.51</ele>
      </trkpt>
      <trkpt lat="34.401283264160156" lon="-119.5216155052185">
        <ele>9.53</ele>
      </trkpt>
      <trkpt lat="34.40119014121592" lon="-119.5213863439858">
        <ele>9.57</ele>
      </trkpt>
      <trkpt lat="34.401097102090716" lon="-119.52115726657212">
        <ele>9.6</ele>
      </trkpt>
      <trkpt lat="34.40100431442261" lon="-119.5209288597107">
        <ele>9.62</ele>
      </trkpt>
      <trkpt lat="34.40080306492746" lon="-119.5206471439451">
        <ele>9.66</ele>
      </trkpt>
      <trkpt lat="34.40068244934082" lon="-119.52047824859619">
        <ele>9.7</ele>
      </trkpt>
      <trkpt lat="34.40051078796387" lon="-119.52027088031173">
        <ele>9.73</ele>
      </trkpt>
      <trkpt lat="34.400339210405946" lon="-119.52006351202726">
        <ele>9.75</ele>
      </trkpt>
      <trkpt lat="34.40016746520996" lon="-119.51985597610474">
        <ele>9.79</ele>
      </trkpt>
      <trkpt lat="34.40016754902899" lon="-119.51985597610474">
        <ele>9.83</ele>
      </trkpt>
      <trkpt lat="34.39998515881598" lon="-119.51963067054749">
        <ele>9.89</ele>
      </trkpt>
      <trkpt lat="34.39980276860297" lon="-119.51940536499023">
        <ele>9.94</ele>
      </trkpt>
      <trkpt lat="34.3996524810791" lon="-119.5192551612854">
        <ele>9.98</ele>
      </trkpt>
      <trkpt lat="34.399545192718506" lon="-119.51910495758057">
        <ele>10.03</ele>
      </trkpt>
      <trkpt lat="34.39940580166876" lon="-119.51893329620361">
        <ele>10.08</ele>
      </trkpt>
      <trkpt lat="34.39926632679999" lon="-119.51876163482666">
        <ele>10.13</ele>
      </trkpt>
      <trkpt lat="34.399094665423036" lon="-119.51856859959662">
        <ele>10.19</ele>
      </trkpt>
      <trkpt lat="34.39892292022705" lon="-119.51837539672852">
        <ele>10.24</ele>
      </trkpt>
      <trkpt lat="34.398794174194336" lon="-119.51822519302368">
        <ele>10.3</ele>
      </trkpt>
      <trkpt lat="34.398579681292176" lon="-119.51796770095825">
        <ele>10.35</ele>
      </trkpt>
      <trkpt lat="34.39838647842407" lon="-119.51773166656494">
        <ele>10.41</ele>
      </trkpt>
      <trkpt lat="34.39827927388251" lon="-119.51758146286011">
        <ele>10.47</ele>
      </trkpt>
      <trkpt lat="34.39812898635864" lon="-119.51740980148315">
        <ele>10.55</ele>
      </trkpt>
      <trkpt lat="34.398043155670166" lon="-119.5173454284668">
        <ele>10.61</ele>
      </trkpt>
      <trkpt lat="34.39797878265381" lon="-119.5172381401062">
        <ele>10.69</ele>
      </trkpt>
      <trkpt lat="34.397785663604736" lon="-119.51702356338501">
        <ele>10.74</ele>
      </trkpt>
      <trkpt lat="34.3976354598999" lon="-119.51684477739036">
        <ele>10.81</ele>
      </trkpt>
      <trkpt lat="34.3974853400141" lon="-119.51666607521474">
        <ele>10.87</ele>
      </trkpt>
      <trkpt lat="34.397335052490234" lon="-119.51648712158203">
        <ele>10.93</ele>
      </trkpt>
      <trkpt lat="34.39716339111328" lon="-119.51627254486084">
        <ele>10.98</ele>
      </trkpt>
      <trkpt lat="34.39699172973633" lon="-119.51605796813965">
        <ele>11.05</ele>
      </trkpt>
      <trkpt lat="34.39679869450629" lon="-119.51584347523749">
        <ele>11.13</ele>
      </trkpt>
      <trkpt lat="34.396605491638184" lon="-119.51562881469727">
        <ele>11.18</ele>
      </trkpt>
      <trkpt lat="34.39651966094971" lon="-119.51552152633667">
        <ele>11.23</ele>
      </trkpt>
      <trkpt lat="34.39643383026123" lon="-119.51539278030396">
        <ele>11.28</ele>
      </trkpt>
      <trkpt lat="34.39625152386725" lon="-119.5151782874018">
        <ele>11.33</ele>
      </trkpt>
      <trkpt lat="34.39606913365424" lon="-119.51496362686157">
        <ele>11.37</ele>
      </trkpt>
      <trkpt lat="34.395897472277284" lon="-119.51475625857711">
        <ele>11.41</ele>
      </trkpt>
      <trkpt lat="34.39572589471936" lon="-119.51454889029264">
        <ele>11.45</ele>
      </trkpt>
      <trkpt lat="34.39555414952338" lon="-119.51434135437012">
        <ele>11.49</ele>
      </trkpt>
      <trkpt lat="34.39548969268799" lon="-119.51427698135376">
        <ele>11.52</ele>
      </trkpt>
      <trkpt lat="34.395339488983154" lon="-119.51410540379584">
        <ele>11.56</ele>
      </trkpt>
      <trkpt lat="34.39518928527832" lon="-119.51393365859985">
        <ele>11.63</ele>
      </trkpt>
      <trkpt lat="34.395103454589844" lon="-119.51382637023926">
        <ele>11.67</ele>
      </trkpt>
      <trkpt lat="34.39497470855713" lon="-119.51367616653442">
        <ele>11.7</ele>
      </trkpt>
      <trkpt lat="34.394845962524414" lon="-119.51354742050171">
        <ele>11.73</ele>
      </trkpt>
      <trkpt lat="34.39465292729437" lon="-119.5133113861084">
        <ele>11.77</ele>
      </trkpt>
      <trkpt lat="34.39453482627869" lon="-119.51316118240356">
        <ele>11.8</ele>
      </trkpt>
      <trkpt lat="34.39441680908203" lon="-119.51301097869873">
        <ele>11.84</ele>
      </trkpt>
      <trkpt lat="34.39424514770508" lon="-119.51281073503196">
        <ele>11.88</ele>
      </trkpt>
      <trkpt lat="34.39407357014716" lon="-119.51261057518423">
        <ele>11.93</ele>
      </trkpt>
      <trkpt lat="34.39390182495117" lon="-119.5124101638794">
        <ele>11.98</ele>
      </trkpt>
      <trkpt lat="34.39375162124634" lon="-119.51222777366638">
        <ele>12.04</ele>
      </trkpt>
      <trkpt lat="34.393601417541504" lon="-119.51204538345337">
        <ele>12.1</ele>
      </trkpt>
      <trkpt lat="34.39346202649176" lon="-119.51188445091248">
        <ele>12.17</ele>
      </trkpt>
      <trkpt lat="34.39332255162299" lon="-119.51172351837158">
        <ele>12.25</ele>
      </trkpt>
      <trkpt lat="34.39317226409912" lon="-119.51157331466675">
        <ele>12.33</ele>
      </trkpt>
      <trkpt lat="34.39295768737793" lon="-119.5112943649292">
        <ele>12.43</ele>
      </trkpt>
      <trkpt lat="34.39289331436157" lon="-119.51120853424072">
        <ele>12.54</ele>
      </trkpt>
      <trkpt lat="34.392828941345215" lon="-119.51114416122437">
        <ele>12.66</ele>
      </trkpt>
      <trkpt lat="34.39274311065674" lon="-119.51103687286377">
        <ele>12.79</ele>
      </trkpt>
      <trkpt lat="34.39265736378729" lon="-119.51090812683105">
        <ele>12.93</ele>
      </trkpt>
      <trkpt lat="34.39250707626343" lon="-119.51068273745477">
        <ele>13.09</ele>
      </trkpt>
      <trkpt lat="34.392356872558594" lon="-119.51045751571655">
        <ele>13.27</ele>
      </trkpt>
      <trkpt lat="34.39222812652588" lon="-119.51024293899536">
        <ele>13.49</ele>
      </trkpt>
      <trkpt lat="34.39213139936328" lon="-119.51001738198102">
        <ele>13.7</ele>
      </trkpt>
      <trkpt lat="34.39203500747681" lon="-119.50979232788086">
        <ele>13.92</ele>
      </trkpt>
      <trkpt lat="34.39190609380603" lon="-119.5094485860318">
        <ele>14.15</ele>
      </trkpt>
      <trkpt lat="34.39177751541138" lon="-119.50910568237305">
        <ele>14.44</ele>
      </trkpt>
      <trkpt lat="34.3916916847229" lon="-119.50886964797974">
        <ele>14.71</ele>
      </trkpt>
      <trkpt lat="34.391605937853456" lon="-119.5086121559143">
        <ele>14.99</ele>
      </trkpt>
      <trkpt lat="34.391519939526916" lon="-119.50834351591766">
        <ele>15.31</ele>
      </trkpt>
      <trkpt lat="34.39143419265747" lon="-119.50807571411133">
        <ele>15.63</ele>
      </trkpt>
      <trkpt lat="34.39129455015063" lon="-119.50779651291668">
        <ele>15.95</ele>
      </trkpt>
      <trkpt lat="34.39115499146283" lon="-119.50751739554107">
        <ele>16.33</ele>
      </trkpt>
      <trkpt lat="34.39101543277502" lon="-119.50723827816546">
        <ele>16.67</ele>
      </trkpt>
      <trkpt lat="34.39087629318237" lon="-119.50695991516113">
        <ele>17.04</ele>
      </trkpt>
      <trkpt lat="34.3907904624939" lon="-119.50676679611206">
        <ele>17.41</ele>
      </trkpt>
      <trkpt lat="34.39066154882312" lon="-119.506473261863">
        <ele>17.81</ele>
      </trkpt>
      <trkpt lat="34.39053271897137" lon="-119.50617972761393">
        <ele>18.21</ele>
      </trkpt>
      <trkpt lat="34.39040422439575" lon="-119.50588703155518">
        <ele>18.64</ele>
      </trkpt>
      <trkpt lat="34.39033968374133" lon="-119.5056505780667">
        <ele>19.06</ele>
      </trkpt>
      <trkpt lat="34.39027547836304" lon="-119.50541496276855">
        <ele>19.51</ele>
      </trkpt>
      <trkpt lat="34.39020557329059" lon="-119.5051140524447">
        <ele>19.98</ele>
      </trkpt>
      <trkpt lat="34.39013575203717" lon="-119.50481314212084">
        <ele>20.44</ele>
      </trkpt>
      <trkpt lat="34.39006593078375" lon="-119.50451231561601">
        <ele>20.92</ele>
      </trkpt>
      <trkpt lat="34.38999652862549" lon="-119.50421333312988">
        <ele>21.38</ele>
      </trkpt>
      <trkpt lat="34.38989443704486" lon="-119.50387487187982">
        <ele>21.82</ele>
      </trkpt>
      <trkpt lat="34.38979234546423" lon="-119.50353641062975">
        <ele>22.26</ele>
      </trkpt>
      <trkpt lat="34.38969033770263" lon="-119.50319803319871">
        <ele>22.73</ele>
      </trkpt>
      <trkpt lat="34.389588832855225" lon="-119.50286149978638">
        <ele>23.18</ele>
      </trkpt>
      <trkpt lat="34.389492105692625" lon="-119.50258213095367">
        <ele>23.63</ele>
      </trkpt>
      <trkpt lat="34.38939546234906" lon="-119.50230284594">
        <ele>24.05</ele>
      </trkpt>
      <trkpt lat="34.38929873518646" lon="-119.50202356092632">
        <ele>24.47</ele>
      </trkpt>
      <trkpt lat="34.38920259475708" lon="-119.50174570083618">
        <ele>24.89</ele>
      </trkpt>
      <trkpt lat="34.38908440992236" lon="-119.5014664158225">
        <ele>25.32</ele>
      </trkpt>
      <trkpt lat="34.38896656036377" lon="-119.50118780136108">
        <ele>25.75</ele>
      </trkpt>
      <trkpt lat="34.3888233974576" lon="-119.50093735009432">
        <ele>26.16</ele>
      </trkpt>
      <trkpt lat="34.38868031837046" lon="-119.50068689882755">
        <ele>26.56</ele>
      </trkpt>
      <trkpt lat="34.38853740692139" lon="-119.50043678283691">
        <ele>26.96</ele>
      </trkpt>
      <trkpt lat="34.38835283741355" lon="-119.50017493218184">
        <ele>27.36</ele>
      </trkpt>
      <trkpt lat="34.38816826790571" lon="-119.49991316534579">
        <ele>27.76</ele>
      </trkpt>
      <trkpt lat="34.38798378221691" lon="-119.49965139850974">
        <ele>28.16</ele>
      </trkpt>
      <trkpt lat="34.38779921270907" lon="-119.4993896316737">
        <ele>28.57</ele>
      </trkpt>
      <trkpt lat="34.387614727020264" lon="-119.49912786483765">
        <ele>28.97</ele>
      </trkpt>
      <trkpt lat="34.387528812512755" lon="-119.49895603582263">
        <ele>29.39</ele>
      </trkpt>
      <trkpt lat="34.38744306564331" lon="-119.49878454208374">
        <ele>29.84</ele>
      </trkpt>
      <trkpt lat="34.387314319610596" lon="-119.49846267700195">
        <ele>30.33</ele>
      </trkpt>
      <trkpt lat="34.38727140426636" lon="-119.49837684631348">
        <ele>30.78</ele>
      </trkpt>
      <trkpt lat="34.387217592447996" lon="-119.49807585217059">
        <ele>31.29</ele>
      </trkpt>
      <trkpt lat="34.38716411590576" lon="-119.49777603149414">
        <ele>31.78</ele>
      </trkpt>
      <trkpt lat="34.38716411590576" lon="-119.49741125106812">
        <ele>32.32</ele>
      </trkpt>
      <trkpt lat="34.38717484474182" lon="-119.49707262217999">
        <ele>32.85</ele>
      </trkpt>
      <trkpt lat="34.38718557357788" lon="-119.49673399329185">
        <ele>33.4</ele>
      </trkpt>
      <trkpt lat="34.38719630241394" lon="-119.49639544822276">
        <ele>33.95</ele>
      </trkpt>
      <trkpt lat="34.38720703125" lon="-119.49605941772461">
        <ele>34.54</ele>
      </trkpt>
      <trkpt lat="34.38716403208673" lon="-119.49568315409124">
        <ele>35.12</ele>
      </trkpt>
      <trkpt lat="34.38712120056152" lon="-119.49530839920044">
        <ele>35.72</ele>
      </trkpt>
      <trkpt lat="34.38704593107104" lon="-119.49506121687591">
        <ele>36.34</ele>
      </trkpt>
      <trkpt lat="34.38697099685669" lon="-119.4948148727417">
        <ele>36.95</ele>
      </trkpt>
      <trkpt lat="34.38691726885736" lon="-119.49463214725256">
        <ele>37.59</ele>
      </trkpt>
      <trkpt lat="34.386863708496094" lon="-119.49445009231567">
        <ele>38.26</ele>
      </trkpt>
      <trkpt lat="34.38676429912448" lon="-119.49413853697479">
        <ele>38.97</ele>
      </trkpt>
      <trkpt lat="34.386664889752865" lon="-119.4938269816339">
        <ele>39.71</ele>
      </trkpt>
      <trkpt lat="34.38656556420028" lon="-119.49351542629302">
        <ele>40.48</ele>
      </trkpt>
      <trkpt lat="34.38646615482867" lon="-119.49320387095213">
        <ele>41.25</ele>
      </trkpt>
      <trkpt lat="34.386366829276085" lon="-119.49289231561124">
        <ele>42.0</ele>
      </trkpt>
      <trkpt lat="34.38626741990447" lon="-119.49258076027036">
        <ele>42.8</ele>
      </trkpt>
      <trkpt lat="34.38616809435189" lon="-119.49226920492947">
        <ele>43.57</ele>
      </trkpt>
      <trkpt lat="34.386069774627686" lon="-119.49196100234985">
        <ele>44.4</ele>
      </trkpt>
      <trkpt lat="34.38600540161133" lon="-119.49174642562866">
        <ele>45.22</ele>
      </trkpt>
      <trkpt lat="34.38591948710382" lon="-119.49148138985038">
        <ele>46.11</ele>
      </trkpt>
      <trkpt lat="34.38583357259631" lon="-119.49121643789113">
        <ele>47.0</ele>
      </trkpt>
      <trkpt lat="34.38574799336493" lon="-119.49095249176025">
        <ele>47.89</ele>
      </trkpt>
      <trkpt lat="34.385662162676454" lon="-119.4906735420227">
        <ele>48.84</ele>
      </trkpt>
      <trkpt lat="34.38555462285876" lon="-119.49032971635461">
        <ele>49.78</ele>
      </trkpt>
      <trkpt lat="34.38544750213623" lon="-119.48998689651489">
        <ele>50.69</ele>
      </trkpt>
      <trkpt lat="34.38536150380969" lon="-119.48971473611891">
        <ele>51.6</ele>
      </trkpt>
      <trkpt lat="34.38527558930218" lon="-119.48944257572293">
        <ele>52.52</ele>
      </trkpt>
      <trkpt lat="34.3851900100708" lon="-119.48917150497437">
        <ele>53.43</ele>
      </trkpt>
      <trkpt lat="34.38508255407214" lon="-119.48884922079742">
        <ele>54.36</ele>
      </trkpt>
      <trkpt lat="34.38497543334961" lon="-119.48852777481079">
        <ele>55.27</ele>
      </trkpt>
      <trkpt lat="34.38484651967883" lon="-119.48822275735438">
        <ele>56.18</ele>
      </trkpt>
      <trkpt lat="34.384717689827085" lon="-119.48791773989797">
        <ele>57.06</ele>
      </trkpt>
      <trkpt lat="34.384588776156306" lon="-119.48761272244155">
        <ele>58.0</ele>
      </trkpt>
      <trkpt lat="34.38445994630456" lon="-119.48730778880417">
        <ele>58.9</ele>
      </trkpt>
      <trkpt lat="34.384331703186035" lon="-119.48700428009033">
        <ele>59.78</ele>
      </trkpt>
      <trkpt lat="34.38415995799005" lon="-119.48675743304193">
        <ele>60.59</ele>
      </trkpt>
      <trkpt lat="34.38398838043213" lon="-119.48651075363159">
        <ele>61.35</ele>
      </trkpt>
      <trkpt lat="34.383788304403424" lon="-119.48635359294713">
        <ele>62.11</ele>
      </trkpt>
      <trkpt lat="34.38358831219375" lon="-119.48619643226266">
        <ele>62.77</ele>
      </trkpt>
      <trkpt lat="34.38338756561279" lon="-119.48603868484497">
        <ele>63.37</ele>
      </trkpt>
      <trkpt lat="34.38319444656372" lon="-119.48578119277954">
        <ele>63.97</ele>
      </trkpt>
      <trkpt lat="34.3832802772522" lon="-119.48559863492846">
        <ele>64.64</ele>
      </trkpt>
      <trkpt lat="34.383366107940674" lon="-119.48541641235352">
        <ele>65.23</ele>
      </trkpt>
      <trkpt lat="34.3832802772522" lon="-119.48507308959961">
        <ele>65.78</ele>
      </trkpt>
      <trkpt lat="34.383122781291604" lon="-119.48477243073285">
        <ele>66.24</ele>
      </trkpt>
      <trkpt lat="34.38296536915004" lon="-119.48447185568511">
        <ele>66.63</ele>
      </trkpt>
      <trkpt lat="34.382808208465576" lon="-119.4841718673706">
        <ele>66.97</ele>
      </trkpt>
      <trkpt lat="34.38270083628595" lon="-119.48398939333856">
        <ele>67.19</ele>
      </trkpt>
      <trkpt lat="34.382593631744385" lon="-119.48380708694458">
        <ele>67.32</ele>
      </trkpt>
      <trkpt lat="34.382411325350404" lon="-119.48360332287848">
        <ele>67.35</ele>
      </trkpt>
      <trkpt lat="34.38222885131836" lon="-119.48339939117432">
        <ele>67.27</ele>
      </trkpt>
      <trkpt lat="34.38203589990735" lon="-119.48323862627149">
        <ele>67.08</ele>
      </trkpt>
      <trkpt lat="34.381842613220215" lon="-119.48307752609253">
        <ele>66.79</ele>
      </trkpt>
      <trkpt lat="34.38158243894577" lon="-119.48291223496199">
        <ele>66.41</ele>
      </trkpt>
      <trkpt lat="34.38132234849036" lon="-119.48274694383144">
        <ele>65.79</ele>
      </trkpt>
      <trkpt lat="34.381062258034945" lon="-119.48258173651993">
        <ele>65.1</ele>
      </trkpt>
      <trkpt lat="34.38080216757953" lon="-119.48241644538939">
        <ele>64.37</ele>
      </trkpt>
      <trkpt lat="34.38054207712412" lon="-119.48225123807788">
        <ele>63.59</ele>
      </trkpt>
      <trkpt lat="34.380281902849674" lon="-119.48208594694734">
        <ele>62.71</ele>
      </trkpt>
      <trkpt lat="34.38001879490912" lon="-119.4819188117981">
        <ele>61.73</ele>
      </trkpt>
      <trkpt lat="34.38001871109009" lon="-119.4819188117981">
        <ele>60.63</ele>
      </trkpt>
      <trkpt lat="34.37979734502733" lon="-119.48178310878575">
        <ele>59.39</ele>
      </trkpt>
      <trkpt lat="34.3795760627836" lon="-119.4816474057734">
        <ele>58.16</ele>
      </trkpt>
      <trkpt lat="34.379353607073426" lon="-119.48151111602783">
        <ele>56.7</ele>
      </trkpt>
      <trkpt lat="34.37916073948145" lon="-119.4813968706876">
        <ele>55.17</ele>
      </trkpt>
      <trkpt lat="34.378967955708504" lon="-119.48128262534738">
        <ele>53.56</ele>
      </trkpt>
      <trkpt lat="34.37877416610718" lon="-119.48116779327393">
        <ele>51.94</ele>
      </trkpt>
      <trkpt lat="34.3785812985152" lon="-119.48103209026158">
        <ele>50.28</ele>
      </trkpt>
      <trkpt lat="34.37838843092322" lon="-119.48089638724923">
        <ele>48.55</ele>
      </trkpt>
      <trkpt lat="34.37819480895996" lon="-119.48076009750366">
        <ele>46.78</ele>
      </trkpt>
      <trkpt lat="34.37796615064144" lon="-119.48056714609265">
        <ele>44.97</ele>
      </trkpt>
      <trkpt lat="34.37773757614195" lon="-119.48037427850068">
        <ele>43.12</ele>
      </trkpt>
      <trkpt lat="34.37750816345215" lon="-119.48018074035645">
        <ele>41.27</ele>
      </trkpt>
      <trkpt lat="34.37732946127653" lon="-119.4799948297441">
        <ele>39.48</ele>
      </trkpt>
      <trkpt lat="34.377150759100914" lon="-119.47980900295079">
        <ele>37.65</ele>
      </trkpt>
      <trkpt lat="34.37697172164917" lon="-119.47962284088135">
        <ele>35.84</ele>
      </trkpt>
      <trkpt lat="34.37676150351763" lon="-119.4793782569468">
        <ele>34.1</ele>
      </trkpt>
      <trkpt lat="34.376551285386086" lon="-119.47913375683129">
        <ele>32.39</ele>
      </trkpt>
      <trkpt lat="34.376341151073575" lon="-119.47888925671577">
        <ele>30.68</ele>
      </trkpt>
      <trkpt lat="34.37613093294203" lon="-119.47864475660026">
        <ele>29.0</ele>
      </trkpt>
      <trkpt lat="34.37592029571533" lon="-119.47839975357056">
        <ele>27.51</ele>
      </trkpt>
      <trkpt lat="34.375802194699645" lon="-119.47816355153918">
        <ele>26.19</ele>
      </trkpt>
      <trkpt lat="34.37568426132202" lon="-119.47792768478394">
        <ele>24.9</ele>
      </trkpt>
      <trkpt lat="34.37563053332269" lon="-119.47771277278662">
        <ele>23.7</ele>
      </trkpt>
      <trkpt lat="34.375576972961426" lon="-119.47749853134155">
        <ele>22.58</ele>
      </trkpt>
      <trkpt lat="34.37551259994507" lon="-119.47736978530884">
        <ele>21.57</ele>
      </trkpt>
      <trkpt lat="34.37551259994507" lon="-119.47730541229248">
        <ele>20.63</ele>
      </trkpt>
      <trkpt lat="34.37551259994507" lon="-119.47697214782238">
        <ele>19.77</ele>
      </trkpt>
      <trkpt lat="34.37551259994507" lon="-119.47663888335228">
        <ele>19.04</ele>
      </trkpt>
      <trkpt lat="34.37551259994507" lon="-119.47630570270121">
        <ele>18.42</ele>
      </trkpt>
      <trkpt lat="34.37551259994507" lon="-119.47597243823111">
        <ele>17.84</ele>
      </trkpt>
      <trkpt lat="34.37551259994507" lon="-119.47563925758004">
        <ele>17.29</ele>
      </trkpt>
      <trkpt lat="34.37551259994507" lon="-119.4753098487854">
        <ele>16.77</ele>
      </trkpt>
      <trkpt lat="34.37553942203522" lon="-119.4750249478966">
        <ele>16.32</ele>
      </trkpt>
      <trkpt lat="34.3755663279444" lon="-119.47474013082683">
        <ele>15.93</ele>
      </trkpt>
      <trkpt lat="34.37559315003455" lon="-119.47445531375706">
        <ele>15.56</ele>
      </trkpt>
      <trkpt lat="34.375619888305664" lon="-119.47417259216309">
        <ele>15.19</ele>
      </trkpt>
      <trkpt lat="34.37569507397711" lon="-119.47381074540317">
        <ele>14.92</ele>
      </trkpt>
      <trkpt lat="34.37577025964856" lon="-119.47344898246229">
        <ele>14.72</ele>
      </trkpt>
      <trkpt lat="34.37584552913904" lon="-119.47308713570237">
        <ele>14.52</ele>
      </trkpt>
      <trkpt lat="34.37592071481049" lon="-119.47272537276149">
        <ele>14.37</ele>
      </trkpt>
      <trkpt lat="34.37599598430097" lon="-119.4723636098206">
        <ele>14.24</ele>
      </trkpt>
      <trkpt lat="34.376070499420166" lon="-119.47200536727905">
        <ele>14.16</ele>
      </trkpt>
      <trkpt lat="34.37610629014671" lon="-119.47171870619059">
        <ele>14.11</ele>
      </trkpt>
      <trkpt lat="34.37614208087325" lon="-119.47143212892115">
        <ele>14.11</ele>
      </trkpt>
      <trkpt lat="34.37617778778076" lon="-119.47114706039429">
        <ele>14.14</ele>
      </trkpt>
      <trkpt lat="34.37619203701615" lon="-119.47086752392352">
        <ele>14.18</ele>
      </trkpt>
      <trkpt lat="34.37620637007058" lon="-119.47058807127178">
        <ele>14.24</ele>
      </trkpt>
      <trkpt lat="34.376220703125" lon="-119.47031021118164">
        <ele>14.29</ele>
      </trkpt>
      <trkpt lat="34.37619916163385" lon="-119.4699303433299">
        <ele>14.29</ele>
      </trkpt>
      <trkpt lat="34.37617770396173" lon="-119.4695505592972">
        <ele>14.37</ele>
      </trkpt>
      <trkpt lat="34.37615633010864" lon="-119.46917295455933">
        <ele>14.46</ele>
      </trkpt>
      <trkpt lat="34.37612045556307" lon="-119.46889350190759">
        <ele>14.54</ele>
      </trkpt>
      <trkpt lat="34.376084664836526" lon="-119.46861404925585">
        <ele>14.64</ele>
      </trkpt>
      <trkpt lat="34.37604904174805" lon="-119.46833610534668">
        <ele>14.71</ele>
      </trkpt>
      <trkpt lat="34.375984501093626" lon="-119.46803519502282">
        <ele>14.77</ele>
      </trkpt>
      <trkpt lat="34.37592029571533" lon="-119.46773529052734">
        <ele>14.86</ele>
      </trkpt>
      <trkpt lat="34.37583697959781" lon="-119.46737931109965">
        <ele>14.93</ele>
      </trkpt>
      <trkpt lat="34.37575374729931" lon="-119.46702333167195">
        <ele>15.0</ele>
      </trkpt>
      <trkpt lat="34.37567043118179" lon="-119.46666735224426">
        <ele>15.03</ele>
      </trkpt>
      <trkpt lat="34.375587198883295" lon="-119.4663114566356">
        <ele>15.11</ele>
      </trkpt>
      <trkpt lat="34.37550388276577" lon="-119.4659554772079">
        <ele>15.15</ele>
      </trkpt>
      <trkpt lat="34.37542065046728" lon="-119.4655994977802">
        <ele>15.17</ele>
      </trkpt>
      <trkpt lat="34.37533733434975" lon="-119.46524351835251">
        <ele>15.18</ele>
      </trkpt>
      <trkpt lat="34.37525410205126" lon="-119.46488762274384">
        <ele>15.22</ele>
      </trkpt>
      <trkpt lat="34.37517078593373" lon="-119.46453164331615">
        <ele>15.13</ele>
      </trkpt>
      <trkpt lat="34.37508755363524" lon="-119.46417566388845">
        <ele>15.06</ele>
      </trkpt>
      <trkpt lat="34.375004237517715" lon="-119.46381976827979">
        <ele>15.0</ele>
      </trkpt>
      <trkpt lat="34.37492100521922" lon="-119.4634637888521">
        <ele>14.91</ele>
      </trkpt>
      <trkpt lat="34.374837689101696" lon="-119.4631078094244">
        <ele>14.85</ele>
      </trkpt>
      <trkpt lat="34.3747544568032" lon="-119.46275191381574">
        <ele>14.74</ele>
      </trkpt>
      <trkpt lat="34.37467114068568" lon="-119.46239593438804">
        <ele>14.55</ele>
      </trkpt>
      <trkpt lat="34.374589920043945" lon="-119.46204900741577">
        <ele>14.3</ele>
      </trkpt>
      <trkpt lat="34.37448958866298" lon="-119.46173384785652">
        <ele>14.04</ele>
      </trkpt>
      <trkpt lat="34.37438934110105" lon="-119.46141868829727">
        <ele>13.84</ele>
      </trkpt>
      <trkpt lat="34.37428951263428" lon="-119.46110486984253">
        <ele>13.67</ele>
      </trkpt>
      <trkpt lat="34.37419278547168" lon="-119.46085777133703">
        <ele>13.5</ele>
      </trkpt>
      <trkpt lat="34.374096393585205" lon="-119.46061134338379">
        <ele>13.27</ele>
      </trkpt>
      <trkpt lat="34.37396747991443" lon="-119.4603428710252">
        <ele>12.97</ele>
      </trkpt>
      <trkpt lat="34.37383865006268" lon="-119.46007448248565">
        <ele>12.66</ele>
      </trkpt>
      <trkpt lat="34.373709820210934" lon="-119.45980601012707">
        <ele>12.32</ele>
      </trkpt>
      <trkpt lat="34.373581409454346" lon="-119.45953845977783">
        <ele>12.0</ele>
      </trkpt>
      <trkpt lat="34.37344185076654" lon="-119.45930770598352">
        <ele>11.64</ele>
      </trkpt>
      <trkpt lat="34.37330229207873" lon="-119.4590769521892">
        <ele>11.26</ele>
      </trkpt>
      <trkpt lat="34.37316281720996" lon="-119.4588461983949">
        <ele>10.88</ele>
      </trkpt>
      <trkpt lat="34.37302350997925" lon="-119.45861577987671">
        <ele>10.52</ele>
      </trkpt>
      <trkpt lat="34.372873306274414" lon="-119.45840120315552">
        <ele>10.17</ele>
      </trkpt>
      <trkpt lat="34.37272310256958" lon="-119.45818662643433">
        <ele>9.83</ele>
      </trkpt>
      <trkpt lat="34.372572898864746" lon="-119.45797204971313">
        <ele>9.48</ele>
      </trkpt>
      <trkpt lat="34.372379779815674" lon="-119.45771992206573">
        <ele>9.14</ele>
      </trkpt>
      <trkpt lat="34.3721866607666" lon="-119.45746787823737">
        <ele>8.83</ele>
      </trkpt>
      <trkpt lat="34.37199362553656" lon="-119.45721575058997">
        <ele>8.5</ele>
      </trkpt>
      <trkpt lat="34.37180042266846" lon="-119.45696353912354">
        <ele>8.19</ele>
      </trkpt>
      <trkpt lat="34.3715859297663" lon="-119.45672758854926">
        <ele>7.86</ele>
      </trkpt>
      <trkpt lat="34.37137152068317" lon="-119.45649172179401">
        <ele>7.55</ele>
      </trkpt>
      <trkpt lat="34.37115702778101" lon="-119.45625577121973">
        <ele>7.27</ele>
      </trkpt>
      <trkpt lat="34.37094261869788" lon="-119.45601990446448">
        <ele>6.98</ele>
      </trkpt>
      <trkpt lat="34.37072812579572" lon="-119.45578403770924">
        <ele>6.7</ele>
      </trkpt>
      <trkpt lat="34.370513716712594" lon="-119.45554808713496">
        <ele>6.44</ele>
      </trkpt>
      <trkpt lat="34.370299223810434" lon="-119.45531222037971">
        <ele>6.18</ele>
      </trkpt>
      <trkpt lat="34.370084814727306" lon="-119.45507635362446">
        <ele>5.93</ele>
      </trkpt>
      <trkpt lat="34.369869232177734" lon="-119.45483922958374">
        <ele>5.76</ele>
      </trkpt>
      <trkpt lat="34.36968332156539" lon="-119.4546461943537">
        <ele>5.53</ele>
      </trkpt>
      <trkpt lat="34.36949749477208" lon="-119.45445324294269">
        <ele>5.3</ele>
      </trkpt>
      <trkpt lat="34.36931133270264" lon="-119.45425987243652">
        <ele>5.08</ele>
      </trkpt>
      <trkpt lat="34.36908619478345" lon="-119.45405082777143">
        <ele>4.87</ele>
      </trkpt>
      <trkpt lat="34.36886114068329" lon="-119.45384178310633">
        <ele>4.66</ele>
      </trkpt>
      <trkpt lat="34.368636002764106" lon="-119.45363282226026">
        <ele>4.42</ele>
      </trkpt>
      <trkpt lat="34.36841011047363" lon="-119.45342302322388">
        <ele>4.18</ele>
      </trkpt>
      <trkpt lat="34.36816359870136" lon="-119.45322738960385">
        <ele>4.0</ele>
      </trkpt>
      <trkpt lat="34.367917170748115" lon="-119.45303183980286">
        <ele>3.84</ele>
      </trkpt>
      <trkpt lat="34.36767074279487" lon="-119.45283629000187">
        <ele>3.66</ele>
      </trkpt>
      <trkpt lat="34.36742431484163" lon="-119.45264074020088">
        <ele>3.49</ele>
      </trkpt>
      <trkpt lat="34.367177886888385" lon="-119.45244519039989">
        <ele>3.34</ele>
      </trkpt>
      <trkpt lat="34.36693137511611" lon="-119.4522496405989">
        <ele>3.19</ele>
      </trkpt>
      <trkpt lat="34.36668494716287" lon="-119.4520540907979">
        <ele>3.05</ele>
      </trkpt>
      <trkpt lat="34.36643600463867" lon="-119.45185661315918">
        <ele>2.93</ele>
      </trkpt>
      <trkpt lat="34.36621447093785" lon="-119.45166726596653">
        <ele>2.84</ele>
      </trkpt>
      <trkpt lat="34.365993021056056" lon="-119.45147791877389">
        <ele>2.77</ele>
      </trkpt>
      <trkpt lat="34.365771571174264" lon="-119.45128857158124">
        <ele>2.69</ele>
      </trkpt>
      <trkpt lat="34.36555003747344" lon="-119.4510992243886">
        <ele>2.65</ele>
      </trkpt>
      <trkpt lat="34.36532858759165" lon="-119.45090996101499">
        <ele>2.58</ele>
      </trkpt>
      <trkpt lat="34.365105628967285" lon="-119.45071935653687">
        <ele>2.56</ele>
      </trkpt>
      <trkpt lat="34.36510571278632" lon="-119.45071935653687">
        <ele>2.53</ele>
      </trkpt>
      <trkpt lat="34.36486154794693" lon="-119.45049304515123">
        <ele>2.52</ele>
      </trkpt>
      <trkpt lat="34.36461738310754" lon="-119.4502667337656">
        <ele>2.53</ele>
      </trkpt>
      <trkpt lat="34.364373218268156" lon="-119.45004042237997">
        <ele>2.54</ele>
      </trkpt>
      <trkpt lat="34.3641291372478" lon="-119.44981419481337">
        <ele>2.6</ele>
      </trkpt>
      <trkpt lat="34.363884972408414" lon="-119.44958788342774">
        <ele>2.64</ele>
      </trkpt>
      <trkpt lat="34.36364080756903" lon="-119.44936157204211">
        <ele>2.69</ele>
      </trkpt>
      <trkpt lat="34.36339664272964" lon="-119.44913534447551">
        <ele>2.77</ele>
      </trkpt>
      <trkpt lat="34.363152561709285" lon="-119.44890903308988">
        <ele>2.87</ele>
      </trkpt>
      <trkpt lat="34.3629083968699" lon="-119.44868272170424">
        <ele>2.96</ele>
      </trkpt>
      <trkpt lat="34.36266423203051" lon="-119.44845649413764">
        <ele>3.08</ele>
      </trkpt>
      <trkpt lat="34.362420067191124" lon="-119.44823018275201">
        <ele>3.21</ele>
      </trkpt>
      <trkpt lat="34.36217598617077" lon="-119.44800387136638">
        <ele>3.35</ele>
      </trkpt>
      <trkpt lat="34.36193182133138" lon="-119.44777764379978">
        <ele>3.48</ele>
      </trkpt>
      <trkpt lat="34.361687656491995" lon="-119.44755133241415">
        <ele>3.64</ele>
      </trkpt>
      <trkpt lat="34.36144349165261" lon="-119.44732502102852">
        <ele>3.84</ele>
      </trkpt>
      <trkpt lat="34.36119941063225" lon="-119.44709879346192">
        <ele>4.03</ele>
      </trkpt>
      <trkpt lat="34.360955245792866" lon="-119.44687248207629">
        <ele>4.24</ele>
      </trkpt>
      <trkpt lat="34.36070680618286" lon="-119.44664239883423">
        <ele>4.49</ele>
      </trkpt>
      <trkpt lat="34.360462725162506" lon="-119.44641147740185">
        <ele>4.76</ele>
      </trkpt>
      <trkpt lat="34.36021864414215" lon="-119.44618063978851">
        <ele>5.01</ele>
      </trkpt>
      <trkpt lat="34.359974563121796" lon="-119.44594971835613">
        <ele>5.28</ele>
      </trkpt>
      <trkpt lat="34.35973056592047" lon="-119.44571888074279">
        <ele>5.54</ele>
      </trkpt>
      <trkpt lat="34.35948648490012" lon="-119.44548795931041">
        <ele>5.82</ele>
      </trkpt>
      <trkpt lat="34.35924240387976" lon="-119.44525712169707">
        <ele>6.1</ele>
      </trkpt>
      <trkpt lat="34.35899832285941" lon="-119.44502620026469">
        <ele>6.39</ele>
      </trkpt>
      <trkpt lat="34.35875432565808" lon="-119.44479536265135">
        <ele>6.68</ele>
      </trkpt>
      <trkpt lat="34.35851024463773" lon="-119.444564525038">
        <ele>6.97</ele>
      </trkpt>
      <trkpt lat="34.35826616361737" lon="-119.44433360360563">
        <ele>7.26</ele>
      </trkpt>
      <trkpt lat="34.35802216641605" lon="-119.44410276599228">
        <ele>7.56</ele>
      </trkpt>
      <trkpt lat="34.357778085395694" lon="-119.44387192837894">
        <ele>7.86</ele>
      </trkpt>
      <trkpt lat="34.35753107070923" lon="-119.44363832473755">
        <ele>8.17</ele>
      </trkpt>
      <trkpt lat="34.35736653394997" lon="-119.44342374801636">
        <ele>8.49</ele>
      </trkpt>
      <trkpt lat="34.357202081009746" lon="-119.4432092551142">
        <ele>8.76</ele>
      </trkpt>
      <trkpt lat="34.35703754425049" lon="-119.44299459457397">
        <ele>9.03</ele>
      </trkpt>
      <trkpt lat="34.35690871439874" lon="-119.44277993403375">
        <ele>9.29</ele>
      </trkpt>
      <trkpt lat="34.35677996836603" lon="-119.44256527349353">
        <ele>9.57</ele>
      </trkpt>
      <trkpt lat="34.356651306152344" lon="-119.4423508644104">
        <ele>9.8</ele>
      </trkpt>
      <trkpt lat="34.356576120480895" lon="-119.44217903539538">
        <ele>10.01</ele>
      </trkpt>
      <trkpt lat="34.35650110244751" lon="-119.4420075416565">
        <ele>10.2</ele>
      </trkpt>
      <trkpt lat="34.356400771066546" lon="-119.44173538126051">
        <ele>10.37</ele>
      </trkpt>
      <trkpt lat="34.356300523504615" lon="-119.44146330468357">
        <ele>10.5</ele>
      </trkpt>
      <trkpt lat="34.35620069503784" lon="-119.44119215011597">
        <ele>10.59</ele>
      </trkpt>
      <trkpt lat="34.356104051694274" lon="-119.44103113375604">
        <ele>10.66</ele>
      </trkpt>
      <trkpt lat="34.35600757598877" lon="-119.44087028503418">
        <ele>10.69</ele>
      </trkpt>
      <trkpt lat="34.35600757598877" lon="-119.4407844543457">
        <ele>10.71</ele>
      </trkpt>
      <trkpt lat="34.3560076598078" lon="-119.44065570831299">
        <ele>10.71</ele>
      </trkpt>
      <trkpt lat="34.3560076598078" lon="-119.44054841995239">
        <ele>10.67</ele>
      </trkpt>
      <trkpt lat="34.35600757598877" lon="-119.44046258926392">
        <ele>10.61</ele>
      </trkpt>
      <trkpt lat="34.35605049133301" lon="-119.44031238555908">
        <ele>10.53</ele>
      </trkpt>
      <trkpt lat="34.35607194900513" lon="-119.44016218185425">
        <ele>10.43</ele>
      </trkpt>
      <trkpt lat="34.356061136350036" lon="-119.43982891738415">
        <ele>10.27</ele>
      </trkpt>
      <trkpt lat="34.35605049133301" lon="-119.43949699401855">
        <ele>10.07</ele>
      </trkpt>
      <trkpt lat="34.35606482438743" lon="-119.43913145922124">
        <ele>9.86</ele>
      </trkpt>
      <trkpt lat="34.356079157441854" lon="-119.43876600824296">
        <ele>9.64</ele>
      </trkpt>
      <trkpt lat="34.35609349049628" lon="-119.43840055726469">
        <ele>9.4</ele>
      </trkpt>
      <trkpt lat="34.3561078235507" lon="-119.4380351062864">
        <ele>9.14</ele>
      </trkpt>
      <trkpt lat="34.356122156605124" lon="-119.4376695714891">
        <ele>8.84</ele>
      </trkpt>
      <trkpt lat="34.356136322021484" lon="-119.4373083114624">
        <ele>8.51</ele>
      </trkpt>
      <trkpt lat="34.35612198896706" lon="-119.43704310804605">
        <ele>8.15</ele>
      </trkpt>
      <trkpt lat="34.35610765591264" lon="-119.43677798844874">
        <ele>7.78</ele>
      </trkpt>
      <trkpt lat="34.356093406677246" lon="-119.436514377594">
        <ele>7.38</ele>
      </trkpt>
      <trkpt lat="34.35605895705521" lon="-119.43618756718934">
        <ele>6.91</ele>
      </trkpt>
      <trkpt lat="34.35602459125221" lon="-119.43586084060371">
        <ele>6.47</ele>
      </trkpt>
      <trkpt lat="34.355990225449204" lon="-119.43553403019905">
        <ele>5.98</ele>
      </trkpt>
      <trkpt lat="34.35595577582717" lon="-119.43520730361342">
        <ele>5.52</ele>
      </trkpt>
      <trkpt lat="34.35592174530029" lon="-119.43488359451294">
        <ele>5.06</ele>
      </trkpt>
      <trkpt lat="34.35588587075472" lon="-119.4346112664789">
        <ele>4.58</ele>
      </trkpt>
      <trkpt lat="34.355850080028176" lon="-119.43433902226388">
        <ele>4.14</ele>
      </trkpt>
      <trkpt lat="34.3558144569397" lon="-119.43406820297241">
        <ele>3.71</ele>
      </trkpt>
      <trkpt lat="34.35573918744922" lon="-119.43375119939446">
        <ele>3.28</ele>
      </trkpt>
      <trkpt lat="34.35566400177777" lon="-119.43343419581652">
        <ele>2.89</ele>
      </trkpt>
      <trkpt lat="34.35558873228729" lon="-119.43311719223857">
        <ele>2.51</ele>
      </trkpt>
      <trkpt lat="34.35551404953003" lon="-119.43280220031738">
        <ele>2.16</ele>
      </trkpt>
      <trkpt lat="34.35544238425791" lon="-119.4325442891568">
        <ele>1.83</ele>
      </trkpt>
      <trkpt lat="34.355370718985796" lon="-119.43228646181524">
        <ele>1.53</ele>
      </trkpt>
      <trkpt lat="34.35529947280884" lon="-119.4320297241211">
        <ele>1.27</ele>
      </trkpt>
      <trkpt lat="34.35529955662787" lon="-119.4320297241211">
        <ele>1.02</ele>
      </trkpt>
      <trkpt lat="34.355199225246906" lon="-119.43175043910742">
        <ele>0.79</ele>
      </trkpt>
      <trkpt lat="34.355098977684975" lon="-119.43147115409374">
        <ele>0.59</ele>
      </trkpt>
      <trkpt lat="34.35499906539917" lon="-119.43119287490845">
        <ele>0.44</ele>
      </trkpt>
      <trkpt lat="34.354863027110696" lon="-119.43089934065938">
        <ele>0.29</ele>
      </trkpt>
      <trkpt lat="34.35472698882222" lon="-119.43060580641031">
        <ele>0.19</ele>
      </trkpt>
      <trkpt lat="34.354591369628906" lon="-119.43031311035156">
        <ele>0.09</ele>
      </trkpt>
      <trkpt lat="34.35446253977716" lon="-119.43007154390216">
        <ele>0.06</ele>
      </trkpt>
      <trkpt lat="34.35433370992541" lon="-119.42982997745275">
        <ele>0.03</ele>
      </trkpt>
      <trkpt lat="34.35420488007367" lon="-119.42958849482238">
        <ele>0.05</ele>
      </trkpt>
      <trkpt lat="34.35407638549805" lon="-119.4293475151062">
        <ele>0.07</ele>
      </trkpt>
      <trkpt lat="34.353940431028605" lon="-119.42913285456598">
        <ele>0.11</ele>
      </trkpt>
      <trkpt lat="34.353804560378194" lon="-119.42891819402575">
        <ele>0.2</ele>
      </trkpt>
      <trkpt lat="34.353668773546815" lon="-119.42870378494263">
        <ele>0.34</ele>
      </trkpt>
      <trkpt lat="34.35348277911544" lon="-119.42847495898604">
        <ele>0.42</ele>
      </trkpt>
      <trkpt lat="34.353296868503094" lon="-119.42824613302946">
        <ele>0.56</ele>
      </trkpt>
      <trkpt lat="34.353110790252686" lon="-119.42801713943481">
        <ele>0.73</ele>
      </trkpt>
      <trkpt lat="34.352917755022645" lon="-119.42781337536871">
        <ele>0.89</ele>
      </trkpt>
      <trkpt lat="34.35272455215454" lon="-119.42760944366455">
        <ele>1.06</ele>
      </trkpt>
      <trkpt lat="34.35253160074353" lon="-119.42745219916105">
        <ele>1.21</ele>
      </trkpt>
      <trkpt lat="34.352338733151555" lon="-119.42729503847659">
        <ele>1.44</ele>
      </trkpt>
      <trkpt lat="34.352145195007324" lon="-119.42713737487793">
        <ele>1.62</ele>
      </trkpt>
      <trkpt lat="34.35202717781067" lon="-119.42699790000916">
        <ele>1.87</ele>
      </trkpt>
      <trkpt lat="34.351909160614014" lon="-119.42685842514038">
        <ele>2.12</ele>
      </trkpt>
      <trkpt lat="34.35167874209583" lon="-119.4266708381474">
        <ele>2.35</ele>
      </trkpt>
      <trkpt lat="34.35144832357764" lon="-119.42648333497345">
        <ele>2.61</ele>
      </trkpt>
      <trkpt lat="34.35121798887849" lon="-119.42629583179951">
        <ele>2.86</ele>
      </trkpt>
      <trkpt lat="34.35098648071289" lon="-119.42610740661621">
        <ele>3.11</ele>
      </trkpt>
      <trkpt lat="34.35114389285445" lon="-119.42579241469502">
        <ele>3.44</ele>
      </trkpt>
      <trkpt lat="34.351301388815045" lon="-119.42547750659287">
        <ele>3.91</ele>
      </trkpt>
      <trkpt lat="34.35145854949951" lon="-119.42516326904297">
        <ele>4.31</ele>
      </trkpt>
      <trkpt lat="34.351228047162294" lon="-119.42492555826902">
        <ele>4.5</ele>
      </trkpt>
      <trkpt lat="34.35099754482508" lon="-119.42468793131411">
        <ele>4.66</ele>
      </trkpt>
      <trkpt lat="34.35076704248786" lon="-119.4244503043592">
        <ele>4.86</ele>
      </trkpt>
      <trkpt lat="34.35053654015064" lon="-119.42421259358525">
        <ele>5.06</ele>
      </trkpt>
      <trkpt lat="34.350306037813425" lon="-119.42397496663034">
        <ele>5.22</ele>
      </trkpt>
      <trkpt lat="34.35007553547621" lon="-119.42373733967543">
        <ele>5.35</ele>
      </trkpt>
      <trkpt lat="34.34984503313899" lon="-119.42349962890148">
        <ele>5.46</ele>
      </trkpt>
      <trkpt lat="34.34961453080177" lon="-119.42326200194657">
        <ele>5.54</ele>
      </trkpt>
      <trkpt lat="34.349384028464556" lon="-119.42302437499166">
        <ele>5.64</ele>
      </trkpt>
      <trkpt lat="34.34915352612734" lon="-119.42278674803674">
        <ele>5.73</ele>
      </trkpt>
      <trkpt lat="34.34892302379012" lon="-119.4225490372628">
        <ele>5.78</ele>
      </trkpt>
      <trkpt lat="34.34869050979614" lon="-119.42230939865112">
        <ele>5.79</ele>
      </trkpt>
      <trkpt lat="34.34856184758246" lon="-119.42218065261841">
        <ele>5.77</ele>
      </trkpt>
      <trkpt lat="34.348411560058594" lon="-119.42200899124146">
        <ele>5.78</ele>
      </trkpt>
      <trkpt lat="34.34824710711837" lon="-119.42184453830123">
        <ele>5.85</ele>
      </trkpt>
      <trkpt lat="34.348082737997174" lon="-119.42168016918004">
        <ele>5.86</ele>
      </trkpt>
      <trkpt lat="34.34791803359985" lon="-119.42151546478271">
        <ele>5.84</ele>
      </trkpt>
      <trkpt lat="34.347698260098696" lon="-119.42129300907254">
        <ele>5.83</ele>
      </trkpt>
      <trkpt lat="34.34747848659754" lon="-119.42107055336237">
        <ele>5.81</ele>
      </trkpt>
      <trkpt lat="34.34725871309638" lon="-119.4208480976522">
        <ele>5.76</ele>
      </trkpt>
      <trkpt lat="34.34703893959522" lon="-119.42062564194202">
        <ele>5.72</ele>
      </trkpt>
      <trkpt lat="34.346819166094065" lon="-119.42040318623185">
        <ele>5.69</ele>
      </trkpt>
      <trkpt lat="34.34659939259291" lon="-119.42018073052168">
        <ele>5.66</ele>
      </trkpt>
      <trkpt lat="34.34637961909175" lon="-119.4199582748115">
        <ele>5.63</ele>
      </trkpt>
      <trkpt lat="34.346158504486084" lon="-119.41973447799683">
        <ele>5.6</ele>
      </trkpt>
      <trkpt lat="34.34592976234853" lon="-119.41949140280485">
        <ele>5.57</ele>
      </trkpt>
      <trkpt lat="34.34570102021098" lon="-119.41924841143191">
        <ele>5.55</ele>
      </trkpt>
      <trkpt lat="34.34547185897827" lon="-119.41900491714478">
        <ele>5.56</ele>
      </trkpt>
      <trkpt lat="34.345407485961914" lon="-119.41894054412842">
        <ele>5.54</ele>
      </trkpt>
      <trkpt lat="34.345169607549906" lon="-119.41869487054646">
        <ele>5.53</ele>
      </trkpt>
      <trkpt lat="34.34493181295693" lon="-119.41844928078353">
        <ele>5.46</ele>
      </trkpt>
      <trkpt lat="34.34469401836395" lon="-119.41820369102061">
        <ele>5.46</ele>
      </trkpt>
      <trkpt lat="34.344456223770976" lon="-119.41795801743865">
        <ele>5.49</ele>
      </trkpt>
      <trkpt lat="34.344218429178" lon="-119.41771242767572">
        <ele>5.51</ele>
      </trkpt>
      <trkpt lat="34.34398063458502" lon="-119.4174668379128">
        <ele>5.52</ele>
      </trkpt>
      <trkpt lat="34.343742756173015" lon="-119.41722124814987">
        <ele>5.54</ele>
      </trkpt>
      <trkpt lat="34.34350496158004" lon="-119.41697557456791">
        <ele>5.56</ele>
      </trkpt>
      <trkpt lat="34.34326716698706" lon="-119.41672998480499">
        <ele>5.58</ele>
      </trkpt>
      <trkpt lat="34.343029372394085" lon="-119.41648439504206">
        <ele>5.62</ele>
      </trkpt>
      <trkpt lat="34.34278964996338" lon="-119.4162368774414">
        <ele>5.66</ele>
      </trkpt>
      <trkpt lat="34.3427038192749" lon="-119.41617250442505">
        <ele>5.71</ele>
      </trkpt>
      <trkpt lat="34.34253936633468" lon="-119.41600805148482">
        <ele>5.76</ele>
      </trkpt>
      <trkpt lat="34.34237499721348" lon="-119.41584368236363">
        <ele>5.82</ele>
      </trkpt>
      <trkpt lat="34.34221029281616" lon="-119.41567897796631">
        <ele>5.88</ele>
      </trkpt>
      <trkpt lat="34.341974426060915" lon="-119.41543523222208">
        <ele>5.96</ele>
      </trkpt>
      <trkpt lat="34.34173855930567" lon="-119.41519157029688">
        <ele>6.03</ele>
      </trkpt>
      <trkpt lat="34.34150269255042" lon="-119.41494790837169">
        <ele>6.08</ele>
      </trkpt>
      <trkpt lat="34.341266825795174" lon="-119.41470424644649">
        <ele>6.17</ele>
      </trkpt>
      <trkpt lat="34.34103095903993" lon="-119.4144605845213">
        <ele>6.27</ele>
      </trkpt>
      <trkpt lat="34.34079509228468" lon="-119.4142169225961">
        <ele>6.38</ele>
      </trkpt>
      <trkpt lat="34.34055922552943" lon="-119.4139732606709">
        <ele>6.49</ele>
      </trkpt>
      <trkpt lat="34.340323358774185" lon="-119.41372968256474">
        <ele>6.6</ele>
      </trkpt>
      <trkpt lat="34.34008749201894" lon="-119.41348602063954">
        <ele>6.7</ele>
      </trkpt>
      <trkpt lat="34.33985170908272" lon="-119.41324235871434">
        <ele>6.85</ele>
      </trkpt>
      <trkpt lat="34.339613914489746" lon="-119.41299676895142">
        <ele>6.99</ele>
      </trkpt>
      <trkpt lat="34.33941777795553" lon="-119.41276383586228">
        <ele>7.14</ele>
      </trkpt>
      <trkpt lat="34.33922164142132" lon="-119.41253098659217">
        <ele>7.26</ele>
      </trkpt>
      <trkpt lat="34.339025588706136" lon="-119.41229813732207">
        <ele>7.36</ele>
      </trkpt>
      <trkpt lat="34.33882945217192" lon="-119.41206520423293">
        <ele>7.47</ele>
      </trkpt>
      <trkpt lat="34.33863339945674" lon="-119.41183235496283">
        <ele>7.56</ele>
      </trkpt>
      <trkpt lat="34.338437262922525" lon="-119.41159950569272">
        <ele>7.66</ele>
      </trkpt>
      <trkpt lat="34.33824062347412" lon="-119.41136598587036">
        <ele>7.74</ele>
      </trkpt>
      <trkpt lat="34.33807969093323" lon="-119.41113523207605">
        <ele>7.78</ele>
      </trkpt>
      <trkpt lat="34.337918758392334" lon="-119.41090456210077">
        <ele>7.86</ele>
      </trkpt>
      <trkpt lat="34.33775782585144" lon="-119.41067389212549">
        <ele>7.92</ele>
      </trkpt>
      <trkpt lat="34.33759689331055" lon="-119.41044330596924">
        <ele>7.98</ele>
      </trkpt>
      <trkpt lat="34.33741223998368" lon="-119.4101427309215">
        <ele>8.03</ele>
      </trkpt>
      <trkpt lat="34.33722767047584" lon="-119.40984223969281">
        <ele>8.06</ele>
      </trkpt>
      <trkpt lat="34.337043100968" lon="-119.40954174846411">
        <ele>8.05</ele>
      </trkpt>
      <trkpt lat="34.336858531460166" lon="-119.40924125723541">
        <ele>8.06</ele>
      </trkpt>
      <trkpt lat="34.336674213409424" lon="-119.4089412689209">
        <ele>8.04</ele>
      </trkpt>
      <trkpt lat="34.336489560082555" lon="-119.40864848904312">
        <ele>8.09</ele>
      </trkpt>
      <trkpt lat="34.33630499057472" lon="-119.40835570916533">
        <ele>8.1</ele>
      </trkpt>
      <trkpt lat="34.33612042106688" lon="-119.40806292928755">
        <ele>8.07</ele>
      </trkpt>
      <trkpt lat="34.33593585155904" lon="-119.40777014940977">
        <ele>8.02</ele>
      </trkpt>
      <trkpt lat="34.335751282051206" lon="-119.40747736953199">
        <ele>7.98</ele>
      </trkpt>
      <trkpt lat="34.33556671254337" lon="-119.40718467347324">
        <ele>7.91</ele>
      </trkpt>
      <trkpt lat="34.33538214303553" lon="-119.40689189359546">
        <ele>7.88</ele>
      </trkpt>
      <trkpt lat="34.335197573527694" lon="-119.40659911371768">
        <ele>7.84</ele>
      </trkpt>
      <trkpt lat="34.33501300401986" lon="-119.4063063338399">
        <ele>7.81</ele>
      </trkpt>
      <trkpt lat="34.33482843451202" lon="-119.40601355396211">
        <ele>7.76</ele>
      </trkpt>
      <trkpt lat="34.33464386500418" lon="-119.40572085790336">
        <ele>7.68</ele>
      </trkpt>
      <trkpt lat="34.334459295496345" lon="-119.40542807802558">
        <ele>7.63</ele>
      </trkpt>
      <trkpt lat="34.33427472598851" lon="-119.4051352981478">
        <ele>7.59</ele>
      </trkpt>
      <trkpt lat="34.33409015648067" lon="-119.40484251827002">
        <ele>7.52</ele>
      </trkpt>
      <trkpt lat="34.33390558697283" lon="-119.40454982221127">
        <ele>7.47</ele>
      </trkpt>
      <trkpt lat="34.333721017464995" lon="-119.40425704233348">
        <ele>7.43</ele>
      </trkpt>
      <trkpt lat="34.33353644795716" lon="-119.4039642624557">
        <ele>7.4</ele>
      </trkpt>
      <trkpt lat="34.33335187844932" lon="-119.40367148257792">
        <ele>7.37</ele>
      </trkpt>
      <trkpt lat="34.33316730894148" lon="-119.40337878651917">
        <ele>7.35</ele>
      </trkpt>
      <trkpt lat="34.332982739433646" lon="-119.40308600664139">
        <ele>7.33</ele>
      </trkpt>
      <trkpt lat="34.33279816992581" lon="-119.4027932267636">
        <ele>7.25</ele>
      </trkpt>
      <trkpt lat="34.33261360041797" lon="-119.40250053070486">
        <ele>7.15</ele>
      </trkpt>
      <trkpt lat="34.332429030910134" lon="-119.40220775082707">
        <ele>7.14</ele>
      </trkpt>
      <trkpt lat="34.3322444614023" lon="-119.40191497094929">
        <ele>7.15</ele>
      </trkpt>
      <trkpt lat="34.33206081390381" lon="-119.40162420272827">
        <ele>7.16</ele>
      </trkpt>
      <trkpt lat="34.331910610198975" lon="-119.40140962600708">
        <ele>7.14</ele>
      </trkpt>
      <trkpt lat="34.33176040649414" lon="-119.40119504928589">
        <ele>7.13</ele>
      </trkpt>
      <trkpt lat="34.33158874511719" lon="-119.40098768100142">
        <ele>7.05</ele>
      </trkpt>
      <trkpt lat="34.331417167559266" lon="-119.40078031271696">
        <ele>7.08</ele>
      </trkpt>
      <trkpt lat="34.33124542236328" lon="-119.40057277679443">
        <ele>7.06</ele>
      </trkpt>
      <trkpt lat="34.33103637769818" lon="-119.40039055421948">
        <ele>7.03</ele>
      </trkpt>
      <trkpt lat="34.33082741685212" lon="-119.40020833164454">
        <ele>6.95</ele>
      </trkpt>
      <trkpt lat="34.33061845600605" lon="-119.40002619288862">
        <ele>6.88</ele>
      </trkpt>
      <trkpt lat="34.330408573150635" lon="-119.39984321594238">
        <ele>6.82</ele>
      </trkpt>
      <trkpt lat="34.330155942589045" lon="-119.39963651821017">
        <ele>6.77</ele>
      </trkpt>
      <trkpt lat="34.329903395846486" lon="-119.39942982047796">
        <ele>6.72</ele>
      </trkpt>
      <trkpt lat="34.329650765284896" lon="-119.39922320656478">
        <ele>6.7</ele>
      </trkpt>
      <trkpt lat="34.32939821854234" lon="-119.39901650883257">
        <ele>6.68</ele>
      </trkpt>
      <trkpt lat="34.32914567179978" lon="-119.39880981110036">
        <ele>6.65</ele>
      </trkpt>
      <trkpt lat="34.32889304123819" lon="-119.39860319718719">
        <ele>6.65</ele>
      </trkpt>
      <trkpt lat="34.32864049449563" lon="-119.39839649945498">
        <ele>6.66</ele>
      </trkpt>
      <trkpt lat="34.32838786393404" lon="-119.3981898855418">
        <ele>6.65</ele>
      </trkpt>
      <trkpt lat="34.32813531719148" lon="-119.39798318780959">
        <ele>6.65</ele>
      </trkpt>
      <trkpt lat="34.32788277044892" lon="-119.39777657389641">
        <ele>6.69</ele>
      </trkpt>
      <trkpt lat="34.32763013988733" lon="-119.3975698761642">
        <ele>6.74</ele>
      </trkpt>
      <trkpt lat="34.327377593144774" lon="-119.39736326225102">
        <ele>6.77</ele>
      </trkpt>
      <trkpt lat="34.327124962583184" lon="-119.39715656451881">
        <ele>6.82</ele>
      </trkpt>
      <trkpt lat="34.32686805725098" lon="-119.3969464302063">
        <ele>6.87</ele>
      </trkpt>
      <trkpt lat="34.32661006227136" lon="-119.3967461027205">
        <ele>6.96</ele>
      </trkpt>
      <trkpt lat="34.32635206729174" lon="-119.3965457752347">
        <ele>7.04</ele>
      </trkpt>
      <trkpt lat="34.32609407231212" lon="-119.39634553156793">
        <ele>7.13</ele>
      </trkpt>
      <trkpt lat="34.32583616115153" lon="-119.39614520408213">
        <ele>7.23</ele>
      </trkpt>
      <trkpt lat="34.32557816617191" lon="-119.39594496041536">
        <ele>7.34</ele>
      </trkpt>
      <trkpt lat="34.32532017119229" lon="-119.39574463292956">
        <ele>7.46</ele>
      </trkpt>
      <trkpt lat="34.3250622600317" lon="-119.39554430544376">
        <ele>7.59</ele>
      </trkpt>
      <trkpt lat="34.32480426505208" lon="-119.395344061777">
        <ele>7.67</ele>
      </trkpt>
      <trkpt lat="34.32454627007246" lon="-119.3951437342912">
        <ele>7.78</ele>
      </trkpt>
      <trkpt lat="34.32428835891187" lon="-119.39494349062443">
        <ele>7.87</ele>
      </trkpt>
      <trkpt lat="34.32403036393225" lon="-119.39474316313863">
        <ele>8.0</ele>
      </trkpt>
      <trkpt lat="34.32377236895263" lon="-119.39454291947186">
        <ele>8.11</ele>
      </trkpt>
      <trkpt lat="34.32351437397301" lon="-119.39434259198606">
        <ele>8.24</ele>
      </trkpt>
      <trkpt lat="34.323256462812424" lon="-119.39414234831929">
        <ele>8.4</ele>
      </trkpt>
      <trkpt lat="34.322998467832804" lon="-119.39394202083349">
        <ele>8.53</ele>
      </trkpt>
      <trkpt lat="34.322740472853184" lon="-119.39374177716672">
        <ele>8.6</ele>
      </trkpt>
      <trkpt lat="34.322482561692595" lon="-119.39354144968092">
        <ele>8.73</ele>
      </trkpt>
      <trkpt lat="34.322224566712976" lon="-119.39334120601416">
        <ele>8.82</ele>
      </trkpt>
      <trkpt lat="34.321966571733356" lon="-119.39314087852836">
        <ele>8.97</ele>
      </trkpt>
      <trkpt lat="34.32170866057277" lon="-119.39294063486159">
        <ele>9.1</ele>
      </trkpt>
      <trkpt lat="34.32145066559315" lon="-119.39274030737579">
        <ele>9.24</ele>
      </trkpt>
      <trkpt lat="34.32119267061353" lon="-119.39254006370902">
        <ele>9.31</ele>
      </trkpt>
      <trkpt lat="34.32093475945294" lon="-119.39233973622322">
        <ele>9.4</ele>
      </trkpt>
      <trkpt lat="34.32067676447332" lon="-119.39213949255645">
        <ele>9.5</ele>
      </trkpt>
      <trkpt lat="34.3204187694937" lon="-119.39193916507065">
        <ele>9.56</ele>
      </trkpt>
      <trkpt lat="34.320151805877686" lon="-119.39173221588135">
        <ele>9.61</ele>
      </trkpt>
      <trkpt lat="34.31994452141225" lon="-119.39152493141592">
        <ele>9.7</ele>
      </trkpt>
      <trkpt lat="34.31973723694682" lon="-119.39131764695048">
        <ele>9.71</ele>
      </trkpt>
      <trkpt lat="34.31952953338623" lon="-119.39110994338989">
        <ele>9.72</ele>
      </trkpt>
      <trkpt lat="34.319411516189575" lon="-119.390949010849">
        <ele>9.77</ele>
      </trkpt>
      <trkpt lat="34.31929349899292" lon="-119.3907880783081">
        <ele>9.79</ele>
      </trkpt>
      <trkpt lat="34.31913239881396" lon="-119.39048750326037">
        <ele>9.87</ele>
      </trkpt>
      <trkpt lat="34.31897163391113" lon="-119.39018726348877">
        <ele>9.88</ele>
      </trkpt>
      <trkpt lat="34.31888563558459" lon="-119.38995089381933">
        <ele>9.89</ele>
      </trkpt>
      <trkpt lat="34.31879997253418" lon="-119.38971519470215">
        <ele>9.87</ele>
      </trkpt>
      <trkpt lat="34.31873543187976" lon="-119.3894465547055">
        <ele>9.81</ele>
      </trkpt>
      <trkpt lat="34.318671226501465" lon="-119.38917875289917">
        <ele>9.74</ele>
      </trkpt>
      <trkpt lat="34.31864256039262" lon="-119.38890642486513">
        <ele>9.66</ele>
      </trkpt>
      <trkpt lat="34.31861389428377" lon="-119.38863409683108">
        <ele>9.57</ele>
      </trkpt>
      <trkpt lat="34.31858539581299" lon="-119.38836336135864">
        <ele>9.46</ele>
      </trkpt>
      <trkpt lat="34.31859612464905" lon="-119.3880408257246">
        <ele>9.34</ele>
      </trkpt>
      <trkpt lat="34.31860685348511" lon="-119.38771963119507">
        <ele>9.21</ele>
      </trkpt>
      <trkpt lat="34.31864985264838" lon="-119.38746163621545">
        <ele>9.1</ele>
      </trkpt>
      <trkpt lat="34.318692767992616" lon="-119.38720464706421">
        <ele>8.94</ele>
      </trkpt>
      <trkpt lat="34.318778682500124" lon="-119.38685646280646">
        <ele>8.78</ele>
      </trkpt>
      <trkpt lat="34.31886459700763" lon="-119.38650827854872">
        <ele>8.62</ele>
      </trkpt>
      <trkpt lat="34.31895059533417" lon="-119.38616017811">
        <ele>8.5</ele>
      </trkpt>
      <trkpt lat="34.31903650984168" lon="-119.38581199385226">
        <ele>8.37</ele>
      </trkpt>
      <trkpt lat="34.31912183761597" lon="-119.38546657562256">
        <ele>8.21</ele>
      </trkpt>
      <trkpt lat="34.319210182875395" lon="-119.38513699918985">
        <ele>8.09</ele>
      </trkpt>
      <trkpt lat="34.31929852813482" lon="-119.38480750657618">
        <ele>7.94</ele>
      </trkpt>
      <trkpt lat="34.31938687339425" lon="-119.38447801396251">
        <ele>7.8</ele>
      </trkpt>
      <trkpt lat="34.31947521865368" lon="-119.38414852134883">
        <ele>7.67</ele>
      </trkpt>
      <trkpt lat="34.31956356391311" lon="-119.38381902873516">
        <ele>7.5</ele>
      </trkpt>
      <trkpt lat="34.319651909172535" lon="-119.38348953612149">
        <ele>7.35</ele>
      </trkpt>
      <trkpt lat="34.31974025443196" lon="-119.38316004350781">
        <ele>7.26</ele>
      </trkpt>
      <trkpt lat="34.31982859969139" lon="-119.38283055089414">
        <ele>7.15</ele>
      </trkpt>
      <trkpt lat="34.319915771484375" lon="-119.38250541687012">
        <ele>7.05</ele>
      </trkpt>
      <trkpt lat="34.319969499483705" lon="-119.38232269138098">
        <ele>6.96</ele>
      </trkpt>
      <trkpt lat="34.320023143664" lon="-119.38214063644409">
        <ele>6.88</ele>
      </trkpt>
      <trkpt lat="34.32011769153178" lon="-119.38179035671055">
        <ele>6.83</ele>
      </trkpt>
      <trkpt lat="34.32021223939955" lon="-119.38144007697701">
        <ele>6.78</ele>
      </trkpt>
      <trkpt lat="34.32030678726733" lon="-119.38108979724348">
        <ele>6.71</ele>
      </trkpt>
      <trkpt lat="34.3204013351351" lon="-119.38073951750994">
        <ele>6.62</ele>
      </trkpt>
      <trkpt lat="34.32049588300288" lon="-119.3803892377764">
        <ele>6.58</ele>
      </trkpt>
      <trkpt lat="34.32059043087065" lon="-119.38003895804286">
        <ele>6.51</ele>
      </trkpt>
      <trkpt lat="34.32068497873843" lon="-119.37968876212835">
        <ele>6.46</ele>
      </trkpt>
      <trkpt lat="34.3207795266062" lon="-119.37933848239481">
        <ele>6.39</ele>
      </trkpt>
      <trkpt lat="34.32087407447398" lon="-119.37898820266128">
        <ele>6.36</ele>
      </trkpt>
      <trkpt lat="34.320967281237245" lon="-119.37864303588867">
        <ele>6.36</ele>
      </trkpt>
      <trkpt lat="34.32101019658148" lon="-119.37842804007232">
        <ele>6.36</ele>
      </trkpt>
      <trkpt lat="34.32105302810669" lon="-119.37821388244629">
        <ele>6.37</ele>
      </trkpt>
      <trkpt lat="34.32105311192572" lon="-119.37821388244629">
        <ele>6.33</ele>
      </trkpt>
      <trkpt lat="34.32111748494208" lon="-119.37789863906801">
        <ele>6.4</ele>
      </trkpt>
      <trkpt lat="34.32118194177747" lon="-119.37758339568973">
        <ele>6.37</ele>
      </trkpt>
      <trkpt lat="34.32124614715576" lon="-119.37726974487305">
        <ele>6.26</ele>
      </trkpt>
      <trkpt lat="34.3212890625" lon="-119.37696875073016">
        <ele>6.09</ele>
      </trkpt>
      <trkpt lat="34.32133197784424" lon="-119.37666893005371">
        <ele>5.94</ele>
      </trkpt>
      <trkpt lat="34.32135343551636" lon="-119.37632493674755">
        <ele>5.82</ele>
      </trkpt>
      <trkpt lat="34.32137489318848" lon="-119.3759822845459">
        <ele>5.72</ele>
      </trkpt>
      <trkpt lat="34.32137489318848" lon="-119.37563829123974">
        <ele>5.65</ele>
      </trkpt>
      <trkpt lat="34.32137489318848" lon="-119.37529563903809">
        <ele>5.64</ele>
      </trkpt>
      <trkpt lat="34.321353351697326" lon="-119.3749946448952">
        <ele>5.63</ele>
      </trkpt>
      <trkpt lat="34.32133197784424" lon="-119.37469482421875">
        <ele>5.6</ele>
      </trkpt>
      <trkpt lat="34.321296103298664" lon="-119.37437949702144">
        <ele>5.58</ele>
      </trkpt>
      <trkpt lat="34.32126031257212" lon="-119.37406416982412">
        <ele>5.51</ele>
      </trkpt>
      <trkpt lat="34.32122468948364" lon="-119.37375068664551">
        <ele>5.45</ele>
      </trkpt>
      <trkpt lat="34.32116014882922" lon="-119.37340677715838">
        <ele>5.37</ele>
      </trkpt>
      <trkpt lat="34.32109594345093" lon="-119.3730640411377">
        <ele>5.33</ele>
      </trkpt>
      <trkpt lat="34.32102067396045" lon="-119.3727738596499">
        <ele>5.26</ele>
      </trkpt>
      <trkpt lat="34.320945739746094" lon="-119.37248468399048">
        <ele>5.19</ele>
      </trkpt>
      <trkpt lat="34.32083115912974" lon="-119.37218394130468">
        <ele>5.14</ele>
      </trkpt>
      <trkpt lat="34.320716578513384" lon="-119.37188319861889">
        <ele>5.06</ele>
      </trkpt>
      <trkpt lat="34.32060241699219" lon="-119.37158346176147">
        <ele>5.02</ele>
      </trkpt>
      <trkpt lat="34.320480627939105" lon="-119.3712970521301">
        <ele>4.98</ele>
      </trkpt>
      <trkpt lat="34.320358922705054" lon="-119.37101064249873">
        <ele>4.97</ele>
      </trkpt>
      <trkpt lat="34.32023763656616" lon="-119.37072515487671">
        <ele>4.92</ele>
      </trkpt>
      <trkpt lat="34.320067232474685" lon="-119.37043128535151">
        <ele>4.88</ele>
      </trkpt>
      <trkpt lat="34.31989682838321" lon="-119.37013741582632">
        <ele>4.85</ele>
      </trkpt>
      <trkpt lat="34.31972642429173" lon="-119.36984363012016">
        <ele>4.82</ele>
      </trkpt>
      <trkpt lat="34.31955602020025" lon="-119.36954976059496">
        <ele>4.79</ele>
      </trkpt>
      <trkpt lat="34.31938569992781" lon="-119.3692559748888">
        <ele>4.77</ele>
      </trkpt>
      <trkpt lat="34.31921529583633" lon="-119.36896210536361">
        <ele>4.78</ele>
      </trkpt>
      <trkpt lat="34.31904489174485" lon="-119.36866831965744">
        <ele>4.79</ele>
      </trkpt>
      <trkpt lat="34.318874487653375" lon="-119.36837453395128">
        <ele>4.81</ele>
      </trkpt>
      <trkpt lat="34.31870416738093" lon="-119.36808066442609">
        <ele>4.85</ele>
      </trkpt>
      <trkpt lat="34.31853376328945" lon="-119.36778687871993">
        <ele>4.9</ele>
      </trkpt>
      <trkpt lat="34.318363359197974" lon="-119.36749300919473">
        <ele>4.93</ele>
      </trkpt>
      <trkpt lat="34.3181929551065" lon="-119.36719922348857">
        <ele>4.97</ele>
      </trkpt>
      <trkpt lat="34.31802263483405" lon="-119.36690535396338">
        <ele>5.04</ele>
      </trkpt>
      <trkpt lat="34.317852230742574" lon="-119.36661156825721">
        <ele>5.1</ele>
      </trkpt>
      <trkpt lat="34.317681826651096" lon="-119.36631769873202">
        <ele>5.15</ele>
      </trkpt>
      <trkpt lat="34.31751251220703" lon="-119.36602592468262">
        <ele>5.23</ele>
      </trkpt>
      <trkpt lat="34.31751259602606" lon="-119.36602592468262">
        <ele>5.3</ele>
      </trkpt>
      <trkpt lat="34.31734940037131" lon="-119.36577689833939">
        <ele>5.37</ele>
      </trkpt>
      <trkpt lat="34.317186288535595" lon="-119.3655279558152">
        <ele>5.42</ele>
      </trkpt>
      <trkpt lat="34.31702317669988" lon="-119.365279013291">
        <ele>5.51</ele>
      </trkpt>
      <trkpt lat="34.31686006486416" lon="-119.3650300707668">
        <ele>5.6</ele>
      </trkpt>
      <trkpt lat="34.316697120666504" lon="-119.3647813796997">
        <ele>5.73</ele>
      </trkpt>
      <trkpt lat="34.3164986371994" lon="-119.36451315879822">
        <ele>5.82</ele>
      </trkpt>
      <trkpt lat="34.3163001537323" lon="-119.36424493789673">
        <ele>5.88</ele>
      </trkpt>
      <trkpt lat="34.3161016702652" lon="-119.36397680081427">
        <ele>5.97</ele>
      </trkpt>
      <trkpt lat="34.315903186798096" lon="-119.36370849609375">
        <ele>6.06</ele>
      </trkpt>
      <trkpt lat="34.31590327061713" lon="-119.36370849609375">
        <ele>6.13</ele>
      </trkpt>
      <trkpt lat="34.31569682434201" lon="-119.36343566514552">
        <ele>6.16</ele>
      </trkpt>
      <trkpt lat="34.31549046188593" lon="-119.36316291801631">
        <ele>6.24</ele>
      </trkpt>
      <trkpt lat="34.315284099429846" lon="-119.36289008706808">
        <ele>6.31</ele>
      </trkpt>
      <trkpt lat="34.31507773697376" lon="-119.36261733993888">
        <ele>6.37</ele>
      </trkpt>
      <trkpt lat="34.31487137451768" lon="-119.36234450899065">
        <ele>6.41</ele>
      </trkpt>
      <trkpt lat="34.314665012061596" lon="-119.36207176186144">
        <ele>6.5</ele>
      </trkpt>
      <trkpt lat="34.31445864960551" lon="-119.36179893091321">
        <ele>6.57</ele>
      </trkpt>
      <trkpt lat="34.31425228714943" lon="-119.36152618378401">
        <ele>6.63</ele>
      </trkpt>
      <trkpt lat="34.314045924693346" lon="-119.3612534366548">
        <ele>6.66</ele>
      </trkpt>
      <trkpt lat="34.31383956223726" lon="-119.36098060570657">
        <ele>6.7</ele>
      </trkpt>
      <trkpt lat="34.31363319978118" lon="-119.36070785857737">
        <ele>6.72</ele>
      </trkpt>
      <trkpt lat="34.313426837325096" lon="-119.36043511144817">
        <ele>6.8</ele>
      </trkpt>
      <trkpt lat="34.31322047486901" lon="-119.36016228049994">
        <ele>6.87</ele>
      </trkpt>
      <trkpt lat="34.31301411241293" lon="-119.35988953337073">
        <ele>6.95</ele>
      </trkpt>
      <trkpt lat="34.312807749956846" lon="-119.3596167024225">
        <ele>7.03</ele>
      </trkpt>
      <trkpt lat="34.31260138750076" lon="-119.3593439552933">
        <ele>7.11</ele>
      </trkpt>
      <trkpt lat="34.31239502504468" lon="-119.3590712081641">
        <ele>7.19</ele>
      </trkpt>
      <trkpt lat="34.312188662588596" lon="-119.35879837721586">
        <ele>7.25</ele>
      </trkpt>
      <trkpt lat="34.31198230013251" lon="-119.35852563008666">
        <ele>7.34</ele>
      </trkpt>
      <trkpt lat="34.31177593767643" lon="-119.35825288295746">
        <ele>7.42</ele>
      </trkpt>
      <trkpt lat="34.31156873703003" lon="-119.35797929763794">
        <ele>7.59</ele>
      </trkpt>
      <trkpt lat="34.31156882084906" lon="-119.35797929763794">
        <ele>7.67</ele>
      </trkpt>
      <trkpt lat="34.311439990997314" lon="-119.35778617858887">
        <ele>7.83</ele>
      </trkpt>
      <trkpt lat="34.31123421527445" lon="-119.35751225799322">
        <ele>7.91</ele>
      </trkpt>
      <trkpt lat="34.311028523370624" lon="-119.3572384212166">
        <ele>7.95</ele>
      </trkpt>
      <trkpt lat="34.310822831466794" lon="-119.35696450062096">
        <ele>7.98</ele>
      </trkpt>
      <trkpt lat="34.310617139562964" lon="-119.35669066384435">
        <ele>8.03</ele>
      </trkpt>
      <trkpt lat="34.310411447659135" lon="-119.35641682706773">
        <ele>8.13</ele>
      </trkpt>
      <trkpt lat="34.310205755755305" lon="-119.35614290647209">
        <ele>8.24</ele>
      </trkpt>
      <trkpt lat="34.310000063851476" lon="-119.35586906969547">
        <ele>8.34</ele>
      </trkpt>
      <trkpt lat="34.309794288128614" lon="-119.35559523291886">
        <ele>8.44</ele>
      </trkpt>
      <trkpt lat="34.309588596224785" lon="-119.35532131232321">
        <ele>8.57</ele>
      </trkpt>
      <trkpt lat="34.309382904320955" lon="-119.3550474755466">
        <ele>8.72</ele>
      </trkpt>
      <trkpt lat="34.309177212417126" lon="-119.35477363876998">
        <ele>8.85</ele>
      </trkpt>
      <trkpt lat="34.308971520513296" lon="-119.35449980199337">
        <ele>8.98</ele>
      </trkpt>
      <trkpt lat="34.30876582860947" lon="-119.35422588139772">
        <ele>9.16</ele>
      </trkpt>
      <trkpt lat="34.30856013670564" lon="-119.35395204462111">
        <ele>9.32</ele>
      </trkpt>
      <trkpt lat="34.308354360982776" lon="-119.3536782078445">
        <ele>9.45</ele>
      </trkpt>
      <trkpt lat="34.308148669078946" lon="-119.35340428724885">
        <ele>9.62</ele>
      </trkpt>
      <trkpt lat="34.307942390441895" lon="-119.35312986373901">
        <ele>9.76</ele>
      </trkpt>
      <trkpt lat="34.3077211920172" lon="-119.35286038555205">
        <ele>9.89</ele>
      </trkpt>
      <trkpt lat="34.3074999935925" lon="-119.35259090736508">
        <ele>10.08</ele>
      </trkpt>
      <trkpt lat="34.307278795167804" lon="-119.35232142917812">
        <ele>10.29</ele>
      </trkpt>
      <trkpt lat="34.30705759674311" lon="-119.35205195099115">
        <ele>10.47</ele>
      </trkpt>
      <trkpt lat="34.30683639831841" lon="-119.35178247280419">
        <ele>10.59</ele>
      </trkpt>
      <trkpt lat="34.30661519989371" lon="-119.35151299461722">
        <ele>10.65</ele>
      </trkpt>
      <trkpt lat="34.306394001469016" lon="-119.35124351643026">
        <ele>10.75</ele>
      </trkpt>
      <trkpt lat="34.30617280304432" lon="-119.3509740382433">
        <ele>10.77</ele>
      </trkpt>
      <trkpt lat="34.30595160461962" lon="-119.35070456005633">
        <ele>10.72</ele>
      </trkpt>
      <trkpt lat="34.305730406194925" lon="-119.35043508186936">
        <ele>10.62</ele>
      </trkpt>
      <trkpt lat="34.30550920777023" lon="-119.3501656036824">
        <ele>10.61</ele>
      </trkpt>
      <trkpt lat="34.30528800934553" lon="-119.34989620931447">
        <ele>10.49</ele>
      </trkpt>
      <trkpt lat="34.305066810920835" lon="-119.3496267311275">
        <ele>10.24</ele>
      </trkpt>
      <trkpt lat="34.30484561249614" lon="-119.34935725294054">
        <ele>10.0</ele>
      </trkpt>
      <trkpt lat="34.30462441407144" lon="-119.34908777475357">
        <ele>9.81</ele>
      </trkpt>
      <trkpt lat="34.304401874542236" lon="-119.34881687164307">
        <ele>9.61</ele>
      </trkpt>
      <trkpt lat="34.304214203730226" lon="-119.34861310757697">
        <ele>9.41</ele>
      </trkpt>
      <trkpt lat="34.304026532918215" lon="-119.3484094273299">
        <ele>9.25</ele>
      </trkpt>
      <trkpt lat="34.303838945925236" lon="-119.3482056632638">
        <ele>9.07</ele>
      </trkpt>
      <trkpt lat="34.303650856018066" lon="-119.34800148010254">
        <ele>8.9</ele>
      </trkpt>
      <trkpt lat="34.30342571809888" lon="-119.34777273796499">
        <ele>8.73</ele>
      </trkpt>
      <trkpt lat="34.30320058017969" lon="-119.34754399582744">
        <ele>8.43</ele>
      </trkpt>
      <trkpt lat="34.302975442260504" lon="-119.34731533750892">
        <ele>8.01</ele>
      </trkpt>
      <trkpt lat="34.302750304341316" lon="-119.34708659537137">
        <ele>7.69</ele>
      </trkpt>
      <trkpt lat="34.30252516642213" lon="-119.34685793705285">
        <ele>7.4</ele>
      </trkpt>
      <trkpt lat="34.30229902267456" lon="-119.34662818908691">
        <ele>7.16</ele>
      </trkpt>
      <trkpt lat="34.30208461359143" lon="-119.34644060209394">
        <ele>6.89</ele>
      </trkpt>
      <trkpt lat="34.301870288327336" lon="-119.34625301510096">
        <ele>6.6</ele>
      </trkpt>
      <trkpt lat="34.30165596306324" lon="-119.34606551192701">
        <ele>6.38</ele>
      </trkpt>
      <trkpt lat="34.301440715789795" lon="-119.34587717056274">
        <ele>6.12</ele>
      </trkpt>
      <trkpt lat="34.30119420401752" lon="-119.34566812589765">
        <ele>5.91</ele>
      </trkpt>
      <trkpt lat="34.300947692245245" lon="-119.34545916505158">
        <ele>5.68</ele>
      </trkpt>
      <trkpt lat="34.300701264292" lon="-119.34525020420551">
        <ele>5.47</ele>
      </trkpt>
      <trkpt lat="34.300453662872314" lon="-119.3450403213501">
        <ele>5.27</ele>
      </trkpt>
      <trkpt lat="34.300197595730424" lon="-119.34483613818884">
        <ele>5.12</ele>
      </trkpt>
      <trkpt lat="34.29994152858853" lon="-119.34463195502758">
        <ele>4.96</ele>
      </trkpt>
      <trkpt lat="34.299685545265675" lon="-119.34442777186632">
        <ele>4.84</ele>
      </trkpt>
      <trkpt lat="34.299429478123784" lon="-119.3442236725241">
        <ele>4.71</ele>
      </trkpt>
      <trkpt lat="34.299173494800925" lon="-119.34401948936284">
        <ele>4.59</ele>
      </trkpt>
      <trkpt lat="34.298917427659035" lon="-119.34381530620158">
        <ele>4.54</ele>
      </trkpt>
      <trkpt lat="34.298661444336176" lon="-119.34361120685935">
        <ele>4.48</ele>
      </trkpt>
      <trkpt lat="34.298405377194285" lon="-119.34340702369809">
        <ele>4.52</ele>
      </trkpt>
      <trkpt lat="34.298149310052395" lon="-119.34320284053683">
        <ele>4.46</ele>
      </trkpt>
      <trkpt lat="34.297893326729536" lon="-119.34299865737557">
        <ele>4.42</ele>
      </trkpt>
      <trkpt lat="34.297637259587646" lon="-119.34279455803335">
        <ele>4.45</ele>
      </trkpt>
      <trkpt lat="34.29738127626479" lon="-119.34259037487209">
        <ele>4.45</ele>
      </trkpt>
      <trkpt lat="34.297125209122896" lon="-119.34238627552986">
        <ele>4.51</ele>
      </trkpt>
      <trkpt lat="34.29686922580004" lon="-119.3421820923686">
        <ele>4.56</ele>
      </trkpt>
      <trkpt lat="34.29661315865815" lon="-119.34197790920734">
        <ele>4.61</ele>
      </trkpt>
      <trkpt lat="34.29635717533529" lon="-119.34177380986512">
        <ele>4.69</ele>
      </trkpt>
      <trkpt lat="34.2961011081934" lon="-119.34156962670386">
        <ele>4.8</ele>
      </trkpt>
      <trkpt lat="34.29584504105151" lon="-119.3413654435426">
        <ele>4.96</ele>
      </trkpt>
      <trkpt lat="34.29558277130127" lon="-119.34115648269653">
        <ele>5.13</ele>
      </trkpt>
      <trkpt lat="34.29540063254535" lon="-119.34102790430188">
        <ele>5.35</ele>
      </trkpt>
      <trkpt lat="34.295217990875244" lon="-119.3408989906311">
        <ele>5.54</ele>
      </trkpt>
      <trkpt lat="34.29498773999512" lon="-119.34077577665448">
        <ele>5.74</ele>
      </trkpt>
      <trkpt lat="34.294757489115" lon="-119.34065264649689">
        <ele>5.94</ele>
      </trkpt>
      <trkpt lat="34.29452723823488" lon="-119.3405295163393">
        <ele>6.2</ele>
      </trkpt>
      <trkpt lat="34.29429531097412" lon="-119.34040546417236">
        <ele>6.43</ele>
      </trkpt>
      <trkpt lat="34.29403781890869" lon="-119.34021234512329">
        <ele>6.73</ele>
      </trkpt>
      <trkpt lat="34.29385199211538" lon="-119.3400479760021">
        <ele>7.02</ele>
      </trkpt>
      <trkpt lat="34.2936662491411" lon="-119.3398836068809">
        <ele>7.34</ele>
      </trkpt>
      <trkpt lat="34.293479919433594" lon="-119.33971881866455">
        <ele>7.65</ele>
      </trkpt>
      <trkpt lat="34.29329392500222" lon="-119.33947565965354">
        <ele>8.01</ele>
      </trkpt>
      <trkpt lat="34.29310801438987" lon="-119.33923250064254">
        <ele>8.35</ele>
      </trkpt>
      <trkpt lat="34.292922019958496" lon="-119.3389892578125">
        <ele>8.73</ele>
      </trkpt>
      <trkpt lat="34.292778857052326" lon="-119.33874593116343">
        <ele>9.11</ele>
      </trkpt>
      <trkpt lat="34.29263577796519" lon="-119.33850268833339">
        <ele>9.46</ele>
      </trkpt>
      <trkpt lat="34.29249286651611" lon="-119.33825969696045">
        <ele>9.84</ele>
      </trkpt>
      <trkpt lat="34.2923104763031" lon="-119.33800220489502">
        <ele>10.19</ele>
      </trkpt>
      <trkpt lat="34.29212808609009" lon="-119.33774471282959">
        <ele>10.54</ele>
      </trkpt>
      <trkpt lat="34.29189221933484" lon="-119.33750348165631">
        <ele>10.93</ele>
      </trkpt>
      <trkpt lat="34.291656352579594" lon="-119.33726225048304">
        <ele>11.3</ele>
      </trkpt>
      <trkpt lat="34.29142048582435" lon="-119.33702101930976">
        <ele>11.61</ele>
      </trkpt>
      <trkpt lat="34.291183948516846" lon="-119.33677911758423">
        <ele>11.86</ele>
      </trkpt>
      <trkpt lat="34.2910051625222" lon="-119.33655741624534">
        <ele>12.04</ele>
      </trkpt>
      <trkpt lat="34.29082637652755" lon="-119.33633579872549">
        <ele>12.22</ele>
      </trkpt>
      <trkpt lat="34.29064750671387" lon="-119.33611392974854">
        <ele>12.32</ele>
      </trkpt>
      <trkpt lat="34.29048649035394" lon="-119.33586708270013">
        <ele>12.43</ele>
      </trkpt>
      <trkpt lat="34.29032564163208" lon="-119.3356204032898">
        <ele>12.6</ele>
      </trkpt>
      <trkpt lat="34.29028272628784" lon="-119.33566331863403">
        <ele>12.72</ele>
      </trkpt>
      <trkpt lat="34.290186082944274" lon="-119.33549157343805">
        <ele>12.84</ele>
      </trkpt>
      <trkpt lat="34.29008960723877" lon="-119.33531999588013">
        <ele>12.97</ele>
      </trkpt>
      <trkpt lat="34.2898964881897" lon="-119.33510541915894">
        <ele>13.07</ele>
      </trkpt>
      <trkpt lat="34.28975684568286" lon="-119.33482085354626">
        <ele>13.25</ele>
      </trkpt>
      <trkpt lat="34.28961728699505" lon="-119.33453637175262">
        <ele>13.4</ele>
      </trkpt>
      <trkpt lat="34.28947772830725" lon="-119.33425180613995">
        <ele>13.57</ele>
      </trkpt>
      <trkpt lat="34.2893385887146" lon="-119.33396816253662">
        <ele>13.72</ele>
      </trkpt>
      <trkpt lat="34.289212357252836" lon="-119.3336620554328">
        <ele>13.87</ele>
      </trkpt>
      <trkpt lat="34.289086209610105" lon="-119.33335594832897">
        <ele>14.01</ele>
      </trkpt>
      <trkpt lat="34.28895997814834" lon="-119.33304992504418">
        <ele>14.14</ele>
      </trkpt>
      <trkpt lat="34.28883383050561" lon="-119.33274381794035">
        <ele>14.3</ele>
      </trkpt>
      <trkpt lat="34.288707599043846" lon="-119.33243771083653">
        <ele>14.46</ele>
      </trkpt>
      <trkpt lat="34.288581451401114" lon="-119.33213168755174">
        <ele>14.67</ele>
      </trkpt>
      <trkpt lat="34.28845521993935" lon="-119.33182558044791">
        <ele>14.84</ele>
      </trkpt>
      <trkpt lat="34.288330078125" lon="-119.33152198791504">
        <ele>15.05</ele>
      </trkpt>
      <trkpt lat="34.28827635012567" lon="-119.33131780475378">
        <ele>15.3</ele>
      </trkpt>
      <trkpt lat="34.288222789764404" lon="-119.33111429214478">
        <ele>15.52</ele>
      </trkpt>
      <trkpt lat="34.288109969347715" lon="-119.33080810122192">
        <ele>15.8</ele>
      </trkpt>
      <trkpt lat="34.28799714893103" lon="-119.3305019941181">
        <ele>16.04</ele>
      </trkpt>
      <trkpt lat="34.28788441233337" lon="-119.33019588701427">
        <ele>16.21</ele>
      </trkpt>
      <trkpt lat="34.2877721786499" lon="-119.32989120483398">
        <ele>16.41</ele>
      </trkpt>
      <trkpt lat="34.28765181452036" lon="-119.32958610355854">
        <ele>16.58</ele>
      </trkpt>
      <trkpt lat="34.28753153420985" lon="-119.32928108610213">
        <ele>16.87</ele>
      </trkpt>
      <trkpt lat="34.287411253899336" lon="-119.32897606864572">
        <ele>16.98</ele>
      </trkpt>
      <trkpt lat="34.287290973588824" lon="-119.3286710511893">
        <ele>17.23</ele>
      </trkpt>
      <trkpt lat="34.287171363830566" lon="-119.32836771011353">
        <ele>17.41</ele>
      </trkpt>
      <trkpt lat="34.28701386786997" lon="-119.32803838513792">
        <ele>17.64</ele>
      </trkpt>
      <trkpt lat="34.28685637190938" lon="-119.32770914398134">
        <ele>17.82</ele>
      </trkpt>
      <trkpt lat="34.286699295043945" lon="-119.32738065719604">
        <ele>17.99</ele>
      </trkpt>
      <trkpt lat="34.28656560368836" lon="-119.32704890146852">
        <ele>18.09</ele>
      </trkpt>
      <trkpt lat="34.286431996151805" lon="-119.32671714574099">
        <ele>18.37</ele>
      </trkpt>
      <trkpt lat="34.28629830479622" lon="-119.32638539001346">
        <ele>18.39</ele>
      </trkpt>
      <trkpt lat="34.286164697259665" lon="-119.32605363428593">
        <ele>18.47</ele>
      </trkpt>
      <trkpt lat="34.28603108972311" lon="-119.3257218785584">
        <ele>18.51</ele>
      </trkpt>
      <trkpt lat="34.285897398367524" lon="-119.32539012283087">
        <ele>18.72</ele>
      </trkpt>
      <trkpt lat="34.28576379083097" lon="-119.32505836710334">
        <ele>18.8</ele>
      </trkpt>
      <trkpt lat="34.285630099475384" lon="-119.32472661137581">
        <ele>18.78</ele>
      </trkpt>
      <trkpt lat="34.28549649193883" lon="-119.32439485564828">
        <ele>18.63</ele>
      </trkpt>
      <trkpt lat="34.285362884402275" lon="-119.32406309992075">
        <ele>18.58</ele>
      </trkpt>
      <trkpt lat="34.28522919304669" lon="-119.32373134419322">
        <ele>18.56</ele>
      </trkpt>
      <trkpt lat="34.285095585510135" lon="-119.32339958846569">
        <ele>18.35</ele>
      </trkpt>
      <trkpt lat="34.28496189415455" lon="-119.32306783273816">
        <ele>18.21</ele>
      </trkpt>
      <trkpt lat="34.284828286617994" lon="-119.32273607701063">
        <ele>18.06</ele>
      </trkpt>
      <trkpt lat="34.28469467908144" lon="-119.32240440510213">
        <ele>17.64</ele>
      </trkpt>
      <trkpt lat="34.284560987725854" lon="-119.3220726493746">
        <ele>17.09</ele>
      </trkpt>
      <trkpt lat="34.2844273801893" lon="-119.32174089364707">
        <ele>17.02</ele>
      </trkpt>
      <trkpt lat="34.28429611958563" lon="-119.32141542434692">
        <ele>16.6</ele>
      </trkpt>
      <trkpt lat="34.2841459158808" lon="-119.32109355926514">
        <ele>16.16</ele>
      </trkpt>
      <trkpt lat="34.28397945128381" lon="-119.32078761979938">
        <ele>15.7</ele>
      </trkpt>
      <trkpt lat="34.28381307050586" lon="-119.32048168033361">
        <ele>15.25</ele>
      </trkpt>
      <trkpt lat="34.2836466897279" lon="-119.32017574086785">
        <ele>14.75</ele>
      </trkpt>
      <trkpt lat="34.283480728045106" lon="-119.31987047195435">
        <ele>14.3</ele>
      </trkpt>
      <trkpt lat="34.283394729718566" lon="-119.31965564377606">
        <ele>13.88</ele>
      </trkpt>
      <trkpt lat="34.28330898284912" lon="-119.31944131851196">
        <ele>13.44</ele>
      </trkpt>
      <trkpt lat="34.283180236816406" lon="-119.31928038597107">
        <ele>12.97</ele>
      </trkpt>
      <trkpt lat="34.28305149078369" lon="-119.31911945343018">
        <ele>12.56</ele>
      </trkpt>
      <trkpt lat="34.28285837173462" lon="-119.31885659694672">
        <ele>12.16</ele>
      </trkpt>
      <trkpt lat="34.28266533650458" lon="-119.31859374046326">
        <ele>11.72</ele>
      </trkpt>
      <trkpt lat="34.282472217455506" lon="-119.31833096779883">
        <ele>11.31</ele>
      </trkpt>
      <trkpt lat="34.282279098406434" lon="-119.31806802749634">
        <ele>10.9</ele>
      </trkpt>
      <trkpt lat="34.28212881088257" lon="-119.31783199310303">
        <ele>10.51</ele>
      </trkpt>
      <trkpt lat="34.28204298019409" lon="-119.31761741638184">
        <ele>10.15</ele>
      </trkpt>
      <trkpt lat="34.28199998103082" lon="-119.31730569340289">
        <ele>9.83</ele>
      </trkpt>
      <trkpt lat="34.28195723332465" lon="-119.31699514389038">
        <ele>9.47</ele>
      </trkpt>
      <trkpt lat="34.281957149505615" lon="-119.31699514389038">
        <ele>9.16</ele>
      </trkpt>
      <trkpt lat="34.281935608014464" lon="-119.31680160574615">
        <ele>8.86</ele>
      </trkpt>
      <trkpt lat="34.28191423416138" lon="-119.31660890579224">
        <ele>8.57</ele>
      </trkpt>
      <trkpt lat="34.28210735321045" lon="-119.31641578674316">
        <ele>8.34</ele>
      </trkpt>
      <trkpt lat="34.28217172622681" lon="-119.31620121002197">
        <ele>8.07</ele>
      </trkpt>
      <trkpt lat="34.28221472539008" lon="-119.31591094471514">
        <ele>7.83</ele>
      </trkpt>
      <trkpt lat="34.28225772455335" lon="-119.31562076322734">
        <ele>7.59</ele>
      </trkpt>
      <trkpt lat="34.28230072371662" lon="-119.31533058173954">
        <ele>7.37</ele>
      </trkpt>
      <trkpt lat="34.28234347142279" lon="-119.31504249572754">
        <ele>7.17</ele>
      </trkpt>
      <trkpt lat="34.28232192993164" lon="-119.31480646133423">
        <ele>6.98</ele>
      </trkpt>
      <trkpt lat="34.2822359316051" lon="-119.31459163315594">
        <ele>6.8</ele>
      </trkpt>
      <trkpt lat="34.28215026855469" lon="-119.31437730789185">
        <ele>6.63</ele>
      </trkpt>
      <trkpt lat="34.28215026855469" lon="-119.31427001953125">
        <ele>6.5</ele>
      </trkpt>
      <trkpt lat="34.282214641571045" lon="-119.3140983581543">
        <ele>6.38</ele>
      </trkpt>
      <trkpt lat="34.28238638676703" lon="-119.31401252746582">
        <ele>6.28</ele>
      </trkpt>
      <trkpt lat="34.282450675964355" lon="-119.3139910697937">
        <ele>6.19</ele>
      </trkpt>
      <trkpt lat="34.282493591308594" lon="-119.31394815444946">
        <ele>6.11</ele>
      </trkpt>
      <trkpt lat="34.28253650665283" lon="-119.31381940841675">
        <ele>6.04</ele>
      </trkpt>
      <trkpt lat="34.282497027888894" lon="-119.31347901932895">
        <ele>5.96</ele>
      </trkpt>
      <trkpt lat="34.28245763294399" lon="-119.31313863024116">
        <ele>5.89</ele>
      </trkpt>
      <trkpt lat="34.28241823799908" lon="-119.31279824115336">
        <ele>5.83</ele>
      </trkpt>
      <trkpt lat="34.282378843054175" lon="-119.3124579358846">
        <ele>5.78</ele>
      </trkpt>
      <trkpt lat="34.28233944810927" lon="-119.3121175467968">
        <ele>5.75</ele>
      </trkpt>
      <trkpt lat="34.28230047225952" lon="-119.31178092956543">
        <ele>5.72</ele>
      </trkpt>
      <trkpt lat="34.28226283751428" lon="-119.31146384216845">
        <ele>5.7</ele>
      </trkpt>
      <trkpt lat="34.28222520276904" lon="-119.31114675477147">
        <ele>5.69</ele>
      </trkpt>
      <trkpt lat="34.28218765184283" lon="-119.31082966737449">
        <ele>5.68</ele>
      </trkpt>
      <trkpt lat="34.28215035237372" lon="-119.3105149269104">
        <ele>5.68</ele>
      </trkpt>
      <trkpt lat="34.28215026855469" lon="-119.3105149269104">
        <ele>5.69</ele>
      </trkpt>
      <trkpt lat="34.282105257734656" lon="-119.31014947593212">
        <ele>5.66</ele>
      </trkpt>
      <trkpt lat="34.28206033073366" lon="-119.30978402495384">
        <ele>5.73</ele>
      </trkpt>
      <trkpt lat="34.28201540373266" lon="-119.30941857397556">
        <ele>5.75</ele>
      </trkpt>
      <trkpt lat="34.28197047673166" lon="-119.30905312299728">
        <ele>5.78</ele>
      </trkpt>
      <trkpt lat="34.28192554973066" lon="-119.308687672019">
        <ele>5.75</ele>
      </trkpt>
      <trkpt lat="34.28188053891063" lon="-119.30832222104073">
        <ele>5.85</ele>
      </trkpt>
      <trkpt lat="34.28183561190963" lon="-119.30795677006245">
        <ele>6.0</ele>
      </trkpt>
      <trkpt lat="34.28179068490863" lon="-119.3075914029032">
        <ele>6.11</ele>
      </trkpt>
      <trkpt lat="34.28174575790763" lon="-119.30722595192492">
        <ele>6.14</ele>
      </trkpt>
      <trkpt lat="34.28170083090663" lon="-119.30686050094664">
        <ele>6.24</ele>
      </trkpt>
      <trkpt lat="34.28165674209595" lon="-119.30650234222412">
        <ele>6.34</ele>
      </trkpt>
      <trkpt lat="34.28161382675171" lon="-119.30641651153564">
        <ele>6.41</ele>
      </trkpt>
      <trkpt lat="34.28161382675171" lon="-119.30635213851929">
        <ele>6.48</ele>
      </trkpt>
      <trkpt lat="34.281721198931336" lon="-119.30635213851929">
        <ele>6.55</ele>
      </trkpt>
      <trkpt lat="34.28178548812866" lon="-119.30633068084717">
        <ele>6.61</ele>
      </trkpt>
      <trkpt lat="34.28178548812866" lon="-119.30611610412598">
        <ele>6.67</ele>
      </trkpt>
      <trkpt lat="34.28176403045654" lon="-119.30600881576538">
        <ele>6.73</ele>
      </trkpt>
      <trkpt lat="34.281764114275575" lon="-119.30600881576538">
        <ele>6.79</ele>
      </trkpt>
      <trkpt lat="34.28176403045654" lon="-119.3059229850769">
        <ele>6.84</ele>
      </trkpt>
      <trkpt lat="34.28173176012933" lon="-119.30563271977007">
        <ele>6.89</ele>
      </trkpt>
      <trkpt lat="34.28169948980212" lon="-119.30534253828228">
        <ele>6.93</ele>
      </trkpt>
      <trkpt lat="34.28166721947491" lon="-119.30505235679448">
        <ele>6.96</ele>
      </trkpt>
      <trkpt lat="34.28163528442383" lon="-119.30476427078247">
        <ele>6.99</ele>
      </trkpt>
      <trkpt lat="34.28161382675171" lon="-119.304678440094">
        <ele>7.01</ele>
      </trkpt>
      <trkpt lat="34.28161382675171" lon="-119.3045711517334">
        <ele>7.02</ele>
      </trkpt>
      <trkpt lat="34.28159245289862" lon="-119.30444240570068">
        <ele>7.03</ele>
      </trkpt>
      <trkpt lat="34.28157091140747" lon="-119.30417007766664">
        <ele>7.02</ele>
      </trkpt>
      <trkpt lat="34.28154936991632" lon="-119.3038977496326">
        <ele>7.0</ele>
      </trkpt>
      <trkpt lat="34.28152799606323" lon="-119.30362701416016">
        <ele>6.97</ele>
      </trkpt>
      <trkpt lat="34.28139925003052" lon="-119.30362701416016">
        <ele>6.93</ele>
      </trkpt>
      <trkpt lat="34.28142070770264" lon="-119.30384159088135">
        <ele>6.88</ele>
      </trkpt>
      <trkpt lat="34.28129196166992" lon="-119.30386304855347">
        <ele>6.82</ele>
      </trkpt>
      <trkpt lat="34.28107084706426" lon="-119.30384871549904">
        <ele>6.74</ele>
      </trkpt>
      <trkpt lat="34.28084973245859" lon="-119.30383446626365">
        <ele>6.66</ele>
      </trkpt>
      <trkpt lat="34.28062685765326" lon="-119.30382013320923">
        <ele>6.57</ele>
      </trkpt>
      <trkpt lat="34.28039082325995" lon="-119.30384159088135">
        <ele>6.46</ele>
      </trkpt>
      <trkpt lat="34.28009041585028" lon="-119.30384159088135">
        <ele>6.33</ele>
      </trkpt>
      <trkpt lat="34.279844239354134" lon="-119.30384150706232">
        <ele>6.26</ele>
      </trkpt>
      <trkpt lat="34.27959688939154" lon="-119.30384159088135">
        <ele>6.16</ele>
      </trkpt>
      <trkpt lat="34.27951097488403" lon="-119.30384159088135">
        <ele>6.13</ele>
      </trkpt>
      <trkpt lat="34.27951097488403" lon="-119.30371284484863">
        <ele>6.13</ele>
      </trkpt>
      <trkpt lat="34.27951097488403" lon="-119.30358409881592">
        <ele>6.12</ele>
      </trkpt>
      <trkpt lat="34.27951097488403" lon="-119.30328310467303">
        <ele>6.08</ele>
      </trkpt>
      <trkpt lat="34.27951097488403" lon="-119.30298328399658">
        <ele>6.05</ele>
      </trkpt>
      <trkpt lat="34.27951097488403" lon="-119.30270374752581">
        <ele>6.02</ele>
      </trkpt>
      <trkpt lat="34.27951097488403" lon="-119.30242538452148">
        <ele>6.0</ele>
      </trkpt>
      <trkpt lat="34.279511058703065" lon="-119.30242538452148">
        <ele>5.98</ele>
      </trkpt>
      <trkpt lat="34.27951097488403" lon="-119.30231809616089">
        <ele>5.96</ele>
      </trkpt>
      <trkpt lat="34.279511058703065" lon="-119.30231809616089">
        <ele>5.95</ele>
      </trkpt>
      <trkpt lat="34.279511058703065" lon="-119.30216789245605">
        <ele>5.95</ele>
      </trkpt>
      <trkpt lat="34.27951097488403" lon="-119.3019962310791">
        <ele>5.94</ele>
      </trkpt>
      <trkpt lat="34.27944668568671" lon="-119.3019962310791">
        <ele>5.93</ele>
      </trkpt>
      <trkpt lat="34.279446601867676" lon="-119.3019962310791">
        <ele>5.91</ele>
      </trkpt>
      <trkpt lat="34.279446601867676" lon="-119.30178115144372">
        <ele>5.9</ele>
      </trkpt>
      <trkpt lat="34.279446601867676" lon="-119.30156699381769">
        <ele>5.88</ele>
      </trkpt>
    </trkseg>
  </trk>
</gpx>
