<?xml version="1.0" encoding="UTF-8"?>
<gpx creator="Garmin Connect" version="1.1"
  xsi:schemaLocation="http://www.topografix.com/GPX/1/1 http://www.topografix.com/GPX/11.xsd"
  xmlns:ns3="http://www.garmin.com/xmlschemas/TrackPointExtension/v1"
  xmlns="http://www.topografix.com/GPX/1/1"
  xmlns:xsi="http://www.w3.org/2001/XMLSchema-instance" xmlns:ns2="http://www.garmin.com/xmlschemas/GpxExtensions/v3">
  <metadata>
    <name>Day 8: Oxnard to Santa Monica</name>
    <link href="connect.garmin.com">
      <text>Garmin Connect</text>
    </link>
    <time>2026-07-03T18:36:01.000Z</time>
  </metadata>
  <wpt lat="34.189118" lon="-119.175976">
    <ele>0.0</ele>
    <name>Best Western Ox</name>
    <type>GENERIC</type>
  </wpt>
  <wpt lat="34.0103764" lon="-118.493129">
    <ele>0.0</ele>
    <name>Ocean Lodge San</name>
    <type>GENERIC</type>
  </wpt>
  <trk>
    <name>Day 8: Oxnard to Santa Monica</name>
    <trkseg>
      <trkpt lat="34.18911793269217" lon="-119.17597599327564">
        <ele>13.9</ele>
      </trkpt>
      <trkpt lat="34.18898994103074" lon="-119.17579997330904">
        <ele>13.88</ele>
      </trkpt>
      <trkpt lat="34.188889944925904" lon="-119.17579997330904">
        <ele>13.85</ele>
      </trkpt>
      <trkpt lat="34.18888885527849" lon="-119.17579553090036">
        <ele>13.83</ele>
      </trkpt>
      <trkpt lat="34.18880998156965" lon="-119.1758899949491">
        <ele>13.8</ele>
      </trkpt>
      <trkpt lat="34.18874996714294" lon="-119.17594992555678">
        <ele>13.77</ele>
      </trkpt>
      <trkpt lat="34.18862993828952" lon="-119.1760199982673">
        <ele>13.71</ele>
      </trkpt>
      <trkpt lat="34.18863044120371" lon="-119.17602234520018">
        <ele>13.67</ele>
      </trkpt>
      <trkpt lat="34.18850999325514" lon="-119.17586996220052">
        <ele>13.65</ele>
      </trkpt>
      <trkpt lat="34.188399938866496" lon="-119.17571992613375">
        <ele>13.61</ele>
      </trkpt>
      <trkpt lat="34.188329949975014" lon="-119.17562998831272">
        <ele>13.56</ele>
      </trkpt>
      <trkpt lat="34.188139932230115" lon="-119.1753999888897">
        <ele>13.53</ele>
      </trkpt>
      <trkpt lat="34.18797992169857" lon="-119.17518993839622">
        <ele>13.48</ele>
      </trkpt>
      <trkpt lat="34.18785000219941" lon="-119.1750249825418">
        <ele>13.46</ele>
      </trkpt>
      <trkpt lat="34.18771999888122" lon="-119.17485994286835">
        <ele>13.39</ele>
      </trkpt>
      <trkpt lat="34.18768999166787" lon="-119.17481996119022">
        <ele>13.34</ele>
      </trkpt>
      <trkpt lat="34.187559988349676" lon="-119.17465500533581">
        <ele>13.27</ele>
      </trkpt>
      <trkpt lat="34.187429985031486" lon="-119.17448996566236">
        <ele>13.23</ele>
      </trkpt>
      <trkpt lat="34.187275003641844" lon="-119.17428997345269">
        <ele>13.17</ele>
      </trkpt>
      <trkpt lat="34.18711993843317" lon="-119.17408998124301">
        <ele>13.15</ele>
      </trkpt>
      <trkpt lat="34.18693997897208" lon="-119.17385998181999">
        <ele>13.1</ele>
      </trkpt>
      <trkpt lat="34.186760019510984" lon="-119.17363006621599">
        <ele>13.06</ele>
      </trkpt>
      <trkpt lat="34.18657997623086" lon="-119.17339998297393">
        <ele>13.04</ele>
      </trkpt>
      <trkpt lat="34.1864450275898" lon="-119.17322496883571">
        <ele>13.01</ele>
      </trkpt>
      <trkpt lat="34.186309995129704" lon="-119.17304995469749">
        <ele>12.99</ele>
      </trkpt>
      <trkpt lat="34.186179991811514" lon="-119.17287996970117">
        <ele>12.98</ele>
      </trkpt>
      <trkpt lat="34.1860599629581" lon="-119.17273001745343">
        <ele>12.96</ele>
      </trkpt>
      <trkpt lat="34.18593993410468" lon="-119.17257998138666">
        <ele>12.96</ele>
      </trkpt>
      <trkpt lat="34.185726698488" lon="-119.17230673134327">
        <ele>12.95</ele>
      </trkpt>
      <trkpt lat="34.18551337905228" lon="-119.17203339748085">
        <ele>12.95</ele>
      </trkpt>
      <trkpt lat="34.185299975797534" lon="-119.17175997979939">
        <ele>12.95</ele>
      </trkpt>
      <trkpt lat="34.185129990801215" lon="-119.17154003866017">
        <ele>12.95</ele>
      </trkpt>
      <trkpt lat="34.184960005804896" lon="-119.17132009752095">
        <ele>12.96</ele>
      </trkpt>
      <trkpt lat="34.184789936989546" lon="-119.17109998874366">
        <ele>12.97</ele>
      </trkpt>
      <trkpt lat="34.18473998084664" lon="-119.17103997431695">
        <ele>12.97</ele>
      </trkpt>
      <trkpt lat="34.18461995199323" lon="-119.17088499292731">
        <ele>12.98</ele>
      </trkpt>
      <trkpt lat="34.18449992313981" lon="-119.17072992771864">
        <ele>12.99</ele>
      </trkpt>
      <trkpt lat="34.18429993093014" lon="-119.17046992108226">
        <ele>13.0</ele>
      </trkpt>
      <trkpt lat="34.18416992761195" lon="-119.17030999436975">
        <ele>13.01</ele>
      </trkpt>
      <trkpt lat="34.183969935402274" lon="-119.17004998773336">
        <ele>13.02</ele>
      </trkpt>
      <trkpt lat="34.18386993929744" lon="-119.16992995887995">
        <ele>13.03</ele>
      </trkpt>
      <trkpt lat="34.18372996151447" lon="-119.16973994113505">
        <ele>13.04</ele>
      </trkpt>
      <trkpt lat="34.18370992876589" lon="-119.1697199922055">
        <ele>13.05</ele>
      </trkpt>
      <trkpt lat="34.183539943769574" lon="-119.16949996724725">
        <ele>13.06</ele>
      </trkpt>
      <trkpt lat="34.18344992212951" lon="-119.16937993839383">
        <ele>13.07</ele>
      </trkpt>
      <trkpt lat="34.183235010132194" lon="-119.1691050119698">
        <ele>13.08</ele>
      </trkpt>
      <trkpt lat="34.18301993049681" lon="-119.16882991790771">
        <ele>13.09</ele>
      </trkpt>
      <trkpt lat="34.182939967140555" lon="-119.16872992180288">
        <ele>13.09</ele>
      </trkpt>
      <trkpt lat="34.18283997103572" lon="-119.16873998008668">
        <ele>13.1</ele>
      </trkpt>
      <trkpt lat="34.182679960504174" lon="-119.1684799734503">
        <ele>13.1</ele>
      </trkpt>
      <trkpt lat="34.18262992054224" lon="-119.16842993348837">
        <ele>13.1</ele>
      </trkpt>
      <trkpt lat="34.18246999382973" lon="-119.1682399995625">
        <ele>13.1</ele>
      </trkpt>
      <trkpt lat="34.18230998329818" lon="-119.1680499818176">
        <ele>13.1</ele>
      </trkpt>
      <trkpt lat="34.18216506019235" lon="-119.16787999682128">
        <ele>13.1</ele>
      </trkpt>
      <trkpt lat="34.18201996944845" lon="-119.16770992800593">
        <ele>13.1</ele>
      </trkpt>
      <trkpt lat="34.18198996223509" lon="-119.1676699463278">
        <ele>13.1</ele>
      </trkpt>
      <trkpt lat="34.18178007937968" lon="-119.16742670349777">
        <ele>13.09</ele>
      </trkpt>
      <trkpt lat="34.18157019652426" lon="-119.16718354448676">
        <ele>13.08</ele>
      </trkpt>
      <trkpt lat="34.18135997839272" lon="-119.1669399663806">
        <ele>13.07</ele>
      </trkpt>
      <trkpt lat="34.181150095537305" lon="-119.16670510545373">
        <ele>13.06</ele>
      </trkpt>
      <trkpt lat="34.180939961224794" lon="-119.16646999306977">
        <ele>13.05</ele>
      </trkpt>
      <trkpt lat="34.18073996901512" lon="-119.16623999364674">
        <ele>13.04</ele>
      </trkpt>
      <trkpt lat="34.180615078657866" lon="-119.16610504500568">
        <ele>13.02</ele>
      </trkpt>
      <trkpt lat="34.180489936843514" lon="-119.16596992872655">
        <ele>13.01</ele>
      </trkpt>
      <trkpt lat="34.18029002845287" lon="-119.16574344970286">
        <ele>12.99</ele>
      </trkpt>
      <trkpt lat="34.180090203881264" lon="-119.16551688686013">
        <ele>12.97</ele>
      </trkpt>
      <trkpt lat="34.179889960214496" lon="-119.16528998874128">
        <ele>12.95</ele>
      </trkpt>
      <trkpt lat="34.17968259193003" lon="-119.16505009867251">
        <ele>12.92</ele>
      </trkpt>
      <trkpt lat="34.179475139826536" lon="-119.16481020860374">
        <ele>12.9</ele>
      </trkpt>
      <trkpt lat="34.17926777154207" lon="-119.16457031853497">
        <ele>12.87</ele>
      </trkpt>
      <trkpt lat="34.17905998416245" lon="-119.16432992555201">
        <ele>12.85</ele>
      </trkpt>
      <trkpt lat="34.17883509770036" lon="-119.1640751156956">
        <ele>12.82</ele>
      </trkpt>
      <trkpt lat="34.17860995978117" lon="-119.16381997056305">
        <ele>12.79</ele>
      </trkpt>
      <trkpt lat="34.178453385829926" lon="-119.16364336386323">
        <ele>12.76</ele>
      </trkpt>
      <trkpt lat="34.17829681187868" lon="-119.16346684098244">
        <ele>12.72</ele>
      </trkpt>
      <trkpt lat="34.17813998647034" lon="-119.16328998282552">
        <ele>12.69</ele>
      </trkpt>
      <trkpt lat="34.17800998315215" lon="-119.16313994675875">
        <ele>12.66</ele>
      </trkpt>
      <trkpt lat="34.17781007476151" lon="-119.16291338391602">
        <ele>12.61</ele>
      </trkpt>
      <trkpt lat="34.17761016637087" lon="-119.16268690489233">
        <ele>12.53</ele>
      </trkpt>
      <trkpt lat="34.1774099227041" lon="-119.16245992295444">
        <ele>12.49</ele>
      </trkpt>
      <trkpt lat="34.177200039848685" lon="-119.1622201167047">
        <ele>12.44</ele>
      </trkpt>
      <trkpt lat="34.17698998935521" lon="-119.16197997517884">
        <ele>12.4</ele>
      </trkpt>
      <trkpt lat="34.17683006264269" lon="-119.16179674677551">
        <ele>12.35</ele>
      </trkpt>
      <trkpt lat="34.17667013593018" lon="-119.16161351837218">
        <ele>12.31</ele>
      </trkpt>
      <trkpt lat="34.17650995776057" lon="-119.16142995469272">
        <ele>12.27</ele>
      </trkpt>
      <trkpt lat="34.17639504186809" lon="-119.16130003519356">
        <ele>12.24</ele>
      </trkpt>
      <trkpt lat="34.176279958337545" lon="-119.16116994805634">
        <ele>12.2</ele>
      </trkpt>
      <trkpt lat="34.176116678863764" lon="-119.16098336689174">
        <ele>12.17</ele>
      </trkpt>
      <trkpt lat="34.175953483209014" lon="-119.16079678572714">
        <ele>12.14</ele>
      </trkpt>
      <trkpt lat="34.17578995227814" lon="-119.16060995310545">
        <ele>12.11</ele>
      </trkpt>
      <trkpt lat="34.175655003637075" lon="-119.16046008467674">
        <ele>12.08</ele>
      </trkpt>
      <trkpt lat="34.17551997117698" lon="-119.16030996479094">
        <ele>12.05</ele>
      </trkpt>
      <trkpt lat="34.1753099206835" lon="-119.16006999090314">
        <ele>12.03</ele>
      </trkpt>
      <trkpt lat="34.17517991736531" lon="-119.1599099803716">
        <ele>12.0</ele>
      </trkpt>
      <trkpt lat="34.17503507807851" lon="-119.15974502451718">
        <ele>11.98</ele>
      </trkpt>
      <trkpt lat="34.17488998733461" lon="-119.15957998484373">
        <ele>11.96</ele>
      </trkpt>
      <trkpt lat="34.17479996569455" lon="-119.1594799887389">
        <ele>11.94</ele>
      </trkpt>
      <trkpt lat="34.17465998791158" lon="-119.15931997820735">
        <ele>11.92</ele>
      </trkpt>
      <trkpt lat="34.17452001012862" lon="-119.15916005149484">
        <ele>11.9</ele>
      </trkpt>
      <trkpt lat="34.17437994852662" lon="-119.15899995714426">
        <ele>11.88</ele>
      </trkpt>
      <trkpt lat="34.174260003492236" lon="-119.1588650085032">
        <ele>11.86</ele>
      </trkpt>
      <trkpt lat="34.17413997463882" lon="-119.1587299760431">
        <ele>11.84</ele>
      </trkpt>
      <trkpt lat="34.1740199457854" lon="-119.15856996551156">
        <ele>11.82</ele>
      </trkpt>
      <trkpt lat="34.17383998632431" lon="-119.15835002437234">
        <ele>11.8</ele>
      </trkpt>
      <trkpt lat="34.173659943044186" lon="-119.15812999941409">
        <ele>11.79</ele>
      </trkpt>
      <trkpt lat="34.17350001633167" lon="-119.15794501081109">
        <ele>11.77</ele>
      </trkpt>
      <trkpt lat="34.173339921981096" lon="-119.15775993838906">
        <ele>11.74</ele>
      </trkpt>
      <trkpt lat="34.17314998805523" lon="-119.15751996450126">
        <ele>11.72</ele>
      </trkpt>
      <trkpt lat="34.17302995920181" lon="-119.15736992843449">
        <ele>11.7</ele>
      </trkpt>
      <trkpt lat="34.17292493395507" lon="-119.15721997618675">
        <ele>11.68</ele>
      </trkpt>
      <trkpt lat="34.172819992527366" lon="-119.15706994011998">
        <ele>11.65</ele>
      </trkpt>
      <trkpt lat="34.17270993813872" lon="-119.15686986409128">
        <ele>11.61</ele>
      </trkpt>
      <trkpt lat="34.17259996756911" lon="-119.15666995570064">
        <ele>11.6</ele>
      </trkpt>
      <trkpt lat="34.172479938715696" lon="-119.15645998902619">
        <ele>11.56</ele>
      </trkpt>
      <trkpt lat="34.17237994261086" lon="-119.15627986192703">
        <ele>11.54</ele>
      </trkpt>
      <trkpt lat="34.17227994650602" lon="-119.15609998628497">
        <ele>11.52</ele>
      </trkpt>
      <trkpt lat="34.17218992486596" lon="-119.15593486279249">
        <ele>11.47</ele>
      </trkpt>
      <trkpt lat="34.17209998704493" lon="-119.15576999075711">
        <ele>11.45</ele>
      </trkpt>
      <trkpt lat="34.171939976513386" lon="-119.15549992583692">
        <ele>11.42</ele>
      </trkpt>
      <trkpt lat="34.17183989658952" lon="-119.1553249116987">
        <ele>11.38</ele>
      </trkpt>
      <trkpt lat="34.17173998430371" lon="-119.15514998137951">
        <ele>11.37</ele>
      </trkpt>
      <trkpt lat="34.171619955450296" lon="-119.15493993088603">
        <ele>11.33</ele>
      </trkpt>
      <trkpt lat="34.171469919383526" lon="-119.15467984043062">
        <ele>11.28</ele>
      </trkpt>
      <trkpt lat="34.17131996713579" lon="-119.15441991761327">
        <ele>11.26</ele>
      </trkpt>
      <trkpt lat="34.171229945495725" lon="-119.15425999090075">
        <ele>11.23</ele>
      </trkpt>
      <trkpt lat="34.17113489471376" lon="-119.1540848929435">
        <ele>11.2</ele>
      </trkpt>
      <trkpt lat="34.171039927750826" lon="-119.15390996262431">
        <ele>11.18</ele>
      </trkpt>
      <trkpt lat="34.170889891684055" lon="-119.1536498721689">
        <ele>11.15</ele>
      </trkpt>
      <trkpt lat="34.170739855617285" lon="-119.15338978171349">
        <ele>11.13</ele>
      </trkpt>
      <trkpt lat="34.17058998718858" lon="-119.15312994271517">
        <ele>11.11</ele>
      </trkpt>
      <trkpt lat="34.17044489644468" lon="-119.15286985225976">
        <ele>11.1</ele>
      </trkpt>
      <trkpt lat="34.17029997333884" lon="-119.1526099294424">
        <ele>11.08</ele>
      </trkpt>
      <trkpt lat="34.17015999555588" lon="-119.1523699555546">
        <ele>11.07</ele>
      </trkpt>
      <trkpt lat="34.170129988342524" lon="-119.15232997387648">
        <ele>11.06</ele>
      </trkpt>
      <trkpt lat="34.170109955593944" lon="-119.15227993391454">
        <ele>11.05</ele>
      </trkpt>
      <trkpt lat="34.16998992674053" lon="-119.1520699672401">
        <ele>11.04</ele>
      </trkpt>
      <trkpt lat="34.169843243435025" lon="-119.15181649848819">
        <ele>11.03</ele>
      </trkpt>
      <trkpt lat="34.16969647631049" lon="-119.15156311355531">
        <ele>11.02</ele>
      </trkpt>
      <trkpt lat="34.16954996064305" lon="-119.15130998007953">
        <ele>11.02</ele>
      </trkpt>
      <trkpt lat="34.1695199534297" lon="-119.15123999118805">
        <ele>11.02</ele>
      </trkpt>
      <trkpt lat="34.169489946216345" lon="-119.1512099839747">
        <ele>11.01</ele>
      </trkpt>
      <trkpt lat="34.16933488100767" lon="-119.15093480609357">
        <ele>11.01</ele>
      </trkpt>
      <trkpt lat="34.16917998343706" lon="-119.15065996348858">
        <ele>11.01</ele>
      </trkpt>
      <trkpt lat="34.169056601822376" lon="-119.15044320747256">
        <ele>11.01</ele>
      </trkpt>
      <trkpt lat="34.16893322020769" lon="-119.15022645145655">
        <ele>11.01</ele>
      </trkpt>
      <trkpt lat="34.16880992241204" lon="-119.15000994689763">
        <ele>11.01</ele>
      </trkpt>
      <trkpt lat="34.16878997348249" lon="-119.1499699652195">
        <ele>11.02</ele>
      </trkpt>
      <trkpt lat="34.168779999017715" lon="-119.14995999075472">
        <ele>11.02</ele>
      </trkpt>
      <trkpt lat="34.168779999017715" lon="-119.14994993247092">
        <ele>11.02</ele>
      </trkpt>
      <trkpt lat="34.16864488273859" lon="-119.14971984922886">
        <ele>11.02</ele>
      </trkpt>
      <trkpt lat="34.16850993409753" lon="-119.14948993362486">
        <ele>11.02</ele>
      </trkpt>
      <trkpt lat="34.168383199721575" lon="-119.14926990866661">
        <ele>11.02</ele>
      </trkpt>
      <trkpt lat="34.16825654916465" lon="-119.14904979988933">
        <ele>11.02</ele>
      </trkpt>
      <trkpt lat="34.16812998242676" lon="-119.14882994256914">
        <ele>11.02</ele>
      </trkpt>
      <trkpt lat="34.16797986254096" lon="-119.14856482297182">
        <ele>11.02</ele>
      </trkpt>
      <trkpt lat="34.16782999411225" lon="-119.1482999548316">
        <ele>11.02</ele>
      </trkpt>
      <trkpt lat="34.16764995083213" lon="-119.14798999205232">
        <ele>11.01</ele>
      </trkpt>
      <trkpt lat="34.16754995472729" lon="-119.14780994877219">
        <ele>11.01</ele>
      </trkpt>
      <trkpt lat="34.16753998026252" lon="-119.14778999984264">
        <ele>11.0</ele>
      </trkpt>
      <trkpt lat="34.167389860376716" lon="-119.14752488024533">
        <ele>11.0</ele>
      </trkpt>
      <trkpt lat="34.16723999194801" lon="-119.14725992828608">
        <ele>10.99</ele>
      </trkpt>
      <trkpt lat="34.16710655204952" lon="-119.14702649228275">
        <ele>10.98</ele>
      </trkpt>
      <trkpt lat="34.16697319597006" lon="-119.14679305627942">
        <ele>10.97</ele>
      </trkpt>
      <trkpt lat="34.16683992370963" lon="-119.14655995555222">
        <ele>10.95</ele>
      </trkpt>
      <trkpt lat="34.16671327315271" lon="-119.14633649401367">
        <ele>10.94</ele>
      </trkpt>
      <trkpt lat="34.166586538776755" lon="-119.14611311629415">
        <ele>10.92</ele>
      </trkpt>
      <trkpt lat="34.166459972038865" lon="-119.14588999003172">
        <ele>10.91</ele>
      </trkpt>
      <trkpt lat="34.166359892115" lon="-119.14571489207447">
        <ele>10.89</ele>
      </trkpt>
      <trkpt lat="34.16625997982919" lon="-119.14553996175528">
        <ele>10.86</ele>
      </trkpt>
      <trkpt lat="34.16611488908529" lon="-119.14528984576464">
        <ele>10.84</ele>
      </trkpt>
      <trkpt lat="34.16596996597946" lon="-119.1450399812311">
        <ele>10.82</ele>
      </trkpt>
      <trkpt lat="34.16594993323088" lon="-119.14500997401774">
        <ele>10.79</ele>
      </trkpt>
      <trkpt lat="34.16578992269933" lon="-119.14473487995565">
        <ele>10.76</ele>
      </trkpt>
      <trkpt lat="34.16562999598682" lon="-119.14445995353162">
        <ele>10.73</ele>
      </trkpt>
      <trkpt lat="34.165469985455275" lon="-119.14418997243047">
        <ele>10.7</ele>
      </trkpt>
      <trkpt lat="34.16539999656379" lon="-119.1440499946475">
        <ele>10.67</ele>
      </trkpt>
      <trkpt lat="34.16530494578183" lon="-119.14389492943883">
        <ele>10.64</ele>
      </trkpt>
      <trkpt lat="34.16520997881889" lon="-119.14373994804919">
        <ele>10.61</ele>
      </trkpt>
      <trkpt lat="34.16508994996548" lon="-119.14351992309093">
        <ele>10.57</ele>
      </trkpt>
      <trkpt lat="34.164999928325415" lon="-119.14337994530797">
        <ele>10.52</ele>
      </trkpt>
      <trkpt lat="34.16493999771774" lon="-119.14326997473836">
        <ele>10.48</ele>
      </trkpt>
      <trkpt lat="34.164889957755804" lon="-119.14319998584688">
        <ele>10.44</ele>
      </trkpt>
      <trkpt lat="34.16480999439955" lon="-119.14309998974204">
        <ele>10.39</ele>
      </trkpt>
      <trkpt lat="34.16470999829471" lon="-119.14295992814004">
        <ele>10.35</ele>
      </trkpt>
      <trkpt lat="34.164589969441295" lon="-119.14282992482185">
        <ele>10.32</ele>
      </trkpt>
      <trkpt lat="34.16450992226601" lon="-119.14273998700082">
        <ele>10.29</ele>
      </trkpt>
      <trkpt lat="34.16448997333646" lon="-119.14272992871702">
        <ele>10.25</ele>
      </trkpt>
      <trkpt lat="34.16436994448304" lon="-119.14260998368263">
        <ele>10.22</ele>
      </trkpt>
      <trkpt lat="34.16434999555349" lon="-119.14259992539883">
        <ele>10.19</ele>
      </trkpt>
      <trkpt lat="34.16432996280491" lon="-119.14256991818547">
        <ele>10.17</ele>
      </trkpt>
      <trkpt lat="34.16425997391343" lon="-119.14251996204257">
        <ele>10.14</ele>
      </trkpt>
      <trkpt lat="34.164139945060015" lon="-119.14241996593773">
        <ele>10.12</ele>
      </trkpt>
      <trkpt lat="34.16403994895518" lon="-119.14234997704625">
        <ele>10.1</ele>
      </trkpt>
      <trkpt lat="34.16390516795218" lon="-119.14225006476045">
        <ele>10.08</ele>
      </trkpt>
      <trkpt lat="34.16376996785402" lon="-119.14214998483658">
        <ele>10.06</ele>
      </trkpt>
      <trkpt lat="34.16353535838425" lon="-119.14198519662023">
        <ele>10.05</ele>
      </trkpt>
      <trkpt lat="34.163299994543195" lon="-119.14181998930871">
        <ele>10.04</ele>
      </trkpt>
      <trkpt lat="34.163259929046035" lon="-119.14178998209536">
        <ele>10.03</ele>
      </trkpt>
      <trkpt lat="34.16313998401165" lon="-119.1416999604553">
        <ele>10.02</ele>
      </trkpt>
      <trkpt lat="34.16309991851449" lon="-119.14166995324194">
        <ele>10.01</ele>
      </trkpt>
      <trkpt lat="34.163019955158234" lon="-119.14159996435046">
        <ele>10.01</ele>
      </trkpt>
      <trkpt lat="34.16280998848379" lon="-119.14141992107034">
        <ele>10.0</ele>
      </trkpt>
      <trkpt lat="34.16270999237895" lon="-119.1413199249655">
        <ele>10.0</ele>
      </trkpt>
      <trkpt lat="34.16266992688179" lon="-119.14128991775215">
        <ele>10.0</ele>
      </trkpt>
      <trkpt lat="34.16251997463405" lon="-119.14108992554247">
        <ele>10.01</ele>
      </trkpt>
      <trkpt lat="34.16252098046243" lon="-119.14109202101827">
        <ele>10.01</ele>
      </trkpt>
      <trkpt lat="34.16239047423005" lon="-119.14092605933547">
        <ele>10.01</ele>
      </trkpt>
      <trkpt lat="34.16225996799767" lon="-119.14075993001461">
        <ele>10.02</ele>
      </trkpt>
      <trkpt lat="34.162159971892834" lon="-119.14061995223165">
        <ele>10.02</ele>
      </trkpt>
      <trkpt lat="34.16200993582606" lon="-119.14037997834384">
        <ele>10.03</ele>
      </trkpt>
      <trkpt lat="34.16193994693458" lon="-119.14023991674185">
        <ele>10.03</ele>
      </trkpt>
      <trkpt lat="34.1618699580431" lon="-119.14010999724269">
        <ele>10.04</ele>
      </trkpt>
      <trkpt lat="34.161799969151616" lon="-119.13996993564069">
        <ele>10.05</ele>
      </trkpt>
      <trkpt lat="34.161709947511554" lon="-119.1397799178958">
        <ele>10.06</ele>
      </trkpt>
      <trkpt lat="34.16165999136865" lon="-119.13965997286141">
        <ele>10.06</ele>
      </trkpt>
      <trkpt lat="34.16160995140672" lon="-119.13952996954322">
        <ele>10.07</ele>
      </trkpt>
      <trkpt lat="34.161519929766655" lon="-119.1393499262631">
        <ele>10.08</ele>
      </trkpt>
      <trkpt lat="34.1614899225533" lon="-119.13924993015826">
        <ele>10.08</ele>
      </trkpt>
      <trkpt lat="34.16142487898469" lon="-119.13899461738765">
        <ele>10.09</ele>
      </trkpt>
      <trkpt lat="34.16135991923511" lon="-119.1387399751693">
        <ele>10.09</ele>
      </trkpt>
      <trkpt lat="34.16128993034363" lon="-119.13852992467582">
        <ele>10.09</ele>
      </trkpt>
      <trkpt lat="34.16128993034363" lon="-119.13851995021105">
        <ele>10.09</ele>
      </trkpt>
      <trkpt lat="34.16126998141408" lon="-119.13845993578434">
        <ele>10.09</ele>
      </trkpt>
      <trkpt lat="34.16122999973595" lon="-119.13832993246615">
        <ele>10.09</ele>
      </trkpt>
      <trkpt lat="34.16122999973595" lon="-119.13831995800138">
        <ele>10.09</ele>
      </trkpt>
      <trkpt lat="34.16118993423879" lon="-119.13819992914796">
        <ele>10.08</ele>
      </trkpt>
      <trkpt lat="34.161109970882535" lon="-119.13793992251158">
        <ele>10.08</ele>
      </trkpt>
      <trkpt lat="34.16104995645583" lon="-119.1377399303019">
        <ele>10.07</ele>
      </trkpt>
      <trkpt lat="34.16094996035099" lon="-119.13737992756069">
        <ele>10.06</ele>
      </trkpt>
      <trkpt lat="34.16087653487921" lon="-119.13713961839676">
        <ele>10.04</ele>
      </trkpt>
      <trkpt lat="34.160803109407425" lon="-119.13689930923283">
        <ele>10.03</ele>
      </trkpt>
      <trkpt lat="34.16072993539274" lon="-119.13665992207825">
        <ele>10.01</ele>
      </trkpt>
      <trkpt lat="34.16064997203648" lon="-119.13646998815238">
        <ele>9.98</ele>
      </trkpt>
      <trkpt lat="34.16056489571929" lon="-119.13624468259513">
        <ele>9.96</ele>
      </trkpt>
      <trkpt lat="34.16047998704016" lon="-119.1360199637711">
        <ele>9.93</ele>
      </trkpt>
      <trkpt lat="34.16037487797439" lon="-119.13575467653573">
        <ele>9.9</ele>
      </trkpt>
      <trkpt lat="34.16026993654668" lon="-119.13548997603357">
        <ele>9.87</ele>
      </trkpt>
      <trkpt lat="34.16018997319043" lon="-119.1352899838239">
        <ele>9.84</ele>
      </trkpt>
      <trkpt lat="34.160079918801785" lon="-119.13501991890371">
        <ele>9.8</ele>
      </trkpt>
      <trkpt lat="34.15995988994837" lon="-119.13474968634546">
        <ele>9.76</ele>
      </trkpt>
      <trkpt lat="34.15983994491398" lon="-119.1344799567014">
        <ele>9.72</ele>
      </trkpt>
      <trkpt lat="34.159689992666245" lon="-119.13414996117353">
        <ele>9.63</ele>
      </trkpt>
      <trkpt lat="34.15959997102618" lon="-119.13395994342864">
        <ele>9.58</ele>
      </trkpt>
      <trkpt lat="34.1595799382776" lon="-119.13390998728573">
        <ele>9.53</ele>
      </trkpt>
      <trkpt lat="34.15946996770799" lon="-119.1336699295789">
        <ele>9.48</ele>
      </trkpt>
      <trkpt lat="34.15932998992503" lon="-119.13338997401297">
        <ele>9.43</ele>
      </trkpt>
      <trkpt lat="34.159239968284965" lon="-119.13321998901665">
        <ele>9.37</ele>
      </trkpt>
      <trkpt lat="34.15915489196777" lon="-119.13305989466608">
        <ele>9.32</ele>
      </trkpt>
      <trkpt lat="34.159069983288646" lon="-119.13289996795356">
        <ele>9.26</ele>
      </trkpt>
      <trkpt lat="34.1589599289" lon="-119.13268480449915">
        <ele>9.2</ele>
      </trkpt>
      <trkpt lat="34.15884995833039" lon="-119.13246997632086">
        <ele>9.14</ele>
      </trkpt>
      <trkpt lat="34.158679973334074" lon="-119.13215992972255">
        <ele>9.08</ele>
      </trkpt>
      <trkpt lat="34.158619958907366" lon="-119.13202992640436">
        <ele>9.02</ele>
      </trkpt>
      <trkpt lat="34.1585249081254" lon="-119.1318548284471">
        <ele>8.96</ele>
      </trkpt>
      <trkpt lat="34.15842994116247" lon="-119.13167998194695">
        <ele>8.89</ele>
      </trkpt>
      <trkpt lat="34.158339919522405" lon="-119.13149993866682">
        <ele>8.83</ele>
      </trkpt>
      <trkpt lat="34.15824989788234" lon="-119.13132484070957">
        <ele>8.76</ele>
      </trkpt>
      <trkpt lat="34.15815996006131" lon="-119.13114999420941">
        <ele>8.69</ele>
      </trkpt>
      <trkpt lat="34.1580499894917" lon="-119.13093994371593">
        <ele>8.59</ele>
      </trkpt>
      <trkpt lat="34.157914873212576" lon="-119.13067725487053">
        <ele>8.52</ele>
      </trkpt>
      <trkpt lat="34.15777975693345" lon="-119.13041464984417">
        <ele>8.45</ele>
      </trkpt>
      <trkpt lat="34.15764472447336" lon="-119.13015196099877">
        <ele>8.38</ele>
      </trkpt>
      <trkpt lat="34.15750994347036" lon="-119.12988994270563">
        <ele>8.31</ele>
      </trkpt>
      <trkpt lat="34.15736384689808" lon="-119.12961375899613">
        <ele>8.24</ele>
      </trkpt>
      <trkpt lat="34.15721783414483" lon="-119.12933765910566">
        <ele>8.17</ele>
      </trkpt>
      <trkpt lat="34.15707173757255" lon="-119.12906147539616">
        <ele>8.1</ele>
      </trkpt>
      <trkpt lat="34.15692564100027" lon="-119.12878529168665">
        <ele>8.03</ele>
      </trkpt>
      <trkpt lat="34.15677996352315" lon="-119.12850994616747">
        <ele>7.96</ele>
      </trkpt>
      <trkpt lat="34.15664652362466" lon="-119.12824641913176">
        <ele>7.89</ele>
      </trkpt>
      <trkpt lat="34.15651308372617" lon="-119.12798297591507">
        <ele>7.82</ele>
      </trkpt>
      <trkpt lat="34.156379979103804" lon="-119.12771995179355">
        <ele>7.75</ele>
      </trkpt>
      <trkpt lat="34.15626489557326" lon="-119.12749984301627">
        <ele>7.69</ele>
      </trkpt>
      <trkpt lat="34.15614997968078" lon="-119.12727998569608">
        <ele>7.62</ele>
      </trkpt>
      <trkpt lat="34.15601318702102" lon="-119.12701981142163">
        <ele>7.55</ele>
      </trkpt>
      <trkpt lat="34.15587647818029" lon="-119.12675963714719">
        <ele>7.47</ele>
      </trkpt>
      <trkpt lat="34.155739936977625" lon="-119.12649996578693">
        <ele>7.39</ele>
      </trkpt>
      <trkpt lat="34.15558319538832" lon="-119.12619980983436">
        <ele>7.3</ele>
      </trkpt>
      <trkpt lat="34.15542645379901" lon="-119.12589957006276">
        <ele>7.24</ele>
      </trkpt>
      <trkpt lat="34.1552697122097" lon="-119.12559941411018">
        <ele>7.17</ele>
      </trkpt>
      <trkpt lat="34.155112970620394" lon="-119.12529925815761">
        <ele>7.1</ele>
      </trkpt>
      <trkpt lat="34.154956145212054" lon="-119.124999018386">
        <ele>7.04</ele>
      </trkpt>
      <trkpt lat="34.15479940362275" lon="-119.12469886243343">
        <ele>6.97</ele>
      </trkpt>
      <trkpt lat="34.15464266203344" lon="-119.12439870648086">
        <ele>6.91</ele>
      </trkpt>
      <trkpt lat="34.15448592044413" lon="-119.12409855052829">
        <ele>6.84</ele>
      </trkpt>
      <trkpt lat="34.15432993322611" lon="-119.12379998713732">
        <ele>6.78</ele>
      </trkpt>
      <trkpt lat="34.154192386195064" lon="-119.12353226915002">
        <ele>6.72</ele>
      </trkpt>
      <trkpt lat="34.15405475534499" lon="-119.12326463498175">
        <ele>6.66</ele>
      </trkpt>
      <trkpt lat="34.15391720831394" lon="-119.12299700081348">
        <ele>6.6</ele>
      </trkpt>
      <trkpt lat="34.153779996559024" lon="-119.12272995337844">
        <ele>6.54</ele>
      </trkpt>
      <trkpt lat="34.15368997491896" lon="-119.12257991731167">
        <ele>6.49</ele>
      </trkpt>
      <trkpt lat="34.15357656776905" lon="-119.12235645577312">
        <ele>6.43</ele>
      </trkpt>
      <trkpt lat="34.15346316061914" lon="-119.12213299423456">
        <ele>6.38</ele>
      </trkpt>
      <trkpt lat="34.15334992110729" lon="-119.12190995179117">
        <ele>6.3</ele>
      </trkpt>
      <trkpt lat="34.153209859505296" lon="-119.12164315581322">
        <ele>6.23</ele>
      </trkpt>
      <trkpt lat="34.1530697979033" lon="-119.12137627601624">
        <ele>6.18</ele>
      </trkpt>
      <trkpt lat="34.1529299877584" lon="-119.12110998295248">
        <ele>6.13</ele>
      </trkpt>
      <trkpt lat="34.15278984233737" lon="-119.12083983421326">
        <ele>6.09</ele>
      </trkpt>
      <trkpt lat="34.15264978073537" lon="-119.120569601655">
        <ele>6.04</ele>
      </trkpt>
      <trkpt lat="34.15250971913338" lon="-119.12029945291579">
        <ele>6.0</ele>
      </trkpt>
      <trkpt lat="34.15236965753138" lon="-119.12002930417657">
        <ele>5.96</ele>
      </trkpt>
      <trkpt lat="34.15222993120551" lon="-119.11975999362767">
        <ele>5.92</ele>
      </trkpt>
      <trkpt lat="34.15208383463323" lon="-119.11947777494788">
        <ele>5.88</ele>
      </trkpt>
      <trkpt lat="34.15193782187998" lon="-119.11919564008713">
        <ele>5.85</ele>
      </trkpt>
      <trkpt lat="34.1517917253077" lon="-119.11891342140734">
        <ele>5.82</ele>
      </trkpt>
      <trkpt lat="34.15164562873542" lon="-119.11863128654659">
        <ele>5.79</ele>
      </trkpt>
      <trkpt lat="34.1514999512583" lon="-119.11834998987615">
        <ele>5.76</ele>
      </trkpt>
      <trkpt lat="34.15134413167834" lon="-119.11805117502809">
        <ele>5.73</ele>
      </trkpt>
      <trkpt lat="34.151188312098384" lon="-119.11775244399905">
        <ele>5.71</ele>
      </trkpt>
      <trkpt lat="34.15103257633746" lon="-119.11745371297002">
        <ele>5.69</ele>
      </trkpt>
      <trkpt lat="34.1508767567575" lon="-119.11715498194098">
        <ele>5.67</ele>
      </trkpt>
      <trkpt lat="34.15072093717754" lon="-119.11685616709292">
        <ele>5.65</ele>
      </trkpt>
      <trkpt lat="34.15056511759758" lon="-119.11655743606389">
        <ele>5.63</ele>
      </trkpt>
      <trkpt lat="34.150409968569875" lon="-119.11625996232033">
        <ele>5.62</ele>
      </trkpt>
      <trkpt lat="34.15031994692981" lon="-119.11608997732401">
        <ele>5.6</ele>
      </trkpt>
      <trkpt lat="34.150279965251684" lon="-119.11600993014872">
        <ele>5.59</ele>
      </trkpt>
      <trkpt lat="34.15018994361162" lon="-119.11584991961718">
        <ele>5.58</ele>
      </trkpt>
      <trkpt lat="34.15007997304201" lon="-119.1156499274075">
        <ele>5.58</ele>
      </trkpt>
      <trkpt lat="34.14998995140195" lon="-119.11547994241118">
        <ele>5.56</ele>
      </trkpt>
      <trkpt lat="34.149979976937175" lon="-119.11546996794641">
        <ele>5.55</ele>
      </trkpt>
      <trkpt lat="34.14985994808376" lon="-119.11527995020151">
        <ele>5.53</ele>
      </trkpt>
      <trkpt lat="34.14973991923034" lon="-119.11508993245661">
        <ele>5.55</ele>
      </trkpt>
      <trkpt lat="34.14959994144738" lon="-119.11488994024694">
        <ele>5.54</ele>
      </trkpt>
      <trkpt lat="34.14942995645106" lon="-119.11465994082391">
        <ele>5.53</ele>
      </trkpt>
      <trkpt lat="34.14925997145474" lon="-119.11442994140089">
        <ele>5.54</ele>
      </trkpt>
      <trkpt lat="34.149144971743226" lon="-119.11429499275982">
        <ele>5.54</ele>
      </trkpt>
      <trkpt lat="34.14902997203171" lon="-119.11415996029973">
        <ele>5.56</ele>
      </trkpt>
      <trkpt lat="34.14889996871352" lon="-119.11399994976819">
        <ele>5.57</ele>
      </trkpt>
      <trkpt lat="34.148819921538234" lon="-119.11389995366335">
        <ele>5.59</ele>
      </trkpt>
      <trkpt lat="34.14867005310953" lon="-119.11373005248606">
        <ele>5.59</ele>
      </trkpt>
      <trkpt lat="34.148519933223724" lon="-119.11355998367071">
        <ele>5.62</ele>
      </trkpt>
      <trkpt lat="34.14850995875895" lon="-119.1135499253869">
        <ele>5.64</ele>
      </trkpt>
      <trkpt lat="34.14837006479502" lon="-119.11339008249342">
        <ele>5.68</ele>
      </trkpt>
      <trkpt lat="34.14822991937399" lon="-119.11322998814285">
        <ele>5.7</ele>
      </trkpt>
      <trkpt lat="34.148020036518574" lon="-119.11298674531281">
        <ele>5.71</ele>
      </trkpt>
      <trkpt lat="34.14781015366316" lon="-119.11274350248277">
        <ele>5.73</ele>
      </trkpt>
      <trkpt lat="34.147599935531616" lon="-119.1124999243766">
        <ele>5.75</ele>
      </trkpt>
      <trkpt lat="34.147469932213426" lon="-119.11234997212887">
        <ele>5.76</ele>
      </trkpt>
      <trkpt lat="34.14725996553898" lon="-119.11210999824107">
        <ele>5.78</ele>
      </trkpt>
      <trkpt lat="34.14710506796837" lon="-119.11193506792188">
        <ele>5.79</ele>
      </trkpt>
      <trkpt lat="34.14694991894066" lon="-119.11175996996462">
        <ele>5.8</ele>
      </trkpt>
      <trkpt lat="34.14694991894066" lon="-119.11174999549985">
        <ele>5.81</ele>
      </trkpt>
      <trkpt lat="34.1467251162976" lon="-119.1115001309663">
        <ele>5.82</ele>
      </trkpt>
      <trkpt lat="34.146499978378415" lon="-119.11124993115664">
        <ele>5.82</ele>
      </trkpt>
      <trkpt lat="34.14642998948693" lon="-119.1111599933356">
        <ele>5.83</ele>
      </trkpt>
      <trkpt lat="34.14641993120313" lon="-119.1111599933356">
        <ele>5.83</ele>
      </trkpt>
      <trkpt lat="34.146289927884936" lon="-119.11101993173361">
        <ele>5.83</ele>
      </trkpt>
      <trkpt lat="34.146289927884936" lon="-119.11100995726883">
        <ele>5.82</ele>
      </trkpt>
      <trkpt lat="34.14609010331333" lon="-119.11079009994864">
        <ele>5.82</ele>
      </trkpt>
      <trkpt lat="34.145890194922686" lon="-119.11057024262846">
        <ele>5.81</ele>
      </trkpt>
      <trkpt lat="34.145690370351076" lon="-119.11035038530827">
        <ele>5.8</ele>
      </trkpt>
      <trkpt lat="34.145489959046245" lon="-119.11012994125485">
        <ele>5.79</ele>
      </trkpt>
      <trkpt lat="34.145359955728054" lon="-119.10998996347189">
        <ele>5.77</ele>
      </trkpt>
      <trkpt lat="34.145359955728054" lon="-119.10997998900712">
        <ele>5.76</ele>
      </trkpt>
      <trkpt lat="34.14522006176412" lon="-119.1098250914365">
        <ele>5.74</ele>
      </trkpt>
      <trkpt lat="34.14507991634309" lon="-119.1096699424088">
        <ele>5.72</ele>
      </trkpt>
      <trkpt lat="34.14495997130871" lon="-119.10952996462584">
        <ele>5.7</ele>
      </trkpt>
      <trkpt lat="34.14482996799052" lon="-119.109429968521">
        <ele>5.68</ele>
      </trkpt>
      <trkpt lat="34.14479996077716" lon="-119.10938998684287">
        <ele>5.65</ele>
      </trkpt>
      <trkpt lat="34.14460005238652" lon="-119.1091640945524">
        <ele>5.6</ele>
      </trkpt>
      <trkpt lat="34.14440014399588" lon="-119.10893820226192">
        <ele>5.56</ele>
      </trkpt>
      <trkpt lat="34.14420031942427" lon="-119.10871230997145">
        <ele>5.53</ele>
      </trkpt>
      <trkpt lat="34.14400041103363" lon="-119.10848641768098">
        <ele>5.5</ele>
      </trkpt>
      <trkpt lat="34.1437999997288" lon="-119.10825993865728">
        <ele>5.48</ele>
      </trkpt>
      <trkpt lat="34.14377996698022" lon="-119.10823998972774">
        <ele>5.45</ele>
      </trkpt>
      <trkpt lat="34.14373998530209" lon="-119.1081899497658">
        <ele>5.42</ele>
      </trkpt>
      <trkpt lat="34.14364996366203" lon="-119.10808995366096">
        <ele>5.39</ele>
      </trkpt>
      <trkpt lat="34.14351996034384" lon="-119.1079399175942">
        <ele>5.37</ele>
      </trkpt>
      <trkpt lat="34.14331007748842" lon="-119.10770346410573">
        <ele>5.34</ele>
      </trkpt>
      <trkpt lat="34.14310019463301" lon="-119.10746692679822">
        <ele>5.32</ele>
      </trkpt>
      <trkpt lat="34.142889976501465" lon="-119.10722997039557">
        <ele>5.29</ele>
      </trkpt>
      <trkpt lat="34.14266341365874" lon="-119.10697340033948">
        <ele>5.27</ele>
      </trkpt>
      <trkpt lat="34.14243685081601" lon="-119.10671691410244">
        <ele>5.24</ele>
      </trkpt>
      <trkpt lat="34.14220995269716" lon="-119.1064599249512">
        <ele>5.22</ele>
      </trkpt>
      <trkpt lat="34.14207994937897" lon="-119.10630997270346">
        <ele>5.2</ele>
      </trkpt>
      <trkpt lat="34.14204994216561" lon="-119.1062799654901">
        <ele>5.17</ele>
      </trkpt>
      <trkpt lat="34.14191004820168" lon="-119.10612003877759">
        <ele>5.15</ele>
      </trkpt>
      <trkpt lat="34.141769986599684" lon="-119.10595994442701">
        <ele>5.13</ele>
      </trkpt>
      <trkpt lat="34.14161341264844" lon="-119.10578006878495">
        <ele>5.11</ele>
      </trkpt>
      <trkpt lat="34.14145675487816" lon="-119.10560010932386">
        <ele>5.09</ele>
      </trkpt>
      <trkpt lat="34.141299929469824" lon="-119.1054199822247">
        <ele>5.07</ele>
      </trkpt>
      <trkpt lat="34.141100104898214" lon="-119.10519677214324">
        <ele>5.05</ele>
      </trkpt>
      <trkpt lat="34.14090019650757" lon="-119.10497356206179">
        <ele>5.03</ele>
      </trkpt>
      <trkpt lat="34.140699952840805" lon="-119.10474993288517">
        <ele>5.01</ele>
      </trkpt>
      <trkpt lat="34.14059995673597" lon="-119.10463996231556">
        <ele>4.99</ele>
      </trkpt>
      <trkpt lat="34.140569949522614" lon="-119.10459998063743">
        <ele>4.97</ele>
      </trkpt>
      <trkpt lat="34.14048998616636" lon="-119.10450995899737">
        <ele>4.94</ele>
      </trkpt>
      <trkpt lat="34.140249928459525" lon="-119.10426998510957">
        <ele>4.92</ele>
      </trkpt>
      <trkpt lat="34.1400199290365" lon="-119.10405993461609">
        <ele>4.9</ele>
      </trkpt>
      <trkpt lat="34.13982354104519" lon="-119.10390017554164">
        <ele>4.88</ele>
      </trkpt>
      <trkpt lat="34.13962715305388" lon="-119.10374033264816">
        <ele>4.85</ele>
      </trkpt>
      <trkpt lat="34.13942992687225" lon="-119.10357998684049">
        <ele>4.83</ele>
      </trkpt>
      <trkpt lat="34.139171093702316" lon="-119.10337328910828">
        <ele>4.8</ele>
      </trkpt>
      <trkpt lat="34.13891217671335" lon="-119.1031666751951">
        <ele>4.78</ele>
      </trkpt>
      <trkpt lat="34.13865325972438" lon="-119.10295997746289">
        <ele>4.75</ele>
      </trkpt>
      <trkpt lat="34.13839442655444" lon="-119.10275327973068">
        <ele>4.72</ele>
      </trkpt>
      <trkpt lat="34.13813550956547" lon="-119.1025466658175">
        <ele>4.7</ele>
      </trkpt>
      <trkpt lat="34.137876592576504" lon="-119.10233996808529">
        <ele>4.67</ele>
      </trkpt>
      <trkpt lat="34.13761775940657" lon="-119.10213335417211">
        <ele>4.64</ele>
      </trkpt>
      <trkpt lat="34.1373588424176" lon="-119.1019266564399">
        <ele>4.6</ele>
      </trkpt>
      <trkpt lat="34.13709992542863" lon="-119.10172004252672">
        <ele>4.57</ele>
      </trkpt>
      <trkpt lat="34.13684100843966" lon="-119.10151334479451">
        <ele>4.54</ele>
      </trkpt>
      <trkpt lat="34.13658217526972" lon="-119.10130673088133">
        <ele>4.51</ele>
      </trkpt>
      <trkpt lat="34.136323258280754" lon="-119.10110003314912">
        <ele>4.47</ele>
      </trkpt>
      <trkpt lat="34.136059982702136" lon="-119.10088998265564">
        <ele>4.42</ele>
      </trkpt>
      <trkpt lat="34.13587348535657" lon="-119.1007368452847">
        <ele>4.37</ele>
      </trkpt>
      <trkpt lat="34.135687071830034" lon="-119.10058370791376">
        <ele>4.34</ele>
      </trkpt>
      <trkpt lat="34.135499987751245" lon="-119.10042998380959">
        <ele>4.3</ele>
      </trkpt>
      <trkpt lat="34.135239981114864" lon="-119.10023996606469">
        <ele>4.27</ele>
      </trkpt>
      <trkpt lat="34.13499531336129" lon="-119.10004525445402">
        <ele>4.24</ele>
      </trkpt>
      <trkpt lat="34.134749975055456" lon="-119.09984995611012">
        <ele>4.21</ele>
      </trkpt>
      <trkpt lat="34.13454352878034" lon="-119.0996868442744">
        <ele>4.18</ele>
      </trkpt>
      <trkpt lat="34.13433716632426" lon="-119.09952373243868">
        <ele>4.15</ele>
      </trkpt>
      <trkpt lat="34.13412996567786" lon="-119.09935995005071">
        <ele>4.13</ele>
      </trkpt>
      <trkpt lat="34.133965177461505" lon="-119.09923011437058">
        <ele>4.1</ele>
      </trkpt>
      <trkpt lat="34.133799970149994" lon="-119.09909994341433">
        <ele>4.08</ele>
      </trkpt>
      <trkpt lat="34.133629985153675" lon="-119.09895996563137">
        <ele>4.06</ele>
      </trkpt>
      <trkpt lat="34.133495120331645" lon="-119.09885007888079">
        <ele>4.04</ele>
      </trkpt>
      <trkpt lat="34.13335992023349" lon="-119.09873994067311">
        <ele>4.02</ele>
      </trkpt>
      <trkpt lat="34.13314995355904" lon="-119.09857993014157">
        <ele>4.0</ele>
      </trkpt>
      <trkpt lat="34.13296018727124" lon="-119.09842679277062">
        <ele>3.98</ele>
      </trkpt>
      <trkpt lat="34.132770420983434" lon="-119.09827365539968">
        <ele>3.97</ele>
      </trkpt>
      <trkpt lat="34.132579984143376" lon="-119.09811993129551">
        <ele>3.96</ele>
      </trkpt>
      <trkpt lat="34.132429948076606" lon="-119.09799998626113">
        <ele>3.94</ele>
      </trkpt>
      <trkpt lat="34.1322177182883" lon="-119.09782270900905">
        <ele>3.93</ele>
      </trkpt>
      <trkpt lat="34.1320054885" lon="-119.09764534793794">
        <ele>3.92</ele>
      </trkpt>
      <trkpt lat="34.131793258711696" lon="-119.09746807068586">
        <ele>3.91</ele>
      </trkpt>
      <trkpt lat="34.13157993927598" lon="-119.09728995524347">
        <ele>3.91</ele>
      </trkpt>
      <trkpt lat="34.1313577350229" lon="-119.09711016342044">
        <ele>3.9</ele>
      </trkpt>
      <trkpt lat="34.131135530769825" lon="-119.09693045541644">
        <ele>3.9</ele>
      </trkpt>
      <trkpt lat="34.13091332651675" lon="-119.09675066359341">
        <ele>3.89</ele>
      </trkpt>
      <trkpt lat="34.130689948797226" lon="-119.09656994976103">
        <ele>3.89</ele>
      </trkpt>
      <trkpt lat="34.13044528104365" lon="-119.09637398086488">
        <ele>3.89</ele>
      </trkpt>
      <trkpt lat="34.13020061329007" lon="-119.0961779281497">
        <ele>3.89</ele>
      </trkpt>
      <trkpt lat="34.129955945536494" lon="-119.09598195925355">
        <ele>3.89</ele>
      </trkpt>
      <trkpt lat="34.12971127778292" lon="-119.0957859903574">
        <ele>3.89</ele>
      </trkpt>
      <trkpt lat="34.12946652621031" lon="-119.09558993764222">
        <ele>3.89</ele>
      </trkpt>
      <trkpt lat="34.12922185845673" lon="-119.09539396874607">
        <ele>3.89</ele>
      </trkpt>
      <trkpt lat="34.128977190703154" lon="-119.09519799984992">
        <ele>3.89</ele>
      </trkpt>
      <trkpt lat="34.12872992455959" lon="-119.09499993547797">
        <ele>3.89</ele>
      </trkpt>
      <trkpt lat="34.12856522016227" lon="-119.09487009979784">
        <ele>3.9</ele>
      </trkpt>
      <trkpt lat="34.12839992903173" lon="-119.09473992884159">
        <ele>3.9</ele>
      </trkpt>
      <trkpt lat="34.12820689380169" lon="-119.09458352252841">
        <ele>3.9</ele>
      </trkpt>
      <trkpt lat="34.12801377475262" lon="-119.0944270323962">
        <ele>3.91</ele>
      </trkpt>
      <trkpt lat="34.12781998515129" lon="-119.09426995553076">
        <ele>3.91</ele>
      </trkpt>
      <trkpt lat="34.12778997793794" lon="-119.09423994831741">
        <ele>3.91</ele>
      </trkpt>
      <trkpt lat="34.127580262720585" lon="-119.09407516010106">
        <ele>3.92</ele>
      </trkpt>
      <trkpt lat="34.12736996077001" lon="-119.09390995278955">
        <ele>3.92</ele>
      </trkpt>
      <trkpt lat="34.127113642171025" lon="-119.09370518289506">
        <ele>3.93</ele>
      </trkpt>
      <trkpt lat="34.12685732357204" lon="-119.09350049681962">
        <ele>3.93</ele>
      </trkpt>
      <trkpt lat="34.126601004973054" lon="-119.09329572692513">
        <ele>3.93</ele>
      </trkpt>
      <trkpt lat="34.12634460255504" lon="-119.09309104084969">
        <ele>3.94</ele>
      </trkpt>
      <trkpt lat="34.12608828395605" lon="-119.0928862709552">
        <ele>3.94</ele>
      </trkpt>
      <trkpt lat="34.125829953700304" lon="-119.09267999231815">
        <ele>3.94</ele>
      </trkpt>
      <trkpt lat="34.125789972022176" lon="-119.0926499851048">
        <ele>3.95</ele>
      </trkpt>
      <trkpt lat="34.125639935955405" lon="-119.09252995625138">
        <ele>3.95</ele>
      </trkpt>
      <trkpt lat="34.1255799215287" lon="-119.09247991628945">
        <ele>3.96</ele>
      </trkpt>
      <trkpt lat="34.125549998134375" lon="-119.09244999289513">
        <ele>3.96</ele>
      </trkpt>
      <trkpt lat="34.12542996928096" lon="-119.09235997125506">
        <ele>3.96</ele>
      </trkpt>
      <trkpt lat="34.12524523213506" lon="-119.09221018664539">
        <ele>3.96</ele>
      </trkpt>
      <trkpt lat="34.125059992074966" lon="-119.09205998294055">
        <ele>3.97</ele>
      </trkpt>
      <trkpt lat="34.12499997764826" lon="-119.0920199174434">
        <ele>3.97</ele>
      </trkpt>
      <trkpt lat="34.12477525882423" lon="-119.0918402094394">
        <ele>3.97</ele>
      </trkpt>
      <trkpt lat="34.12454995326698" lon="-119.09165999852121">
        <ele>3.97</ele>
      </trkpt>
      <trkpt lat="34.12437016144395" lon="-119.09151683561504">
        <ele>3.98</ele>
      </trkpt>
      <trkpt lat="34.12419045343995" lon="-119.09137367270887">
        <ele>3.98</ele>
      </trkpt>
      <trkpt lat="34.12400999106467" lon="-119.09122992306948">
        <ele>3.98</ele>
      </trkpt>
      <trkpt lat="34.12383992224932" lon="-119.09108994528651">
        <ele>3.98</ele>
      </trkpt>
      <trkpt lat="34.123669937253" lon="-119.09095994196832">
        <ele>3.98</ele>
      </trkpt>
      <trkpt lat="34.123549992218614" lon="-119.09085994586349">
        <ele>3.98</ele>
      </trkpt>
      <trkpt lat="34.12331999279559" lon="-119.09068996086717">
        <ele>3.98</ele>
      </trkpt>
      <trkpt lat="34.12314020097256" lon="-119.090546797961">
        <ele>3.99</ele>
      </trkpt>
      <trkpt lat="34.12296040914953" lon="-119.09040363505483">
        <ele>3.99</ele>
      </trkpt>
      <trkpt lat="34.122779946774244" lon="-119.09025996923447">
        <ele>3.99</ele>
      </trkpt>
      <trkpt lat="34.12267995066941" lon="-119.09018998034298">
        <ele>3.99</ele>
      </trkpt>
      <trkpt lat="34.12249521352351" lon="-119.09004011191428">
        <ele>3.99</ele>
      </trkpt>
      <trkpt lat="34.122309973463416" lon="-119.08988999202847">
        <ele>3.99</ele>
      </trkpt>
      <trkpt lat="34.12215515971184" lon="-119.08976510167122">
        <ele>3.99</ele>
      </trkpt>
      <trkpt lat="34.1219999268651" lon="-119.08963995985687">
        <ele>3.99</ele>
      </trkpt>
      <trkpt lat="34.12183513864875" lon="-119.08951012417674">
        <ele>3.99</ele>
      </trkpt>
      <trkpt lat="34.12166993133724" lon="-119.08937995322049">
        <ele>4.0</ele>
      </trkpt>
      <trkpt lat="34.12157999351621" lon="-119.08929998986423">
        <ele>4.0</ele>
      </trkpt>
      <trkpt lat="34.12147999741137" lon="-119.08921994268894">
        <ele>4.0</ele>
      </trkpt>
      <trkpt lat="34.121339935809374" lon="-119.08910997211933">
        <ele>4.0</ele>
      </trkpt>
      <trkpt lat="34.12115997634828" lon="-119.08896999433637">
        <ele>4.0</ele>
      </trkpt>
      <trkpt lat="34.12115997634828" lon="-119.08895993605256">
        <ele>4.0</ele>
      </trkpt>
      <trkpt lat="34.12102997303009" lon="-119.08885993994772">
        <ele>4.01</ele>
      </trkpt>
      <trkpt lat="34.12096995860338" lon="-119.0888199582696">
        <ele>4.01</ele>
      </trkpt>
      <trkpt lat="34.12081992253661" lon="-119.08869992941618">
        <ele>4.01</ele>
      </trkpt>
      <trkpt lat="34.120589923113585" lon="-119.08850999549031">
        <ele>4.01</ele>
      </trkpt>
      <trkpt lat="34.12057994864881" lon="-119.0884999372065">
        <ele>4.02</ele>
      </trkpt>
      <trkpt lat="34.12033997476101" lon="-119.08830991946161">
        <ele>4.02</ele>
      </trkpt>
      <trkpt lat="34.12014995701611" lon="-119.0881499927491">
        <ele>4.02</ele>
      </trkpt>
      <trkpt lat="34.11992993205786" lon="-119.08796994946897">
        <ele>4.03</ele>
      </trkpt>
      <trkpt lat="34.119785176590085" lon="-119.08785511739552">
        <ele>4.03</ele>
      </trkpt>
      <trkpt lat="34.11963991820812" lon="-119.08773995004594">
        <ele>4.04</ele>
      </trkpt>
      <trkpt lat="34.11944520659745" lon="-119.08758513629436">
        <ele>4.04</ele>
      </trkpt>
      <trkpt lat="34.11924999207258" lon="-119.08742998726666">
        <ele>4.05</ele>
      </trkpt>
      <trkpt lat="34.118993589654565" lon="-119.08722354099154">
        <ele>4.05</ele>
      </trkpt>
      <trkpt lat="34.11873727105558" lon="-119.08701717853546">
        <ele>4.06</ele>
      </trkpt>
      <trkpt lat="34.11847994662821" lon="-119.08680997788906">
        <ele>4.06</ele>
      </trkpt>
      <trkpt lat="34.11832018755376" lon="-119.0866850875318">
        <ele>4.07</ele>
      </trkpt>
      <trkpt lat="34.118159925565124" lon="-119.08655994571745">
        <ele>4.07</ele>
      </trkpt>
      <trkpt lat="34.11797518841922" lon="-119.08641016110778">
        <ele>4.08</ele>
      </trkpt>
      <trkpt lat="34.11778994835913" lon="-119.08625995740294">
        <ele>4.08</ele>
      </trkpt>
      <trkpt lat="34.11763513460755" lon="-119.08613515086472">
        <ele>4.09</ele>
      </trkpt>
      <trkpt lat="34.11747998557985" lon="-119.08600992523134">
        <ele>4.09</ele>
      </trkpt>
      <trkpt lat="34.11732014268637" lon="-119.08588511869311">
        <ele>4.1</ele>
      </trkpt>
      <trkpt lat="34.11715996451676" lon="-119.08575997687876">
        <ele>4.11</ele>
      </trkpt>
      <trkpt lat="34.11700515076518" lon="-119.0856350865215">
        <ele>4.11</ele>
      </trkpt>
      <trkpt lat="34.116849917918444" lon="-119.08550994470716">
        <ele>4.12</ele>
      </trkpt>
      <trkpt lat="34.11675998009741" lon="-119.08543995581567">
        <ele>4.12</ele>
      </trkpt>
      <trkpt lat="34.116589995101094" lon="-119.08529997803271">
        <ele>4.12</ele>
      </trkpt>
      <trkpt lat="34.11637022159994" lon="-119.08512521535158">
        <ele>4.13</ele>
      </trkpt>
      <trkpt lat="34.11614994518459" lon="-119.08494994975626">
        <ele>4.13</ele>
      </trkpt>
      <trkpt lat="34.11601013503969" lon="-119.08483511768281">
        <ele>4.13</ele>
      </trkpt>
      <trkpt lat="34.11586998961866" lon="-119.08471995033324">
        <ele>4.14</ele>
      </trkpt>
      <trkpt lat="34.11567687056959" lon="-119.0845668129623">
        <ele>4.14</ele>
      </trkpt>
      <trkpt lat="34.115483835339546" lon="-119.08441367559135">
        <ele>4.14</ele>
      </trkpt>
      <trkpt lat="34.11528996191919" lon="-119.08425995148718">
        <ele>4.14</ele>
      </trkpt>
      <trkpt lat="34.11507027223706" lon="-119.08408518880606">
        <ele>4.14</ele>
      </trkpt>
      <trkpt lat="34.114849995821714" lon="-119.08390992321074">
        <ele>4.13</ele>
      </trkpt>
      <trkpt lat="34.11463022232056" lon="-119.08373021520674">
        <ele>4.13</ele>
      </trkpt>
      <trkpt lat="34.11440994590521" lon="-119.08354992046952">
        <ele>4.13</ele>
      </trkpt>
      <trkpt lat="34.11423023790121" lon="-119.0834251139313">
        <ele>4.12</ele>
      </trkpt>
      <trkpt lat="34.11404994316399" lon="-119.08329997211695">
        <ele>4.11</ele>
      </trkpt>
      <trkpt lat="34.11391516216099" lon="-119.08319008536637">
        <ele>4.1</ele>
      </trkpt>
      <trkpt lat="34.113779962062836" lon="-119.0830799471587">
        <ele>4.09</ele>
      </trkpt>
      <trkpt lat="34.113570246845484" lon="-119.08291021361947">
        <ele>4.08</ele>
      </trkpt>
      <trkpt lat="34.11335994489491" lon="-119.08273997716606">
        <ele>4.07</ele>
      </trkpt>
      <trkpt lat="34.11325994879007" lon="-119.08266998827457">
        <ele>4.05</ele>
      </trkpt>
      <trkpt lat="34.11309013143182" lon="-119.08253009431064">
        <ele>4.03</ele>
      </trkpt>
      <trkpt lat="34.112919978797436" lon="-119.08238994888961">
        <ele>4.02</ele>
      </trkpt>
      <trkpt lat="34.11268997937441" lon="-119.08220998942852">
        <ele>3.99</ele>
      </trkpt>
      <trkpt lat="34.112525191158056" lon="-119.0820801537484">
        <ele>3.97</ele>
      </trkpt>
      <trkpt lat="34.112359983846545" lon="-119.08194998279214">
        <ele>3.95</ele>
      </trkpt>
      <trkpt lat="34.112180192023516" lon="-119.08180681988597">
        <ele>3.92</ele>
      </trkpt>
      <trkpt lat="34.112000400200486" lon="-119.0816636569798">
        <ele>3.89</ele>
      </trkpt>
      <trkpt lat="34.1118199378252" lon="-119.08151999115944">
        <ele>3.86</ele>
      </trkpt>
      <trkpt lat="34.111779956147075" lon="-119.08148998394608">
        <ele>3.83</ele>
      </trkpt>
      <trkpt lat="34.1117699816823" lon="-119.08148998394608">
        <ele>3.8</ele>
      </trkpt>
      <trkpt lat="34.11156026646495" lon="-119.0813301410526">
        <ele>3.76</ele>
      </trkpt>
      <trkpt lat="34.111349964514375" lon="-119.081169962883">
        <ele>3.73</ele>
      </trkpt>
      <trkpt lat="34.11116019822657" lon="-119.08102512359619">
        <ele>3.69</ele>
      </trkpt>
      <trkpt lat="34.11096992902458" lon="-119.08087994903326">
        <ele>3.65</ele>
      </trkpt>
      <trkpt lat="34.110899940133095" lon="-119.08081993460655">
        <ele>3.61</ele>
      </trkpt>
      <trkpt lat="34.11071017384529" lon="-119.08067014999688">
        <ele>3.56</ele>
      </trkpt>
      <trkpt lat="34.11051998846233" lon="-119.08051994629204">
        <ele>3.52</ele>
      </trkpt>
      <trkpt lat="34.110299963504076" lon="-119.08034996129572">
        <ele>3.44</ele>
      </trkpt>
      <trkpt lat="34.110189992934465" lon="-119.08025993965566">
        <ele>3.4</ele>
      </trkpt>
      <trkpt lat="34.11011992022395" lon="-119.08021995797753">
        <ele>3.35</ele>
      </trkpt>
      <trkpt lat="34.11000994965434" lon="-119.08009992912412">
        <ele>3.31</ele>
      </trkpt>
      <trkpt lat="34.1098652780056" lon="-119.08002013340592">
        <ele>3.27</ele>
      </trkpt>
      <trkpt lat="34.109719935804605" lon="-119.07993991859257">
        <ele>3.22</ele>
      </trkpt>
      <trkpt lat="34.10959999077022" lon="-119.07988996244967">
        <ele>3.18</ele>
      </trkpt>
      <trkpt lat="34.109459929168224" lon="-119.07981997355819">
        <ele>3.14</ele>
      </trkpt>
      <trkpt lat="34.10916999913752" lon="-119.07972995191813">
        <ele>3.11</ele>
      </trkpt>
      <trkpt lat="34.10901996307075" lon="-119.07967999577522">
        <ele>3.09</ele>
      </trkpt>
      <trkpt lat="34.108879985287786" lon="-119.07964998856187">
        <ele>3.04</ele>
      </trkpt>
      <trkpt lat="34.10884997807443" lon="-119.07963993027806">
        <ele>3.01</ele>
      </trkpt>
      <trkpt lat="34.1085856128484" lon="-119.07957010902464">
        <ele>2.96</ele>
      </trkpt>
      <trkpt lat="34.108319990336895" lon="-119.0794999524951">
        <ele>2.93</ele>
      </trkpt>
      <trkpt lat="34.10808554850519" lon="-119.07944010570645">
        <ele>2.9</ele>
      </trkpt>
      <trkpt lat="34.107849933207035" lon="-119.07937992364168">
        <ele>2.87</ele>
      </trkpt>
      <trkpt lat="34.10762554965913" lon="-119.07933005131781">
        <ele>2.84</ele>
      </trkpt>
      <trkpt lat="34.10739999264479" lon="-119.07927992753685">
        <ele>2.82</ele>
      </trkpt>
      <trkpt lat="34.107119953259826" lon="-119.07926995307207">
        <ele>2.79</ele>
      </trkpt>
      <trkpt lat="34.10693043842912" lon="-119.07928990200162">
        <ele>2.78</ele>
      </trkpt>
      <trkpt lat="34.10673991777003" lon="-119.0793099347502">
        <ele>2.76</ele>
      </trkpt>
      <trkpt lat="34.10654998384416" lon="-119.07934991642833">
        <ele>2.74</ele>
      </trkpt>
      <trkpt lat="34.106539925560355" lon="-119.07935997471213">
        <ele>2.73</ele>
      </trkpt>
      <trkpt lat="34.10637999884784" lon="-119.07939995639026">
        <ele>2.73</ele>
      </trkpt>
      <trkpt lat="34.106369940564036" lon="-119.07940993085504">
        <ele>2.72</ele>
      </trkpt>
      <trkpt lat="34.106279918923974" lon="-119.07943993806839">
        <ele>2.72</ele>
      </trkpt>
      <trkpt lat="34.10622996278107" lon="-119.07945997081697">
        <ele>2.72</ele>
      </trkpt>
      <trkpt lat="34.10619995556772" lon="-119.07946994528174">
        <ele>2.72</ele>
      </trkpt>
      <trkpt lat="34.1060799267143" lon="-119.07950992695987">
        <ele>2.73</ele>
      </trkpt>
      <trkpt lat="34.1060299705714" lon="-119.07952995970845">
        <ele>2.74</ele>
      </trkpt>
      <trkpt lat="34.106019996106625" lon="-119.07953993417323">
        <ele>2.75</ele>
      </trkpt>
      <trkpt lat="34.105939948931336" lon="-119.07956994138658">
        <ele>2.77</ele>
      </trkpt>
      <trkpt lat="34.10568991675973" lon="-119.07965996302664">
        <ele>2.79</ele>
      </trkpt>
      <trkpt lat="34.10548045299947" lon="-119.07973481342196">
        <ele>2.81</ele>
      </trkpt>
      <trkpt lat="34.105269983410835" lon="-119.07980999909341">
        <ele>2.84</ele>
      </trkpt>
      <trkpt lat="34.105040486902" lon="-119.07989474013448">
        <ele>2.87</ele>
      </trkpt>
      <trkpt lat="34.10480998456478" lon="-119.07997998408973">
        <ele>2.91</ele>
      </trkpt>
      <trkpt lat="34.10464997403324" lon="-119.08003999851644">
        <ele>2.94</ele>
      </trkpt>
      <trkpt lat="34.10445040091872" lon="-119.08010981976986">
        <ele>2.98</ele>
      </trkpt>
      <trkpt lat="34.10424998961389" lon="-119.0801799762994">
        <ele>3.03</ele>
      </trkpt>
      <trkpt lat="34.10405997186899" lon="-119.08024996519089">
        <ele>3.08</ele>
      </trkpt>
      <trkpt lat="34.103959975764155" lon="-119.08027997240424">
        <ele>3.13</ele>
      </trkpt>
      <trkpt lat="34.10391999408603" lon="-119.08029992133379">
        <ele>3.18</ele>
      </trkpt>
      <trkpt lat="34.10378999076784" lon="-119.08034996129572">
        <ele>3.23</ele>
      </trkpt>
      <trkpt lat="34.10377993248403" lon="-119.08034996129572">
        <ele>3.29</ele>
      </trkpt>
      <trkpt lat="34.10359536297619" lon="-119.08041978254914">
        <ele>3.36</ele>
      </trkpt>
      <trkpt lat="34.10340995527804" lon="-119.08048993907869">
        <ele>3.46</ele>
      </trkpt>
      <trkpt lat="34.103255309164524" lon="-119.08054978586733">
        <ele>3.52</ele>
      </trkpt>
      <trkpt lat="34.103099992498755" lon="-119.0806099679321">
        <ele>3.58</ele>
      </trkpt>
      <trkpt lat="34.10295029170811" lon="-119.08067484386265">
        <ele>3.66</ele>
      </trkpt>
      <trkpt lat="34.102799920365214" lon="-119.0807399712503">
        <ele>3.74</ele>
      </trkpt>
      <trkpt lat="34.102759938687086" lon="-119.08075992017984">
        <ele>3.8</ele>
      </trkpt>
      <trkpt lat="34.102499932050705" lon="-119.08088992349803">
        <ele>3.86</ele>
      </trkpt>
      <trkpt lat="34.102279990911484" lon="-119.08098991960287">
        <ele>3.91</ele>
      </trkpt>
      <trkpt lat="34.10217999480665" lon="-119.08102998510003">
        <ele>3.99</ele>
      </trkpt>
      <trkpt lat="34.10202995873988" lon="-119.08106996677816">
        <ele>4.08</ele>
      </trkpt>
      <trkpt lat="34.10192996263504" lon="-119.08108999952674">
        <ele>4.15</ele>
      </trkpt>
      <trkpt lat="34.101809933781624" lon="-119.08109997399151">
        <ele>4.22</ele>
      </trkpt>
      <trkpt lat="34.10167993046343" lon="-119.08109997399151">
        <ele>4.29</ele>
      </trkpt>
      <trkpt lat="34.10160994157195" lon="-119.08108999952674">
        <ele>4.37</ele>
      </trkpt>
      <trkpt lat="34.10156995989382" lon="-119.08108999952674">
        <ele>4.44</ele>
      </trkpt>
      <trkpt lat="34.10154992714524" lon="-119.08107994124293">
        <ele>4.51</ele>
      </trkpt>
      <trkpt lat="34.101509945467114" lon="-119.08107994124293">
        <ele>4.59</ele>
      </trkpt>
      <trkpt lat="34.101379942148924" lon="-119.08104993402958">
        <ele>4.67</ele>
      </trkpt>
      <trkpt lat="34.10127994604409" lon="-119.08101992681623">
        <ele>4.75</ele>
      </trkpt>
      <trkpt lat="34.10119998268783" lon="-119.0809799451381">
        <ele>4.83</ele>
      </trkpt>
      <trkpt lat="34.10112999379635" lon="-119.08094993792474">
        <ele>4.9</ele>
      </trkpt>
      <trkpt lat="34.10102999769151" lon="-119.08088992349803">
        <ele>4.97</ele>
      </trkpt>
      <trkpt lat="34.10091994330287" lon="-119.08080996014178">
        <ele>5.1</ele>
      </trkpt>
      <trkpt lat="34.100799998268485" lon="-119.08069998957217">
        <ele>5.24</ele>
      </trkpt>
      <trkpt lat="34.1007199510932" lon="-119.08062991686165">
        <ele>5.25</ele>
      </trkpt>
      <trkpt lat="34.100649962201715" lon="-119.08053997904062">
        <ele>5.39</ele>
      </trkpt>
      <trkpt lat="34.10055994056165" lon="-119.08042992465198">
        <ele>5.41</ele>
      </trkpt>
      <trkpt lat="34.100459944456816" lon="-119.08026999793947">
        <ele>5.52</ele>
      </trkpt>
      <trkpt lat="34.100354919210076" lon="-119.08010990358889">
        <ele>5.46</ele>
      </trkpt>
      <trkpt lat="34.10024997778237" lon="-119.07994997687638">
        <ele>5.47</ele>
      </trkpt>
      <trkpt lat="34.100159956142306" lon="-119.07981997355819">
        <ele>5.51</ele>
      </trkpt>
      <trkpt lat="34.09995996393263" lon="-119.07958997413516">
        <ele>5.54</ele>
      </trkpt>
      <trkpt lat="34.09986994229257" lon="-119.07946994528174">
        <ele>5.59</ele>
      </trkpt>
      <trkpt lat="34.09983993507922" lon="-119.07942996360362">
        <ele>5.66</ele>
      </trkpt>
      <trkpt lat="34.09971999004483" lon="-119.0792599786073">
        <ele>5.75</ele>
      </trkpt>
      <trkpt lat="34.09960993565619" lon="-119.0791299752891">
        <ele>5.91</ele>
      </trkpt>
      <trkpt lat="34.09956995397806" lon="-119.0790699608624">
        <ele>6.01</ele>
      </trkpt>
      <trkpt lat="34.099404998123646" lon="-119.07885001972318">
        <ele>6.21</ele>
      </trkpt>
      <trkpt lat="34.0992399584502" lon="-119.07862999476492">
        <ele>6.25</ele>
      </trkpt>
      <trkpt lat="34.099059998989105" lon="-119.0783999953419">
        <ele>6.34</ele>
      </trkpt>
      <trkpt lat="34.09891993738711" lon="-119.078209977597">
        <ele>6.42</ele>
      </trkpt>
      <trkpt lat="34.098869981244206" lon="-119.07813998870552">
        <ele>6.56</ele>
      </trkpt>
      <trkpt lat="34.098759926855564" lon="-119.07798995263875">
        <ele>6.78</ele>
      </trkpt>
      <trkpt lat="34.09874995239079" lon="-119.07796991989017">
        <ele>6.97</ele>
      </trkpt>
      <trkpt lat="34.098609974607825" lon="-119.07776992768049">
        <ele>7.13</ele>
      </trkpt>
      <trkpt lat="34.09854996018112" lon="-119.07767998985946">
        <ele>7.36</ele>
      </trkpt>
      <trkpt lat="34.09851995296776" lon="-119.0776399243623">
        <ele>7.6</ele>
      </trkpt>
      <trkpt lat="34.09846999682486" lon="-119.07755996100605">
        <ele>7.84</ele>
      </trkpt>
      <trkpt lat="34.09844996407628" lon="-119.07751997932792">
        <ele>8.12</ele>
      </trkpt>
      <trkpt lat="34.0984299313277" lon="-119.07744999043643">
        <ele>8.42</ele>
      </trkpt>
      <trkpt lat="34.09830328077078" lon="-119.07724656164646">
        <ele>8.73</ele>
      </trkpt>
      <trkpt lat="34.098176546394825" lon="-119.07704321667552">
        <ele>9.08</ele>
      </trkpt>
      <trkpt lat="34.098049979656935" lon="-119.07683995552361">
        <ele>9.44</ele>
      </trkpt>
      <trkpt lat="34.09793992526829" lon="-119.07665991224349">
        <ele>9.81</ele>
      </trkpt>
      <trkpt lat="34.09782995469868" lon="-119.07647995278239">
        <ele>10.23</ele>
      </trkpt>
      <trkpt lat="34.09779994748533" lon="-119.07642999663949">
        <ele>10.65</ele>
      </trkpt>
      <trkpt lat="34.097729958593845" lon="-119.0762999933213">
        <ele>11.18</ele>
      </trkpt>
      <trkpt lat="34.09758998081088" lon="-119.07603998668492">
        <ele>11.62</ele>
      </trkpt>
      <trkpt lat="34.09746492281556" lon="-119.07580981962383">
        <ele>12.02</ele>
      </trkpt>
      <trkpt lat="34.097339948639274" lon="-119.07557998783886">
        <ele>12.42</ele>
      </trkpt>
      <trkpt lat="34.09722989425063" lon="-119.07537488266826">
        <ele>12.87</ele>
      </trkpt>
      <trkpt lat="34.09711992368102" lon="-119.07516994513571">
        <ele>13.48</ele>
      </trkpt>
      <trkpt lat="34.096979862079024" lon="-119.0749098546803">
        <ele>13.93</ele>
      </trkpt>
      <trkpt lat="34.09683996811509" lon="-119.07464993186295">
        <ele>14.48</ele>
      </trkpt>
      <trkpt lat="34.09669487737119" lon="-119.07438481226563">
        <ele>14.77</ele>
      </trkpt>
      <trkpt lat="34.096549954265356" lon="-119.07411994412541">
        <ele>15.42</ele>
      </trkpt>
      <trkpt lat="34.09641324542463" lon="-119.0738664753735">
        <ele>15.87</ele>
      </trkpt>
      <trkpt lat="34.09627645276487" lon="-119.0736130066216">
        <ele>16.32</ele>
      </trkpt>
      <trkpt lat="34.096139995381236" lon="-119.07335995696485">
        <ele>16.62</ele>
      </trkpt>
      <trkpt lat="34.09598484635353" lon="-119.07307480461895">
        <ele>17.01</ele>
      </trkpt>
      <trkpt lat="34.09582994878292" lon="-119.07278998754919">
        <ele>17.21</ele>
      </trkpt>
      <trkpt lat="34.095734898000956" lon="-119.07260986045003">
        <ele>17.65</ele>
      </trkpt>
      <trkpt lat="34.09563993103802" lon="-119.07242998480797">
        <ele>17.99</ele>
      </trkpt>
      <trkpt lat="34.09554999321699" lon="-119.07226997427642">
        <ele>18.29</ele>
      </trkpt>
      <trkpt lat="34.09545997157693" lon="-119.0720899309963">
        <ele>18.29</ele>
      </trkpt>
      <trkpt lat="34.09536994993687" lon="-119.07189999707043">
        <ele>18.11</ele>
      </trkpt>
      <trkpt lat="34.095299961045384" lon="-119.0717199537903">
        <ele>18.05</ele>
      </trkpt>
      <trkpt lat="34.09519996494055" lon="-119.07144997268915">
        <ele>18.1</ele>
      </trkpt>
      <trkpt lat="34.095149924978614" lon="-119.07127998769283">
        <ele>18.29</ele>
      </trkpt>
      <trkpt lat="34.09509996883571" lon="-119.07110991887748">
        <ele>18.42</ele>
      </trkpt>
      <trkpt lat="34.09508999437094" lon="-119.07109994441271">
        <ele>18.29</ele>
      </trkpt>
      <trkpt lat="34.09507993608713" lon="-119.07106993719935">
        <ele>18.14</ele>
      </trkpt>
      <trkpt lat="34.09501992166042" lon="-119.07085997052491">
        <ele>18.05</ele>
      </trkpt>
      <trkpt lat="34.094979939982295" lon="-119.07071999274194">
        <ele>17.68</ele>
      </trkpt>
      <trkpt lat="34.09492998383939" lon="-119.07057993113995">
        <ele>17.24</ele>
      </trkpt>
      <trkpt lat="34.094869969412684" lon="-119.07040994614363">
        <ele>16.81</ele>
      </trkpt>
      <trkpt lat="34.0947999805212" lon="-119.07025999389589">
        <ele>16.25</ele>
      </trkpt>
      <trkpt lat="34.094739966094494" lon="-119.07011993229389">
        <ele>15.74</ele>
      </trkpt>
      <trkpt lat="34.09463996998966" lon="-119.0699399728328">
        <ele>15.22</ele>
      </trkpt>
      <trkpt lat="34.09451994113624" lon="-119.06973998062313">
        <ele>14.5</ele>
      </trkpt>
      <trkpt lat="34.094399996101856" lon="-119.06956999562681">
        <ele>13.92</ele>
      </trkpt>
      <trkpt lat="34.09427996724844" lon="-119.06940998509526">
        <ele>13.41</ele>
      </trkpt>
      <trkpt lat="34.094249960035086" lon="-119.0693699195981">
        <ele>12.85</ele>
      </trkpt>
      <trkpt lat="34.09408500418067" lon="-119.06914000399411">
        <ele>12.32</ele>
      </trkpt>
      <trkpt lat="34.09391996450722" lon="-119.06890992075205">
        <ele>11.72</ele>
      </trkpt>
      <trkpt lat="34.09389993175864" lon="-119.06887999735773">
        <ele>11.16</ele>
      </trkpt>
      <trkpt lat="34.093709997832775" lon="-119.06862501986325">
        <ele>10.59</ele>
      </trkpt>
      <trkpt lat="34.093519980087876" lon="-119.06836995854974">
        <ele>10.02</ele>
      </trkpt>
      <trkpt lat="34.093364998698235" lon="-119.06814993359149">
        <ele>9.47</ele>
      </trkpt>
      <trkpt lat="34.09320993348956" lon="-119.06792999245226">
        <ele>8.96</ele>
      </trkpt>
      <trkpt lat="34.093024944886565" lon="-119.06767501495779">
        <ele>8.4</ele>
      </trkpt>
      <trkpt lat="34.0928400401026" lon="-119.06742003746331">
        <ele>7.85</ele>
      </trkpt>
      <trkpt lat="34.092655051499605" lon="-119.06716505996883">
        <ele>7.36</ele>
      </trkpt>
      <trkpt lat="34.09246997907758" lon="-119.06690999865532">
        <ele>6.85</ele>
      </trkpt>
      <trkpt lat="34.09232991747558" lon="-119.06671998091042">
        <ele>6.36</ele>
      </trkpt>
      <trkpt lat="34.09214995801449" lon="-119.06650993041694">
        <ele>5.91</ele>
      </trkpt>
      <trkpt lat="34.09199992194772" lon="-119.0663499198854">
        <ele>5.49</ele>
      </trkpt>
      <trkpt lat="34.091819962486625" lon="-119.06615998595953">
        <ele>5.09</ele>
      </trkpt>
      <trkpt lat="34.091669926419854" lon="-119.06602998264134">
        <ele>4.71</ele>
      </trkpt>
      <trkpt lat="34.091559955850244" lon="-119.0659299865365">
        <ele>4.36</ele>
      </trkpt>
      <trkpt lat="34.091519974172115" lon="-119.06589997932315">
        <ele>4.03</ele>
      </trkpt>
      <trkpt lat="34.091270277276635" lon="-119.06568355858326">
        <ele>3.74</ele>
      </trkpt>
      <trkpt lat="34.09102049656212" lon="-119.06546713784337">
        <ele>3.49</ele>
      </trkpt>
      <trkpt lat="34.090769961476326" lon="-119.0652499627322">
        <ele>3.25</ele>
      </trkpt>
      <trkpt lat="34.0905452426523" lon="-119.06505516730249">
        <ele>3.06</ele>
      </trkpt>
      <trkpt lat="34.090319937095046" lon="-119.06485995277762">
        <ele>2.91</ele>
      </trkpt>
      <trkpt lat="34.09010024741292" lon="-119.06467521563172">
        <ele>2.75</ele>
      </trkpt>
      <trkpt lat="34.08987997099757" lon="-119.06448997557163">
        <ele>2.64</ele>
      </trkpt>
      <trkpt lat="34.0898699965328" lon="-119.06447991728783">
        <ele>2.55</ele>
      </trkpt>
      <trkpt lat="34.08968014642596" lon="-119.06431512907147">
        <ele>2.47</ele>
      </trkpt>
      <trkpt lat="34.089489961043" lon="-119.06414992175996">
        <ele>2.49</ele>
      </trkpt>
      <trkpt lat="34.08935995772481" lon="-119.06403995119035">
        <ele>2.53</ele>
      </trkpt>
      <trkpt lat="34.08928996883333" lon="-119.06398999504745">
        <ele>2.54</ele>
      </trkpt>
      <trkpt lat="34.08914999105036" lon="-119.06385999172926">
        <ele>2.62</ele>
      </trkpt>
      <trkpt lat="34.08898998051882" lon="-119.06372998841107">
        <ele>2.71</ele>
      </trkpt>
      <trkpt lat="34.08883013762534" lon="-119.06359009444714">
        <ele>2.87</ele>
      </trkpt>
      <trkpt lat="34.08866995945573" lon="-119.06344994902611">
        <ele>3.03</ele>
      </trkpt>
      <trkpt lat="34.08851514570415" lon="-119.0633051097393">
        <ele>3.26</ele>
      </trkpt>
      <trkpt lat="34.088359996676445" lon="-119.06315993517637">
        <ele>3.49</ele>
      </trkpt>
      <trkpt lat="34.08830995671451" lon="-119.06310997903347">
        <ele>3.77</ele>
      </trkpt>
      <trkpt lat="34.08808993175626" lon="-119.06287997961044">
        <ele>4.16</ele>
      </trkpt>
      <trkpt lat="34.08806998282671" lon="-119.06287997961044">
        <ele>4.5</ele>
      </trkpt>
      <trkpt lat="34.08804995007813" lon="-119.06287997961044">
        <ele>4.87</ele>
      </trkpt>
      <trkpt lat="34.08802991732955" lon="-119.06287997961044">
        <ele>5.27</ele>
      </trkpt>
      <trkpt lat="34.088019942864776" lon="-119.06286992132664">
        <ele>5.72</ele>
      </trkpt>
      <trkpt lat="34.08798993565142" lon="-119.06283999793231">
        <ele>6.19</ele>
      </trkpt>
      <trkpt lat="34.08795992843807" lon="-119.06279993243515">
        <ele>6.72</ele>
      </trkpt>
      <trkpt lat="34.087909972295165" lon="-119.06274997629225">
        <ele>7.29</ele>
      </trkpt>
      <trkpt lat="34.08783998340368" lon="-119.06266992911696">
        <ele>7.86</ele>
      </trkpt>
      <trkpt lat="34.08780997619033" lon="-119.06262994743884">
        <ele>8.46</ele>
      </trkpt>
      <trkpt lat="34.08768994733691" lon="-119.0624799951911">
        <ele>9.16</ele>
      </trkpt>
      <trkpt lat="34.08761995844543" lon="-119.06237999908626">
        <ele>9.84</ele>
      </trkpt>
      <trkpt lat="34.08753999508917" lon="-119.06225997023284">
        <ele>10.49</ele>
      </trkpt>
      <trkpt lat="34.08748995512724" lon="-119.06217992305756">
        <ele>11.3</ele>
      </trkpt>
      <trkpt lat="34.087479980662465" lon="-119.06215997412801">
        <ele>12.11</ele>
      </trkpt>
      <trkpt lat="34.08740999177098" lon="-119.06203994527459">
        <ele>12.96</ele>
      </trkpt>
      <trkpt lat="34.08737998455763" lon="-119.06199996359646">
        <ele>13.79</ele>
      </trkpt>
      <trkpt lat="34.08729993738234" lon="-119.06186996027827">
        <ele>14.69</ele>
      </trkpt>
      <trkpt lat="34.08729993738234" lon="-119.0618599858135">
        <ele>15.61</ele>
      </trkpt>
      <trkpt lat="34.08724998123944" lon="-119.06177993863821">
        <ele>16.52</ele>
      </trkpt>
      <trkpt lat="34.087199941277504" lon="-119.06168991699815">
        <ele>17.53</ele>
      </trkpt>
      <trkpt lat="34.087199941277504" lon="-119.06167994253337">
        <ele>18.54</ele>
      </trkpt>
      <trkpt lat="34.0871499851346" lon="-119.06159997917712">
        <ele>19.64</ele>
      </trkpt>
      <trkpt lat="34.08709994517267" lon="-119.06150995753706">
        <ele>20.69</ele>
      </trkpt>
      <trkpt lat="34.08709994517267" lon="-119.06149998307228">
        <ele>21.76</ele>
      </trkpt>
      <trkpt lat="34.08705996349454" lon="-119.06140996143222">
        <ele>22.84</ele>
      </trkpt>
      <trkpt lat="34.087009923532605" lon="-119.06130996532738">
        <ele>23.93</ele>
      </trkpt>
      <trkpt lat="34.08692996017635" lon="-119.06111994758248">
        <ele>25.12</ele>
      </trkpt>
      <trkpt lat="34.086919985711575" lon="-119.06108994036913">
        <ele>26.3</ele>
      </trkpt>
      <trkpt lat="34.08684999682009" lon="-119.06092992983758">
        <ele>27.61</ele>
      </trkpt>
      <trkpt lat="34.08684999682009" lon="-119.06091995537281">
        <ele>28.72</ele>
      </trkpt>
      <trkpt lat="34.086839938536286" lon="-119.06090998090804">
        <ele>29.8</ele>
      </trkpt>
      <trkpt lat="34.08681998960674" lon="-119.06083999201655">
        <ele>30.94</ele>
      </trkpt>
      <trkpt lat="34.08677992410958" lon="-119.06072993762791">
        <ele>32.16</ele>
      </trkpt>
      <trkpt lat="34.086769949644804" lon="-119.06069993041456">
        <ele>33.22</ele>
      </trkpt>
      <trkpt lat="34.086709935218096" lon="-119.06053991988301">
        <ele>34.39</ele>
      </trkpt>
      <trkpt lat="34.086709935218096" lon="-119.06052994541824">
        <ele>35.38</ele>
      </trkpt>
      <trkpt lat="34.08669996075332" lon="-119.06051997095346">
        <ele>36.32</ele>
      </trkpt>
      <trkpt lat="34.08663994632661" lon="-119.06033992767334">
        <ele>37.44</ele>
      </trkpt>
      <trkpt lat="34.08663994632661" lon="-119.06032995320857">
        <ele>38.28</ele>
      </trkpt>
      <trkpt lat="34.08663994632661" lon="-119.06031997874379">
        <ele>39.06</ele>
      </trkpt>
      <trkpt lat="34.086579931899905" lon="-119.06010992825031">
        <ele>39.88</ele>
      </trkpt>
      <trkpt lat="34.086529975757" lon="-119.05994991771877">
        <ele>40.38</ele>
      </trkpt>
      <trkpt lat="34.0865199174732" lon="-119.05990993604064">
        <ele>41.0</ele>
      </trkpt>
      <trkpt lat="34.086489994078875" lon="-119.05976995825768">
        <ele>41.68</ele>
      </trkpt>
      <trkpt lat="34.08647993579507" lon="-119.05970994383097">
        <ele>42.02</ele>
      </trkpt>
      <trkpt lat="34.08647993579507" lon="-119.05969996936619">
        <ele>42.41</ele>
      </trkpt>
      <trkpt lat="34.08643995411694" lon="-119.05951992608607">
        <ele>42.54</ele>
      </trkpt>
      <trkpt lat="34.086409946903586" lon="-119.05933996662498">
        <ele>42.81</ele>
      </trkpt>
      <trkpt lat="34.08639997243881" lon="-119.05926997773349">
        <ele>43.03</ele>
      </trkpt>
      <trkpt lat="34.08636996522546" lon="-119.05905992724001">
        <ele>43.54</ele>
      </trkpt>
      <trkpt lat="34.086359990760684" lon="-119.05898993834853">
        <ele>43.76</ele>
      </trkpt>
      <trkpt lat="34.08630995079875" lon="-119.0587099827826">
        <ele>43.68</ele>
      </trkpt>
      <trkpt lat="34.08626996912062" lon="-119.05843991786242">
        <ele>43.28</ele>
      </trkpt>
      <trkpt lat="34.08621992915869" lon="-119.05816993676126">
        <ele>42.94</ele>
      </trkpt>
      <trkpt lat="34.08618992194533" lon="-119.05795997008681">
        <ele>42.78</ele>
      </trkpt>
      <trkpt lat="34.086149940267205" lon="-119.05768998898566">
        <ele>42.57</ele>
      </trkpt>
      <trkpt lat="34.08612999133766" lon="-119.05756996013224">
        <ele>42.26</ele>
      </trkpt>
      <trkpt lat="34.08610995858908" lon="-119.05739997513592">
        <ele>41.87</ele>
      </trkpt>
      <trkpt lat="34.08605991862714" lon="-119.05711993575096">
        <ele>41.56</ele>
      </trkpt>
      <trkpt lat="34.08602999523282" lon="-119.05692991800606">
        <ele>41.31</ele>
      </trkpt>
      <trkpt lat="34.086019936949015" lon="-119.05682992190123">
        <ele>41.09</ele>
      </trkpt>
      <trkpt lat="34.085999988019466" lon="-119.05671995133162">
        <ele>40.65</ele>
      </trkpt>
      <trkpt lat="34.08598992973566" lon="-119.05665993690491">
        <ele>40.23</ele>
      </trkpt>
      <trkpt lat="34.08596998080611" lon="-119.05646991916001">
        <ele>39.81</ele>
      </trkpt>
      <trkpt lat="34.085929999127984" lon="-119.0561799891293">
        <ele>39.2</ele>
      </trkpt>
      <trkpt lat="34.085909966379404" lon="-119.05590992420912">
        <ele>38.57</ele>
      </trkpt>
      <trkpt lat="34.08589999191463" lon="-119.05567992478609">
        <ele>37.97</ele>
      </trkpt>
      <trkpt lat="34.08587995916605" lon="-119.05553994700313">
        <ele>37.39</ele>
      </trkpt>
      <trkpt lat="34.08587995916605" lon="-119.05550993978977">
        <ele>36.88</ele>
      </trkpt>
      <trkpt lat="34.085889933630824" lon="-119.05544992536306">
        <ele>36.45</ele>
      </trkpt>
      <trkpt lat="34.085889933630824" lon="-119.05542997643352">
        <ele>35.95</ele>
      </trkpt>
      <trkpt lat="34.08589999191463" lon="-119.05541991814971">
        <ele>35.47</ele>
      </trkpt>
      <trkpt lat="34.085889933630824" lon="-119.05531992204487">
        <ele>34.99</ele>
      </trkpt>
      <trkpt lat="34.08587995916605" lon="-119.05522998422384">
        <ele>34.49</ele>
      </trkpt>
      <trkpt lat="34.085869984701276" lon="-119.0550699736923">
        <ele>34.07</ele>
      </trkpt>
      <trkpt lat="34.085849951952696" lon="-119.05496997758746">
        <ele>33.56</ele>
      </trkpt>
      <trkpt lat="34.085829919204116" lon="-119.05484994873405">
        <ele>33.06</ele>
      </trkpt>
      <trkpt lat="34.08580997027457" lon="-119.05474995262921">
        <ele>32.58</ele>
      </trkpt>
      <trkpt lat="34.08579999580979" lon="-119.05466998927295">
        <ele>32.16</ele>
      </trkpt>
      <trkpt lat="34.08576998859644" lon="-119.05454996041954">
        <ele>31.74</ele>
      </trkpt>
      <trkpt lat="34.085739981383085" lon="-119.05445993877947">
        <ele>31.34</ele>
      </trkpt>
      <trkpt lat="34.08570997416973" lon="-119.05434996820986">
        <ele>31.02</ele>
      </trkpt>
      <trkpt lat="34.0856699924916" lon="-119.05423999764025">
        <ele>30.7</ele>
      </trkpt>
      <trkpt lat="34.08562992699444" lon="-119.05412994325161">
        <ele>30.41</ele>
      </trkpt>
      <trkpt lat="34.08559991978109" lon="-119.05405995436013">
        <ele>30.19</ele>
      </trkpt>
      <trkpt lat="34.085569996386766" lon="-119.05397999100387">
        <ele>30.02</ele>
      </trkpt>
      <trkpt lat="34.085479974746704" lon="-119.05380992218852">
        <ele>29.82</ele>
      </trkpt>
      <trkpt lat="34.08540998585522" lon="-119.05368997715414">
        <ele>29.63</ele>
      </trkpt>
      <trkpt lat="34.08540998585522" lon="-119.05367991887033">
        <ele>29.54</ele>
      </trkpt>
      <trkpt lat="34.08532993867993" lon="-119.05355997383595">
        <ele>29.42</ele>
      </trkpt>
      <trkpt lat="34.08525994978845" lon="-119.05343994498253">
        <ele>29.49</ele>
      </trkpt>
      <trkpt lat="34.08516992814839" lon="-119.05328999273479">
        <ele>29.37</ele>
      </trkpt>
      <trkpt lat="34.08510999754071" lon="-119.05317993834615">
        <ele>29.42</ele>
      </trkpt>
      <trkpt lat="34.08507999032736" lon="-119.05310994945467">
        <ele>29.55</ele>
      </trkpt>
      <trkpt lat="34.08501997590065" lon="-119.05299997888505">
        <ele>29.69</ele>
      </trkpt>
      <trkpt lat="34.085009917616844" lon="-119.0529699716717">
        <ele>29.89</ele>
      </trkpt>
      <trkpt lat="34.084969935938716" lon="-119.05286997556686">
        <ele>30.13</ele>
      </trkpt>
      <trkpt lat="34.08492995426059" lon="-119.05276997946203">
        <ele>30.36</ele>
      </trkpt>
      <trkpt lat="34.08488997258246" lon="-119.05265992507339">
        <ele>30.66</ele>
      </trkpt>
      <trkpt lat="34.084859965369105" lon="-119.05255992896855">
        <ele>31.0</ele>
      </trkpt>
      <trkpt lat="34.08482995815575" lon="-119.05242992565036">
        <ele>31.31</ele>
      </trkpt>
      <trkpt lat="34.08477991819382" lon="-119.05222993344069">
        <ele>31.72</ele>
      </trkpt>
      <trkpt lat="34.08476994372904" lon="-119.0521599445492">
        <ele>32.13</ele>
      </trkpt>
      <trkpt lat="34.08476994372904" lon="-119.05213999561965">
        <ele>32.57</ele>
      </trkpt>
      <trkpt lat="34.08473993651569" lon="-119.05187998898327">
        <ele>33.06</ele>
      </trkpt>
      <trkpt lat="34.084729962050915" lon="-119.0517299529165">
        <ele>33.56</ele>
      </trkpt>
      <trkpt lat="34.084729962050915" lon="-119.0516799967736">
        <ele>34.06</ele>
      </trkpt>
      <trkpt lat="34.084729962050915" lon="-119.05145997181535">
        <ele>34.57</ele>
      </trkpt>
      <trkpt lat="34.08473993651569" lon="-119.05128998681903">
        <ele>35.1</ele>
      </trkpt>
      <trkpt lat="34.08476994372904" lon="-119.051059987396">
        <ele>35.66</ele>
      </trkpt>
      <trkpt lat="34.0847999509424" lon="-119.0508699696511">
        <ele>36.21</ele>
      </trkpt>
      <trkpt lat="34.08484999090433" lon="-119.05065991915762">
        <ele>36.72</ele>
      </trkpt>
      <trkpt lat="34.08490992151201" lon="-119.05045992694795">
        <ele>37.29</ele>
      </trkpt>
      <trkpt lat="34.084969935938716" lon="-119.05027996748686">
        <ele>37.83</ele>
      </trkpt>
      <trkpt lat="34.08497999422252" lon="-119.0502499602735">
        <ele>38.37</ele>
      </trkpt>
      <trkpt lat="34.08505995757878" lon="-119.05004996806383">
        <ele>38.99</ele>
      </trkpt>
      <trkpt lat="34.08514997921884" lon="-119.04982994310558">
        <ele>39.64</ele>
      </trkpt>
      <trkpt lat="34.08525994978845" lon="-119.04960991814733">
        <ele>40.33</ele>
      </trkpt>
      <trkpt lat="34.085309989750385" lon="-119.04948997311294">
        <ele>40.91</ele>
      </trkpt>
      <trkpt lat="34.08534997142851" lon="-119.0493899770081">
        <ele>41.42</ele>
      </trkpt>
      <trkpt lat="34.085399927571416" lon="-119.0491999592632">
        <ele>41.85</ele>
      </trkpt>
      <trkpt lat="34.085439993068576" lon="-119.04899996705353">
        <ele>42.09</ele>
      </trkpt>
      <trkpt lat="34.085459941998124" lon="-119.04885998927057">
        <ele>42.35</ele>
      </trkpt>
      <trkpt lat="34.0854699164629" lon="-119.04871992766857">
        <ele>42.63</ele>
      </trkpt>
      <trkpt lat="34.0854699164629" lon="-119.04842999763787">
        <ele>42.9</ele>
      </trkpt>
      <trkpt lat="34.085459941998124" lon="-119.04826998710632">
        <ele>43.19</ele>
      </trkpt>
      <trkpt lat="34.08544996753335" lon="-119.04798994772136">
        <ele>43.55</ele>
      </trkpt>
      <trkpt lat="34.085439993068576" lon="-119.04786991886795">
        <ele>43.85</ele>
      </trkpt>
      <trkpt lat="34.085439993068576" lon="-119.04776992276311">
        <ele>44.15</ele>
      </trkpt>
      <trkpt lat="34.08542993478477" lon="-119.04770999215543">
        <ele>44.33</ele>
      </trkpt>
      <trkpt lat="34.085419960319996" lon="-119.04755995608866">
        <ele>44.53</ele>
      </trkpt>
      <trkpt lat="34.085419960319996" lon="-119.04751997441053">
        <ele>44.68</ele>
      </trkpt>
      <trkpt lat="34.085399927571416" lon="-119.04733993113041">
        <ele>44.8</ele>
      </trkpt>
      <trkpt lat="34.08537997864187" lon="-119.04717992059886">
        <ele>44.89</ele>
      </trkpt>
      <trkpt lat="34.08536992035806" lon="-119.04711998999119">
        <ele>44.95</ele>
      </trkpt>
      <trkpt lat="34.08536992035806" lon="-119.0470399428159">
        <ele>45.05</ele>
      </trkpt>
      <trkpt lat="34.08531996421516" lon="-119.04676996171474">
        <ele>45.13</ele>
      </trkpt>
      <trkpt lat="34.0852299425751" lon="-119.04643996618688">
        <ele>45.08</ele>
      </trkpt>
      <trkpt lat="34.085159953683615" lon="-119.04622999951243">
        <ele>44.89</ele>
      </trkpt>
      <trkpt lat="34.08510999754071" lon="-119.04608993791044">
        <ele>44.75</ele>
      </trkpt>
      <trkpt lat="34.08506993204355" lon="-119.04591995291412">
        <ele>44.72</ele>
      </trkpt>
      <trkpt lat="34.085009917616844" lon="-119.04572993516922">
        <ele>44.66</ele>
      </trkpt>
      <trkpt lat="34.084969935938716" lon="-119.0455599501729">
        <ele>44.64</ele>
      </trkpt>
      <trkpt lat="34.08495996147394" lon="-119.04550999403">
        <ele>44.61</ele>
      </trkpt>
      <trkpt lat="34.08492995426059" lon="-119.04538996517658">
        <ele>44.54</ele>
      </trkpt>
      <trkpt lat="34.08490992151201" lon="-119.04528996907175">
        <ele>44.55</ele>
      </trkpt>
      <trkpt lat="34.08488997258246" lon="-119.04514999128878">
        <ele>44.55</ele>
      </trkpt>
      <trkpt lat="34.084859965369105" lon="-119.04494999907911">
        <ele>44.66</ele>
      </trkpt>
      <trkpt lat="34.084839932620525" lon="-119.04468999244273">
        <ele>44.88</ele>
      </trkpt>
      <trkpt lat="34.084839932620525" lon="-119.04464992694557">
        <ele>44.94</ele>
      </trkpt>
      <trkpt lat="34.08482995815575" lon="-119.04453995637596">
        <ele>45.0</ele>
      </trkpt>
      <trkpt lat="34.08482995815575" lon="-119.04416997916996">
        <ele>45.0</ele>
      </trkpt>
      <trkpt lat="34.084839932620525" lon="-119.04399999417365">
        <ele>44.98</ele>
      </trkpt>
      <trkpt lat="34.084839932620525" lon="-119.04395992867649">
        <ele>45.03</ele>
      </trkpt>
      <trkpt lat="34.08484999090433" lon="-119.0437345393002">
        <ele>45.14</ele>
      </trkpt>
      <trkpt lat="34.084859965369105" lon="-119.04350998811424">
        <ele>45.32</ele>
      </trkpt>
      <trkpt lat="34.084859965369105" lon="-119.04333991929889">
        <ele>45.46</ele>
      </trkpt>
      <trkpt lat="34.084859965369105" lon="-119.04312995262444">
        <ele>45.59</ele>
      </trkpt>
      <trkpt lat="34.08481487073004" lon="-119.0428594686091">
        <ele>45.7</ele>
      </trkpt>
      <trkpt lat="34.08476994372904" lon="-119.04258999042213">
        <ele>45.81</ele>
      </trkpt>
      <trkpt lat="34.084749994799495" lon="-119.04245998710394">
        <ele>45.94</ele>
      </trkpt>
      <trkpt lat="34.08473993651569" lon="-119.04241992160678">
        <ele>46.06</ele>
      </trkpt>
      <trkpt lat="34.084729962050915" lon="-119.04238999821246">
        <ele>46.19</ele>
      </trkpt>
      <trkpt lat="34.08469995483756" lon="-119.04223996214569">
        <ele>46.33</ele>
      </trkpt>
      <trkpt lat="34.08466994762421" lon="-119.04212999157608">
        <ele>46.45</ele>
      </trkpt>
      <trkpt lat="34.08465997315943" lon="-119.04206997714937">
        <ele>46.63</ele>
      </trkpt>
      <trkpt lat="34.084619991481304" lon="-119.0419199410826">
        <ele>46.74</ele>
      </trkpt>
      <trkpt lat="34.08452996984124" lon="-119.04166999273002">
        <ele>46.69</ele>
      </trkpt>
      <trkpt lat="34.08447992987931" lon="-119.04151995666325">
        <ele>46.87</ele>
      </trkpt>
      <trkpt lat="34.084429973736405" lon="-119.0413599461317">
        <ele>47.09</ele>
      </trkpt>
      <trkpt lat="34.08439996652305" lon="-119.04127998277545">
        <ele>47.31</ele>
      </trkpt>
      <trkpt lat="34.08435998484492" lon="-119.04110999777913">
        <ele>47.62</ele>
      </trkpt>
      <trkpt lat="34.08433995209634" lon="-119.04106993228197">
        <ele>47.84</ele>
      </trkpt>
      <trkpt lat="34.08433995209634" lon="-119.04102995060384">
        <ele>48.09</ele>
      </trkpt>
      <trkpt lat="34.08432997763157" lon="-119.04100991785526">
        <ele>48.3</ele>
      </trkpt>
      <trkpt lat="34.08432997763157" lon="-119.04098996892571">
        <ele>48.49</ele>
      </trkpt>
      <trkpt lat="34.084299970418215" lon="-119.04085996560752">
        <ele>48.76</ele>
      </trkpt>
      <trkpt lat="34.084279937669635" lon="-119.04077991843224">
        <ele>48.91</ele>
      </trkpt>
      <trkpt lat="34.08425998874009" lon="-119.0406299661845">
        <ele>49.08</ele>
      </trkpt>
      <trkpt lat="34.08423995599151" lon="-119.04042997397482">
        <ele>49.25</ele>
      </trkpt>
      <trkpt lat="34.08421992324293" lon="-119.04028999619186">
        <ele>49.3</ele>
      </trkpt>
      <trkpt lat="34.08420994877815" lon="-119.04017994180322">
        <ele>49.29</ele>
      </trkpt>
      <trkpt lat="34.08419997431338" lon="-119.04005999676883">
        <ele>49.24</ele>
      </trkpt>
      <trkpt lat="34.084189999848604" lon="-119.04001993127167">
        <ele>49.02</ele>
      </trkpt>
      <trkpt lat="34.084189999848604" lon="-119.03998992405832">
        <ele>48.78</ele>
      </trkpt>
      <trkpt lat="34.084189999848604" lon="-119.03995991684496">
        <ele>48.47</ele>
      </trkpt>
      <trkpt lat="34.084169967100024" lon="-119.03979999013245">
        <ele>48.12</ele>
      </trkpt>
      <trkpt lat="34.08414490520954" lon="-119.03955448418856">
        <ele>47.67</ele>
      </trkpt>
      <trkpt lat="34.08411992713809" lon="-119.03930998407304">
        <ele>47.11</ele>
      </trkpt>
      <trkpt lat="34.08409997820854" lon="-119.0391499735415">
        <ele>46.4</ele>
      </trkpt>
      <trkpt lat="34.084069887176156" lon="-119.03886280953884">
        <ele>45.58</ele>
      </trkpt>
      <trkpt lat="34.0840398799628" lon="-119.03857556171715">
        <ele>44.67</ele>
      </trkpt>
      <trkpt lat="34.08400995656848" lon="-119.0382899902761">
        <ele>43.69</ele>
      </trkpt>
      <trkpt lat="34.083999982103705" lon="-119.03826995752752">
        <ele>42.67</ele>
      </trkpt>
      <trkpt lat="34.083999982103705" lon="-119.03823995031416">
        <ele>41.63</ele>
      </trkpt>
      <trkpt lat="34.0839899238199" lon="-119.03817993588746">
        <ele>40.51</ele>
      </trkpt>
      <trkpt lat="34.083959916606545" lon="-119.03788438998163">
        <ele>39.21</ele>
      </trkpt>
      <trkpt lat="34.08392999321222" lon="-119.03758993372321">
        <ele>37.74</ele>
      </trkpt>
      <trkpt lat="34.08391993492842" lon="-119.03754995204508">
        <ele>36.4</ele>
      </trkpt>
      <trkpt lat="34.08389998599887" lon="-119.03751994483173">
        <ele>35.02</ele>
      </trkpt>
      <trkpt lat="34.08388992771506" lon="-119.03745993040502">
        <ele>33.58</ele>
      </trkpt>
      <trkpt lat="34.08387995325029" lon="-119.03740997426212">
        <ele>32.14</ele>
      </trkpt>
      <trkpt lat="34.083869978785515" lon="-119.03734995983541">
        <ele>30.67</ele>
      </trkpt>
      <trkpt lat="34.08385992050171" lon="-119.03724996373057">
        <ele>29.2</ele>
      </trkpt>
      <trkpt lat="34.08381993882358" lon="-119.03689993545413">
        <ele>27.39</ele>
      </trkpt>
      <trkpt lat="34.08376998268068" lon="-119.03657999821007">
        <ele>25.66</ele>
      </trkpt>
      <trkpt lat="34.08375992439687" lon="-119.03650992549956">
        <ele>24.25</ele>
      </trkpt>
      <trkpt lat="34.083739975467324" lon="-119.03641998767853">
        <ele>22.85</ele>
      </trkpt>
      <trkpt lat="34.08370996825397" lon="-119.03628998436034">
        <ele>21.54</ele>
      </trkpt>
      <trkpt lat="34.08368993550539" lon="-119.0361799299717">
        <ele>20.26</ele>
      </trkpt>
      <trkpt lat="34.083659928292036" lon="-119.03605998493731">
        <ele>19.03</ele>
      </trkpt>
      <trkpt lat="34.08361994661391" lon="-119.03590994887054">
        <ele>17.86</ele>
      </trkpt>
      <trkpt lat="34.083589939400554" lon="-119.03583995997906">
        <ele>16.73</ele>
      </trkpt>
      <trkpt lat="34.083569990471005" lon="-119.03576997108757">
        <ele>15.66</ele>
      </trkpt>
      <trkpt lat="34.08353998325765" lon="-119.03569998219609">
        <ele>14.64</ele>
      </trkpt>
      <trkpt lat="34.08344996161759" lon="-119.03548993170261">
        <ele>13.77</ele>
      </trkpt>
      <trkpt lat="34.083399921655655" lon="-119.03536998666823">
        <ele>12.93</ele>
      </trkpt>
      <trkpt lat="34.08327989280224" lon="-119.03513981960714">
        <ele>12.39</ele>
      </trkpt>
      <trkpt lat="34.083159947767854" lon="-119.03490998782218">
        <ele>11.58</ele>
      </trkpt>
      <trkpt lat="34.08304997719824" lon="-119.03471997007728">
        <ele>11.07</ele>
      </trkpt>
      <trkpt lat="34.08291997388005" lon="-119.0344599634409">
        <ele>10.35</ele>
      </trkpt>
      <trkpt lat="34.082879992201924" lon="-119.0343799162656">
        <ele>9.58</ele>
      </trkpt>
      <trkpt lat="34.08275996334851" lon="-119.0341399423778">
        <ele>8.87</ele>
      </trkpt>
      <trkpt lat="34.08265996724367" lon="-119.03393995016813">
        <ele>7.91</ele>
      </trkpt>
      <trkpt lat="34.08258997835219" lon="-119.03380994684994">
        <ele>7.01</ele>
      </trkpt>
      <trkpt lat="34.08248998224735" lon="-119.03361992910504">
        <ele>6.31</ele>
      </trkpt>
      <trkpt lat="34.08235997892916" lon="-119.03335992246866">
        <ele>5.85</ele>
      </trkpt>
      <trkpt lat="34.08224992454052" lon="-119.03314995579422">
        <ele>5.35</ele>
      </trkpt>
      <trkpt lat="34.08217993564904" lon="-119.03300997801125">
        <ele>4.97</ele>
      </trkpt>
      <trkpt lat="34.08216996118426" lon="-119.03299991972744">
        <ele>4.57</ele>
      </trkpt>
      <trkpt lat="34.08206996507943" lon="-119.03279992751777">
        <ele>4.16</ele>
      </trkpt>
      <trkpt lat="34.08196996897459" lon="-119.0325999353081">
        <ele>3.74</ele>
      </trkpt>
      <trkpt lat="34.081874918192625" lon="-119.03241989202797">
        <ele>3.52</ele>
      </trkpt>
      <trkpt lat="34.08177995122969" lon="-119.03223993256688">
        <ele>3.22</ele>
      </trkpt>
      <trkpt lat="34.08167987130582" lon="-119.03204480186105">
        <ele>2.95</ele>
      </trkpt>
      <trkpt lat="34.08157995902002" lon="-119.03184992261231">
        <ele>2.85</ele>
      </trkpt>
      <trkpt lat="34.081429839134216" lon="-119.03155982494354">
        <ele>2.64</ele>
      </trkpt>
      <trkpt lat="34.08127997070551" lon="-119.03126997873187">
        <ele>2.66</ele>
      </trkpt>
      <trkpt lat="34.081164887174964" lon="-119.03104484081268">
        <ele>2.36</ele>
      </trkpt>
      <trkpt lat="34.08104997128248" lon="-119.03081995435059">
        <ele>2.32</ele>
      </trkpt>
      <trkpt lat="34.08101996406913" lon="-119.03064996935427">
        <ele>2.32</ele>
      </trkpt>
      <trkpt lat="34.08085995353758" lon="-119.03036992996931">
        <ele>2.1</ele>
      </trkpt>
      <trkpt lat="34.08071997575462" lon="-119.03008997440338">
        <ele>2.09</ele>
      </trkpt>
      <trkpt lat="34.08056993968785" lon="-119.02981999330223">
        <ele>2.06</ele>
      </trkpt>
      <trkpt lat="34.0804099291563" lon="-119.02952997945249">
        <ele>2.1</ele>
      </trkpt>
      <trkpt lat="34.08037992194295" lon="-119.02947993949056">
        <ele>2.07</ele>
      </trkpt>
      <trkpt lat="34.080369947478175" lon="-119.02945999056101">
        <ele>2.05</ele>
      </trkpt>
      <trkpt lat="34.08027992583811" lon="-119.02929989621043">
        <ele>1.98</ele>
      </trkpt>
      <trkpt lat="34.08018998801708" lon="-119.02913996949792">
        <ele>1.93</ele>
      </trkpt>
      <trkpt lat="34.080049926415086" lon="-119.02889999561012">
        <ele>1.83</ele>
      </trkpt>
      <trkpt lat="34.0799799375236" lon="-119.02876999229193">
        <ele>1.89</ele>
      </trkpt>
      <trkpt lat="34.07986996695399" lon="-119.0285899490118">
        <ele>1.91</ele>
      </trkpt>
      <trkpt lat="34.07983995974064" lon="-119.0285399928689">
        <ele>1.92</ele>
      </trkpt>
      <trkpt lat="34.0797399636358" lon="-119.02836992405355">
        <ele>1.94</ele>
      </trkpt>
      <trkpt lat="34.07970995642245" lon="-119.02831996791065">
        <ele>1.93</ele>
      </trkpt>
      <trkpt lat="34.07970995642245" lon="-119.02830999344587">
        <ele>1.93</ele>
      </trkpt>
      <trkpt lat="34.079599902033806" lon="-119.02812995016575">
        <ele>1.94</ele>
      </trkpt>
      <trkpt lat="34.079489931464195" lon="-119.02794999070466">
        <ele>1.91</ele>
      </trkpt>
      <trkpt lat="34.079359928146005" lon="-119.02774488553405">
        <ele>1.85</ele>
      </trkpt>
      <trkpt lat="34.079229924827814" lon="-119.0275399480015">
        <ele>1.75</ele>
      </trkpt>
      <trkpt lat="34.0791199542582" lon="-119.02736996300519">
        <ele>1.79</ele>
      </trkpt>
      <trkpt lat="34.07908994704485" lon="-119.02732998132706">
        <ele>1.78</ele>
      </trkpt>
      <trkpt lat="34.07899992540479" lon="-119.02719997800887">
        <ele>1.76</ele>
      </trkpt>
      <trkpt lat="34.078864976763725" lon="-119.02699495665729">
        <ele>1.8</ele>
      </trkpt>
      <trkpt lat="34.07872994430363" lon="-119.02678993530571">
        <ele>1.81</ele>
      </trkpt>
      <trkpt lat="34.078593319281936" lon="-119.02659329585731">
        <ele>1.84</ele>
      </trkpt>
      <trkpt lat="34.07845661044121" lon="-119.0263966564089">
        <ele>1.83</ele>
      </trkpt>
      <trkpt lat="34.07831998541951" lon="-119.02619993314147">
        <ele>1.89</ele>
      </trkpt>
      <trkpt lat="34.078199956566095" lon="-119.02602994814515">
        <ele>1.95</ele>
      </trkpt>
      <trkpt lat="34.07816994935274" lon="-119.02598996646702">
        <ele>2.0</ele>
      </trkpt>
      <trkpt lat="34.07801245339215" lon="-119.0257649961859">
        <ele>2.1</ele>
      </trkpt>
      <trkpt lat="34.077854957431555" lon="-119.02553994208574">
        <ele>2.19</ele>
      </trkpt>
      <trkpt lat="34.07769746147096" lon="-119.02531497180462">
        <ele>2.25</ele>
      </trkpt>
      <trkpt lat="34.07753996551037" lon="-119.02508991770446">
        <ele>2.31</ele>
      </trkpt>
      <trkpt lat="34.07735195942223" lon="-119.02481993660331">
        <ele>2.41</ele>
      </trkpt>
      <trkpt lat="34.07716395333409" lon="-119.02454995550215">
        <ele>2.58</ele>
      </trkpt>
      <trkpt lat="34.076975947245955" lon="-119.024279974401">
        <ele>2.75</ele>
      </trkpt>
      <trkpt lat="34.07678794115782" lon="-119.02400999329984">
        <ele>3.02</ele>
      </trkpt>
      <trkpt lat="34.07659993506968" lon="-119.02373992837965">
        <ele>3.28</ele>
      </trkpt>
      <trkpt lat="34.076569927856326" lon="-119.0237099211663">
        <ele>3.56</ele>
      </trkpt>
      <trkpt lat="34.0763779822737" lon="-119.02342594228685">
        <ele>3.91</ele>
      </trkpt>
      <trkpt lat="34.07618595287204" lon="-119.0231419634074">
        <ele>4.26</ele>
      </trkpt>
      <trkpt lat="34.07599392347038" lon="-119.02285790070891">
        <ele>4.67</ele>
      </trkpt>
      <trkpt lat="34.07580189406872" lon="-119.02257392182946">
        <ele>5.09</ele>
      </trkpt>
      <trkpt lat="34.07560994848609" lon="-119.02228994295001">
        <ele>5.57</ele>
      </trkpt>
      <trkpt lat="34.07550995238125" lon="-119.02214996516705">
        <ele>6.09</ele>
      </trkpt>
      <trkpt lat="34.07535991631448" lon="-119.02192994020879">
        <ele>6.68</ele>
      </trkpt>
      <trkpt lat="34.075169982388616" lon="-119.02165995910764">
        <ele>7.26</ele>
      </trkpt>
      <trkpt lat="34.07504500821233" lon="-119.02148494496942">
        <ele>7.88</ele>
      </trkpt>
      <trkpt lat="34.07491995021701" lon="-119.0213099308312">
        <ele>8.58</ele>
      </trkpt>
      <trkpt lat="34.07483998686075" lon="-119.02119996026158">
        <ele>9.29</ele>
      </trkpt>
      <trkpt lat="34.07473496161401" lon="-119.02104992419481">
        <ele>10.04</ele>
      </trkpt>
      <trkpt lat="34.07462993636727" lon="-119.02089997194707">
        <ele>10.85</ele>
      </trkpt>
      <trkpt lat="34.07448501326144" lon="-119.0206999797374">
        <ele>11.67</ele>
      </trkpt>
      <trkpt lat="34.07433992251754" lon="-119.02049998752773">
        <ele>12.59</ele>
      </trkpt>
      <trkpt lat="34.07421494834125" lon="-119.02033000253141">
        <ele>13.5</ele>
      </trkpt>
      <trkpt lat="34.07408997416496" lon="-119.02015993371606">
        <ele>14.51</ele>
      </trkpt>
      <trkpt lat="34.07397991977632" lon="-119.02000998146832">
        <ele>15.43</ele>
      </trkpt>
      <trkpt lat="34.07382493838668" lon="-119.01978995651007">
        <ele>16.41</ele>
      </trkpt>
      <trkpt lat="34.07366995699704" lon="-119.01956993155181">
        <ele>17.4</ele>
      </trkpt>
      <trkpt lat="34.073535008355975" lon="-119.01938997209072">
        <ele>18.35</ele>
      </trkpt>
      <trkpt lat="34.07339997589588" lon="-119.0192099288106">
        <ele>19.27</ele>
      </trkpt>
      <trkpt lat="34.07319998368621" lon="-119.01892997324467">
        <ele>20.2</ele>
      </trkpt>
      <trkpt lat="34.073060005903244" lon="-119.01875001378357">
        <ele>21.29</ele>
      </trkpt>
      <trkpt lat="34.07291994430125" lon="-119.01856997050345">
        <ele>22.28</ele>
      </trkpt>
      <trkpt lat="34.0728999953717" lon="-119.01855999603868">
        <ele>23.15</ele>
      </trkpt>
      <trkpt lat="34.07288993708789" lon="-119.01854993775487">
        <ele>24.04</ele>
      </trkpt>
      <trkpt lat="34.072869988158345" lon="-119.01852998882532">
        <ele>24.84</ele>
      </trkpt>
      <trkpt lat="34.07272992655635" lon="-119.0183499455452">
        <ele>25.67</ele>
      </trkpt>
      <trkpt lat="34.07261995598674" lon="-119.018219942227">
        <ele>26.43</ele>
      </trkpt>
      <trkpt lat="34.072419963777065" lon="-119.01796999387443">
        <ele>27.16</ele>
      </trkpt>
      <trkpt lat="34.07225995324552" lon="-119.01777997612953">
        <ele>27.65</ele>
      </trkpt>
      <trkpt lat="34.072140008211136" lon="-119.01763999834657">
        <ele>28.46</ele>
      </trkpt>
      <trkpt lat="34.07201997935772" lon="-119.01749993674457">
        <ele>28.92</ele>
      </trkpt>
      <trkpt lat="34.07190992496908" lon="-119.01737999171019">
        <ele>29.6</ele>
      </trkpt>
      <trkpt lat="34.07188997603953" lon="-119.01734998449683">
        <ele>30.13</ele>
      </trkpt>
      <trkpt lat="34.07173993997276" lon="-119.01718997396529">
        <ele>30.52</ele>
      </trkpt>
      <trkpt lat="34.07158998772502" lon="-119.01698998175561">
        <ele>31.1</ele>
      </trkpt>
      <trkpt lat="34.071539947763085" lon="-119.0169299673289">
        <ele>31.33</ele>
      </trkpt>
      <trkpt lat="34.07150994054973" lon="-119.01688998565078">
        <ele>31.54</ele>
      </trkpt>
      <trkpt lat="34.07147993333638" lon="-119.01684992015362">
        <ele>31.65</ele>
      </trkpt>
      <trkpt lat="34.07139996998012" lon="-119.01670994237065">
        <ele>31.87</ele>
      </trkpt>
      <trkpt lat="34.07138999551535" lon="-119.0166899934411">
        <ele>31.79</ele>
      </trkpt>
      <trkpt lat="34.07131992280483" lon="-119.01654993183911">
        <ele>31.81</ele>
      </trkpt>
      <trkpt lat="34.071279941126704" lon="-119.01646996848285">
        <ele>31.58</ele>
      </trkpt>
      <trkpt lat="34.071239959448576" lon="-119.01638992130756">
        <ele>31.18</ele>
      </trkpt>
      <trkpt lat="34.07120995223522" lon="-119.01630995795131">
        <ele>30.66</ele>
      </trkpt>
      <trkpt lat="34.07118991948664" lon="-119.01622999459505">
        <ele>30.23</ele>
      </trkpt>
      <trkpt lat="34.07115999609232" lon="-119.01614994741976">
        <ele>29.67</ele>
      </trkpt>
      <trkpt lat="34.07115999609232" lon="-119.01613997295499">
        <ele>29.01</ele>
      </trkpt>
      <trkpt lat="34.071129988878965" lon="-119.01603997685015">
        <ele>28.19</ele>
      </trkpt>
      <trkpt lat="34.07111993059516" lon="-119.01598993688822">
        <ele>27.34</ele>
      </trkpt>
      <trkpt lat="34.07109998166561" lon="-119.01592992246151">
        <ele>26.36</ele>
      </trkpt>
      <trkpt lat="34.07107994891703" lon="-119.01582992635667">
        <ele>25.34</ele>
      </trkpt>
      <trkpt lat="34.07105999998748" lon="-119.01570998132229">
        <ele>24.12</ele>
      </trkpt>
      <trkpt lat="34.07104994170368" lon="-119.01564996689558">
        <ele>22.97</ele>
      </trkpt>
      <trkpt lat="34.0710399672389" lon="-119.01558995246887">
        <ele>21.85</ele>
      </trkpt>
      <trkpt lat="34.0710399672389" lon="-119.01551996357739">
        <ele>20.65</ele>
      </trkpt>
      <trkpt lat="34.07102999277413" lon="-119.01545994915068">
        <ele>19.36</ele>
      </trkpt>
      <trkpt lat="34.07102999277413" lon="-119.01536992751062">
        <ele>18.1</ele>
      </trkpt>
      <trkpt lat="34.07101993449032" lon="-119.01516993530095">
        <ele>16.68</ele>
      </trkpt>
      <trkpt lat="34.07101993449032" lon="-119.01486994698644">
        <ele>15.26</ele>
      </trkpt>
      <trkpt lat="34.07101993449032" lon="-119.01463994756341">
        <ele>14.06</ele>
      </trkpt>
      <trkpt lat="34.07100996002555" lon="-119.01455998420715">
        <ele>12.93</ele>
      </trkpt>
      <trkpt lat="34.071004930883646" lon="-119.01432453654706">
        <ele>11.85</ele>
      </trkpt>
      <trkpt lat="34.070999985560775" lon="-119.0140899270773">
        <ele>10.78</ele>
      </trkpt>
      <trkpt lat="34.07098992727697" lon="-119.01398993097246">
        <ele>9.72</ele>
      </trkpt>
      <trkpt lat="34.07098992727697" lon="-119.01393997482955">
        <ele>8.71</ele>
      </trkpt>
      <trkpt lat="34.07098992727697" lon="-119.01381994597614">
        <ele>7.75</ele>
      </trkpt>
      <trkpt lat="34.070979952812195" lon="-119.01359992101789">
        <ele>6.82</ele>
      </trkpt>
      <trkpt lat="34.070959920063615" lon="-119.01336992159486">
        <ele>5.98</ele>
      </trkpt>
      <trkpt lat="34.07093997113407" lon="-119.01324997656047">
        <ele>5.2</ele>
      </trkpt>
      <trkpt lat="34.07092999666929" lon="-119.01314998045564">
        <ele>4.48</ele>
      </trkpt>
      <trkpt lat="34.07089998945594" lon="-119.01299994438887">
        <ele>3.84</ele>
      </trkpt>
      <trkpt lat="34.070849949494004" lon="-119.01277991943061">
        <ele>3.26</ele>
      </trkpt>
      <trkpt lat="34.0707999933511" lon="-119.01257992722094">
        <ele>2.78</ele>
      </trkpt>
      <trkpt lat="34.07077996060252" lon="-119.01253994554281">
        <ele>2.34</ele>
      </trkpt>
      <trkpt lat="34.070679964497685" lon="-119.01226996444166">
        <ele>2.0</ele>
      </trkpt>
      <trkpt lat="34.0705999173224" lon="-119.01208992116153">
        <ele>1.75</ele>
      </trkpt>
      <trkpt lat="34.07053998671472" lon="-119.01196997612715">
        <ele>1.56</ele>
      </trkpt>
      <trkpt lat="34.07045993953943" lon="-119.01179999113083">
        <ele>1.39</ele>
      </trkpt>
      <trkpt lat="34.070439990609884" lon="-119.01176998391747">
        <ele>1.32</ele>
      </trkpt>
      <trkpt lat="34.07034996896982" lon="-119.01162992231548">
        <ele>1.37</ele>
      </trkpt>
      <trkpt lat="34.07032993622124" lon="-119.01159999892116">
        <ele>1.45</ele>
      </trkpt>
      <trkpt lat="34.07023999840021" lon="-119.01144996285439">
        <ele>1.62</ele>
      </trkpt>
      <trkpt lat="34.070229940116405" lon="-119.01143998838961">
        <ele>1.86</ele>
      </trkpt>
      <trkpt lat="34.07021996565163" lon="-119.0114299301058">
        <ele>2.17</ele>
      </trkpt>
      <trkpt lat="34.07012994401157" lon="-119.01129992678761">
        <ele>2.73</ele>
      </trkpt>
      <trkpt lat="34.07010999508202" lon="-119.01127997785807">
        <ele>3.2</ele>
      </trkpt>
      <trkpt lat="34.070099936798215" lon="-119.01126991957426">
        <ele>3.72</ele>
      </trkpt>
      <trkpt lat="34.069969933480024" lon="-119.01111996732652">
        <ele>4.4</ele>
      </trkpt>
      <trkpt lat="34.069949984550476" lon="-119.01108996011317">
        <ele>5.09</ele>
      </trkpt>
      <trkpt lat="34.069799948483706" lon="-119.0109399240464">
        <ele>5.8</ele>
      </trkpt>
      <trkpt lat="34.06967991963029" lon="-119.01082995347679">
        <ele>6.51</ele>
      </trkpt>
      <trkpt lat="34.0695499163121" lon="-119.01071998290718">
        <ele>7.3</ele>
      </trkpt>
      <trkpt lat="34.069409938529134" lon="-119.01061998680234">
        <ele>8.18</ele>
      </trkpt>
      <trkpt lat="34.06926996074617" lon="-119.0105199906975">
        <ele>9.17</ele>
      </trkpt>
      <trkpt lat="34.06913995742798" lon="-119.01043994352221">
        <ele>10.15</ele>
      </trkpt>
      <trkpt lat="34.068990256637335" lon="-119.01035511866212">
        <ele>11.17</ele>
      </trkpt>
      <trkpt lat="34.06883996911347" lon="-119.0102699585259">
        <ele>12.26</ele>
      </trkpt>
      <trkpt lat="34.06867526471615" lon="-119.01017013005912">
        <ele>13.43</ele>
      </trkpt>
      <trkpt lat="34.068509973585606" lon="-119.01006996631622">
        <ele>14.57</ele>
      </trkpt>
      <trkpt lat="34.06838994473219" lon="-119.00998991914093">
        <ele>15.78</ele>
      </trkpt>
      <trkpt lat="34.068229934200644" lon="-119.00987994857132">
        <ele>17.13</ele>
      </trkpt>
      <trkpt lat="34.06810998916626" lon="-119.00979998521507">
        <ele>18.32</ele>
      </trkpt>
      <trkpt lat="34.06795995309949" lon="-119.00968993082643">
        <ele>19.89</ele>
      </trkpt>
      <trkpt lat="34.06784998252988" lon="-119.00962991639972">
        <ele>21.37</ele>
      </trkpt>
      <trkpt lat="34.06778996810317" lon="-119.00957996025681">
        <ele>22.7</ele>
      </trkpt>
      <trkpt lat="34.06770992092788" lon="-119.00952992029488">
        <ele>24.0</ele>
      </trkpt>
      <trkpt lat="34.06756994314492" lon="-119.00939991697669">
        <ele>25.47</ele>
      </trkpt>
      <trkpt lat="34.06755996868014" lon="-119.00939991697669">
        <ele>26.78</ele>
      </trkpt>
      <trkpt lat="34.06755996868014" lon="-119.00938994251192">
        <ele>28.12</ele>
      </trkpt>
      <trkpt lat="34.06755996868014" lon="-119.00937996804714">
        <ele>29.47</ele>
      </trkpt>
      <trkpt lat="34.06754999421537" lon="-119.00937996804714">
        <ele>30.75</ele>
      </trkpt>
      <trkpt lat="34.067519987002015" lon="-119.00929992087185">
        <ele>32.14</ele>
      </trkpt>
      <trkpt lat="34.067479921504855" lon="-119.00924996472895">
        <ele>33.42</ele>
      </trkpt>
      <trkpt lat="34.06733994372189" lon="-119.00910998694599">
        <ele>34.74</ele>
      </trkpt>
      <trkpt lat="34.06718999147415" lon="-119.00892994366586">
        <ele>36.02</ele>
      </trkpt>
      <trkpt lat="34.06711991876364" lon="-119.00881997309625">
        <ele>37.26</ele>
      </trkpt>
      <trkpt lat="34.067069962620735" lon="-119.00873992592096">
        <ele>38.44</ele>
      </trkpt>
      <trkpt lat="34.06703995540738" lon="-119.00867999531329">
        <ele>39.59</ele>
      </trkpt>
      <trkpt lat="34.06699997372925" lon="-119.00858997367322">
        <ele>40.73</ele>
      </trkpt>
      <trkpt lat="34.066959992051125" lon="-119.00847991928458">
        <ele>41.83</ele>
      </trkpt>
      <trkpt lat="34.06688991934061" lon="-119.00827992707491">
        <ele>42.89</ele>
      </trkpt>
      <trkpt lat="34.066769974306226" lon="-119.00796996429563">
        <ele>43.71</ele>
      </trkpt>
      <trkpt lat="34.06669998541474" lon="-119.00777994655073">
        <ele>44.5</ele>
      </trkpt>
      <trkpt lat="34.06661985442042" lon="-119.0075496956706">
        <ele>45.26</ele>
      </trkpt>
      <trkpt lat="34.0665399748832" lon="-119.00731994770467">
        <ele>45.98</ele>
      </trkpt>
      <trkpt lat="34.0664448402822" lon="-119.0070596896112">
        <ele>46.67</ele>
      </trkpt>
      <trkpt lat="34.0663499571383" lon="-119.00679993443191">
        <ele>47.31</ele>
      </trkpt>
      <trkpt lat="34.06628994271159" lon="-119.00662994943559">
        <ele>47.94</ele>
      </trkpt>
      <trkpt lat="34.06626999378204" lon="-119.00656993500888">
        <ele>48.5</ele>
      </trkpt>
      <trkpt lat="34.06623998656869" lon="-119.00638997554779">
        <ele>49.07</ele>
      </trkpt>
      <trkpt lat="34.066209979355335" lon="-119.00618998333812">
        <ele>49.6</ele>
      </trkpt>
      <trkpt lat="34.06619992107153" lon="-119.0060199983418">
        <ele>50.1</ele>
      </trkpt>
      <trkpt lat="34.066209979355335" lon="-119.00586996227503">
        <ele>50.58</ele>
      </trkpt>
      <trkpt lat="34.06621995382011" lon="-119.00574993342161">
        <ele>50.97</ele>
      </trkpt>
      <trkpt lat="34.06623998656869" lon="-119.00562998838723">
        <ele>51.28</ele>
      </trkpt>
      <trkpt lat="34.06627996824682" lon="-119.00548992678523">
        <ele>51.61</ele>
      </trkpt>
      <trkpt lat="34.06636998988688" lon="-119.00522992014885">
        <ele>51.89</ele>
      </trkpt>
      <trkpt lat="34.06641994602978" lon="-119.00509991683066">
        <ele>51.92</ele>
      </trkpt>
      <trkpt lat="34.066469985991716" lon="-119.00498994626105">
        <ele>51.86</ele>
      </trkpt>
      <trkpt lat="34.06651994213462" lon="-119.0048299357295">
        <ele>51.66</ele>
      </trkpt>
      <trkpt lat="34.0665399748832" lon="-119.0047199651599">
        <ele>51.47</ele>
      </trkpt>
      <trkpt lat="34.06656998209655" lon="-119.00450999848545">
        <ele>51.52</ele>
      </trkpt>
      <trkpt lat="34.06659998930991" lon="-119.00426994077861">
        <ele>51.64</ele>
      </trkpt>
      <trkpt lat="34.06659998930991" lon="-119.00423993356526">
        <ele>51.48</ele>
      </trkpt>
      <trkpt lat="34.06660996377468" lon="-119.00404999963939">
        <ele>51.34</ele>
      </trkpt>
      <trkpt lat="34.066619938239455" lon="-119.0039099380374">
        <ele>51.13</ele>
      </trkpt>
      <trkpt lat="34.066639970988035" lon="-119.00354993529618">
        <ele>50.67</ele>
      </trkpt>
      <trkpt lat="34.06664994545281" lon="-119.00331993587315">
        <ele>50.23</ele>
      </trkpt>
      <trkpt lat="34.06664994545281" lon="-119.00309999473393">
        <ele>49.72</ele>
      </trkpt>
      <trkpt lat="34.066639970988035" lon="-119.00290997698903">
        <ele>49.32</ele>
      </trkpt>
      <trkpt lat="34.06660996377468" lon="-119.00265994481742">
        <ele>49.12</ele>
      </trkpt>
      <trkpt lat="34.0665899310261" lon="-119.00253999978304">
        <ele>48.88</ele>
      </trkpt>
      <trkpt lat="34.06656998209655" lon="-119.00236993096769">
        <ele>48.62</ele>
      </trkpt>
      <trkpt lat="34.06655992381275" lon="-119.00231997482479">
        <ele>48.25</ele>
      </trkpt>
      <trkpt lat="34.0665399748832" lon="-119.0021899715066">
        <ele>47.87</ele>
      </trkpt>
      <trkpt lat="34.0665399748832" lon="-119.00204999372363">
        <ele>47.5</ele>
      </trkpt>
      <trkpt lat="34.06652991659939" lon="-119.00183994323015">
        <ele>46.99</ele>
      </trkpt>
      <trkpt lat="34.0665399748832" lon="-119.00163961574435">
        <ele>46.53</ele>
      </trkpt>
      <trkpt lat="34.06654994934797" lon="-119.0014399588108">
        <ele>46.13</ele>
      </trkpt>
      <trkpt lat="34.06660996377468" lon="-119.00107995606959">
        <ele>45.68</ele>
      </trkpt>
      <trkpt lat="34.06666997820139" lon="-119.00071995332837">
        <ele>45.06</ele>
      </trkpt>
      <trkpt lat="34.06670995987952" lon="-119.00044997222722">
        <ele>44.68</ele>
      </trkpt>
      <trkpt lat="34.06671993434429" lon="-119.00038995780051">
        <ele>44.36</ele>
      </trkpt>
      <trkpt lat="34.0667299926281" lon="-119.0002799872309">
        <ele>44.02</ele>
      </trkpt>
      <trkpt lat="34.06673996709287" lon="-119.00000992231071">
        <ele>43.79</ele>
      </trkpt>
      <trkpt lat="34.06673996709287" lon="-118.99977992288768">
        <ele>44.29</ele>
      </trkpt>
      <trkpt lat="34.0667299926281" lon="-118.99950994178653">
        <ele>44.29</ele>
      </trkpt>
      <trkpt lat="34.06670995987952" lon="-118.99925999343395">
        <ele>44.1</ele>
      </trkpt>
      <trkpt lat="34.06668992713094" lon="-118.99905991740525">
        <ele>43.88</ele>
      </trkpt>
      <trkpt lat="34.06664650887251" lon="-118.99878616444767">
        <ele>43.64</ele>
      </trkpt>
      <trkpt lat="34.06660317443311" lon="-118.99851232767105">
        <ele>43.63</ele>
      </trkpt>
      <trkpt lat="34.06655992381275" lon="-118.99823999963701">
        <ele>43.71</ele>
      </trkpt>
      <trkpt lat="34.066514912992716" lon="-118.99795945733786">
        <ele>43.65</ele>
      </trkpt>
      <trkpt lat="34.06646981835365" lon="-118.99767899885774">
        <ele>43.6</ele>
      </trkpt>
      <trkpt lat="34.06642472371459" lon="-118.99739854037762">
        <ele>43.43</ele>
      </trkpt>
      <trkpt lat="34.066379964351654" lon="-118.9971199259162">
        <ele>43.17</ele>
      </trkpt>
      <trkpt lat="34.0663499571383" lon="-118.9968799520284">
        <ele>43.17</ele>
      </trkpt>
      <trkpt lat="34.066319949924946" lon="-118.9967499487102">
        <ele>43.25</ele>
      </trkpt>
      <trkpt lat="34.06630997546017" lon="-118.9966899342835">
        <ele>43.3</ele>
      </trkpt>
      <trkpt lat="34.066299917176366" lon="-118.99665992707014">
        <ele>43.32</ele>
      </trkpt>
      <trkpt lat="34.06628994271159" lon="-118.99658993817866">
        <ele>43.39</ele>
      </trkpt>
      <trkpt lat="34.06624996103346" lon="-118.99648994207382">
        <ele>43.38</ele>
      </trkpt>
      <trkpt lat="34.06623998656869" lon="-118.9964499603957">
        <ele>43.39</ele>
      </trkpt>
      <trkpt lat="34.06613999046385" lon="-118.99617997929454">
        <ele>43.36</ele>
      </trkpt>
      <trkpt lat="34.066079976037145" lon="-118.99603991769254">
        <ele>43.34</ele>
      </trkpt>
      <trkpt lat="34.066039994359016" lon="-118.99592994712293">
        <ele>43.29</ele>
      </trkpt>
      <trkpt lat="34.06598995439708" lon="-118.99578996933997">
        <ele>43.2</ele>
      </trkpt>
      <trkpt lat="34.06593999825418" lon="-118.9956399332732">
        <ele>43.24</ele>
      </trkpt>
      <trkpt lat="34.06589993275702" lon="-118.99551998823881">
        <ele>43.37</ele>
      </trkpt>
      <trkpt lat="34.06585995107889" lon="-118.99534991942346">
        <ele>43.59</ele>
      </trkpt>
      <trkpt lat="34.06581996940076" lon="-118.99511992000043">
        <ele>43.8</ele>
      </trkpt>
      <trkpt lat="34.06579993665218" lon="-118.9950199238956">
        <ele>43.86</ele>
      </trkpt>
      <trkpt lat="34.06579993665218" lon="-118.99500994943082">
        <ele>43.87</ele>
      </trkpt>
      <trkpt lat="34.06578996218741" lon="-118.99491992779076">
        <ele>43.86</ele>
      </trkpt>
      <trkpt lat="34.065779987722635" lon="-118.99471993558109">
        <ele>43.89</ele>
      </trkpt>
      <trkpt lat="34.06574998050928" lon="-118.99439999833703">
        <ele>43.76</ele>
      </trkpt>
      <trkpt lat="34.06571997329593" lon="-118.99423998780549">
        <ele>43.62</ele>
      </trkpt>
      <trkpt lat="34.0656799916178" lon="-118.99401996284723">
        <ele>43.45</ele>
      </trkpt>
      <trkpt lat="34.06565995886922" lon="-118.99393999949098">
        <ele>43.32</ele>
      </trkpt>
      <trkpt lat="34.06563992612064" lon="-118.99384997785091">
        <ele>43.2</ele>
      </trkpt>
      <trkpt lat="34.06556993722916" lon="-118.99364998564124">
        <ele>43.06</ele>
      </trkpt>
      <trkpt lat="34.06552995555103" lon="-118.99352995678782">
        <ele>42.87</ele>
      </trkpt>
      <trkpt lat="34.0654899738729" lon="-118.99342996068299">
        <ele>42.66</ele>
      </trkpt>
      <trkpt lat="34.06544999219477" lon="-118.99333993904293">
        <ele>42.49</ele>
      </trkpt>
      <trkpt lat="34.06542995944619" lon="-118.99327992461622">
        <ele>42.36</ele>
      </trkpt>
      <trkpt lat="34.065299956128" lon="-118.99300994351506">
        <ele>42.26</ele>
      </trkpt>
      <trkpt lat="34.06519493088126" lon="-118.99280483834445">
        <ele>41.83</ele>
      </trkpt>
      <trkpt lat="34.065089989453554" lon="-118.99259998463094">
        <ele>41.58</ele>
      </trkpt>
      <trkpt lat="34.064989909529686" lon="-118.9923947956413">
        <ele>41.38</ele>
      </trkpt>
      <trkpt lat="34.06488999724388" lon="-118.99218994192779">
        <ele>41.24</ele>
      </trkpt>
      <trkpt lat="34.064769968390465" lon="-118.99193999357522">
        <ele>41.1</ele>
      </trkpt>
      <trkpt lat="34.0646799467504" lon="-118.99171996861696">
        <ele>40.78</ele>
      </trkpt>
      <trkpt lat="34.06456997618079" lon="-118.99141998030245">
        <ele>40.62</ele>
      </trkpt>
      <trkpt lat="34.064509961754084" lon="-118.99123993702233">
        <ele>40.39</ele>
      </trkpt>
      <trkpt lat="34.064449863508344" lon="-118.99103466421366">
        <ele>40.14</ele>
      </trkpt>
      <trkpt lat="34.06438993290067" lon="-118.99082997813821">
        <ele>39.83</ele>
      </trkpt>
      <trkpt lat="34.06429999507964" lon="-118.9905299898237">
        <ele>39.31</ele>
      </trkpt>
      <trkpt lat="34.06426998786628" lon="-118.99044994264841">
        <ele>38.94</ele>
      </trkpt>
      <trkpt lat="34.06420988962054" lon="-118.99023461155593">
        <ele>38.55</ele>
      </trkpt>
      <trkpt lat="34.064149959012866" lon="-118.99001995101571">
        <ele>38.23</ele>
      </trkpt>
      <trkpt lat="34.06407988630235" lon="-118.98979967460036">
        <ele>37.87</ele>
      </trkpt>
      <trkpt lat="34.0640099812299" lon="-118.98957998491824">
        <ele>37.54</ele>
      </trkpt>
      <trkpt lat="34.06394988298416" lon="-118.98938468657434">
        <ele>37.35</ele>
      </trkpt>
      <trkpt lat="34.063889952376485" lon="-118.98918997496367">
        <ele>37.2</ele>
      </trkpt>
      <trkpt lat="34.063824908807874" lon="-118.98900473490357">
        <ele>36.95</ele>
      </trkpt>
      <trkpt lat="34.063759949058294" lon="-118.98881999775767">
        <ele>36.8</ele>
      </trkpt>
      <trkpt lat="34.063649978488684" lon="-118.98855999112129">
        <ele>36.63</ele>
      </trkpt>
      <trkpt lat="34.063589964061975" lon="-118.9884199295193">
        <ele>36.55</ele>
      </trkpt>
      <trkpt lat="34.06350991688669" lon="-118.98822999559343">
        <ele>36.42</ele>
      </trkpt>
      <trkpt lat="34.06349994242191" lon="-118.98821993730962">
        <ele>36.26</ele>
      </trkpt>
      <trkpt lat="34.06338485889137" lon="-118.98796470835805">
        <ele>36.19</ele>
      </trkpt>
      <trkpt lat="34.063269942998886" lon="-118.98770998232067">
        <ele>36.05</ele>
      </trkpt>
      <trkpt lat="34.06312485225499" lon="-118.98741728626192">
        <ele>35.95</ele>
      </trkpt>
      <trkpt lat="34.06297976151109" lon="-118.98712459020317">
        <ele>35.77</ele>
      </trkpt>
      <trkpt lat="34.06283467076719" lon="-118.98683189414442">
        <ele>35.71</ele>
      </trkpt>
      <trkpt lat="34.06268999911845" lon="-118.98653995245695">
        <ele>35.57</ele>
      </trkpt>
      <trkpt lat="34.06256737187505" lon="-118.98628975264728">
        <ele>35.55</ele>
      </trkpt>
      <trkpt lat="34.06244482845068" lon="-118.98603963665664">
        <ele>35.46</ele>
      </trkpt>
      <trkpt lat="34.06232220120728" lon="-118.98578943684697">
        <ele>35.31</ele>
      </trkpt>
      <trkpt lat="34.06219999305904" lon="-118.98553999140859">
        <ele>35.0</ele>
      </trkpt>
      <trkpt lat="34.062044844031334" lon="-118.98522977717221">
        <ele>35.05</ele>
      </trkpt>
      <trkpt lat="34.061889946460724" lon="-118.98491998203099">
        <ele>35.64</ele>
      </trkpt>
      <trkpt lat="34.06179992482066" lon="-118.98472996428609">
        <ele>36.01</ele>
      </trkpt>
      <trkpt lat="34.061719961464405" lon="-118.98456995375454">
        <ele>36.41</ele>
      </trkpt>
      <trkpt lat="34.061609990894794" lon="-118.98434992879629">
        <ele>36.75</ele>
      </trkpt>
      <trkpt lat="34.06148996204138" lon="-118.98408992215991">
        <ele>36.9</ele>
      </trkpt>
      <trkpt lat="34.06140999868512" lon="-118.98387995548546">
        <ele>37.02</ele>
      </trkpt>
      <trkpt lat="34.06133992597461" lon="-118.98365993052721">
        <ele>37.01</ele>
      </trkpt>
      <trkpt lat="34.06130991876125" lon="-118.98356999270618">
        <ele>37.07</ele>
      </trkpt>
      <trkpt lat="34.061269937083125" lon="-118.98338994942605">
        <ele>37.21</ele>
      </trkpt>
      <trkpt lat="34.06124998815358" lon="-118.98327997885644">
        <ele>37.29</ele>
      </trkpt>
      <trkpt lat="34.06121998094022" lon="-118.98314997553825">
        <ele>37.29</ele>
      </trkpt>
      <trkpt lat="34.061179999262094" lon="-118.98277999833226">
        <ele>37.14</ele>
      </trkpt>
      <trkpt lat="34.06114999204874" lon="-118.98245997726917">
        <ele>37.14</ele>
      </trkpt>
      <trkpt lat="34.061139933764935" lon="-118.98228999227285">
        <ele>37.15</ele>
      </trkpt>
      <trkpt lat="34.06112995930016" lon="-118.98218999616802">
        <ele>37.1</ele>
      </trkpt>
      <trkpt lat="34.06110992655158" lon="-118.98195999674499">
        <ele>37.01</ele>
      </trkpt>
      <trkpt lat="34.061089893803" lon="-118.9817245490849">
        <ele>36.51</ele>
      </trkpt>
      <trkpt lat="34.06106994487345" lon="-118.98148993961513">
        <ele>36.43</ele>
      </trkpt>
      <trkpt lat="34.06104488298297" lon="-118.98116438649595">
        <ele>36.56</ele>
      </trkpt>
      <trkpt lat="34.06101998873055" lon="-118.98083992302418">
        <ele>36.45</ele>
      </trkpt>
      <trkpt lat="34.061009930446744" lon="-118.98078996688128">
        <ele>36.2</ele>
      </trkpt>
      <trkpt lat="34.06099995598197" lon="-118.98047992028296">
        <ele>35.86</ele>
      </trkpt>
      <trkpt lat="34.06099995598197" lon="-118.98041998967528">
        <ele>35.58</ele>
      </trkpt>
      <trkpt lat="34.06099995598197" lon="-118.98031999357045">
        <ele>35.29</ele>
      </trkpt>
      <trkpt lat="34.061009930446744" lon="-118.98011991754174">
        <ele>34.93</ele>
      </trkpt>
      <trkpt lat="34.0610399376601" lon="-118.97986996918917">
        <ele>34.53</ele>
      </trkpt>
      <trkpt lat="34.0610399376601" lon="-118.97985999472439">
        <ele>34.22</ele>
      </trkpt>
      <trkpt lat="34.06105997040868" lon="-118.97970995865762">
        <ele>33.86</ele>
      </trkpt>
      <trkpt lat="34.061079919338226" lon="-118.97963996976614">
        <ele>33.58</ele>
      </trkpt>
      <trkpt lat="34.06113004311919" lon="-118.9793795440346">
        <ele>33.29</ele>
      </trkpt>
      <trkpt lat="34.061179999262094" lon="-118.97911995649338">
        <ele>32.93</ele>
      </trkpt>
      <trkpt lat="34.06118997372687" lon="-118.97905994206667">
        <ele>32.59</ele>
      </trkpt>
      <trkpt lat="34.06120992265642" lon="-118.97887998260558">
        <ele>32.14</ele>
      </trkpt>
      <trkpt lat="34.06121998094022" lon="-118.97879993543029">
        <ele>31.87</ele>
      </trkpt>
      <trkpt lat="34.06121998094022" lon="-118.97877998650074">
        <ele>31.61</ele>
      </trkpt>
      <trkpt lat="34.061229955405" lon="-118.97865995764732">
        <ele>31.39</ele>
      </trkpt>
      <trkpt lat="34.061229955405" lon="-118.97860991768539">
        <ele>31.16</ele>
      </trkpt>
      <trkpt lat="34.061229955405" lon="-118.97851997986436">
        <ele>31.02</ele>
      </trkpt>
      <trkpt lat="34.061229955405" lon="-118.97841998375952">
        <ele>30.98</ele>
      </trkpt>
      <trkpt lat="34.06120992265642" lon="-118.97825997322798">
        <ele>30.9</ele>
      </trkpt>
      <trkpt lat="34.06118997372687" lon="-118.97816995158792">
        <ele>30.66</ele>
      </trkpt>
      <trkpt lat="34.06118997372687" lon="-118.97814991883934">
        <ele>30.51</ele>
      </trkpt>
      <trkpt lat="34.06116994097829" lon="-118.9780499227345">
        <ele>30.28</ele>
      </trkpt>
      <trkpt lat="34.06114999204874" lon="-118.97794992662966">
        <ele>30.24</ele>
      </trkpt>
      <trkpt lat="34.061099952086806" lon="-118.97781992331147">
        <ele>30.22</ele>
      </trkpt>
      <trkpt lat="34.06106994487345" lon="-118.97773995995522">
        <ele>30.23</ele>
      </trkpt>
      <trkpt lat="34.06105997040868" lon="-118.97768991999328">
        <ele>30.26</ele>
      </trkpt>
      <trkpt lat="34.061029963195324" lon="-118.9776199311018">
        <ele>30.29</ele>
      </trkpt>
      <trkpt lat="34.060969948768616" lon="-118.97749998606741">
        <ele>30.32</ele>
      </trkpt>
      <trkpt lat="34.0607999637723" lon="-118.9771899394691">
        <ele>30.28</ele>
      </trkpt>
      <trkpt lat="34.060669960454106" lon="-118.97693999111652">
        <ele>30.32</ele>
      </trkpt>
      <trkpt lat="34.060599971562624" lon="-118.97681996226311">
        <ele>30.38</ele>
      </trkpt>
      <trkpt lat="34.06044985167682" lon="-118.97654310800135">
        <ele>30.41</ele>
      </trkpt>
      <trkpt lat="34.06029981561005" lon="-118.97626633755863">
        <ele>30.46</ele>
      </trkpt>
      <trkpt lat="34.060149947181344" lon="-118.97598998621106">
        <ele>30.5</ele>
      </trkpt>
      <trkpt lat="34.06001994386315" lon="-118.97576996125281">
        <ele>30.59</ele>
      </trkpt>
      <trkpt lat="34.059999994933605" lon="-118.97572997957468">
        <ele>30.79</ele>
      </trkpt>
      <trkpt lat="34.05990997329354" lon="-118.97558991797268">
        <ele>30.98</ele>
      </trkpt>
      <trkpt lat="34.059809977188706" lon="-118.97544994018972">
        <ele>31.22</ele>
      </trkpt>
      <trkpt lat="34.059679973870516" lon="-118.97526998072863">
        <ele>31.59</ele>
      </trkpt>
      <trkpt lat="34.059549970552325" lon="-118.9750899374485">
        <ele>32.16</ele>
      </trkpt>
      <trkpt lat="34.05935995280743" lon="-118.97481995634735">
        <ele>32.66</ele>
      </trkpt>
      <trkpt lat="34.059249898418784" lon="-118.97462985478342">
        <ele>32.7</ele>
      </trkpt>
      <trkpt lat="34.05913992784917" lon="-118.97443992085755">
        <ele>32.86</ele>
      </trkpt>
      <trkpt lat="34.05900992453098" lon="-118.97418997250497">
        <ele>33.87</ele>
      </trkpt>
      <trkpt lat="34.05888989567757" lon="-118.97397321648896">
        <ele>34.65</ele>
      </trkpt>
      <trkpt lat="34.05876986682415" lon="-118.97375646047294">
        <ele>34.94</ele>
      </trkpt>
      <trkpt lat="34.058649921789765" lon="-118.97353995591402">
        <ele>35.18</ele>
      </trkpt>
      <trkpt lat="34.05850986018777" lon="-118.97327651269734">
        <ele>35.52</ele>
      </trkpt>
      <trkpt lat="34.05836979858577" lon="-118.97301298566163">
        <ele>35.93</ele>
      </trkpt>
      <trkpt lat="34.05822998844087" lon="-118.9727499615401">
        <ele>36.52</ele>
      </trkpt>
      <trkpt lat="34.058094872161746" lon="-118.97250487469137">
        <ele>37.13</ele>
      </trkpt>
      <trkpt lat="34.05795983970165" lon="-118.9722597040236">
        <ele>37.78</ele>
      </trkpt>
      <trkpt lat="34.05782480724156" lon="-118.97201461717486">
        <ele>38.45</ele>
      </trkpt>
      <trkpt lat="34.05768994241953" lon="-118.97176994942129">
        <ele>39.06</ele>
      </trkpt>
      <trkpt lat="34.05755985528231" lon="-118.97152980789542">
        <ele>39.65</ele>
      </trkpt>
      <trkpt lat="34.05742993578315" lon="-118.97128991782665">
        <ele>40.25</ele>
      </trkpt>
      <trkpt lat="34.0572699252516" lon="-118.97098992951214">
        <ele>40.83</ele>
      </trkpt>
      <trkpt lat="34.05713992193341" lon="-118.97073998115957">
        <ele>41.43</ele>
      </trkpt>
      <trkpt lat="34.05704998411238" lon="-118.97056999616325">
        <ele>41.82</ele>
      </trkpt>
      <trkpt lat="34.05695996247232" lon="-118.9703999273479">
        <ele>42.26</ele>
      </trkpt>
      <trkpt lat="34.056949988007545" lon="-118.97036992013454">
        <ele>42.71</ele>
      </trkpt>
      <trkpt lat="34.05684999190271" lon="-118.9701599534601">
        <ele>43.2</ele>
      </trkpt>
      <trkpt lat="34.05677489005029" lon="-118.96998980082572">
        <ele>43.54</ele>
      </trkpt>
      <trkpt lat="34.05669995583594" lon="-118.96981998346746">
        <ele>43.95</ele>
      </trkpt>
      <trkpt lat="34.0565999597311" lon="-118.9695399440825">
        <ele>44.35</ele>
      </trkpt>
      <trkpt lat="34.05654991976917" lon="-118.96940994076431">
        <ele>44.56</ele>
      </trkpt>
      <trkpt lat="34.05648998916149" lon="-118.96921992301941">
        <ele>44.36</ele>
      </trkpt>
      <trkpt lat="34.05642989091575" lon="-118.96900467574596">
        <ele>44.3</ele>
      </trkpt>
      <trkpt lat="34.056369960308075" lon="-118.96878993138671">
        <ele>44.31</ele>
      </trkpt>
      <trkpt lat="34.05630994588137" lon="-118.96857996471226">
        <ele>44.2</ele>
      </trkpt>
      <trkpt lat="34.05625990591943" lon="-118.96837460808456">
        <ele>44.19</ele>
      </trkpt>
      <trkpt lat="34.05620994977653" lon="-118.96816992200911">
        <ele>44.16</ele>
      </trkpt>
      <trkpt lat="34.05613996088505" lon="-118.96792994812131">
        <ele>44.0</ele>
      </trkpt>
      <trkpt lat="34.056089920923114" lon="-118.96775996312499">
        <ele>43.69</ele>
      </trkpt>
      <trkpt lat="34.05607994645834" lon="-118.96773993037641">
        <ele>43.19</ele>
      </trkpt>
      <trkpt lat="34.05603996478021" lon="-118.96761998534203">
        <ele>42.62</ele>
      </trkpt>
      <trkpt lat="34.05600995756686" lon="-118.96756994538009">
        <ele>41.95</ele>
      </trkpt>
      <trkpt lat="34.05594994314015" lon="-118.9674399420619">
        <ele>41.15</ele>
      </trkpt>
      <trkpt lat="34.055829998105764" lon="-118.96721991710365">
        <ele>40.16</ele>
      </trkpt>
      <trkpt lat="34.05570996925235" lon="-118.96702998317778">
        <ele>39.02</ele>
      </trkpt>
      <trkpt lat="34.055699994787574" lon="-118.96701992489398">
        <ele>38.15</ele>
      </trkpt>
      <trkpt lat="34.0555499587208" lon="-118.9668199326843">
        <ele>37.08</ele>
      </trkpt>
      <trkpt lat="34.055424984544516" lon="-118.96667500957847">
        <ele>36.03</ele>
      </trkpt>
      <trkpt lat="34.055299926549196" lon="-118.96652991883457">
        <ele>35.02</ele>
      </trkpt>
      <trkpt lat="34.055079985409975" lon="-118.96626999601722">
        <ele>33.97</ele>
      </trkpt>
      <trkpt lat="34.05491670593619" lon="-118.96608006209135">
        <ele>33.02</ele>
      </trkpt>
      <trkpt lat="34.05475342646241" lon="-118.96589012816548">
        <ele>31.98</ele>
      </trkpt>
      <trkpt lat="34.05458997935057" lon="-118.96569994278252">
        <ele>30.74</ele>
      </trkpt>
      <trkpt lat="34.05444991774857" lon="-118.9655299577862">
        <ele>29.74</ele>
      </trkpt>
      <trkpt lat="34.05431002378464" lon="-118.96535502746701">
        <ele>28.78</ele>
      </trkpt>
      <trkpt lat="34.05416996218264" lon="-118.96517992950976">
        <ele>27.88</ele>
      </trkpt>
      <trkpt lat="34.054069966077805" lon="-118.96505998447537">
        <ele>27.08</ele>
      </trkpt>
      <trkpt lat="34.05397994443774" lon="-118.96492998115718">
        <ele>26.27</ele>
      </trkpt>
      <trkpt lat="34.05385999940336" lon="-118.96473996341228">
        <ele>25.56</ele>
      </trkpt>
      <trkpt lat="34.05384994111955" lon="-118.96473996341228">
        <ele>24.77</ele>
      </trkpt>
      <trkpt lat="34.05369998887181" lon="-118.9644799567759">
        <ele>23.61</ele>
      </trkpt>
      <trkpt lat="34.05362999998033" lon="-118.96435992792249">
        <ele>22.88</ele>
      </trkpt>
      <trkpt lat="34.05358993448317" lon="-118.964289939031">
        <ele>22.24</ele>
      </trkpt>
      <trkpt lat="34.05345993116498" lon="-118.96400998346508">
        <ele>21.68</ele>
      </trkpt>
      <trkpt lat="34.05337988398969" lon="-118.96379976533353">
        <ele>21.25</ele>
      </trkpt>
      <trkpt lat="34.053299920633435" lon="-118.96358996629715">
        <ele>20.9</ele>
      </trkpt>
      <trkpt lat="34.05321995727718" lon="-118.9633699413389">
        <ele>20.6</ele>
      </trkpt>
      <trkpt lat="34.053129935637116" lon="-118.96309996023774">
        <ele>20.33</ele>
      </trkpt>
      <trkpt lat="34.05304318293929" lon="-118.96286635659635">
        <ele>20.13</ele>
      </trkpt>
      <trkpt lat="34.052956430241466" lon="-118.96263275295496">
        <ele>20.01</ele>
      </trkpt>
      <trkpt lat="34.052869929000735" lon="-118.96239998750389">
        <ele>19.93</ele>
      </trkpt>
      <trkpt lat="34.052753169089556" lon="-118.9620662201196">
        <ele>19.87</ele>
      </trkpt>
      <trkpt lat="34.052636325359344" lon="-118.9617324527353">
        <ele>19.93</ele>
      </trkpt>
      <trkpt lat="34.05251998454332" lon="-118.96139994263649">
        <ele>20.08</ele>
      </trkpt>
      <trkpt lat="34.05246994458139" lon="-118.9612699393183">
        <ele>20.12</ele>
      </trkpt>
      <trkpt lat="34.05244999565184" lon="-118.96119995042682">
        <ele>20.2</ele>
      </trkpt>
      <trkpt lat="34.052354861050844" lon="-118.96093466319144">
        <ele>20.34</ele>
      </trkpt>
      <trkpt lat="34.05225997790694" lon="-118.96066996268928">
        <ele>20.59</ele>
      </trkpt>
      <trkpt lat="34.05216995626688" lon="-118.96039998158813">
        <ele>20.65</ele>
      </trkpt>
      <trkpt lat="34.0520999673754" lon="-118.96019998937845">
        <ele>20.94</ele>
      </trkpt>
      <trkpt lat="34.05199485830963" lon="-118.95989958196878">
        <ele>21.25</ele>
      </trkpt>
      <trkpt lat="34.05188991688192" lon="-118.9595999289304">
        <ele>21.47</ele>
      </trkpt>
      <trkpt lat="34.05183996073902" lon="-118.95946992561221">
        <ele>21.77</ele>
      </trkpt>
      <trkpt lat="34.05181992799044" lon="-118.95939993672073">
        <ele>22.12</ele>
      </trkpt>
      <trkpt lat="34.05174985527992" lon="-118.95919969305396">
        <ele>22.45</ele>
      </trkpt>
      <trkpt lat="34.05167995020747" lon="-118.95899995230138">
        <ele>22.78</ele>
      </trkpt>
      <trkpt lat="34.05158649198711" lon="-118.95874296315014">
        <ele>23.04</ele>
      </trkpt>
      <trkpt lat="34.05149311758578" lon="-118.95848605781794">
        <ele>23.38</ele>
      </trkpt>
      <trkpt lat="34.05139999464154" lon="-118.95822999067605">
        <ele>23.74</ele>
      </trkpt>
      <trkpt lat="34.05132992193103" lon="-118.95801994018257">
        <ele>24.15</ele>
      </trkpt>
      <trkpt lat="34.05123998411" lon="-118.95778994075954">
        <ele>24.59</ele>
      </trkpt>
      <trkpt lat="34.051129845902324" lon="-118.95750462077558">
        <ele>25.08</ele>
      </trkpt>
      <trkpt lat="34.051019959151745" lon="-118.95721997134387">
        <ele>25.66</ele>
      </trkpt>
      <trkpt lat="34.05095994472504" lon="-118.9570699352771">
        <ele>26.26</ele>
      </trkpt>
      <trkpt lat="34.05086983926594" lon="-118.9568196516484">
        <ele>26.82</ele>
      </trkpt>
      <trkpt lat="34.050779985263944" lon="-118.95656995475292">
        <ele>27.43</ele>
      </trkpt>
      <trkpt lat="34.050679821521044" lon="-118.95631472580135">
        <ele>28.04</ele>
      </trkpt>
      <trkpt lat="34.05057999305427" lon="-118.95605999976397">
        <ele>28.72</ele>
      </trkpt>
      <trkpt lat="34.05050992034376" lon="-118.95588993094862">
        <ele>29.42</ele>
      </trkpt>
      <trkpt lat="34.05050992034376" lon="-118.95587995648384">
        <ele>30.09</ele>
      </trkpt>
      <trkpt lat="34.05049994587898" lon="-118.95583997480571">
        <ele>30.77</ele>
      </trkpt>
      <trkpt lat="34.050396513193846" lon="-118.9555730111897">
        <ele>31.55</ele>
      </trkpt>
      <trkpt lat="34.05029308050871" lon="-118.95530604757369">
        <ele>32.36</ele>
      </trkpt>
      <trkpt lat="34.0501899830997" lon="-118.95503992214799">
        <ele>33.12</ele>
      </trkpt>
      <trkpt lat="34.05006995424628" lon="-118.95473993383348">
        <ele>33.9</ele>
      </trkpt>
      <trkpt lat="34.04995998367667" lon="-118.95444991998374">
        <ele>34.68</ele>
      </trkpt>
      <trkpt lat="34.049949925392866" lon="-118.95441999658942">
        <ele>35.38</ele>
      </trkpt>
      <trkpt lat="34.04988999478519" lon="-118.95424992777407">
        <ele>36.08</ele>
      </trkpt>
      <trkpt lat="34.04986996203661" lon="-118.95421992056072">
        <ele>36.74</ele>
      </trkpt>
      <trkpt lat="34.0498099476099" lon="-118.9540499355644">
        <ele>37.4</ele>
      </trkpt>
      <trkpt lat="34.04979997314513" lon="-118.95401992835104">
        <ele>38.04</ele>
      </trkpt>
      <trkpt lat="34.04973995871842" lon="-118.9538699761033">
        <ele>38.67</ele>
      </trkpt>
      <trkpt lat="34.049649853259325" lon="-118.95363469608128">
        <ele>39.27</ele>
      </trkpt>
      <trkpt lat="34.049559999257326" lon="-118.95339991897345">
        <ele>39.87</ele>
      </trkpt>
      <trkpt lat="34.04949998483062" lon="-118.95322993397713">
        <ele>40.44</ele>
      </trkpt>
      <trkpt lat="34.04945991933346" lon="-118.95314997062087">
        <ele>40.98</ele>
      </trkpt>
      <trkpt lat="34.04938490130007" lon="-118.9529497269541">
        <ele>41.49</ele>
      </trkpt>
      <trkpt lat="34.04930996708572" lon="-118.95274998620152">
        <ele>42.0</ele>
      </trkpt>
      <trkpt lat="34.04926998540759" lon="-118.95262995734811">
        <ele>42.48</ele>
      </trkpt>
      <trkpt lat="34.04923997819424" lon="-118.95255996845663">
        <ele>42.92</ele>
      </trkpt>
      <trkpt lat="34.04921994544566" lon="-118.95250992849469">
        <ele>43.33</ele>
      </trkpt>
      <trkpt lat="34.04909991659224" lon="-118.95215998403728">
        <ele>43.41</ele>
      </trkpt>
      <trkpt lat="34.04906999319792" lon="-118.95205998793244">
        <ele>43.75</ele>
      </trkpt>
      <trkpt lat="34.048959938809276" lon="-118.95172999240458">
        <ele>44.14</ele>
      </trkpt>
      <trkpt lat="34.048857344314456" lon="-118.95143461413682">
        <ele>44.44</ele>
      </trkpt>
      <trkpt lat="34.048754749819636" lon="-118.95113923586905">
        <ele>44.67</ele>
      </trkpt>
      <trkpt lat="34.048652071505785" lon="-118.95084385760128">
        <ele>44.91</ele>
      </trkpt>
      <trkpt lat="34.048549979925156" lon="-118.95054998807609">
        <ele>45.13</ele>
      </trkpt>
      <trkpt lat="34.04845233075321" lon="-118.95025712437928">
        <ele>45.24</ele>
      </trkpt>
      <trkpt lat="34.04835468158126" lon="-118.94996426068246">
        <ele>45.41</ele>
      </trkpt>
      <trkpt lat="34.04825711622834" lon="-118.94967139698565">
        <ele>45.58</ele>
      </trkpt>
      <trkpt lat="34.048159969970584" lon="-118.94937995821238">
        <ele>45.81</ele>
      </trkpt>
      <trkpt lat="34.048059806227684" lon="-118.94907955080271">
        <ele>45.93</ele>
      </trkpt>
      <trkpt lat="34.047959726303816" lon="-118.94877922721207">
        <ele>45.94</ele>
      </trkpt>
      <trkpt lat="34.047859981656075" lon="-118.94847999326885">
        <ele>45.72</ele>
      </trkpt>
      <trkpt lat="34.0477448143065" lon="-118.94813952036202">
        <ele>45.6</ele>
      </trkpt>
      <trkpt lat="34.04762998223305" lon="-118.94779996946454">
        <ele>45.85</ele>
      </trkpt>
      <trkpt lat="34.04759997501969" lon="-118.94770994782448">
        <ele>45.86</ele>
      </trkpt>
      <trkpt lat="34.04757994227111" lon="-118.94765999168158">
        <ele>45.83</ele>
      </trkpt>
      <trkpt lat="34.047479862347245" lon="-118.94735958427191">
        <ele>45.76</ele>
      </trkpt>
      <trkpt lat="34.047379698604345" lon="-118.94705917686224">
        <ele>45.63</ele>
      </trkpt>
      <trkpt lat="34.04727961868048" lon="-118.9467588532716">
        <ele>45.62</ele>
      </trkpt>
      <trkpt lat="34.04717995785177" lon="-118.9464599546045">
        <ele>45.52</ele>
      </trkpt>
      <trkpt lat="34.04712991788983" lon="-118.94628996960819">
        <ele>45.46</ele>
      </trkpt>
      <trkpt lat="34.04707996174693" lon="-118.94615996629">
        <ele>45.37</ele>
      </trkpt>
      <trkpt lat="34.04699488542974" lon="-118.9459096826613">
        <ele>45.2</ele>
      </trkpt>
      <trkpt lat="34.04690997675061" lon="-118.94565998576581">
        <ele>45.04</ele>
      </trkpt>
      <trkpt lat="34.046854907646775" lon="-118.94546971656382">
        <ele>44.92</ele>
      </trkpt>
      <trkpt lat="34.04679992236197" lon="-118.94527995027602">
        <ele>44.79</ele>
      </trkpt>
      <trkpt lat="34.04672482050955" lon="-118.94503461197019">
        <ele>44.72</ele>
      </trkpt>
      <trkpt lat="34.04664997011423" lon="-118.94478994421661">
        <ele>44.72</ele>
      </trkpt>
      <trkpt lat="34.0465999301523" lon="-118.94460998475552">
        <ele>44.56</ele>
      </trkpt>
      <trkpt lat="34.046523151919246" lon="-118.94433623179793">
        <ele>44.3</ele>
      </trkpt>
      <trkpt lat="34.046446373686194" lon="-118.94406247884035">
        <ele>44.09</ele>
      </trkpt>
      <trkpt lat="34.04636993072927" lon="-118.94378998316824">
        <ele>44.07</ele>
      </trkpt>
      <trkpt lat="34.04629994183779" lon="-118.94347993656993">
        <ele>43.96</ele>
      </trkpt>
      <trkpt lat="34.04626993462443" lon="-118.94336996600032">
        <ele>43.76</ele>
      </trkpt>
      <trkpt lat="34.046209920197725" lon="-118.94316997379065">
        <ele>43.53</ele>
      </trkpt>
      <trkpt lat="34.04615996405482" lon="-118.94295992329717">
        <ele>43.27</ele>
      </trkpt>
      <trkpt lat="34.0460748039186" lon="-118.94262950867414">
        <ele>42.97</ele>
      </trkpt>
      <trkpt lat="34.045989979058504" lon="-118.94229993224144">
        <ele>42.67</ele>
      </trkpt>
      <trkpt lat="34.04591487720609" lon="-118.94200455397367">
        <ele>42.41</ele>
      </trkpt>
      <trkpt lat="34.04583994299173" lon="-118.9417099300772">
        <ele>42.11</ele>
      </trkpt>
      <trkpt lat="34.045779844745994" lon="-118.94147959537804">
        <ele>41.72</ele>
      </trkpt>
      <trkpt lat="34.04571999795735" lon="-118.94124993123114">
        <ele>41.33</ele>
      </trkpt>
      <trkpt lat="34.04563316144049" lon="-118.94091281108558">
        <ele>40.7</ele>
      </trkpt>
      <trkpt lat="34.045546408742666" lon="-118.94057560712099">
        <ele>40.19</ele>
      </trkpt>
      <trkpt lat="34.04545999132097" lon="-118.940239995718">
        <ele>40.01</ele>
      </trkpt>
      <trkpt lat="34.04540986754" lon="-118.9400446973741">
        <ele>39.46</ele>
      </trkpt>
      <trkpt lat="34.04535999521613" lon="-118.93984998576343">
        <ele>38.83</ele>
      </trkpt>
      <trkpt lat="34.04529998078942" lon="-118.93963993526995">
        <ele>38.11</ele>
      </trkpt>
      <trkpt lat="34.04524994082749" lon="-118.93943994306028">
        <ele>37.4</ele>
      </trkpt>
      <trkpt lat="34.045239966362715" lon="-118.93938998691738">
        <ele>36.72</ele>
      </trkpt>
      <trkpt lat="34.04519998468459" lon="-118.93922997638583">
        <ele>36.03</ele>
      </trkpt>
      <trkpt lat="34.04513997025788" lon="-118.93901992589235">
        <ele>35.31</ele>
      </trkpt>
      <trkpt lat="34.0451199375093" lon="-118.93894993700087">
        <ele>34.46</ele>
      </trkpt>
      <trkpt lat="34.045089930295944" lon="-118.9388099592179">
        <ele>33.55</ele>
      </trkpt>
      <trkpt lat="34.04503997415304" lon="-118.93859999254346">
        <ele>32.61</ele>
      </trkpt>
      <trkpt lat="34.04502999968827" lon="-118.93853997811675">
        <ele>31.68</ele>
      </trkpt>
      <trkpt lat="34.044999992474914" lon="-118.93834996037185">
        <ele>30.74</ele>
      </trkpt>
      <trkpt lat="34.04496998526156" lon="-118.93818994984031">
        <ele>29.72</ele>
      </trkpt>
      <trkpt lat="34.04496998526156" lon="-118.93817997537553">
        <ele>28.68</ele>
      </trkpt>
      <trkpt lat="34.04494995251298" lon="-118.93802993930876">
        <ele>27.58</ele>
      </trkpt>
      <trkpt lat="34.044939978048205" lon="-118.93796992488205">
        <ele>26.46</ele>
      </trkpt>
      <trkpt lat="34.044919945299625" lon="-118.93785995431244">
        <ele>25.3</ele>
      </trkpt>
      <trkpt lat="34.04490997083485" lon="-118.93770991824567">
        <ele>24.06</ele>
      </trkpt>
      <trkpt lat="34.04489999637008" lon="-118.93757999874651">
        <ele>22.85</ele>
      </trkpt>
      <trkpt lat="34.04488993808627" lon="-118.93752995878458">
        <ele>21.65</ele>
      </trkpt>
      <trkpt lat="34.04488993808627" lon="-118.93741998821497">
        <ele>20.44</ele>
      </trkpt>
      <trkpt lat="34.0448799636215" lon="-118.93731999211013">
        <ele>19.2</ele>
      </trkpt>
      <trkpt lat="34.0448799636215" lon="-118.93724991939962">
        <ele>18.0</ele>
      </trkpt>
      <trkpt lat="34.0448799636215" lon="-118.93687994219363">
        <ele>16.67</ele>
      </trkpt>
      <trkpt lat="34.0448799636215" lon="-118.93676997162402">
        <ele>15.47</ele>
      </trkpt>
      <trkpt lat="34.04488993808627" lon="-118.93657995387912">
        <ele>14.29</ele>
      </trkpt>
      <trkpt lat="34.04489999637008" lon="-118.93637996166945">
        <ele>13.12</ele>
      </trkpt>
      <trkpt lat="34.044919945299625" lon="-118.93613998778164">
        <ele>11.98</ele>
      </trkpt>
      <trkpt lat="34.044939978048205" lon="-118.93598995171487">
        <ele>10.86</ele>
      </trkpt>
      <trkpt lat="34.044979959726334" lon="-118.93575995229185">
        <ele>9.76</ele>
      </trkpt>
      <trkpt lat="34.04500996693969" lon="-118.9355399273336">
        <ele>8.72</ele>
      </trkpt>
      <trkpt lat="34.04501994140446" lon="-118.93549994565547">
        <ele>7.84</ele>
      </trkpt>
      <trkpt lat="34.04502999968827" lon="-118.93545996397734">
        <ele>7.04</ele>
      </trkpt>
      <trkpt lat="34.04503997415304" lon="-118.93538997508585">
        <ele>6.3</ele>
      </trkpt>
      <trkpt lat="34.045069981366396" lon="-118.93524999730289">
        <ele>5.63</ele>
      </trkpt>
      <trkpt lat="34.04513997025788" lon="-118.93494992516935">
        <ele>5.01</ele>
      </trkpt>
      <trkpt lat="34.04516997747123" lon="-118.93479997292161">
        <ele>4.51</ele>
      </trkpt>
      <trkpt lat="34.04522999189794" lon="-118.93462998792529">
        <ele>4.1</ele>
      </trkpt>
      <trkpt lat="34.045259999111295" lon="-118.93453996628523">
        <ele>3.77</ele>
      </trkpt>
      <trkpt lat="34.04527994804084" lon="-118.93447995185852">
        <ele>3.52</ele>
      </trkpt>
      <trkpt lat="34.045389918610454" lon="-118.93419999629259">
        <ele>3.4</ele>
      </trkpt>
      <trkpt lat="34.04547004960477" lon="-118.93397971987724">
        <ele>3.34</ele>
      </trkpt>
      <trkpt lat="34.045549929142" lon="-118.93375994637609">
        <ele>3.36</ele>
      </trkpt>
      <trkpt lat="34.045649925246835" lon="-118.93348996527493">
        <ele>3.48</ele>
      </trkpt>
      <trkpt lat="34.04571999795735" lon="-118.93329994753003">
        <ele>3.69</ele>
      </trkpt>
      <trkpt lat="34.04578504152596" lon="-118.93312476575375">
        <ele>3.98</ele>
      </trkpt>
      <trkpt lat="34.04584991745651" lon="-118.93294991925359">
        <ele>4.36</ele>
      </trkpt>
      <trkpt lat="34.04593004845083" lon="-118.93272469751537">
        <ele>4.83</ele>
      </trkpt>
      <trkpt lat="34.04600992798805" lon="-118.93249997869134">
        <ele>5.41</ele>
      </trkpt>
      <trkpt lat="34.04610992409289" lon="-118.93224994651973">
        <ele>6.11</ele>
      </trkpt>
      <trkpt lat="34.04615996405482" lon="-118.93211994320154">
        <ele>6.84</ele>
      </trkpt>
      <trkpt lat="34.04625006951392" lon="-118.93187971785665">
        <ele>7.7</ele>
      </trkpt>
      <trkpt lat="34.046339923515916" lon="-118.93163999542594">
        <ele>8.59</ele>
      </trkpt>
      <trkpt lat="34.046359956264496" lon="-118.93160998821259">
        <ele>9.47</ele>
      </trkpt>
      <trkpt lat="34.046440087258816" lon="-118.93138468265533">
        <ele>10.42</ele>
      </trkpt>
      <trkpt lat="34.04651996679604" lon="-118.9311599638313">
        <ele>11.43</ele>
      </trkpt>
      <trkpt lat="34.04662993736565" lon="-118.93086994998157">
        <ele>12.52</ele>
      </trkpt>
      <trkpt lat="34.04662993736565" lon="-118.93084991723299">
        <ele>13.61</ele>
      </trkpt>
      <trkpt lat="34.04668995179236" lon="-118.93065998330712">
        <ele>14.78</ele>
      </trkpt>
      <trkpt lat="34.04675994068384" lon="-118.93041992560029">
        <ele>16.0</ele>
      </trkpt>
      <trkpt lat="34.04679992236197" lon="-118.9302899222821">
        <ele>17.24</ele>
      </trkpt>
      <trkpt lat="34.04683998785913" lon="-118.93013997003436">
        <ele>18.52</ele>
      </trkpt>
      <trkpt lat="34.046869995072484" lon="-118.92997995950282">
        <ele>19.83</ele>
      </trkpt>
      <trkpt lat="34.04687996953726" lon="-118.92995992675424">
        <ele>21.11</ele>
      </trkpt>
      <trkpt lat="34.046919951215386" lon="-118.92972992733121">
        <ele>22.43</ele>
      </trkpt>
      <trkpt lat="34.046919951215386" lon="-118.92971995286644">
        <ele>23.74</ele>
      </trkpt>
      <trkpt lat="34.046959932893515" lon="-118.92949992790818">
        <ele>25.11</ele>
      </trkpt>
      <trkpt lat="34.046979965642095" lon="-118.92934997566044">
        <ele>26.48</ele>
      </trkpt>
      <trkpt lat="34.04698994010687" lon="-118.92921997234225">
        <ele>27.83</ele>
      </trkpt>
      <trkpt lat="34.04700997285545" lon="-118.92903992906213">
        <ele>29.2</ele>
      </trkpt>
      <trkpt lat="34.04701994732022" lon="-118.92885996960104">
        <ele>30.54</ele>
      </trkpt>
      <trkpt lat="34.047029921785" lon="-118.92864991910756">
        <ele>31.84</ele>
      </trkpt>
      <trkpt lat="34.0470399800688" lon="-118.92841991968453">
        <ele>33.13</ele>
      </trkpt>
      <trkpt lat="34.04704995453358" lon="-118.92808933742344">
        <ele>34.33</ele>
      </trkpt>
      <trkpt lat="34.04705992899835" lon="-118.9277599286288">
        <ele>35.76</ele>
      </trkpt>
      <trkpt lat="34.047064958140254" lon="-118.9275445137173">
        <ele>37.34</ele>
      </trkpt>
      <trkpt lat="34.04706998728216" lon="-118.9273299369961">
        <ele>38.8</ele>
      </trkpt>
      <trkpt lat="34.04707996174693" lon="-118.92710999585688">
        <ele>40.14</ele>
      </trkpt>
      <trkpt lat="34.04707996174693" lon="-118.92701997421682">
        <ele>41.4</ele>
      </trkpt>
      <trkpt lat="34.04707996174693" lon="-118.92695995979011">
        <ele>42.62</ele>
      </trkpt>
      <trkpt lat="34.047089936211705" lon="-118.92667992040515">
        <ele>43.88</ele>
      </trkpt>
      <trkpt lat="34.04709999449551" lon="-118.92645997926593">
        <ele>45.09</ele>
      </trkpt>
      <trkpt lat="34.04709999449551" lon="-118.92631991766393">
        <ele>46.21</ele>
      </trkpt>
      <trkpt lat="34.047109968960285" lon="-118.9260899182409">
        <ele>47.32</ele>
      </trkpt>
      <trkpt lat="34.047109968960285" lon="-118.92594994045794">
        <ele>48.34</ele>
      </trkpt>
      <trkpt lat="34.047109968960285" lon="-118.92592999152839">
        <ele>49.25</ele>
      </trkpt>
      <trkpt lat="34.047109968960285" lon="-118.92580996267498">
        <ele>50.11</ele>
      </trkpt>
      <trkpt lat="34.047109968960285" lon="-118.9256599266082">
        <ele>50.91</ele>
      </trkpt>
      <trkpt lat="34.047109968960285" lon="-118.92558993771672">
        <ele>51.64</ele>
      </trkpt>
      <trkpt lat="34.04709999449551" lon="-118.92543998546898">
        <ele>52.31</ele>
      </trkpt>
      <trkpt lat="34.04709999449551" lon="-118.92537997104228">
        <ele>52.91</ele>
      </trkpt>
      <trkpt lat="34.04709999449551" lon="-118.9253599382937">
        <ele>53.45</ele>
      </trkpt>
      <trkpt lat="34.047089936211705" lon="-118.92527997493744">
        <ele>53.92</ele>
      </trkpt>
      <trkpt lat="34.04707996174693" lon="-118.92515994608402">
        <ele>54.34</ele>
      </trkpt>
      <trkpt lat="34.04707996174693" lon="-118.92509993165731">
        <ele>54.71</ele>
      </trkpt>
      <trkpt lat="34.04706998728216" lon="-118.9249899610877">
        <ele>55.02</ele>
      </trkpt>
      <trkpt lat="34.0470399800688" lon="-118.92478996887803">
        <ele>55.26</ele>
      </trkpt>
      <trkpt lat="34.0470399800688" lon="-118.92472995445132">
        <ele>55.45</ele>
      </trkpt>
      <trkpt lat="34.04701994732022" lon="-118.92463993281126">
        <ele>55.58</ele>
      </trkpt>
      <trkpt lat="34.046999998390675" lon="-118.92451998777688">
        <ele>55.69</ele>
      </trkpt>
      <trkpt lat="34.046999998390675" lon="-118.92447992227972">
        <ele>55.74</ele>
      </trkpt>
      <trkpt lat="34.046959932893515" lon="-118.9243199955672">
        <ele>55.72</ele>
      </trkpt>
      <trkpt lat="34.04694995842874" lon="-118.92424992285669">
        <ele>55.68</ele>
      </trkpt>
      <trkpt lat="34.04692992568016" lon="-118.92415998503566">
        <ele>55.58</ele>
      </trkpt>
      <trkpt lat="34.046919951215386" lon="-118.9241199195385">
        <ele>55.48</ele>
      </trkpt>
      <trkpt lat="34.04687996953726" lon="-118.9239399600774">
        <ele>55.3</ele>
      </trkpt>
      <trkpt lat="34.046829929575324" lon="-118.92375991679728">
        <ele>55.11</ele>
      </trkpt>
      <trkpt lat="34.04677997343242" lon="-118.92354995012283">
        <ele>54.89</ele>
      </trkpt>
      <trkpt lat="34.04670998454094" lon="-118.92329991795123">
        <ele>54.73</ele>
      </trkpt>
      <trkpt lat="34.04666991904378" lon="-118.92317997291684">
        <ele>54.54</ele>
      </trkpt>
      <trkpt lat="34.04661996290088" lon="-118.92300998792052">
        <ele>54.34</ele>
      </trkpt>
      <trkpt lat="34.0466099884361" lon="-118.92296992242336">
        <ele>54.13</ele>
      </trkpt>
      <trkpt lat="34.0465047955513" lon="-118.92261444590986">
        <ele>53.39</ele>
      </trkpt>
      <trkpt lat="34.046399937942624" lon="-118.92225997522473">
        <ele>53.17</ele>
      </trkpt>
      <trkpt lat="34.04632986523211" lon="-118.92203466966748">
        <ele>53.37</ele>
      </trkpt>
      <trkpt lat="34.04625996015966" lon="-118.92180995084345">
        <ele>53.46</ele>
      </trkpt>
      <trkpt lat="34.046249985694885" lon="-118.9217799436301">
        <ele>53.34</ele>
      </trkpt>
      <trkpt lat="34.046229952946305" lon="-118.92168992199004">
        <ele>53.28</ele>
      </trkpt>
      <trkpt lat="34.0461799968034" lon="-118.9215399697423">
        <ele>53.22</ele>
      </trkpt>
      <trkpt lat="34.04609735123813" lon="-118.92125456593931">
        <ele>53.11</ele>
      </trkpt>
      <trkpt lat="34.04601470567286" lon="-118.92096916213632">
        <ele>52.89</ele>
      </trkpt>
      <trkpt lat="34.04593214392662" lon="-118.92068375833333">
        <ele>52.48</ele>
      </trkpt>
      <trkpt lat="34.04584991745651" lon="-118.92039994709194">
        <ele>52.7</ele>
      </trkpt>
      <trkpt lat="34.04576484113932" lon="-118.92011454328895">
        <ele>53.2</ele>
      </trkpt>
      <trkpt lat="34.04567993246019" lon="-118.91982997767627">
        <ele>53.31</ele>
      </trkpt>
      <trkpt lat="34.04561991803348" lon="-118.9196299854666">
        <ele>53.32</ele>
      </trkpt>
      <trkpt lat="34.045559987425804" lon="-118.9194399677217">
        <ele>53.38</ele>
      </trkpt>
      <trkpt lat="34.045539954677224" lon="-118.91935992054641">
        <ele>53.43</ele>
      </trkpt>
      <trkpt lat="34.04550994746387" lon="-118.91926998272538">
        <ele>53.47</ele>
      </trkpt>
      <trkpt lat="34.045499972999096" lon="-118.91922991722822">
        <ele>53.51</ele>
      </trkpt>
      <trkpt lat="34.04548999853432" lon="-118.91920996829867">
        <ele>53.56</ele>
      </trkpt>
      <trkpt lat="34.04545999132097" lon="-118.91908993944526">
        <ele>53.6</ele>
      </trkpt>
      <trkpt lat="34.04543995857239" lon="-118.919009976089">
        <ele>53.67</ele>
      </trkpt>
      <trkpt lat="34.045429984107614" lon="-118.9189999178052">
        <ele>53.69</ele>
      </trkpt>
      <trkpt lat="34.04535999521613" lon="-118.91874996945262">
        <ele>53.74</ele>
      </trkpt>
      <trkpt lat="34.04531992971897" lon="-118.91860999166965">
        <ele>53.76</ele>
      </trkpt>
      <trkpt lat="34.0453099552542" lon="-118.91858995892107">
        <ele>53.76</ele>
      </trkpt>
      <trkpt lat="34.04527994804084" lon="-118.91847998835146">
        <ele>53.73</ele>
      </trkpt>
      <trkpt lat="34.045259999111295" lon="-118.91839994117618">
        <ele>53.69</ele>
      </trkpt>
      <trkpt lat="34.04524994082749" lon="-118.9183899667114">
        <ele>53.62</ele>
      </trkpt>
      <trkpt lat="34.045219933614135" lon="-118.91826993785799">
        <ele>53.53</ele>
      </trkpt>
      <trkpt lat="34.04519998468459" lon="-118.91821998171508">
        <ele>53.41</ele>
      </trkpt>
      <trkpt lat="34.04518992640078" lon="-118.91817991621792">
        <ele>53.28</ele>
      </trkpt>
      <trkpt lat="34.04517995193601" lon="-118.91812996007502">
        <ele>53.13</ele>
      </trkpt>
      <trkpt lat="34.045129995793104" lon="-118.91797992400825">
        <ele>52.96</ele>
      </trkpt>
      <trkpt lat="34.045089930295944" lon="-118.91785997897387">
        <ele>52.75</ele>
      </trkpt>
      <trkpt lat="34.04499311931431" lon="-118.91751950606704">
        <ele>52.53</ele>
      </trkpt>
      <trkpt lat="34.04489639215171" lon="-118.91717903316021">
        <ele>52.26</ele>
      </trkpt>
      <trkpt lat="34.04479991644621" lon="-118.91683998517692">
        <ele>51.99</ele>
      </trkpt>
      <trkpt lat="34.04479991644621" lon="-118.91682992689312">
        <ele>51.72</ele>
      </trkpt>
      <trkpt lat="34.04475993476808" lon="-118.9167199563235">
        <ele>51.44</ele>
      </trkpt>
      <trkpt lat="34.04472992755473" lon="-118.91661996021867">
        <ele>51.14</ele>
      </trkpt>
      <trkpt lat="34.044664883986115" lon="-118.91638459637761">
        <ele>50.74</ele>
      </trkpt>
      <trkpt lat="34.044599924236536" lon="-118.91614998690784">
        <ele>50.36</ele>
      </trkpt>
      <trkpt lat="34.04458994977176" lon="-118.91612995415926">
        <ele>50.0</ele>
      </trkpt>
      <trkpt lat="34.04455994255841" lon="-118.91602995805442">
        <ele>49.6</ele>
      </trkpt>
      <trkpt lat="34.04453999362886" lon="-118.91593993641436">
        <ele>49.23</ele>
      </trkpt>
      <trkpt lat="34.044529935345054" lon="-118.91592996194959">
        <ele>48.84</ele>
      </trkpt>
      <trkpt lat="34.04451996088028" lon="-118.91589995473623">
        <ele>48.45</ele>
      </trkpt>
      <trkpt lat="34.044489953666925" lon="-118.91580993309617">
        <ele>48.04</ele>
      </trkpt>
      <trkpt lat="34.044489953666925" lon="-118.9157999586314">
        <ele>47.64</ele>
      </trkpt>
      <trkpt lat="34.04445994645357" lon="-118.91567992977798">
        <ele>47.22</ele>
      </trkpt>
      <trkpt lat="34.04442993924022" lon="-118.9155599847436">
        <ele>46.8</ele>
      </trkpt>
      <trkpt lat="34.04442993924022" lon="-118.91553995199502">
        <ele>46.39</ele>
      </trkpt>
      <trkpt lat="34.04438995756209" lon="-118.91539997421205">
        <ele>45.96</ele>
      </trkpt>
      <trkpt lat="34.044359950348735" lon="-118.91525999642909">
        <ele>45.56</ele>
      </trkpt>
      <trkpt lat="34.04434997588396" lon="-118.91521993093193">
        <ele>45.16</ele>
      </trkpt>
      <trkpt lat="34.04431996867061" lon="-118.91509998589754">
        <ele>44.75</ele>
      </trkpt>
      <trkpt lat="34.04429993592203" lon="-118.91500996425748">
        <ele>44.38</ele>
      </trkpt>
      <trkpt lat="34.04428996145725" lon="-118.91494994983077">
        <ele>44.01</ele>
      </trkpt>
      <trkpt lat="34.04427998699248" lon="-118.91488993540406">
        <ele>43.63</ele>
      </trkpt>
      <trkpt lat="34.0442599542439" lon="-118.91479999758303">
        <ele>43.25</ele>
      </trkpt>
      <trkpt lat="34.0442599542439" lon="-118.91478993929923">
        <ele>42.92</ele>
      </trkpt>
      <trkpt lat="34.0442599542439" lon="-118.91475993208587">
        <ele>42.6</ele>
      </trkpt>
      <trkpt lat="34.04421997256577" lon="-118.9145099837333">
        <ele>42.19</ele>
      </trkpt>
      <trkpt lat="34.044189965352416" lon="-118.91423991881311">
        <ele>41.63</ele>
      </trkpt>
      <trkpt lat="34.04414998367429" lon="-118.91396993771195">
        <ele>41.27</ele>
      </trkpt>
      <trkpt lat="34.04414998367429" lon="-118.91395996324718">
        <ele>41.07</ele>
      </trkpt>
      <trkpt lat="34.04413992539048" lon="-118.91392995603383">
        <ele>40.9</ele>
      </trkpt>
      <trkpt lat="34.04412995092571" lon="-118.91383993439376">
        <ele>40.81</ele>
      </trkpt>
      <trkpt lat="34.044119976460934" lon="-118.9136999566108">
        <ele>40.87</ele>
      </trkpt>
      <trkpt lat="34.04406985267997" lon="-118.91335939988494">
        <ele>41.04</ele>
      </trkpt>
      <trkpt lat="34.0440199803561" lon="-118.91301993280649">
        <ele>41.03</ele>
      </trkpt>
      <trkpt lat="34.04399994760752" lon="-118.9128899294883">
        <ele>41.0</ele>
      </trkpt>
      <trkpt lat="34.04398997314274" lon="-118.91275992617011">
        <ele>40.99</ele>
      </trkpt>
      <trkpt lat="34.04395996592939" lon="-118.9125999994576">
        <ele>40.95</ele>
      </trkpt>
      <trkpt lat="34.043929958716035" lon="-118.91235994175076">
        <ele>40.95</ele>
      </trkpt>
      <trkpt lat="34.04389995150268" lon="-118.91213991679251">
        <ele>41.02</ele>
      </trkpt>
      <trkpt lat="34.04388997703791" lon="-118.91207998618484">
        <ele>41.14</ele>
      </trkpt>
      <trkpt lat="34.04388997703791" lon="-118.91206992790103">
        <ele>41.27</ele>
      </trkpt>
      <trkpt lat="34.0438799187541" lon="-118.91201997175813">
        <ele>41.44</ele>
      </trkpt>
      <trkpt lat="34.04386994428933" lon="-118.91192995011806">
        <ele>41.63</ele>
      </trkpt>
      <trkpt lat="34.04384999535978" lon="-118.91177999787033">
        <ele>41.85</ele>
      </trkpt>
      <trkpt lat="34.043819988146424" lon="-118.91156994737685">
        <ele>42.1</ele>
      </trkpt>
      <trkpt lat="34.04378989711404" lon="-118.91135461628437">
        <ele>42.32</ele>
      </trkpt>
      <trkpt lat="34.043759973719716" lon="-118.91113995574415">
        <ele>42.56</ele>
      </trkpt>
      <trkpt lat="34.04374999925494" lon="-118.91106996685266">
        <ele>42.81</ele>
      </trkpt>
      <trkpt lat="34.04371487908065" lon="-118.91080451197922">
        <ele>43.04</ele>
      </trkpt>
      <trkpt lat="34.04367992654443" lon="-118.91053997911513">
        <ele>43.3</ele>
      </trkpt>
      <trkpt lat="34.04367992654443" lon="-118.91052992083132">
        <ele>43.59</ele>
      </trkpt>
      <trkpt lat="34.04365997761488" lon="-118.91041995026171">
        <ele>43.9</ele>
      </trkpt>
      <trkpt lat="34.04362485744059" lon="-118.91016446985304">
        <ele>44.32</ele>
      </trkpt>
      <trkpt lat="34.0435899887234" lon="-118.90990999527276">
        <ele>44.72</ele>
      </trkpt>
      <trkpt lat="34.04355998151004" lon="-118.90969994477928">
        <ele>45.1</ele>
      </trkpt>
      <trkpt lat="34.04351991601288" lon="-118.90941613353789">
        <ele>45.47</ele>
      </trkpt>
      <trkpt lat="34.04347985051572" lon="-118.9091323222965">
        <ele>45.73</ele>
      </trkpt>
      <trkpt lat="34.04343995265663" lon="-118.90884993597865">
        <ele>45.95</ele>
      </trkpt>
      <trkpt lat="34.04342997819185" lon="-118.90871993266046">
        <ele>46.26</ele>
      </trkpt>
      <trkpt lat="34.04342997819185" lon="-118.90870995819569">
        <ele>46.53</ele>
      </trkpt>
      <trkpt lat="34.04338991269469" lon="-118.9084261469543">
        <ele>46.82</ele>
      </trkpt>
      <trkpt lat="34.04334984719753" lon="-118.90814225189388">
        <ele>47.06</ele>
      </trkpt>
      <trkpt lat="34.043309949338436" lon="-118.90785994939506">
        <ele>47.26</ele>
      </trkpt>
      <trkpt lat="34.04329997487366" lon="-118.90775995329022">
        <ele>47.47</ele>
      </trkpt>
      <trkpt lat="34.04327994212508" lon="-118.90760991722345">
        <ele>47.64</ele>
      </trkpt>
      <trkpt lat="34.04326996766031" lon="-118.90757999382913">
        <ele>47.81</ele>
      </trkpt>
      <trkpt lat="34.043239960446954" lon="-118.90735996887088">
        <ele>47.94</ele>
      </trkpt>
      <trkpt lat="34.043239960446954" lon="-118.90731998719275">
        <ele>48.1</ele>
      </trkpt>
      <trkpt lat="34.043219927698374" lon="-118.90718998387456">
        <ele>48.2</ele>
      </trkpt>
      <trkpt lat="34.043199978768826" lon="-118.90703994780779">
        <ele>48.27</ele>
      </trkpt>
      <trkpt lat="34.04315588995814" lon="-118.90671338886023">
        <ele>48.33</ele>
      </trkpt>
      <trkpt lat="34.04311180114746" lon="-118.90638682991266">
        <ele>48.39</ele>
      </trkpt>
      <trkpt lat="34.04306771233678" lon="-118.90606018714607">
        <ele>48.49</ele>
      </trkpt>
      <trkpt lat="34.043023623526096" lon="-118.9057336281985">
        <ele>48.62</ele>
      </trkpt>
      <trkpt lat="34.04297995381057" lon="-118.90540991909802">
        <ele>48.7</ele>
      </trkpt>
      <trkpt lat="34.04297995381057" lon="-118.90539994463325">
        <ele>48.77</ele>
      </trkpt>
      <trkpt lat="34.04295992106199" lon="-118.90527999959886">
        <ele>48.84</ele>
      </trkpt>
      <trkpt lat="34.042939972132444" lon="-118.90517991967499">
        <ele>48.89</ele>
      </trkpt>
      <trkpt lat="34.042939972132444" lon="-118.90514999628067">
        <ele>48.94</ele>
      </trkpt>
      <trkpt lat="34.04292999766767" lon="-118.9050499163568">
        <ele>48.98</ele>
      </trkpt>
      <trkpt lat="34.04290996491909" lon="-118.90494992025197">
        <ele>49.01</ele>
      </trkpt>
      <trkpt lat="34.04290996491909" lon="-118.90491999685764">
        <ele>49.01</ele>
      </trkpt>
      <trkpt lat="34.04286998324096" lon="-118.90460995025933">
        <ele>49.11</ele>
      </trkpt>
      <trkpt lat="34.04286998324096" lon="-118.90459997579455">
        <ele>49.08</ele>
      </trkpt>
      <trkpt lat="34.042859924957156" lon="-118.90454993583262">
        <ele>49.02</ele>
      </trkpt>
      <trkpt lat="34.04283997602761" lon="-118.90443996526301">
        <ele>48.95</ele>
      </trkpt>
      <trkpt lat="34.04283997602761" lon="-118.90441993251443">
        <ele>48.86</ele>
      </trkpt>
      <trkpt lat="34.042809968814254" lon="-118.90419999137521">
        <ele>48.75</ele>
      </trkpt>
      <trkpt lat="34.042809968814254" lon="-118.90417995862663">
        <ele>48.61</ele>
      </trkpt>
      <trkpt lat="34.04279999434948" lon="-118.90408993698657">
        <ele>48.46</ele>
      </trkpt>
      <trkpt lat="34.042789936065674" lon="-118.90400997363031">
        <ele>48.28</ele>
      </trkpt>
      <trkpt lat="34.0427799616009" lon="-118.90397996641695">
        <ele>48.07</ele>
      </trkpt>
      <trkpt lat="34.0427799616009" lon="-118.9039499592036">
        <ele>47.85</ele>
      </trkpt>
      <trkpt lat="34.042769987136126" lon="-118.90387997031212">
        <ele>47.6</ele>
      </trkpt>
      <trkpt lat="34.04273997992277" lon="-118.903699927032">
        <ele>47.34</ele>
      </trkpt>
      <trkpt lat="34.04269991442561" lon="-118.90339608304203">
        <ele>47.07</ele>
      </trkpt>
      <trkpt lat="34.04265984892845" lon="-118.90309223905206">
        <ele>46.74</ele>
      </trkpt>
      <trkpt lat="34.042619951069355" lon="-118.90278998762369">
        <ele>46.4</ele>
      </trkpt>
      <trkpt lat="34.042599918320775" lon="-118.9026599843055">
        <ele>46.03</ele>
      </trkpt>
      <trkpt lat="34.042554907500744" lon="-118.90233434736729">
        <ele>45.6</ele>
      </trkpt>
      <trkpt lat="34.042509980499744" lon="-118.90200996771455">
        <ele>45.09</ele>
      </trkpt>
      <trkpt lat="34.04249992221594" lon="-118.90191994607449">
        <ele>44.66</ele>
      </trkpt>
      <trkpt lat="34.04246488586068" lon="-118.90167452394962">
        <ele>44.26</ele>
      </trkpt>
      <trkpt lat="34.042429933324456" lon="-118.90142994001508">
        <ele>43.84</ele>
      </trkpt>
      <trkpt lat="34.04241995885968" lon="-118.90129993669689">
        <ele>43.42</ele>
      </trkpt>
      <trkpt lat="34.0423999261111" lon="-118.90119994059205">
        <ele>43.0</ele>
      </trkpt>
      <trkpt lat="34.04237494803965" lon="-118.90100958757102">
        <ele>42.57</ele>
      </trkpt>
      <trkpt lat="34.0423499699682" lon="-118.90081998892128">
        <ele>42.13</ele>
      </trkpt>
      <trkpt lat="34.042339995503426" lon="-118.90072996728122">
        <ele>41.69</ele>
      </trkpt>
      <trkpt lat="34.042319962754846" lon="-118.9006099384278">
        <ele>41.24</ele>
      </trkpt>
      <trkpt lat="34.042277382686734" lon="-118.90028689987957">
        <ele>40.81</ele>
      </trkpt>
      <trkpt lat="34.04223480261862" lon="-118.89996377751231">
        <ele>40.39</ele>
      </trkpt>
      <trkpt lat="34.04219222255051" lon="-118.89964073896408">
        <ele>39.93</ele>
      </trkpt>
      <trkpt lat="34.04214997775853" lon="-118.8993199635297">
        <ele>39.47</ele>
      </trkpt>
      <trkpt lat="34.04210320673883" lon="-118.89898938126862">
        <ele>39.04</ele>
      </trkpt>
      <trkpt lat="34.04205643571913" lon="-118.89865879900753">
        <ele>38.62</ele>
      </trkpt>
      <trkpt lat="34.04200999997556" lon="-118.89832997694612">
        <ele>38.14</ele>
      </trkpt>
      <trkpt lat="34.04196985065937" lon="-118.89802940189838">
        <ele>37.54</ele>
      </trkpt>
      <trkpt lat="34.041929952800274" lon="-118.89772991649806">
        <ele>37.1</ele>
      </trkpt>
      <trkpt lat="34.04189994558692" lon="-118.89751961454749">
        <ele>36.78</ele>
      </trkpt>
      <trkpt lat="34.041869938373566" lon="-118.89730998314917">
        <ele>36.62</ele>
      </trkpt>
      <trkpt lat="34.04184998944402" lon="-118.89717997983098">
        <ele>36.44</ele>
      </trkpt>
      <trkpt lat="34.04181998223066" lon="-118.89694998040795">
        <ele>36.31</ele>
      </trkpt>
      <trkpt lat="34.04180992394686" lon="-118.89681997708976">
        <ele>36.17</ele>
      </trkpt>
      <trkpt lat="34.04178997501731" lon="-118.89668997377157">
        <ele>36.05</ele>
      </trkpt>
      <trkpt lat="34.041764913126826" lon="-118.89648461714387">
        <ele>35.99</ele>
      </trkpt>
      <trkpt lat="34.041739935055375" lon="-118.89627993106842">
        <ele>35.96</ele>
      </trkpt>
      <trkpt lat="34.04170992784202" lon="-118.89605454169214">
        <ele>35.89</ele>
      </trkpt>
      <trkpt lat="34.04167992062867" lon="-118.89582999050617">
        <ele>35.78</ele>
      </trkpt>
      <trkpt lat="34.04165997169912" lon="-118.89569998718798">
        <ele>35.72</ele>
      </trkpt>
      <trkpt lat="34.04163993895054" lon="-118.89556998386979">
        <ele>35.69</ele>
      </trkpt>
      <trkpt lat="34.04161999002099" lon="-118.89539999887347">
        <ele>35.67</ele>
      </trkpt>
      <trkpt lat="34.041589982807636" lon="-118.89517997391522">
        <ele>35.63</ele>
      </trkpt>
      <trkpt lat="34.041569950059056" lon="-118.89503999613225">
        <ele>35.53</ele>
      </trkpt>
      <trkpt lat="34.041549917310476" lon="-118.89494997449219">
        <ele>35.57</ele>
      </trkpt>
      <trkpt lat="34.0415399428457" lon="-118.89483992010355">
        <ele>35.56</ele>
      </trkpt>
      <trkpt lat="34.0415399428457" lon="-118.89482994563878">
        <ele>35.72</ele>
      </trkpt>
      <trkpt lat="34.04152996838093" lon="-118.89479993842542">
        <ele>35.9</ele>
      </trkpt>
      <trkpt lat="34.04152996838093" lon="-118.89476993121207">
        <ele>36.12</ele>
      </trkpt>
      <trkpt lat="34.041499961167574" lon="-118.89461997896433">
        <ele>36.35</ele>
      </trkpt>
      <trkpt lat="34.041499961167574" lon="-118.89458997175097">
        <ele>36.69</ele>
      </trkpt>
      <trkpt lat="34.041499961167574" lon="-118.89454999007285">
        <ele>37.06</ele>
      </trkpt>
      <trkpt lat="34.0414899867028" lon="-118.89448997564614">
        <ele>37.45</ele>
      </trkpt>
      <trkpt lat="34.041479928418994" lon="-118.89439995400608">
        <ele>37.87</ele>
      </trkpt>
      <trkpt lat="34.041459979489446" lon="-118.89423994347453">
        <ele>38.46</ele>
      </trkpt>
      <trkpt lat="34.04142997227609" lon="-118.89403995126486">
        <ele>39.13</ele>
      </trkpt>
      <trkpt lat="34.04141999781132" lon="-118.89401991851628">
        <ele>39.71</ele>
      </trkpt>
      <trkpt lat="34.04141999781132" lon="-118.89399996958673">
        <ele>40.35</ele>
      </trkpt>
      <trkpt lat="34.04138999059796" lon="-118.89375999569893">
        <ele>41.08</ele>
      </trkpt>
      <trkpt lat="34.04136995784938" lon="-118.89359998516738">
        <ele>41.83</ele>
      </trkpt>
      <trkpt lat="34.0413499251008" lon="-118.89348993077874">
        <ele>42.58</ele>
      </trkpt>
      <trkpt lat="34.0412999689579" lon="-118.89312992803752">
        <ele>43.55</ele>
      </trkpt>
      <trkpt lat="34.04128999449313" lon="-118.8930399902165">
        <ele>44.32</ele>
      </trkpt>
      <trkpt lat="34.04126996174455" lon="-118.8929099868983">
        <ele>45.14</ele>
      </trkpt>
      <trkpt lat="34.04122654348612" lon="-118.8925994373858">
        <ele>45.98</ele>
      </trkpt>
      <trkpt lat="34.04118312522769" lon="-118.89228888787329">
        <ele>46.8</ele>
      </trkpt>
      <trkpt lat="34.041139958426356" lon="-118.89197993092239">
        <ele>47.68</ele>
      </trkpt>
      <trkpt lat="34.041139958426356" lon="-118.89195998199284">
        <ele>48.43</ele>
      </trkpt>
      <trkpt lat="34.041109951213" lon="-118.89174993149936">
        <ele>49.2</ele>
      </trkpt>
      <trkpt lat="34.0410599950701" lon="-118.89139998704195">
        <ele>49.85</ele>
      </trkpt>
      <trkpt lat="34.0410599950701" lon="-118.89138992875814">
        <ele>50.52</ele>
      </trkpt>
      <trkpt lat="34.041049936786294" lon="-118.89129999093711">
        <ele>51.15</ele>
      </trkpt>
      <trkpt lat="34.041009955108166" lon="-118.89100997708738">
        <ele>51.69</ele>
      </trkpt>
      <trkpt lat="34.04099998064339" lon="-118.89094996266067">
        <ele>52.33</ele>
      </trkpt>
      <trkpt lat="34.040989922359586" lon="-118.89081995934248">
        <ele>53.02</ele>
      </trkpt>
      <trkpt lat="34.04097994789481" lon="-118.890749970451">
        <ele>53.61</ele>
      </trkpt>
      <trkpt lat="34.04097994789481" lon="-118.89071996323764">
        <ele>54.14</ele>
      </trkpt>
      <trkpt lat="34.04096997343004" lon="-118.89071996323764">
        <ele>54.6</ele>
      </trkpt>
      <trkpt lat="34.04095999896526" lon="-118.89063999988139">
        <ele>55.07</ele>
      </trkpt>
      <trkpt lat="34.04094994068146" lon="-118.89054997824132">
        <ele>55.54</ele>
      </trkpt>
      <trkpt lat="34.04094994068146" lon="-118.89051997102797">
        <ele>55.94</ele>
      </trkpt>
      <trkpt lat="34.04094994068146" lon="-118.8905099965632">
        <ele>56.31</ele>
      </trkpt>
      <trkpt lat="34.04092999175191" lon="-118.89040991663933">
        <ele>56.65</ele>
      </trkpt>
      <trkpt lat="34.04088992625475" lon="-118.89011998660862">
        <ele>56.98</ele>
      </trkpt>
      <trkpt lat="34.040859919041395" lon="-118.8898899871856">
        <ele>57.3</ele>
      </trkpt>
      <trkpt lat="34.040814908221364" lon="-118.88955437578261">
        <ele>57.35</ele>
      </trkpt>
      <trkpt lat="34.040769981220365" lon="-118.88921993784606">
        <ele>57.37</ele>
      </trkpt>
      <trkpt lat="34.040749948471785" lon="-118.88904995284975">
        <ele>57.62</ele>
      </trkpt>
      <trkpt lat="34.04073997400701" lon="-118.88898993842304">
        <ele>57.89</ele>
      </trkpt>
      <trkpt lat="34.04073997400701" lon="-118.88897996395826">
        <ele>58.11</ele>
      </trkpt>
      <trkpt lat="34.04073997400701" lon="-118.88896998949349">
        <ele>58.32</ele>
      </trkpt>
      <trkpt lat="34.040729999542236" lon="-118.88891994953156">
        <ele>58.55</ele>
      </trkpt>
      <trkpt lat="34.04071994125843" lon="-118.88885993510485">
        <ele>58.8</ele>
      </trkpt>
      <trkpt lat="34.04071994125843" lon="-118.88884996064007">
        <ele>59.0</ele>
      </trkpt>
      <trkpt lat="34.04071994125843" lon="-118.88881995342672">
        <ele>59.22</ele>
      </trkpt>
      <trkpt lat="34.04069990850985" lon="-118.8886296004057">
        <ele>59.46</ele>
      </trkpt>
      <trkpt lat="34.0406799595803" lon="-118.88843991793692">
        <ele>59.7</ele>
      </trkpt>
      <trkpt lat="34.040649868547916" lon="-118.888149401173">
        <ele>59.9</ele>
      </trkpt>
      <trkpt lat="34.04061986133456" lon="-118.88785888440907">
        <ele>60.13</ele>
      </trkpt>
      <trkpt lat="34.04058977030218" lon="-118.88756836764514">
        <ele>60.29</ele>
      </trkpt>
      <trkpt lat="34.040559930726886" lon="-118.88727994635701">
        <ele>60.48</ele>
      </trkpt>
      <trkpt lat="34.04054995626211" lon="-118.88714994303882">
        <ele>60.69</ele>
      </trkpt>
      <trkpt lat="34.04052992351353" lon="-118.88698993250728">
        <ele>60.86</ele>
      </trkpt>
      <trkpt lat="34.04052992351353" lon="-118.8869799580425">
        <ele>61.08</ele>
      </trkpt>
      <trkpt lat="34.040494887158275" lon="-118.88661928474903">
        <ele>61.16</ele>
      </trkpt>
      <trkpt lat="34.04045993462205" lon="-118.88625995256007">
        <ele>61.52</ele>
      </trkpt>
      <trkpt lat="34.04045993462205" lon="-118.88623991981149">
        <ele>61.77</ele>
      </trkpt>
      <trkpt lat="34.040449960157275" lon="-118.88618996366858">
        <ele>62.04</ele>
      </trkpt>
      <trkpt lat="34.040429927408695" lon="-118.88595996424556">
        <ele>62.34</ele>
      </trkpt>
      <trkpt lat="34.04039992019534" lon="-118.8856799248606">
        <ele>62.61</ele>
      </trkpt>
      <trkpt lat="34.04037997126579" lon="-118.88544992543757">
        <ele>62.91</ele>
      </trkpt>
      <trkpt lat="34.04035993851721" lon="-118.88523995876312">
        <ele>63.18</ele>
      </trkpt>
      <trkpt lat="34.04034996405244" lon="-118.88512998819351">
        <ele>63.49</ele>
      </trkpt>
      <trkpt lat="34.040319956839085" lon="-118.88480996713042">
        <ele>63.83</ele>
      </trkpt>
      <trkpt lat="34.04030998237431" lon="-118.88470997102559">
        <ele>64.11</ele>
      </trkpt>
      <trkpt lat="34.040279975160956" lon="-118.88439992442727">
        <ele>64.42</ele>
      </trkpt>
      <trkpt lat="34.040259942412376" lon="-118.88418953865767">
        <ele>64.8</ele>
      </trkpt>
      <trkpt lat="34.04023999348283" lon="-118.88397999107838">
        <ele>65.16</ele>
      </trkpt>
      <trkpt lat="34.04022993519902" lon="-118.88389994390309">
        <ele>65.46</ele>
      </trkpt>
      <trkpt lat="34.04021996073425" lon="-118.88379994779825">
        <ele>65.73</ele>
      </trkpt>
      <trkpt lat="34.04021996073425" lon="-118.88375996612012">
        <ele>66.0</ele>
      </trkpt>
      <trkpt lat="34.040189953520894" lon="-118.88349995948374">
        <ele>66.21</ele>
      </trkpt>
      <trkpt lat="34.04017997905612" lon="-118.8833999633789">
        <ele>66.41</ele>
      </trkpt>
      <trkpt lat="34.040169920772314" lon="-118.88329996727407">
        <ele>66.62</ele>
      </trkpt>
      <trkpt lat="34.040169920772314" lon="-118.88326996006072">
        <ele>66.84</ele>
      </trkpt>
      <trkpt lat="34.04014494270086" lon="-118.88299947604537">
        <ele>66.91</ele>
      </trkpt>
      <trkpt lat="34.04011996462941" lon="-118.8827299978584">
        <ele>67.27</ele>
      </trkpt>
      <trkpt lat="34.04009993188083" lon="-118.88252455741167">
        <ele>67.6</ele>
      </trkpt>
      <trkpt lat="34.04007998295128" lon="-118.88231995515525">
        <ele>67.83</ele>
      </trkpt>
      <trkpt lat="34.04004997573793" lon="-118.8821099884808">
        <ele>67.91</ele>
      </trkpt>
      <trkpt lat="34.04004997573793" lon="-118.88206992298365">
        <ele>68.0</ele>
      </trkpt>
      <trkpt lat="34.04003991745412" lon="-118.88198995962739">
        <ele>68.04</ele>
      </trkpt>
      <trkpt lat="34.04002994298935" lon="-118.8818599563092">
        <ele>68.05</ele>
      </trkpt>
      <trkpt lat="34.040019968524575" lon="-118.88180991634727">
        <ele>68.04</ele>
      </trkpt>
      <trkpt lat="34.040019968524575" lon="-118.88179994188249">
        <ele>68.03</ele>
      </trkpt>
      <trkpt lat="34.040019968524575" lon="-118.88177999295294">
        <ele>68.0</ele>
      </trkpt>
      <trkpt lat="34.0400099940598" lon="-118.88176993466914">
        <ele>67.92</ele>
      </trkpt>
      <trkpt lat="34.0400099940598" lon="-118.88175996020436">
        <ele>67.85</ele>
      </trkpt>
      <trkpt lat="34.0400099940598" lon="-118.88168997131288">
        <ele>67.73</ele>
      </trkpt>
      <trkpt lat="34.039999935775995" lon="-118.88156994245946">
        <ele>67.58</ele>
      </trkpt>
      <trkpt lat="34.03998996131122" lon="-118.88155996799469">
        <ele>67.42</ele>
      </trkpt>
      <trkpt lat="34.03998996131122" lon="-118.88151998631656">
        <ele>67.26</ele>
      </trkpt>
      <trkpt lat="34.03998996131122" lon="-118.8814299646765">
        <ele>67.07</ele>
      </trkpt>
      <trkpt lat="34.03997998684645" lon="-118.88124992139637">
        <ele>66.86</ele>
      </trkpt>
      <trkpt lat="34.03996992856264" lon="-118.88108999468386">
        <ele>66.65</ele>
      </trkpt>
      <trkpt lat="34.03995995409787" lon="-118.88092998415232">
        <ele>66.46</ele>
      </trkpt>
      <trkpt lat="34.03994997963309" lon="-118.8805599231273">
        <ele>66.33</ele>
      </trkpt>
      <trkpt lat="34.03993992134929" lon="-118.8802761118859">
        <ele>65.96</ele>
      </trkpt>
      <trkpt lat="34.03992994688451" lon="-118.87999221682549">
        <ele>65.48</ele>
      </trkpt>
      <trkpt lat="34.03991997241974" lon="-118.8797099981457">
        <ele>65.15</ele>
      </trkpt>
      <trkpt lat="34.03991997241974" lon="-118.87960991822183">
        <ele>64.86</ele>
      </trkpt>
      <trkpt lat="34.0399082377553" lon="-118.87928436510265">
        <ele>64.67</ele>
      </trkpt>
      <trkpt lat="34.03989658690989" lon="-118.87895872816443">
        <ele>64.41</ele>
      </trkpt>
      <trkpt lat="34.03988493606448" lon="-118.87863309122622">
        <ele>64.06</ele>
      </trkpt>
      <trkpt lat="34.03987320140004" lon="-118.87830753810704">
        <ele>63.69</ele>
      </trkpt>
      <trkpt lat="34.03986155055463" lon="-118.87798190116882">
        <ele>63.25</ele>
      </trkpt>
      <trkpt lat="34.039849983528256" lon="-118.877659952268">
        <ele>62.82</ele>
      </trkpt>
      <trkpt lat="34.039849983528256" lon="-118.87763991951942">
        <ele>62.49</ele>
      </trkpt>
      <trkpt lat="34.03983992524445" lon="-118.87732995674014">
        <ele>62.11</ele>
      </trkpt>
      <trkpt lat="34.03983992524445" lon="-118.87729994952679">
        <ele>61.78</ele>
      </trkpt>
      <trkpt lat="34.039829950779676" lon="-118.87719995342195">
        <ele>61.45</ele>
      </trkpt>
      <trkpt lat="34.039829950779676" lon="-118.87709995731711">
        <ele>61.15</ele>
      </trkpt>
      <trkpt lat="34.0398199763149" lon="-118.87674431316555">
        <ele>60.98</ele>
      </trkpt>
      <trkpt lat="34.0398099180311" lon="-118.87638992629945">
        <ele>60.69</ele>
      </trkpt>
      <trkpt lat="34.03979994356632" lon="-118.87625992298126">
        <ele>60.33</ele>
      </trkpt>
      <trkpt lat="34.03979994356632" lon="-118.87612991966307">
        <ele>59.98</ele>
      </trkpt>
      <trkpt lat="34.03978996910155" lon="-118.8758799713105">
        <ele>59.57</ele>
      </trkpt>
      <trkpt lat="34.039779994636774" lon="-118.8756899535656">
        <ele>59.11</ele>
      </trkpt>
      <trkpt lat="34.03976993635297" lon="-118.87551996856928">
        <ele>58.62</ele>
      </trkpt>
      <trkpt lat="34.039759961888194" lon="-118.87523942627013">
        <ele>58.27</ele>
      </trkpt>
      <trkpt lat="34.03974998742342" lon="-118.87495997361839">
        <ele>57.88</ele>
      </trkpt>
      <trkpt lat="34.03974998742342" lon="-118.87491999194026">
        <ele>57.47</ele>
      </trkpt>
      <trkpt lat="34.03974998742342" lon="-118.87485997751355">
        <ele>57.06</ele>
      </trkpt>
      <trkpt lat="34.039736576378345" lon="-118.87450265698135">
        <ele>56.77</ele>
      </trkpt>
      <trkpt lat="34.0397232491523" lon="-118.87414525263011">
        <ele>56.26</ele>
      </trkpt>
      <trkpt lat="34.03970992192626" lon="-118.87378994375467">
        <ele>55.49</ele>
      </trkpt>
      <trkpt lat="34.039699947461486" lon="-118.87363999150693">
        <ele>54.94</ele>
      </trkpt>
      <trkpt lat="34.039699947461486" lon="-118.87351996265352">
        <ele>54.42</ele>
      </trkpt>
      <trkpt lat="34.03968997299671" lon="-118.87319994159043">
        <ele>53.9</ele>
      </trkpt>
      <trkpt lat="34.03967999853194" lon="-118.87306993827224">
        <ele>53.42</ele>
      </trkpt>
      <trkpt lat="34.03966994024813" lon="-118.87292996048927">
        <ele>52.91</ele>
      </trkpt>
      <trkpt lat="34.03961998410523" lon="-118.87284999713302">
        <ele>52.35</ele>
      </trkpt>
      <trkpt lat="34.03961998410523" lon="-118.87283993884921">
        <ele>51.85</ele>
      </trkpt>
      <trkpt lat="34.03961998410523" lon="-118.87276994995773">
        <ele>51.34</ele>
      </trkpt>
      <trkpt lat="34.039589976891875" lon="-118.87244992889464">
        <ele>50.82</ele>
      </trkpt>
      <trkpt lat="34.039589976891875" lon="-118.87241992168128">
        <ele>50.31</ele>
      </trkpt>
      <trkpt lat="34.03957488946617" lon="-118.87222956866026">
        <ele>49.84</ele>
      </trkpt>
      <trkpt lat="34.03955996967852" lon="-118.87203997001052">
        <ele>49.37</ele>
      </trkpt>
      <trkpt lat="34.03953993692994" lon="-118.87189999222755">
        <ele>48.86</ele>
      </trkpt>
      <trkpt lat="34.03952996246517" lon="-118.87180997058749">
        <ele>48.36</ele>
      </trkpt>
      <trkpt lat="34.03952996246517" lon="-118.87170997448266">
        <ele>47.87</ele>
      </trkpt>
      <trkpt lat="34.03950992971659" lon="-118.87157997116446">
        <ele>47.33</ele>
      </trkpt>
      <trkpt lat="34.03949995525181" lon="-118.87151995673776">
        <ele>46.77</ele>
      </trkpt>
      <trkpt lat="34.03948998078704" lon="-118.87141996063292">
        <ele>46.2</ele>
      </trkpt>
      <trkpt lat="34.03947992250323" lon="-118.87138995341957">
        <ele>45.63</ele>
      </trkpt>
      <trkpt lat="34.03946994803846" lon="-118.8712499756366">
        <ele>45.07</ele>
      </trkpt>
      <trkpt lat="34.039439940825105" lon="-118.87109993956983">
        <ele>44.49</ele>
      </trkpt>
      <trkpt lat="34.039439940825105" lon="-118.87108996510506">
        <ele>43.94</ele>
      </trkpt>
      <trkpt lat="34.03942996636033" lon="-118.87102995067835">
        <ele>43.38</ele>
      </trkpt>
      <trkpt lat="34.03941999189556" lon="-118.87092995457351">
        <ele>42.91</ele>
      </trkpt>
      <trkpt lat="34.03940993361175" lon="-118.87089994736016">
        <ele>42.38</ele>
      </trkpt>
      <trkpt lat="34.0393899846822" lon="-118.87077991850674">
        <ele>41.9</ele>
      </trkpt>
      <trkpt lat="34.03933994472027" lon="-118.87047993019223">
        <ele>41.26</ele>
      </trkpt>
      <trkpt lat="34.03929996304214" lon="-118.87027993798256">
        <ele>40.64</ele>
      </trkpt>
      <trkpt lat="34.03927993029356" lon="-118.87015999294817">
        <ele>40.11</ele>
      </trkpt>
      <trkpt lat="34.03920994140208" lon="-118.86984994634986">
        <ele>39.76</ele>
      </trkpt>
      <trkpt lat="34.039139952510595" lon="-118.86952992528677">
        <ele>39.04</ele>
      </trkpt>
      <trkpt lat="34.039139952510595" lon="-118.869519950822">
        <ele>38.63</ele>
      </trkpt>
      <trkpt lat="34.039119919762015" lon="-118.86943998746574">
        <ele>38.1</ele>
      </trkpt>
      <trkpt lat="34.039054876193404" lon="-118.86919959448278">
        <ele>37.43</ele>
      </trkpt>
      <trkpt lat="34.038989916443825" lon="-118.8689599558711">
        <ele>36.9</ele>
      </trkpt>
      <trkpt lat="34.038989916443825" lon="-118.86893992312253">
        <ele>36.68</ele>
      </trkpt>
      <trkpt lat="34.0389599930495" lon="-118.86882995255291">
        <ele>36.58</ele>
      </trkpt>
      <trkpt lat="34.03891992755234" lon="-118.86869994923472">
        <ele>36.52</ele>
      </trkpt>
      <trkpt lat="34.038859996944666" lon="-118.86848998256028">
        <ele>36.55</ele>
      </trkpt>
      <trkpt lat="34.03877994976938" lon="-118.86823995038867">
        <ele>36.65</ele>
      </trkpt>
      <trkpt lat="34.038689928129315" lon="-118.86793996207416">
        <ele>36.81</ele>
      </trkpt>
      <trkpt lat="34.0386198554188" lon="-118.8677447475493">
        <ele>36.93</ele>
      </trkpt>
      <trkpt lat="34.03854995034635" lon="-118.86754995211959">
        <ele>37.06</ele>
      </trkpt>
      <trkpt lat="34.03848993591964" lon="-118.86734995990992">
        <ele>37.22</ele>
      </trkpt>
      <trkpt lat="34.03843997977674" lon="-118.8672299310565">
        <ele>37.35</ele>
      </trkpt>
      <trkpt lat="34.03835984878242" lon="-118.86701468378305">
        <ele>37.5</ele>
      </trkpt>
      <trkpt lat="34.038279969245195" lon="-118.8667999394238">
        <ele>37.69</ele>
      </trkpt>
      <trkpt lat="34.03819992206991" lon="-118.866559965536">
        <ele>37.85</ele>
      </trkpt>
      <trkpt lat="34.03815994039178" lon="-118.86644999496639">
        <ele>38.0</ele>
      </trkpt>
      <trkpt lat="34.03807989321649" lon="-118.86623474769294">
        <ele>38.12</ele>
      </trkpt>
      <trkpt lat="34.037999929860234" lon="-118.86601991951466">
        <ele>38.34</ele>
      </trkpt>
      <trkpt lat="34.03793488629162" lon="-118.86583970859647">
        <ele>38.61</ele>
      </trkpt>
      <trkpt lat="34.037869926542044" lon="-118.86565991677344">
        <ele>38.84</ele>
      </trkpt>
      <trkpt lat="34.03779993765056" lon="-118.86546998284757">
        <ele>39.07</ele>
      </trkpt>
      <trkpt lat="34.03778996318579" lon="-118.86545992456377">
        <ele>39.24</ele>
      </trkpt>
      <trkpt lat="34.037719974294305" lon="-118.86525993235409">
        <ele>39.45</ele>
      </trkpt>
      <trkpt lat="34.03765484690666" lon="-118.8650797214359">
        <ele>39.61</ele>
      </trkpt>
      <trkpt lat="34.037589970976114" lon="-118.86489992961287">
        <ele>39.71</ele>
      </trkpt>
      <trkpt lat="34.037509839981794" lon="-118.86468468233943">
        <ele>39.78</ele>
      </trkpt>
      <trkpt lat="34.03742996044457" lon="-118.86446993798018">
        <ele>39.84</ele>
      </trkpt>
      <trkpt lat="34.037359887734056" lon="-118.8642696943134">
        <ele>39.87</ele>
      </trkpt>
      <trkpt lat="34.037289982661605" lon="-118.86406995356083">
        <ele>39.87</ele>
      </trkpt>
      <trkpt lat="34.0372299682349" lon="-118.86390994302928">
        <ele>39.82</ele>
      </trkpt>
      <trkpt lat="34.03719996102154" lon="-118.8638399541378">
        <ele>39.78</ele>
      </trkpt>
      <trkpt lat="34.037139946594834" lon="-118.86366996914148">
        <ele>39.71</ele>
      </trkpt>
      <trkpt lat="34.03704992495477" lon="-118.86339998804033">
        <ele>39.62</ele>
      </trkpt>
      <trkpt lat="34.03695998713374" lon="-118.86309999972582">
        <ele>39.54</ele>
      </trkpt>
      <trkpt lat="34.03689997270703" lon="-118.86290998198092">
        <ele>39.45</ele>
      </trkpt>
      <trkpt lat="34.03683987446129" lon="-118.86268459260464">
        <ele>39.35</ele>
      </trkpt>
      <trkpt lat="34.03677994385362" lon="-118.86245995759964">
        <ele>39.24</ele>
      </trkpt>
      <trkpt lat="34.036729987710714" lon="-118.86224999092519">
        <ele>39.06</ele>
      </trkpt>
      <trkpt lat="34.036669973284006" lon="-118.86201999150217">
        <ele>38.84</ele>
      </trkpt>
      <trkpt lat="34.0366099588573" lon="-118.86170994490385">
        <ele>38.62</ele>
      </trkpt>
      <trkpt lat="34.03656997717917" lon="-118.86152998544276">
        <ele>38.41</ele>
      </trkpt>
      <trkpt lat="34.03652999550104" lon="-118.86128992773592">
        <ele>38.18</ele>
      </trkpt>
      <trkpt lat="34.03648993000388" lon="-118.86107996106148">
        <ele>37.98</ele>
      </trkpt>
      <trkpt lat="34.03645992279053" lon="-118.86083998717368">
        <ele>37.73</ele>
      </trkpt>
      <trkpt lat="34.0364199411124" lon="-118.86059992946684">
        <ele>37.45</ele>
      </trkpt>
      <trkpt lat="34.03637995943427" lon="-118.86022995226085">
        <ele>37.17</ele>
      </trkpt>
      <trkpt lat="34.03635992668569" lon="-118.85994999669492">
        <ele>36.83</ele>
      </trkpt>
      <trkpt lat="34.03632991947234" lon="-118.85966995730996">
        <ele>36.51</ele>
      </trkpt>
      <trkpt lat="34.03630997054279" lon="-118.85945999063551">
        <ele>36.16</ele>
      </trkpt>
      <trkpt lat="34.036284908652306" lon="-118.85912437923253">
        <ele>35.68</ele>
      </trkpt>
      <trkpt lat="34.036259930580854" lon="-118.85878994129598">
        <ele>35.03</ele>
      </trkpt>
      <trkpt lat="34.03624995611608" lon="-118.85876999236643">
        <ele>34.74</ele>
      </trkpt>
      <trkpt lat="34.0362349525094" lon="-118.8585746102035">
        <ele>34.32</ele>
      </trkpt>
      <trkpt lat="34.036219948902726" lon="-118.85837998241186">
        <ele>34.32</ele>
      </trkpt>
      <trkpt lat="34.03620494529605" lon="-118.85818460024893">
        <ele>34.3</ele>
      </trkpt>
      <trkpt lat="34.03618994168937" lon="-118.85798997245729">
        <ele>34.1</ele>
      </trkpt>
      <trkpt lat="34.0361799672246" lon="-118.85789995081723">
        <ele>33.82</ele>
      </trkpt>
      <trkpt lat="34.03615322895348" lon="-118.85756936855614">
        <ele>33.55</ele>
      </trkpt>
      <trkpt lat="34.03612649068236" lon="-118.85723870247602">
        <ele>33.3</ele>
      </trkpt>
      <trkpt lat="34.03609992004931" lon="-118.85690996423364">
        <ele>33.05</ele>
      </trkpt>
      <trkpt lat="34.036089945584536" lon="-118.8568599242717">
        <ele>32.79</ele>
      </trkpt>
      <trkpt lat="34.03606656007469" lon="-118.85658281855285">
        <ele>32.51</ele>
      </trkpt>
      <trkpt lat="34.03604317456484" lon="-118.85630562901497">
        <ele>32.24</ele>
      </trkpt>
      <trkpt lat="34.03601995669305" lon="-118.85602994821966">
        <ele>31.92</ele>
      </trkpt>
      <trkpt lat="34.03599992394447" lon="-118.85579952970147">
        <ele>31.62</ele>
      </trkpt>
      <trkpt lat="34.035979975014925" lon="-118.8555699493736">
        <ele>31.29</ele>
      </trkpt>
      <trkpt lat="34.03594996780157" lon="-118.85535998269916">
        <ele>30.96</ele>
      </trkpt>
      <trkpt lat="34.03591996058822" lon="-118.85514993220568">
        <ele>30.74</ele>
      </trkpt>
      <trkpt lat="34.03588995337486" lon="-118.85496997274458">
        <ele>30.55</ele>
      </trkpt>
      <trkpt lat="34.03585994616151" lon="-118.85475958697498">
        <ele>30.34</ele>
      </trkpt>
      <trkpt lat="34.035829938948154" lon="-118.85454995557666">
        <ele>30.24</ele>
      </trkpt>
      <trkpt lat="34.03577998280525" lon="-118.8542699161917">
        <ele>30.36</ele>
      </trkpt>
      <trkpt lat="34.03570999391377" lon="-118.85393992066383">
        <ele>30.32</ele>
      </trkpt>
      <trkpt lat="34.03564997948706" lon="-118.85364999063313">
        <ele>30.16</ele>
      </trkpt>
      <trkpt lat="34.03561997227371" lon="-118.85352996177971">
        <ele>29.95</ele>
      </trkpt>
      <trkpt lat="34.03556993231177" lon="-118.85333994403481">
        <ele>29.76</ele>
      </trkpt>
      <trkpt lat="34.03551989234984" lon="-118.85314464569092">
        <ele>29.53</ele>
      </trkpt>
      <trkpt lat="34.03546993620694" lon="-118.85294993408024">
        <ele>29.3</ele>
      </trkpt>
      <trkpt lat="34.03538997285068" lon="-118.85269998572767">
        <ele>29.07</ele>
      </trkpt>
      <trkpt lat="34.0353199839592" lon="-118.85243997909129">
        <ele>28.82</ele>
      </trkpt>
      <trkpt lat="34.035234823822975" lon="-118.85219464078546">
        <ele>28.5</ele>
      </trkpt>
      <trkpt lat="34.03514999896288" lon="-118.85194997303188">
        <ele>28.23</ele>
      </trkpt>
      <trkpt lat="34.035119991749525" lon="-118.85185995139182">
        <ele>28.01</ele>
      </trkpt>
      <trkpt lat="34.035099959000945" lon="-118.85181996971369">
        <ele>27.78</ele>
      </trkpt>
      <trkpt lat="34.03497993014753" lon="-118.8514999486506">
        <ele>27.5</ele>
      </trkpt>
      <trkpt lat="34.034929974004626" lon="-118.85137991979718">
        <ele>27.25</ele>
      </trkpt>
      <trkpt lat="34.03487993404269" lon="-118.85122996754944">
        <ele>26.99</ele>
      </trkpt>
      <trkpt lat="34.03478488326073" lon="-118.85099468752742">
        <ele>26.73</ele>
      </trkpt>
      <trkpt lat="34.03468991629779" lon="-118.85075999423862">
        <ele>26.41</ele>
      </trkpt>
      <trkpt lat="34.03461984358728" lon="-118.85057475417852">
        <ele>26.15</ele>
      </trkpt>
      <trkpt lat="34.03454993851483" lon="-118.85038993321359">
        <ele>25.99</ele>
      </trkpt>
      <trkpt lat="34.034519931301475" lon="-118.85031994432211">
        <ele>25.84</ele>
      </trkpt>
      <trkpt lat="34.03446997515857" lon="-118.85019999928772">
        <ele>25.7</ele>
      </trkpt>
      <trkpt lat="34.034369979053736" lon="-118.84991995990276">
        <ele>25.77</ele>
      </trkpt>
      <trkpt lat="34.0342699829489" lon="-118.84967998601496">
        <ele>25.82</ele>
      </trkpt>
      <trkpt lat="34.03418993577361" lon="-118.84947999380529">
        <ele>25.77</ele>
      </trkpt>
      <trkpt lat="34.03414995409548" lon="-118.84937999770045">
        <ele>25.67</ele>
      </trkpt>
      <trkpt lat="34.03401995077729" lon="-118.84904991835356">
        <ele>25.55</ele>
      </trkpt>
      <trkpt lat="34.03392322361469" lon="-118.84880307130516">
        <ele>25.42</ele>
      </trkpt>
      <trkpt lat="34.03382641263306" lon="-118.84855614043772">
        <ele>25.36</ele>
      </trkpt>
      <trkpt lat="34.03372993692756" lon="-118.84830996394157">
        <ele>25.29</ele>
      </trkpt>
      <trkpt lat="34.03360999189317" lon="-118.84800997562706">
        <ele>25.18</ele>
      </trkpt>
      <trkpt lat="34.03353991918266" lon="-118.84784996509552">
        <ele>25.06</ele>
      </trkpt>
      <trkpt lat="34.033489963039756" lon="-118.84771996177733">
        <ele>24.92</ele>
      </trkpt>
      <trkpt lat="34.0334599558264" lon="-118.84764997288585">
        <ele>24.77</ele>
      </trkpt>
      <trkpt lat="34.0334099996835" lon="-118.84751996956766">
        <ele>24.59</ele>
      </trkpt>
      <trkpt lat="34.03329994529486" lon="-118.84722995571792">
        <ele>24.38</ele>
      </trkpt>
      <trkpt lat="34.03325996361673" lon="-118.84712995961308">
        <ele>24.16</ele>
      </trkpt>
      <trkpt lat="34.033229956403375" lon="-118.84706994518638">
        <ele>23.94</ele>
      </trkpt>
      <trkpt lat="34.033189974725246" lon="-118.84696994908154">
        <ele>23.69</ele>
      </trkpt>
      <trkpt lat="34.03308997862041" lon="-118.84673994965851">
        <ele>23.4</ele>
      </trkpt>
      <trkpt lat="34.03301998972893" lon="-118.84658999741077">
        <ele>23.11</ele>
      </trkpt>
      <trkpt lat="34.03297992423177" lon="-118.84650995023549">
        <ele>22.8</ele>
      </trkpt>
      <trkpt lat="34.03294991701841" lon="-118.84644993580878">
        <ele>22.47</ele>
      </trkpt>
      <trkpt lat="34.03285997919738" lon="-118.84627995081246">
        <ele>22.1</ele>
      </trkpt>
      <trkpt lat="34.03284992091358" lon="-118.8462499435991">
        <ele>21.74</ele>
      </trkpt>
      <trkpt lat="34.032799964770675" lon="-118.84616998024285">
        <ele>21.35</ele>
      </trkpt>
      <trkpt lat="34.03272997587919" lon="-118.84602991864085">
        <ele>20.92</ele>
      </trkpt>
      <trkpt lat="34.03263995423913" lon="-118.84588994085789">
        <ele>20.48</ele>
      </trkpt>
      <trkpt lat="34.032629979774356" lon="-118.84585993364453">
        <ele>20.04</ele>
      </trkpt>
      <trkpt lat="34.032609947025776" lon="-118.84583998471498">
        <ele>19.57</ele>
      </trkpt>
      <trkpt lat="34.032599972561" lon="-118.8458199519664">
        <ele>19.09</ele>
      </trkpt>
      <trkpt lat="34.032599972561" lon="-118.84580997750163">
        <ele>18.6</ele>
      </trkpt>
      <trkpt lat="34.03254993259907" lon="-118.84572993032634">
        <ele>18.08</ele>
      </trkpt>
      <trkpt lat="34.032519925385714" lon="-118.84568994864821">
        <ele>17.55</ele>
      </trkpt>
      <trkpt lat="34.03248991817236" lon="-118.84563999250531">
        <ele>17.02</ele>
      </trkpt>
      <trkpt lat="34.03243996202946" lon="-118.84554997086525">
        <ele>16.48</ele>
      </trkpt>
      <trkpt lat="34.03233996592462" lon="-118.84539993479848">
        <ele>15.9</ele>
      </trkpt>
      <trkpt lat="34.032199988141656" lon="-118.84518996812403">
        <ele>15.26</ele>
      </trkpt>
      <trkpt lat="34.032089933753014" lon="-118.8450400158763">
        <ele>14.66</ele>
      </trkpt>
      <trkpt lat="34.0319799631834" lon="-118.84488997980952">
        <ele>14.03</ele>
      </trkpt>
      <trkpt lat="34.03184501454234" lon="-118.84471002034843">
        <ele>13.49</ele>
      </trkpt>
      <trkpt lat="34.03170998208225" lon="-118.8445299770683">
        <ele>12.93</ele>
      </trkpt>
      <trkpt lat="34.031619960442185" lon="-118.84439997375011">
        <ele>12.34</ele>
      </trkpt>
      <trkpt lat="34.0315499715507" lon="-118.84431992657483">
        <ele>11.76</ele>
      </trkpt>
      <trkpt lat="34.031379986554384" lon="-118.8440899271518">
        <ele>11.16</ele>
      </trkpt>
      <trkpt lat="34.031359953805804" lon="-118.84406997822225">
        <ele>10.63</ele>
      </trkpt>
      <trkpt lat="34.031339921057224" lon="-118.8440399710089">
        <ele>10.11</ele>
      </trkpt>
      <trkpt lat="34.031229950487614" lon="-118.84388993494213">
        <ele>9.55</ele>
      </trkpt>
      <trkpt lat="34.03114998713136" lon="-118.84376998990774">
        <ele>9.05</ele>
      </trkpt>
      <trkpt lat="34.031059965491295" lon="-118.84363998658955">
        <ele>8.59</ele>
      </trkpt>
      <trkpt lat="34.03100992552936" lon="-118.84355993941426">
        <ele>8.15</ele>
      </trkpt>
      <trkpt lat="34.03096994385123" lon="-118.84350998327136">
        <ele>7.76</ele>
      </trkpt>
      <trkpt lat="34.03076995164156" lon="-118.84323991835117">
        <ele>7.39</ele>
      </trkpt>
      <trkpt lat="34.03074991889298" lon="-118.84319993667305">
        <ele>7.08</ele>
      </trkpt>
      <trkpt lat="34.0306899882853" lon="-118.84312994778156">
        <ele>6.81</ele>
      </trkpt>
      <trkpt lat="34.03063994832337" lon="-118.84305995889008">
        <ele>6.59</ele>
      </trkpt>
      <trkpt lat="34.03044993057847" lon="-118.84280992671847">
        <ele>6.4</ele>
      </trkpt>
      <trkpt lat="34.03039997443557" lon="-118.84272996336222">
        <ele>6.26</ele>
      </trkpt>
      <trkpt lat="34.03035999275744" lon="-118.84267992340028">
        <ele>6.16</ele>
      </trkpt>
      <trkpt lat="34.03026997111738" lon="-118.8425599783659">
        <ele>6.1</ele>
      </trkpt>
      <trkpt lat="34.030199982225895" lon="-118.84245998226106">
        <ele>6.08</ele>
      </trkpt>
      <trkpt lat="34.030029997229576" lon="-118.84222998283803">
        <ele>6.09</ele>
      </trkpt>
      <trkpt lat="34.029989931732416" lon="-118.84215999394655">
        <ele>6.14</ele>
      </trkpt>
      <trkpt lat="34.029919942840934" lon="-118.84204993955791">
        <ele>6.24</ele>
      </trkpt>
      <trkpt lat="34.02971995063126" lon="-118.84175992570817">
        <ele>6.39</ele>
      </trkpt>
      <trkpt lat="34.029619954526424" lon="-118.84162992238998">
        <ele>6.58</ele>
      </trkpt>
      <trkpt lat="34.029509983956814" lon="-118.84144996292889">
        <ele>6.81</ele>
      </trkpt>
      <trkpt lat="34.02940998785198" lon="-118.84129992686212">
        <ele>7.08</ele>
      </trkpt>
      <trkpt lat="34.02934997342527" lon="-118.84120998904109">
        <ele>7.35</ele>
      </trkpt>
      <trkpt lat="34.02927998453379" lon="-118.84109993465245">
        <ele>7.66</ele>
      </trkpt>
      <trkpt lat="34.02921997010708" lon="-118.84100999683142">
        <ele>8.01</ele>
      </trkpt>
      <trkpt lat="34.029129948467016" lon="-118.84087999351323">
        <ele>8.41</ele>
      </trkpt>
      <trkpt lat="34.02902995236218" lon="-118.84072995744646">
        <ele>8.96</ele>
      </trkpt>
      <trkpt lat="34.02891998179257" lon="-118.84055997245014">
        <ele>9.41</ele>
      </trkpt>
      <trkpt lat="34.02879995293915" lon="-118.84037992917001">
        <ele>9.83</ele>
      </trkpt>
      <trkpt lat="34.028699956834316" lon="-118.84021991863847">
        <ele>10.26</ele>
      </trkpt>
      <trkpt lat="34.028679924085736" lon="-118.84018999524415">
        <ele>10.65</ele>
      </trkpt>
      <trkpt lat="34.02853994630277" lon="-118.83997994475067">
        <ele>11.02</ele>
      </trkpt>
      <trkpt lat="34.02834992855787" lon="-118.83969998918474">
        <ele>11.42</ele>
      </trkpt>
      <trkpt lat="34.02821992523968" lon="-118.83949999697506">
        <ele>11.74</ele>
      </trkpt>
      <trkpt lat="34.02810995467007" lon="-118.83931995369494">
        <ele>12.2</ele>
      </trkpt>
      <trkpt lat="34.02799998410046" lon="-118.83916991762817">
        <ele>12.45</ele>
      </trkpt>
      <trkpt lat="34.027859922498465" lon="-118.83895492181182">
        <ele>12.77</ele>
      </trkpt>
      <trkpt lat="34.0277199447155" lon="-118.83873992599547">
        <ele>13.19</ele>
      </trkpt>
      <trkpt lat="34.02756999246776" lon="-118.83851998485625">
        <ele>13.53</ele>
      </trkpt>
      <trkpt lat="34.02748994529247" lon="-118.8384099304676">
        <ele>13.81</ele>
      </trkpt>
      <trkpt lat="34.027369916439056" lon="-118.83824991993606">
        <ele>13.96</ele>
      </trkpt>
      <trkpt lat="34.027149975299835" lon="-118.8379799388349">
        <ele>14.26</ele>
      </trkpt>
      <trkpt lat="34.02711996808648" lon="-118.83794993162155">
        <ele>14.52</ele>
      </trkpt>
      <trkpt lat="34.02707998640835" lon="-118.83789997547865">
        <ele>14.75</ele>
      </trkpt>
      <trkpt lat="34.026909917593" lon="-118.83770995773375">
        <ele>14.94</ele>
      </trkpt>
      <trkpt lat="34.026679918169975" lon="-118.83745992556214">
        <ele>15.12</ele>
      </trkpt>
      <trkpt lat="34.02659995481372" lon="-118.83736998774111">
        <ele>15.28</ele>
      </trkpt>
      <trkpt lat="34.02640993706882" lon="-118.83715993724763">
        <ele>15.42</ele>
      </trkpt>
      <trkpt lat="34.02638998813927" lon="-118.83713998831809">
        <ele>15.52</ele>
      </trkpt>
      <trkpt lat="34.02636995539069" lon="-118.8371199555695">
        <ele>15.59</ele>
      </trkpt>
      <trkpt lat="34.02635998092592" lon="-118.83710998110473">
        <ele>15.64</ele>
      </trkpt>
      <trkpt lat="34.02634992264211" lon="-118.83708994835615">
        <ele>15.66</ele>
      </trkpt>
      <trkpt lat="34.02633994817734" lon="-118.83707997389138">
        <ele>15.68</ele>
      </trkpt>
      <trkpt lat="34.02630994096398" lon="-118.83703999221325">
        <ele>15.65</ele>
      </trkpt>
      <trkpt lat="34.02612998150289" lon="-118.836819967255">
        <ele>15.69</ele>
      </trkpt>
      <trkpt lat="34.02607994154096" lon="-118.83675995282829">
        <ele>15.65</ele>
      </trkpt>
      <trkpt lat="34.026029985398054" lon="-118.8366899639368">
        <ele>15.59</ele>
      </trkpt>
      <trkpt lat="34.02593996375799" lon="-118.83656993508339">
        <ele>15.58</ele>
      </trkpt>
      <trkpt lat="34.02578992769122" lon="-118.83635996840894">
        <ele>15.43</ele>
      </trkpt>
      <trkpt lat="34.02565992437303" lon="-118.83616995066404">
        <ele>15.32</ele>
      </trkpt>
      <trkpt lat="34.02552489191294" lon="-118.8359549548477">
        <ele>15.14</ele>
      </trkpt>
      <trkpt lat="34.025389943271875" lon="-118.83573995903134">
        <ele>15.05</ele>
      </trkpt>
      <trkpt lat="34.02528994716704" lon="-118.83555991575122">
        <ele>15.01</ele>
      </trkpt>
      <trkpt lat="34.0251899510622" lon="-118.83537995629013">
        <ele>14.87</ele>
      </trkpt>
      <trkpt lat="34.02505986392498" lon="-118.83514987304807">
        <ele>14.85</ele>
      </trkpt>
      <trkpt lat="34.02492994442582" lon="-118.83491995744407">
        <ele>14.7</ele>
      </trkpt>
      <trkpt lat="34.0248048864305" lon="-118.83468987420201">
        <ele>14.49</ele>
      </trkpt>
      <trkpt lat="34.024679996073246" lon="-118.83445995859802">
        <ele>14.29</ele>
      </trkpt>
      <trkpt lat="34.02453322894871" lon="-118.83420322090387">
        <ele>14.15</ele>
      </trkpt>
      <trkpt lat="34.02438654564321" lon="-118.8339463993907">
        <ele>14.08</ele>
      </trkpt>
      <trkpt lat="34.02423994615674" lon="-118.83368999697268">
        <ele>13.96</ele>
      </trkpt>
      <trkpt lat="34.02412997558713" lon="-118.83348992094398">
        <ele>13.94</ele>
      </trkpt>
      <trkpt lat="34.024099968373775" lon="-118.83343996480107">
        <ele>13.81</ele>
      </trkpt>
      <trkpt lat="34.023989997804165" lon="-118.8332399725914">
        <ele>13.68</ele>
      </trkpt>
      <trkpt lat="34.02393995784223" lon="-118.83315992541611">
        <ele>13.53</ele>
      </trkpt>
      <trkpt lat="34.0238899178803" lon="-118.83305992931128">
        <ele>13.39</ele>
      </trkpt>
      <trkpt lat="34.02386996895075" lon="-118.83301994763315">
        <ele>13.29</ele>
      </trkpt>
      <trkpt lat="34.023839961737394" lon="-118.83295993320644">
        <ele>13.22</ele>
      </trkpt>
      <trkpt lat="34.02371993288398" lon="-118.83274317719042">
        <ele>13.26</ele>
      </trkpt>
      <trkpt lat="34.02359982021153" lon="-118.8325264211744">
        <ele>13.39</ele>
      </trkpt>
      <trkpt lat="34.02347995899618" lon="-118.83230991661549">
        <ele>13.43</ele>
      </trkpt>
      <trkpt lat="34.02337996289134" lon="-118.83211998268962">
        <ele>13.47</ele>
      </trkpt>
      <trkpt lat="34.023264879360795" lon="-118.83190984837711">
        <ele>13.31</ele>
      </trkpt>
      <trkpt lat="34.02314996346831" lon="-118.8316999655217">
        <ele>13.24</ele>
      </trkpt>
      <trkpt lat="34.022979978471994" lon="-118.83139997720718">
        <ele>13.35</ele>
      </trkpt>
      <trkpt lat="34.02285994961858" lon="-118.83117995224893">
        <ele>13.46</ele>
      </trkpt>
      <trkpt lat="34.02268996462226" lon="-118.83091994561255">
        <ele>13.41</ele>
      </trkpt>
      <trkpt lat="34.022529954090714" lon="-118.83067997172475">
        <ele>13.38</ele>
      </trkpt>
      <trkpt lat="34.022379918023944" lon="-118.83047997951508">
        <ele>13.35</ele>
      </trkpt>
      <trkpt lat="34.02215997688472" lon="-118.83020999841392">
        <ele>13.41</ele>
      </trkpt>
      <trkpt lat="34.02206995524466" lon="-118.8300899695605">
        <ele>13.42</ele>
      </trkpt>
      <trkpt lat="34.021969959139824" lon="-118.8299799989909">
        <ele>13.44</ele>
      </trkpt>
      <trkpt lat="34.02185998857021" lon="-118.8298399373889">
        <ele>13.38</ele>
      </trkpt>
      <trkpt lat="34.02167499996722" lon="-118.8296150509268">
        <ele>13.26</ele>
      </trkpt>
      <trkpt lat="34.02148992754519" lon="-118.82938999682665">
        <ele>13.23</ele>
      </trkpt>
      <trkpt lat="34.021369982510805" lon="-118.82925001904368">
        <ele>13.34</ele>
      </trkpt>
      <trkpt lat="34.02124995365739" lon="-118.82910995744169">
        <ele>13.46</ele>
      </trkpt>
      <trkpt lat="34.02120997197926" lon="-118.82905991747975">
        <ele>13.55</ele>
      </trkpt>
      <trkpt lat="34.02104007080197" lon="-118.82886336185038">
        <ele>13.55</ele>
      </trkpt>
      <trkpt lat="34.020870169624686" lon="-118.82866680622101">
        <ele>13.67</ele>
      </trkpt>
      <trkpt lat="34.02069993317127" lon="-118.82846999913454">
        <ele>13.66</ele>
      </trkpt>
      <trkpt lat="34.02060999535024" lon="-118.82836991921067">
        <ele>13.74</ele>
      </trkpt>
      <trkpt lat="34.02045006863773" lon="-118.82818006910384">
        <ele>13.74</ele>
      </trkpt>
      <trkpt lat="34.02028997428715" lon="-118.8279899675399">
        <ele>13.72</ele>
      </trkpt>
      <trkpt lat="34.020209927111864" lon="-118.82788997143507">
        <ele>13.72</ele>
      </trkpt>
      <trkpt lat="34.020189978182316" lon="-118.82785996422172">
        <ele>13.8</ele>
      </trkpt>
      <trkpt lat="34.02011998929083" lon="-118.82778997533023">
        <ele>13.87</ele>
      </trkpt>
      <trkpt lat="34.02008998207748" lon="-118.82775996811688">
        <ele>14.01</ele>
      </trkpt>
      <trkpt lat="34.019896695390344" lon="-118.82753005251288">
        <ele>14.18</ele>
      </trkpt>
      <trkpt lat="34.01970349252224" lon="-118.82730013690889">
        <ele>14.31</ele>
      </trkpt>
      <trkpt lat="34.01950995437801" lon="-118.8270699698478">
        <ele>14.44</ele>
      </trkpt>
      <trkpt lat="34.019289929419756" lon="-118.82680996321142">
        <ele>14.64</ele>
      </trkpt>
      <trkpt lat="34.01909999549389" lon="-118.82656998932362">
        <ele>15.02</ele>
      </trkpt>
      <trkpt lat="34.01903998106718" lon="-118.8264999166131">
        <ele>15.12</ele>
      </trkpt>
      <trkpt lat="34.01897996664047" lon="-118.82642992772162">
        <ele>15.32</ele>
      </trkpt>
      <trkpt lat="34.01894995942712" lon="-118.82638994604349">
        <ele>15.55</ele>
      </trkpt>
      <trkpt lat="34.018769999966025" lon="-118.82616992108524">
        <ele>15.73</ele>
      </trkpt>
      <trkpt lat="34.01862993836403" lon="-118.82599993608892">
        <ele>16.0</ele>
      </trkpt>
      <trkpt lat="34.01857998222113" lon="-118.82593992166221">
        <ele>16.08</ele>
      </trkpt>
      <trkpt lat="34.01838996447623" lon="-118.82570992223918">
        <ele>16.09</ele>
      </trkpt>
      <trkpt lat="34.01830991730094" lon="-118.82561998441815">
        <ele>16.19</ele>
      </trkpt>
      <trkpt lat="34.01808997616172" lon="-118.82536995224655">
        <ele>16.17</ele>
      </trkpt>
      <trkpt lat="34.0179699473083" lon="-118.82521002553403">
        <ele>16.25</ele>
      </trkpt>
      <trkpt lat="34.017849918454885" lon="-118.82504993118346">
        <ele>16.24</ele>
      </trkpt>
      <trkpt lat="34.01766995899379" lon="-118.82480995729566">
        <ele>16.22</ele>
      </trkpt>
      <trkpt lat="34.017609944567084" lon="-118.8247299939394">
        <ele>16.21</ele>
      </trkpt>
      <trkpt lat="34.01757993735373" lon="-118.82467995397747">
        <ele>16.21</ele>
      </trkpt>
      <trkpt lat="34.017419926822186" lon="-118.82442992180586">
        <ele>16.17</ele>
      </trkpt>
      <trkpt lat="34.017289923503995" lon="-118.82419992238283">
        <ele>16.27</ele>
      </trkpt>
      <trkpt lat="34.01722999289632" lon="-118.82406991906464">
        <ele>16.36</ele>
      </trkpt>
      <trkpt lat="34.0171099640429" lon="-118.82382994517684">
        <ele>16.16</ele>
      </trkpt>
      <trkpt lat="34.017009967938066" lon="-118.82359994575381">
        <ele>16.09</ele>
      </trkpt>
      <trkpt lat="34.016919946298" lon="-118.82338997907937">
        <ele>15.86</ele>
      </trkpt>
      <trkpt lat="34.01684995740652" lon="-118.82319996133447">
        <ele>15.65</ele>
      </trkpt>
      <trkpt lat="34.01679991744459" lon="-118.8230599835515">
        <ele>15.42</ele>
      </trkpt>
      <trkpt lat="34.01673998683691" lon="-118.8228699658066">
        <ele>15.08</ele>
      </trkpt>
      <trkpt lat="34.01669992133975" lon="-118.82273996248841">
        <ele>14.64</ele>
      </trkpt>
      <trkpt lat="34.01660998351872" lon="-118.82239999249578">
        <ele>14.12</ele>
      </trkpt>
      <trkpt lat="34.01654996909201" lon="-118.82209992036223">
        <ele>13.86</ele>
      </trkpt>
      <trkpt lat="34.01650998741388" lon="-118.82188995368779">
        <ele>13.56</ele>
      </trkpt>
      <trkpt lat="34.01647998020053" lon="-118.82172994315624">
        <ele>13.24</ele>
      </trkpt>
      <trkpt lat="34.01645994745195" lon="-118.82153992541134">
        <ele>12.91</ele>
      </trkpt>
      <trkpt lat="34.016429940238595" lon="-118.82122996263206">
        <ele>12.63</ele>
      </trkpt>
      <trkpt lat="34.01640999130905" lon="-118.82096995599568">
        <ele>12.36</ele>
      </trkpt>
      <trkpt lat="34.01639993302524" lon="-118.82075998932123">
        <ele>12.08</ele>
      </trkpt>
      <trkpt lat="34.01639993302524" lon="-118.8205199316144">
        <ele>11.76</ele>
      </trkpt>
      <trkpt lat="34.01639993302524" lon="-118.82040996104479">
        <ele>11.43</ele>
      </trkpt>
      <trkpt lat="34.01640999130905" lon="-118.82029999047518">
        <ele>11.1</ele>
      </trkpt>
      <trkpt lat="34.01641996577382" lon="-118.82014995440841">
        <ele>10.75</ele>
      </trkpt>
      <trkpt lat="34.016429940238595" lon="-118.81997996941209">
        <ele>10.39</ele>
      </trkpt>
      <trkpt lat="34.01646003127098" lon="-118.81975960917771">
        <ele>10.04</ele>
      </trkpt>
      <trkpt lat="34.0164899546653" lon="-118.81953991949558">
        <ele>9.71</ele>
      </trkpt>
      <trkpt lat="34.01651996187866" lon="-118.81924998946488">
        <ele>9.41</ele>
      </trkpt>
      <trkpt lat="34.01653999462724" lon="-118.81911998614669">
        <ele>9.12</ele>
      </trkpt>
      <trkpt lat="34.01654996909201" lon="-118.8190399389714">
        <ele>8.85</ele>
      </trkpt>
      <trkpt lat="34.01654996909201" lon="-118.8189899828285">
        <ele>8.59</ele>
      </trkpt>
      <trkpt lat="34.01658995077014" lon="-118.81875998340547">
        <ele>8.37</ele>
      </trkpt>
      <trkpt lat="34.016599925234914" lon="-118.81870994344354">
        <ele>8.13</ele>
      </trkpt>
      <trkpt lat="34.01662993244827" lon="-118.81856996566057">
        <ele>7.9</ele>
      </trkpt>
      <trkpt lat="34.016639990732074" lon="-118.81849997676909">
        <ele>7.69</ele>
      </trkpt>
      <trkpt lat="34.01665993966162" lon="-118.81840995512903">
        <ele>7.48</ele>
      </trkpt>
      <trkpt lat="34.01669992133975" lon="-118.81820996291935">
        <ele>7.28</ele>
      </trkpt>
      <trkpt lat="34.01671995408833" lon="-118.81808993406594">
        <ele>7.1</ele>
      </trkpt>
      <trkpt lat="34.016729928553104" lon="-118.81801994517446">
        <ele>6.94</ele>
      </trkpt>
      <trkpt lat="34.01678994297981" lon="-118.81777997128665">
        <ele>6.79</ele>
      </trkpt>
      <trkpt lat="34.01684501208365" lon="-118.81757964380085">
        <ele>6.68</ele>
      </trkpt>
      <trkpt lat="34.016899997368455" lon="-118.81737998686731">
        <ele>6.59</ele>
      </trkpt>
      <trkpt lat="34.016919946298" lon="-118.81732994690537">
        <ele>6.52</ele>
      </trkpt>
      <trkpt lat="34.01694995351136" lon="-118.81720991805196">
        <ele>6.46</ele>
      </trkpt>
      <trkpt lat="34.01701994240284" lon="-118.81699995137751">
        <ele>6.44</ele>
      </trkpt>
      <trkpt lat="34.017029916867614" lon="-118.81694999523461">
        <ele>6.44</ele>
      </trkpt>
      <trkpt lat="34.017049949616194" lon="-118.81690992973745">
        <ele>6.45</ele>
      </trkpt>
      <trkpt lat="34.0171099640429" lon="-118.8167499192059">
        <ele>6.51</ele>
      </trkpt>
      <trkpt lat="34.017159920185804" lon="-118.81662997417152">
        <ele>6.59</ele>
      </trkpt>
      <trkpt lat="34.017199985682964" lon="-118.81653995253146">
        <ele>6.69</ele>
      </trkpt>
      <trkpt lat="34.01725991629064" lon="-118.81641992367804">
        <ele>6.81</ele>
      </trkpt>
      <trkpt lat="34.01726997457445" lon="-118.81637994199991">
        <ele>6.94</ele>
      </trkpt>
      <trkpt lat="34.017289923503995" lon="-118.81632998585701">
        <ele>7.1</ele>
      </trkpt>
      <trkpt lat="34.017329989001155" lon="-118.81622998975217">
        <ele>7.28</ele>
      </trkpt>
      <trkpt lat="34.01735999621451" lon="-118.81615991704166">
        <ele>7.48</ele>
      </trkpt>
      <trkpt lat="34.01735999621451" lon="-118.81613996811211">
        <ele>7.7</ele>
      </trkpt>
      <trkpt lat="34.017419926822186" lon="-118.81603997200727">
        <ele>7.95</ele>
      </trkpt>
      <trkpt lat="34.01751992292702" lon="-118.81584995426238">
        <ele>8.24</ele>
      </trkpt>
      <trkpt lat="34.01755998842418" lon="-118.8157799653709">
        <ele>8.54</ele>
      </trkpt>
      <trkpt lat="34.01764992624521" lon="-118.81561995483935">
        <ele>8.89</ele>
      </trkpt>
      <trkpt lat="34.01767993345857" lon="-118.81556999869645">
        <ele>9.24</ele>
      </trkpt>
      <trkpt lat="34.01769996620715" lon="-118.81553999148309">
        <ele>9.61</ele>
      </trkpt>
      <trkpt lat="34.017759980633855" lon="-118.81544996984303">
        <ele>10.01</ele>
      </trkpt>
      <trkpt lat="34.0177799295634" lon="-118.8154099881649">
        <ele>10.45</ele>
      </trkpt>
      <trkpt lat="34.01778998784721" lon="-118.81538995541632">
        <ele>10.91</ele>
      </trkpt>
      <trkpt lat="34.01779996231198" lon="-118.81536992266774">
        <ele>11.39</ele>
      </trkpt>
      <trkpt lat="34.01780993677676" lon="-118.81536992266774">
        <ele>11.91</ele>
      </trkpt>
      <trkpt lat="34.01782996952534" lon="-118.81532994098961">
        <ele>12.46</ele>
      </trkpt>
      <trkpt lat="34.017849918454885" lon="-118.81530999206007">
        <ele>13.04</ele>
      </trkpt>
      <trkpt lat="34.017869951203465" lon="-118.81527998484671">
        <ele>13.66</ele>
      </trkpt>
      <trkpt lat="34.01789995841682" lon="-118.81523991934955">
        <ele>14.32</ele>
      </trkpt>
      <trkpt lat="34.01793994009495" lon="-118.81516993045807">
        <ele>15.01</ele>
      </trkpt>
      <trkpt lat="34.017949998378754" lon="-118.81516993045807">
        <ele>15.73</ele>
      </trkpt>
      <trkpt lat="34.017979921773076" lon="-118.81511997431517">
        <ele>16.49</ele>
      </trkpt>
      <trkpt lat="34.017999954521656" lon="-118.81509994156659">
        <ele>17.29</ele>
      </trkpt>
      <trkpt lat="34.01802996173501" lon="-118.81505995988846">
        <ele>18.12</ele>
      </trkpt>
      <trkpt lat="34.01810992509127" lon="-118.81493993103504">
        <ele>19.0</ele>
      </trkpt>
      <trkpt lat="34.01826993562281" lon="-118.81473993882537">
        <ele>19.96</ele>
      </trkpt>
      <trkpt lat="34.01837990619242" lon="-118.8145999610424">
        <ele>20.96</ele>
      </trkpt>
      <trkpt lat="34.018489960581064" lon="-118.81445998325944">
        <ele>22.06</ele>
      </trkpt>
      <trkpt lat="34.01856992393732" lon="-118.8143499288708">
        <ele>23.17</ele>
      </trkpt>
      <trkpt lat="34.01860998943448" lon="-118.8142999727279">
        <ele>24.24</ele>
      </trkpt>
      <trkpt lat="34.018639996647835" lon="-118.81426996551454">
        <ele>25.34</ele>
      </trkpt>
      <trkpt lat="34.01868995279074" lon="-118.81419997662306">
        <ele>26.48</ele>
      </trkpt>
      <trkpt lat="34.018859937787056" lon="-118.8139799516648">
        <ele>27.73</ele>
      </trkpt>
      <trkpt lat="34.019026570022106" lon="-118.81376998499036">
        <ele>28.88</ele>
      </trkpt>
      <trkpt lat="34.019193202257156" lon="-118.81356010213494">
        <ele>30.05</ele>
      </trkpt>
      <trkpt lat="34.01935991831124" lon="-118.81334996782243">
        <ele>31.34</ele>
      </trkpt>
      <trkpt lat="34.01952655054629" lon="-118.81313664838672">
        <ele>32.5</ele>
      </trkpt>
      <trkpt lat="34.01969318278134" lon="-118.81292341277003">
        <ele>33.49</ele>
      </trkpt>
      <trkpt lat="34.01985998265445" lon="-118.81270992569625">
        <ele>34.73</ele>
      </trkpt>
      <trkpt lat="34.019999876618385" lon="-118.81253499537706">
        <ele>36.04</ele>
      </trkpt>
      <trkpt lat="34.02013993822038" lon="-118.81235998123884">
        <ele>37.34</ele>
      </trkpt>
      <trkpt lat="34.020169945433736" lon="-118.81231999956071">
        <ele>38.56</ele>
      </trkpt>
      <trkpt lat="34.02028494514525" lon="-118.81217499263585">
        <ele>39.78</ele>
      </trkpt>
      <trkpt lat="34.02039994485676" lon="-118.81202998571098">
        <ele>41.05</ele>
      </trkpt>
      <trkpt lat="34.02058996260166" lon="-118.81178992800415">
        <ele>42.36</ele>
      </trkpt>
      <trkpt lat="34.020599937066436" lon="-118.8117699790746">
        <ele>43.56</ele>
      </trkpt>
      <trkpt lat="34.02066992595792" lon="-118.81166998296976">
        <ele>44.81</ele>
      </trkpt>
      <trkpt lat="34.020789954811335" lon="-118.81149999797344">
        <ele>46.06</ele>
      </trkpt>
      <trkpt lat="34.020899925380945" lon="-118.8113399874419">
        <ele>47.23</ele>
      </trkpt>
      <trkpt lat="34.02098994702101" lon="-118.81118995137513">
        <ele>48.38</ele>
      </trkpt>
      <trkpt lat="34.02109991759062" lon="-118.81099993363023">
        <ele>49.5</ele>
      </trkpt>
      <trkpt lat="34.021159932017326" lon="-118.81088996306062">
        <ele>50.58</ele>
      </trkpt>
      <trkpt lat="34.021219946444035" lon="-118.8107699342072">
        <ele>51.64</ele>
      </trkpt>
      <trkpt lat="34.02129999361932" lon="-118.81063993088901">
        <ele>52.7</ele>
      </trkpt>
      <trkpt lat="34.02131994254887" lon="-118.81059994921088">
        <ele>53.72</ele>
      </trkpt>
      <trkpt lat="34.021369982510805" lon="-118.81048997864127">
        <ele>54.74</ele>
      </trkpt>
      <trkpt lat="34.02137995697558" lon="-118.81045997142792">
        <ele>55.69</ele>
      </trkpt>
      <trkpt lat="34.02137995697558" lon="-118.81044999696314">
        <ele>56.61</ele>
      </trkpt>
      <trkpt lat="34.02139998972416" lon="-118.81041998974979">
        <ele>57.49</ele>
      </trkpt>
      <trkpt lat="34.02142999693751" lon="-118.81035997532308">
        <ele>58.36</ele>
      </trkpt>
      <trkpt lat="34.021459920331836" lon="-118.8102899864316">
        <ele>59.2</ele>
      </trkpt>
      <trkpt lat="34.02146997861564" lon="-118.81025997921824">
        <ele>59.98</ele>
      </trkpt>
      <trkpt lat="34.021479953080416" lon="-118.81023994646966">
        <ele>60.73</ele>
      </trkpt>
      <trkpt lat="34.021589923650026" lon="-118.80995999090374">
        <ele>61.61</ele>
      </trkpt>
      <trkpt lat="34.02171992696822" lon="-118.809669977054">
        <ele>62.33</ele>
      </trkpt>
      <trkpt lat="34.02174993418157" lon="-118.80960996262729">
        <ele>62.97</ele>
      </trkpt>
      <trkpt lat="34.021779941394925" lon="-118.80952999927104">
        <ele>63.57</ele>
      </trkpt>
      <trkpt lat="34.02183995582163" lon="-118.80939999595284">
        <ele>64.13</ele>
      </trkpt>
      <trkpt lat="34.02193995192647" lon="-118.80916999652982">
        <ele>64.67</ele>
      </trkpt>
      <trkpt lat="34.021989991888404" lon="-118.80896992050111">
        <ele>65.17</ele>
      </trkpt>
      <trkpt lat="34.02200994081795" lon="-118.80890998989344">
        <ele>65.62</ele>
      </trkpt>
      <trkpt lat="34.02201999910176" lon="-118.80887998268008">
        <ele>66.03</ele>
      </trkpt>
      <trkpt lat="34.02202997356653" lon="-118.8088099937886">
        <ele>66.41</ele>
      </trkpt>
      <trkpt lat="34.02206995524466" lon="-118.8086699321866">
        <ele>66.76</ele>
      </trkpt>
      <trkpt lat="34.022099962458014" lon="-118.80851997993886">
        <ele>67.05</ele>
      </trkpt>
      <trkpt lat="34.022099962458014" lon="-118.80849994719028">
        <ele>67.32</ele>
      </trkpt>
      <trkpt lat="34.02213994413614" lon="-118.80834999494255">
        <ele>67.57</ele>
      </trkpt>
      <trkpt lat="34.02215997688472" lon="-118.80824999883771">
        <ele>67.78</ele>
      </trkpt>
      <trkpt lat="34.02218998409808" lon="-118.80801999941468">
        <ele>67.96</ele>
      </trkpt>
      <trkpt lat="34.02219995856285" lon="-118.8079399522394">
        <ele>68.09</ele>
      </trkpt>
      <trkpt lat="34.02221999131143" lon="-118.80784993059933">
        <ele>68.21</ele>
      </trkpt>
      <trkpt lat="34.02221999131143" lon="-118.80783995613456">
        <ele>68.28</ele>
      </trkpt>
      <trkpt lat="34.02223994024098" lon="-118.80763996392488">
        <ele>68.35</ele>
      </trkpt>
      <trkpt lat="34.02223994024098" lon="-118.80762998946011">
        <ele>68.36</ele>
      </trkpt>
      <trkpt lat="34.022249998524785" lon="-118.80757994949818">
        <ele>68.34</ele>
      </trkpt>
      <trkpt lat="34.02225997298956" lon="-118.80745992064476">
        <ele>68.32</ele>
      </trkpt>
      <trkpt lat="34.02226994745433" lon="-118.80729999393225">
        <ele>68.27</ele>
      </trkpt>
      <trkpt lat="34.02227992191911" lon="-118.80714995786548">
        <ele>68.2</ele>
      </trkpt>
      <trkpt lat="34.02228998020291" lon="-118.80700998008251">
        <ele>68.06</ele>
      </trkpt>
      <trkpt lat="34.02228998020291" lon="-118.80697997286916">
        <ele>67.87</ele>
      </trkpt>
      <trkpt lat="34.02228998020291" lon="-118.80680998787284">
        <ele>67.66</ele>
      </trkpt>
      <trkpt lat="34.02228998020291" lon="-118.8066499773413">
        <ele>67.37</ele>
      </trkpt>
      <trkpt lat="34.02228998020291" lon="-118.8064599595964">
        <ele>67.04</ele>
      </trkpt>
      <trkpt lat="34.02227992191911" lon="-118.80629994906485">
        <ele>66.63</ele>
      </trkpt>
      <trkpt lat="34.02226994745433" lon="-118.80610993131995">
        <ele>66.3</ele>
      </trkpt>
      <trkpt lat="34.02226994745433" lon="-118.8060799241066">
        <ele>65.96</ele>
      </trkpt>
      <trkpt lat="34.022249998524785" lon="-118.80587993189692">
        <ele>65.56</ele>
      </trkpt>
      <trkpt lat="34.02223994024098" lon="-118.80579996854067">
        <ele>65.16</ele>
      </trkpt>
      <trkpt lat="34.02221999131143" lon="-118.80563995800912">
        <ele>64.73</ele>
      </trkpt>
      <trkpt lat="34.02218998409808" lon="-118.80544994026423">
        <ele>64.28</ele>
      </trkpt>
      <trkpt lat="34.02218998409808" lon="-118.80542999133468">
        <ele>63.86</ele>
      </trkpt>
      <trkpt lat="34.02218998409808" lon="-118.8054099585861">
        <ele>63.42</ele>
      </trkpt>
      <trkpt lat="34.02214991860092" lon="-118.80518993362784">
        <ele>62.96</ele>
      </trkpt>
      <trkpt lat="34.02213994413614" lon="-118.80515992641449">
        <ele>62.5</ele>
      </trkpt>
      <trkpt lat="34.022119995206594" lon="-118.8050299230963">
        <ele>62.05</ele>
      </trkpt>
      <trkpt lat="34.022099962458014" lon="-118.8049799669534">
        <ele>61.58</ele>
      </trkpt>
      <trkpt lat="34.02204992249608" lon="-118.80474996753037">
        <ele>61.11</ele>
      </trkpt>
      <trkpt lat="34.02199996635318" lon="-118.80453991703689">
        <ele>60.62</ele>
      </trkpt>
      <trkpt lat="34.021929977461696" lon="-118.80427999421954">
        <ele>60.13</ele>
      </trkpt>
      <trkpt lat="34.02187993749976" lon="-118.80408997647464">
        <ele>59.64</ele>
      </trkpt>
      <trkpt lat="34.02184993028641" lon="-118.80395997315645">
        <ele>59.12</ele>
      </trkpt>
      <trkpt lat="34.02181992307305" lon="-118.80386995151639">
        <ele>58.58</ele>
      </trkpt>
      <trkpt lat="34.02172646485269" lon="-118.80353945307434">
        <ele>58.01</ele>
      </trkpt>
      <trkpt lat="34.02163300663233" lon="-118.80320903845131">
        <ele>57.31</ele>
      </trkpt>
      <trkpt lat="34.021539967507124" lon="-118.8028799649328">
        <ele>56.47</ele>
      </trkpt>
      <trkpt lat="34.021499985828996" lon="-118.8026899471879">
        <ele>55.73</ele>
      </trkpt>
      <trkpt lat="34.02142999693751" lon="-118.80251996219158">
        <ele>55.1</ele>
      </trkpt>
      <trkpt lat="34.02137995697558" lon="-118.80236992612481">
        <ele>54.52</ele>
      </trkpt>
      <trkpt lat="34.02130485512316" lon="-118.80209458060563">
        <ele>54.12</ele>
      </trkpt>
      <trkpt lat="34.021229753270745" lon="-118.80181915126741">
        <ele>53.6</ele>
      </trkpt>
      <trkpt lat="34.02115465141833" lon="-118.80154380574822">
        <ele>53.07</ele>
      </trkpt>
      <trkpt lat="34.02107996866107" lon="-118.80126996897161">
        <ele>52.65</ele>
      </trkpt>
      <trkpt lat="34.02105993591249" lon="-118.8012099545449">
        <ele>52.14</ele>
      </trkpt>
      <trkpt lat="34.02096480131149" lon="-118.80085942335427">
        <ele>51.67</ele>
      </trkpt>
      <trkpt lat="34.02086991816759" lon="-118.80050998181105">
        <ele>51.13</ele>
      </trkpt>
      <trkpt lat="34.020789954811335" lon="-118.80021996796131">
        <ele>50.55</ele>
      </trkpt>
      <trkpt lat="34.02071485295892" lon="-118.799949567765">
        <ele>49.96</ele>
      </trkpt>
      <trkpt lat="34.020639918744564" lon="-118.79967992193997">
        <ele>49.31</ele>
      </trkpt>
      <trkpt lat="34.02059490792453" lon="-118.79944958724082">
        <ele>48.54</ele>
      </trkpt>
      <trkpt lat="34.02054998092353" lon="-118.79921992309391">
        <ele>47.64</ele>
      </trkpt>
      <trkpt lat="34.02051988989115" lon="-118.79902965389192">
        <ele>46.83</ele>
      </trkpt>
      <trkpt lat="34.020489966496825" lon="-118.79883997142315">
        <ele>46.35</ele>
      </trkpt>
      <trkpt lat="34.0204499848187" lon="-118.79858993925154">
        <ele>45.98</ele>
      </trkpt>
      <trkpt lat="34.02042995207012" lon="-118.79839992150664">
        <ele>45.58</ele>
      </trkpt>
      <trkpt lat="34.02040991932154" lon="-118.79816992208362">
        <ele>45.13</ele>
      </trkpt>
      <trkpt lat="34.02038997039199" lon="-118.7980099953711">
        <ele>44.61</ele>
      </trkpt>
      <trkpt lat="34.02037991210818" lon="-118.7977945804596">
        <ele>44.09</ele>
      </trkpt>
      <trkpt lat="34.02036993764341" lon="-118.79757991991937">
        <ele>43.59</ele>
      </trkpt>
      <trkpt lat="34.020359963178635" lon="-118.79730993881822">
        <ele>43.09</ele>
      </trkpt>
      <trkpt lat="34.020379995927215" lon="-118.796949936077">
        <ele>42.51</ele>
      </trkpt>
      <trkpt lat="34.020379995927215" lon="-118.79692998714745">
        <ele>42.03</ele>
      </trkpt>
      <trkpt lat="34.02039994485676" lon="-118.79668992944062">
        <ele>41.51</ele>
      </trkpt>
      <trkpt lat="34.02039994485676" lon="-118.79661994054914">
        <ele>41.04</ele>
      </trkpt>
      <trkpt lat="34.02042995207012" lon="-118.79635993391275">
        <ele>40.58</ele>
      </trkpt>
      <trkpt lat="34.02043992653489" lon="-118.79618994891644">
        <ele>40.15</ele>
      </trkpt>
      <trkpt lat="34.020469933748245" lon="-118.79602993838489">
        <ele>39.74</ele>
      </trkpt>
      <trkpt lat="34.0204999409616" lon="-118.7958499789238">
        <ele>39.33</ele>
      </trkpt>
      <trkpt lat="34.02053992263973" lon="-118.79560992121696">
        <ele>38.95</ele>
      </trkpt>
      <trkpt lat="34.020599937066436" lon="-118.79529995843768">
        <ele>38.59</ele>
      </trkpt>
      <trkpt lat="34.020679984241724" lon="-118.79496996290982">
        <ele>38.2</ele>
      </trkpt>
      <trkpt lat="34.020765060558915" lon="-118.79468958824873">
        <ele>37.82</ele>
      </trkpt>
      <trkpt lat="34.02084996923804" lon="-118.79440996795893">
        <ele>37.5</ele>
      </trkpt>
      <trkpt lat="34.02088995091617" lon="-118.79429999738932">
        <ele>37.2</ele>
      </trkpt>
      <trkpt lat="34.020919958129525" lon="-118.79419991746545">
        <ele>36.92</ele>
      </trkpt>
      <trkpt lat="34.02099992148578" lon="-118.793989950791">
        <ele>36.63</ele>
      </trkpt>
      <trkpt lat="34.021089943125844" lon="-118.7937499769032">
        <ele>36.34</ele>
      </trkpt>
      <trkpt lat="34.021159932017326" lon="-118.79356993362308">
        <ele>36.06</ele>
      </trkpt>
      <trkpt lat="34.02124995365739" lon="-118.7933699414134">
        <ele>35.81</ele>
      </trkpt>
      <trkpt lat="34.02133502997458" lon="-118.79315972328186">
        <ele>35.58</ele>
      </trkpt>
      <trkpt lat="34.02141993865371" lon="-118.79294992424548">
        <ele>35.38</ele>
      </trkpt>
      <trkpt lat="34.02153669856489" lon="-118.79267633892596">
        <ele>35.29</ele>
      </trkpt>
      <trkpt lat="34.0216535422951" lon="-118.79240275360644">
        <ele>35.24</ele>
      </trkpt>
      <trkpt lat="34.02176996693015" lon="-118.7921299226582">
        <ele>35.26</ele>
      </trkpt>
      <trkpt lat="34.021799974143505" lon="-118.79204995930195">
        <ele>35.18</ele>
      </trkpt>
      <trkpt lat="34.02187993749976" lon="-118.79186999984086">
        <ele>35.13</ele>
      </trkpt>
      <trkpt lat="34.02189997024834" lon="-118.79181995987892">
        <ele>35.05</ele>
      </trkpt>
      <trkpt lat="34.02199996635318" lon="-118.7915899604559">
        <ele>35.0</ele>
      </trkpt>
      <trkpt lat="34.02206995524466" lon="-118.79141997545958">
        <ele>34.94</ele>
      </trkpt>
      <trkpt lat="34.02219509705901" lon="-118.79112971015275">
        <ele>34.88</ele>
      </trkpt>
      <trkpt lat="34.02231998741627" lon="-118.7908399477601">
        <ele>34.82</ele>
      </trkpt>
      <trkpt lat="34.02241000905633" lon="-118.79062478430569">
        <ele>34.77</ele>
      </trkpt>
      <trkpt lat="34.02249994687736" lon="-118.7904099561274">
        <ele>34.74</ele>
      </trkpt>
      <trkpt lat="34.02253992855549" lon="-118.79032999277115">
        <ele>34.71</ele>
      </trkpt>
      <trkpt lat="34.02255996130407" lon="-118.79025992006063">
        <ele>34.67</ele>
      </trkpt>
      <trkpt lat="34.02268753387034" lon="-118.78996722400188">
        <ele>34.67</ele>
      </trkpt>
      <trkpt lat="34.02281519025564" lon="-118.7896744441241">
        <ele>34.65</ele>
      </trkpt>
      <trkpt lat="34.02294276282191" lon="-118.78938166424632">
        <ele>34.64</ele>
      </trkpt>
      <trkpt lat="34.023069916293025" lon="-118.78908997401595">
        <ele>34.65</ele>
      </trkpt>
      <trkpt lat="34.02309992350638" lon="-118.78901998512447">
        <ele>34.66</ele>
      </trkpt>
      <trkpt lat="34.02319002896547" lon="-118.78880473785102">
        <ele>34.68</ele>
      </trkpt>
      <trkpt lat="34.023279966786504" lon="-118.78858999349177">
        <ele>34.66</ele>
      </trkpt>
      <trkpt lat="34.02338004671037" lon="-118.78835471346974">
        <ele>34.65</ele>
      </trkpt>
      <trkpt lat="34.02347995899618" lon="-118.78811993636191">
        <ele>34.68</ele>
      </trkpt>
      <trkpt lat="34.02352999895811" lon="-118.78799999132752">
        <ele>34.77</ele>
      </trkpt>
      <trkpt lat="34.023539973422885" lon="-118.78796998411417">
        <ele>34.9</ele>
      </trkpt>
      <trkpt lat="34.02360996231437" lon="-118.78782992251217">
        <ele>34.98</ele>
      </trkpt>
      <trkpt lat="34.023690009489655" lon="-118.78763982094824">
        <ele>35.0</ele>
      </trkpt>
      <trkpt lat="34.02376997284591" lon="-118.78744997084141">
        <ele>35.03</ele>
      </trkpt>
      <trkpt lat="34.02380995452404" lon="-118.78734997473657">
        <ele>35.26</ele>
      </trkpt>
      <trkpt lat="34.023819928988814" lon="-118.78733991645277">
        <ele>35.58</ele>
      </trkpt>
      <trkpt lat="34.02384993620217" lon="-118.78725995309651">
        <ele>35.94</ele>
      </trkpt>
      <trkpt lat="34.0238899178803" lon="-118.78715995699167">
        <ele>36.34</ele>
      </trkpt>
      <trkpt lat="34.023949932307005" lon="-118.7870099209249">
        <ele>36.92</ele>
      </trkpt>
      <trkpt lat="34.02400994673371" lon="-118.78683993592858">
        <ele>37.62</ele>
      </trkpt>
      <trkpt lat="34.02402997948229" lon="-118.7867699470371">
        <ele>38.21</ele>
      </trkpt>
      <trkpt lat="34.024079935625196" lon="-118.78666995093226">
        <ele>38.86</ele>
      </trkpt>
      <trkpt lat="34.024119917303324" lon="-118.78655998036265">
        <ele>39.54</ele>
      </trkpt>
      <trkpt lat="34.024139950051904" lon="-118.78648999147117">
        <ele>40.17</ele>
      </trkpt>
      <trkpt lat="34.024245059117675" lon="-118.78616955131292">
        <ele>41.04</ele>
      </trkpt>
      <trkpt lat="34.02434991672635" lon="-118.78584994934499">
        <ele>41.82</ele>
      </trkpt>
      <trkpt lat="34.02440506964922" lon="-118.7856697384268">
        <ele>42.47</ele>
      </trkpt>
      <trkpt lat="34.02445997111499" lon="-118.78548994660378">
        <ele>43.09</ele>
      </trkpt>
      <trkpt lat="34.02451001107693" lon="-118.78530470654368">
        <ele>43.59</ele>
      </trkpt>
      <trkpt lat="34.02455996721983" lon="-118.78511996939778">
        <ele>44.08</ele>
      </trkpt>
      <trkpt lat="34.02462995611131" lon="-118.78483993001282">
        <ele>44.61</ele>
      </trkpt>
      <trkpt lat="34.02462995611131" lon="-118.78480992279947">
        <ele>45.11</ele>
      </trkpt>
      <trkpt lat="34.024679996073246" lon="-118.78462468273938">
        <ele>45.61</ele>
      </trkpt>
      <trkpt lat="34.02472995221615" lon="-118.78443994559348">
        <ele>46.01</ele>
      </trkpt>
      <trkpt lat="34.02478996664286" lon="-118.78419997170568">
        <ele>46.38</ele>
      </trkpt>
      <trkpt lat="34.024829948320985" lon="-118.78400995396078">
        <ele>46.78</ele>
      </trkpt>
      <trkpt lat="34.02483992278576" lon="-118.78397994674742">
        <ele>47.16</ele>
      </trkpt>
      <trkpt lat="34.024849981069565" lon="-118.78394993953407">
        <ele>47.51</ele>
      </trkpt>
      <trkpt lat="34.02489993721247" lon="-118.78372999839485">
        <ele>47.84</ele>
      </trkpt>
      <trkpt lat="34.02490999549627" lon="-118.78367995843291">
        <ele>48.14</ele>
      </trkpt>
      <trkpt lat="34.02492994442582" lon="-118.78359999507666">
        <ele>48.41</ele>
      </trkpt>
      <trkpt lat="34.024939918890595" lon="-118.7835099734366">
        <ele>48.64</ele>
      </trkpt>
      <trkpt lat="34.0249499771744" lon="-118.78347996622324">
        <ele>48.83</ele>
      </trkpt>
      <trkpt lat="34.024979984387755" lon="-118.78334996290505">
        <ele>48.99</ele>
      </trkpt>
      <trkpt lat="34.024999933317304" lon="-118.78324996680021">
        <ele>49.11</ele>
      </trkpt>
      <trkpt lat="34.025019966065884" lon="-118.7831899523735">
        <ele>49.19</ele>
      </trkpt>
      <trkpt lat="34.02502994053066" lon="-118.78316991962492">
        <ele>49.24</ele>
      </trkpt>
      <trkpt lat="34.025039998814464" lon="-118.7831299379468">
        <ele>49.25</ele>
      </trkpt>
      <trkpt lat="34.02511996217072" lon="-118.78303991630673">
        <ele>49.27</ele>
      </trkpt>
      <trkpt lat="34.0251399949193" lon="-118.7829499784857">
        <ele>49.22</ele>
      </trkpt>
      <trkpt lat="34.02521677315235" lon="-118.78264613449574">
        <ele>49.14</ele>
      </trkpt>
      <trkpt lat="34.0252935513854" lon="-118.7823423743248">
        <ele>48.94</ele>
      </trkpt>
      <trkpt lat="34.02536999434233" lon="-118.78203995525837">
        <ele>48.68</ele>
      </trkpt>
      <trkpt lat="34.02539991773665" lon="-118.78191992640495">
        <ele>48.47</ele>
      </trkpt>
      <trkpt lat="34.02546504512429" lon="-118.78165958449244">
        <ele>48.25</ele>
      </trkpt>
      <trkpt lat="34.02552992105484" lon="-118.78139999695122">
        <ele>48.02</ele>
      </trkpt>
      <trkpt lat="34.025599993765354" lon="-118.78114996477962">
        <ele>47.79</ele>
      </trkpt>
      <trkpt lat="34.02562991715968" lon="-118.78101996146142">
        <ele>47.55</ele>
      </trkpt>
      <trkpt lat="34.02564994990826" lon="-118.78092993982136">
        <ele>47.26</ele>
      </trkpt>
      <trkpt lat="34.02566998265684" lon="-118.78085995092988">
        <ele>46.95</ele>
      </trkpt>
      <trkpt lat="34.02566998265684" lon="-118.78082994371653">
        <ele>46.63</ele>
      </trkpt>
      <trkpt lat="34.02567995712161" lon="-118.78079993650317">
        <ele>46.31</ele>
      </trkpt>
      <trkpt lat="34.02571993879974" lon="-118.78061997704208">
        <ele>45.92</ele>
      </trkpt>
      <trkpt lat="34.02574994601309" lon="-118.78042995929718">
        <ele>45.48</ele>
      </trkpt>
      <trkpt lat="34.0258099604398" lon="-118.78014991991222">
        <ele>45.0</ele>
      </trkpt>
      <trkpt lat="34.02582999318838" lon="-118.78000994212925">
        <ele>44.65</ele>
      </trkpt>
      <trkpt lat="34.025839967653155" lon="-118.77994992770255">
        <ele>44.31</ele>
      </trkpt>
      <trkpt lat="34.02584994211793" lon="-118.77987993881106">
        <ele>43.97</ele>
      </trkpt>
      <trkpt lat="34.02586997486651" lon="-118.77971992827952">
        <ele>43.68</ele>
      </trkpt>
      <trkpt lat="34.02590995654464" lon="-118.77937995828688">
        <ele>43.38</ele>
      </trkpt>
      <trkpt lat="34.02590995654464" lon="-118.77936998382211">
        <ele>43.08</ele>
      </trkpt>
      <trkpt lat="34.02591993100941" lon="-118.77934995107353">
        <ele>42.8</ele>
      </trkpt>
      <trkpt lat="34.02591993100941" lon="-118.77928993664682">
        <ele>42.52</ele>
      </trkpt>
      <trkpt lat="34.02593996375799" lon="-118.77907996997237">
        <ele>42.23</ele>
      </trkpt>
      <trkpt lat="34.025949938222766" lon="-118.77888995222747">
        <ele>41.96</ele>
      </trkpt>
      <trkpt lat="34.025969970971346" lon="-118.77858996391296">
        <ele>41.67</ele>
      </trkpt>
      <trkpt lat="34.025969970971346" lon="-118.77827991731465">
        <ele>41.42</ele>
      </trkpt>
      <trkpt lat="34.025969970971346" lon="-118.77807992510498">
        <ele>41.28</ele>
      </trkpt>
      <trkpt lat="34.025969970971346" lon="-118.77791999839246">
        <ele>41.11</ele>
      </trkpt>
      <trkpt lat="34.02595999650657" lon="-118.77767994068563">
        <ele>40.98</ele>
      </trkpt>
      <trkpt lat="34.02593996375799" lon="-118.77735991962254">
        <ele>40.83</ele>
      </trkpt>
      <trkpt lat="34.02593996375799" lon="-118.77722991630435">
        <ele>40.64</ele>
      </trkpt>
      <trkpt lat="34.02592998929322" lon="-118.77709999680519">
        <ele>40.48</ele>
      </trkpt>
      <trkpt lat="34.02591490186751" lon="-118.77690461464226">
        <ele>40.28</ele>
      </trkpt>
      <trkpt lat="34.02589998207986" lon="-118.77670998685062">
        <ele>40.04</ele>
      </trkpt>
      <trkpt lat="34.02588992379606" lon="-118.77654997631907">
        <ele>39.81</ele>
      </trkpt>
      <trkpt lat="34.025879949331284" lon="-118.77638996578753">
        <ele>39.54</ele>
      </trkpt>
      <trkpt lat="34.0258099604398" lon="-118.77611998468637">
        <ele>39.16</ele>
      </trkpt>
      <trkpt lat="34.02579998597503" lon="-118.77610992640257">
        <ele>38.97</ele>
      </trkpt>
      <trkpt lat="34.02578992769122" lon="-118.77588956616819">
        <ele>38.71</ele>
      </trkpt>
      <trkpt lat="34.02577995322645" lon="-118.7756699603051">
        <ele>38.56</ele>
      </trkpt>
      <trkpt lat="34.02576997876167" lon="-118.77558999694884">
        <ele>38.43</ele>
      </trkpt>
      <trkpt lat="34.02576997876167" lon="-118.77550994977355">
        <ele>38.3</ele>
      </trkpt>
      <trkpt lat="34.02575992047787" lon="-118.77537994645536">
        <ele>38.16</ele>
      </trkpt>
      <trkpt lat="34.02573997154832" lon="-118.77511993981898">
        <ele>38.1</ele>
      </trkpt>
      <trkpt lat="34.02572496794164" lon="-118.77488952130079">
        <ele>37.93</ele>
      </trkpt>
      <trkpt lat="34.025709964334965" lon="-118.77465994097292">
        <ele>37.72</ele>
      </trkpt>
      <trkpt lat="34.025689931586385" lon="-118.77434436231852">
        <ele>37.46</ele>
      </trkpt>
      <trkpt lat="34.02566998265684" lon="-118.77402995713055">
        <ele>37.17</ele>
      </trkpt>
      <trkpt lat="34.02566998265684" lon="-118.77401998266578">
        <ele>36.91</ele>
      </trkpt>
      <trkpt lat="34.02565992437303" lon="-118.77391998656094">
        <ele>36.62</ele>
      </trkpt>
      <trkpt lat="34.025644920766354" lon="-118.77371957525611">
        <ele>36.3</ele>
      </trkpt>
      <trkpt lat="34.02562991715968" lon="-118.77351991832256">
        <ele>35.96</ele>
      </trkpt>
      <trkpt lat="34.0256098844111" lon="-118.77323945984244">
        <ele>35.57</ele>
      </trkpt>
      <trkpt lat="34.02558993548155" lon="-118.77295992337167">
        <ele>35.14</ele>
      </trkpt>
      <trkpt lat="34.025579961016774" lon="-118.77278993837535">
        <ele>34.72</ele>
      </trkpt>
      <trkpt lat="34.025569986552" lon="-118.77248995006084">
        <ele>34.29</ele>
      </trkpt>
      <trkpt lat="34.025559928268194" lon="-118.7723299395293">
        <ele>33.87</ele>
      </trkpt>
      <trkpt lat="34.02554995380342" lon="-118.77222994342446">
        <ele>33.44</ele>
      </trkpt>
      <trkpt lat="34.025539979338646" lon="-118.77215995453298">
        <ele>32.98</ele>
      </trkpt>
      <trkpt lat="34.025539979338646" lon="-118.7718499917537">
        <ele>32.52</ele>
      </trkpt>
      <trkpt lat="34.025539979338646" lon="-118.77164999954402">
        <ele>32.01</ele>
      </trkpt>
      <trkpt lat="34.025539979338646" lon="-118.77151999622583">
        <ele>31.44</ele>
      </trkpt>
      <trkpt lat="34.025539979338646" lon="-118.77145998179913">
        <ele>30.83</ele>
      </trkpt>
      <trkpt lat="34.02554995380342" lon="-118.77131992019713">
        <ele>30.16</ele>
      </trkpt>
      <trkpt lat="34.02554995380342" lon="-118.77130994573236">
        <ele>29.5</ele>
      </trkpt>
      <trkpt lat="34.02555498294532" lon="-118.77102445811033">
        <ele>28.75</ele>
      </trkpt>
      <trkpt lat="34.025559928268194" lon="-118.77073997631669">
        <ele>28.03</ele>
      </trkpt>
      <trkpt lat="34.025569986552" lon="-118.77064995467663">
        <ele>27.29</ele>
      </trkpt>
      <trkpt lat="34.02557493187487" lon="-118.77042456530035">
        <ele>26.54</ele>
      </trkpt>
      <trkpt lat="34.025579961016774" lon="-118.77019993029535">
        <ele>25.79</ele>
      </trkpt>
      <trkpt lat="34.025579961016774" lon="-118.77012994140387">
        <ele>25.0</ele>
      </trkpt>
      <trkpt lat="34.02558993548155" lon="-118.76983992755413">
        <ele>24.22</ele>
      </trkpt>
      <trkpt lat="34.02559496462345" lon="-118.76961453817785">
        <ele>23.39</ele>
      </trkpt>
      <trkpt lat="34.025599993765354" lon="-118.76938998699188">
        <ele>22.46</ele>
      </trkpt>
      <trkpt lat="34.02560996823013" lon="-118.76922997646034">
        <ele>21.52</ele>
      </trkpt>
      <trkpt lat="34.0256199426949" lon="-118.76896996982396">
        <ele>20.57</ele>
      </trkpt>
      <trkpt lat="34.0256199426949" lon="-118.7687499448657">
        <ele>19.78</ele>
      </trkpt>
      <trkpt lat="34.02562991715968" lon="-118.76853997819126">
        <ele>18.96</ele>
      </trkpt>
      <trkpt lat="34.02563997544348" lon="-118.7682599388063">
        <ele>18.0</ele>
      </trkpt>
      <trkpt lat="34.02564994990826" lon="-118.76796942204237">
        <ele>17.08</ele>
      </trkpt>
      <trkpt lat="34.02565992437303" lon="-118.76767999492586">
        <ele>16.25</ele>
      </trkpt>
      <trkpt lat="34.02566998265684" lon="-118.76744999550283">
        <ele>15.55</ele>
      </trkpt>
      <trkpt lat="34.02566998265684" lon="-118.76723994500935">
        <ele>14.83</ele>
      </trkpt>
      <trkpt lat="34.02567995712161" lon="-118.76706996001303">
        <ele>14.12</ele>
      </trkpt>
      <trkpt lat="34.02567995712161" lon="-118.76699997112155">
        <ele>13.43</ele>
      </trkpt>
      <trkpt lat="34.025689931586385" lon="-118.76679997891188">
        <ele>12.74</ele>
      </trkpt>
      <trkpt lat="34.02569998987019" lon="-118.76663996838033">
        <ele>12.11</ele>
      </trkpt>
      <trkpt lat="34.02569998987019" lon="-118.76656997948885">
        <ele>11.61</ele>
      </trkpt>
      <trkpt lat="34.02569998987019" lon="-118.76645992510021">
        <ele>11.16</ele>
      </trkpt>
      <trkpt lat="34.02569998987019" lon="-118.76636998727918">
        <ele>10.82</ele>
      </trkpt>
      <trkpt lat="34.025709964334965" lon="-118.76626999117434">
        <ele>10.55</ele>
      </trkpt>
      <trkpt lat="34.02571993879974" lon="-118.76600998453796">
        <ele>10.37</ele>
      </trkpt>
      <trkpt lat="34.02571993879974" lon="-118.76588995568454">
        <ele>10.29</ele>
      </trkpt>
      <trkpt lat="34.025729997083545" lon="-118.76576992683113">
        <ele>10.3</ele>
      </trkpt>
      <trkpt lat="34.025729997083545" lon="-118.76575995236635">
        <ele>10.41</ele>
      </trkpt>
      <trkpt lat="34.02573997154832" lon="-118.76562994904816">
        <ele>10.61</ele>
      </trkpt>
      <trkpt lat="34.02574994601309" lon="-118.76550992019475">
        <ele>10.9</ele>
      </trkpt>
      <trkpt lat="34.02576997876167" lon="-118.76530992798507">
        <ele>11.31</ele>
      </trkpt>
      <trkpt lat="34.02578992769122" lon="-118.76503994688392">
        <ele>11.84</ele>
      </trkpt>
      <trkpt lat="34.0258099604398" lon="-118.76487993635237">
        <ele>12.43</ele>
      </trkpt>
      <trkpt lat="34.02582999318838" lon="-118.76473995856941">
        <ele>13.09</ele>
      </trkpt>
      <trkpt lat="34.02586997486651" lon="-118.76444994471967">
        <ele>13.86</ele>
      </trkpt>
      <trkpt lat="34.02589998207986" lon="-118.76427995972335">
        <ele>14.68</ele>
      </trkpt>
      <trkpt lat="34.02590995654464" lon="-118.76423997804523">
        <ele>15.52</ele>
      </trkpt>
      <trkpt lat="34.02593996375799" lon="-118.76403998583555">
        <ele>16.49</ele>
      </trkpt>
      <trkpt lat="34.025989919900894" lon="-118.76373999752104">
        <ele>17.58</ele>
      </trkpt>
      <trkpt lat="34.0260499343276" lon="-118.76344998367131">
        <ele>18.68</ele>
      </trkpt>
      <trkpt lat="34.02610005810857" lon="-118.76322459429502">
        <ele>19.81</ele>
      </trkpt>
      <trkpt lat="34.02614993043244" lon="-118.76299995929003">
        <ele>20.95</ele>
      </trkpt>
      <trkpt lat="34.02620994485915" lon="-118.762769959867">
        <ele>22.06</ele>
      </trkpt>
      <trkpt lat="34.02627993375063" lon="-118.76249997876585">
        <ele>23.18</ele>
      </trkpt>
      <trkpt lat="34.02631999924779" lon="-118.76234994269907">
        <ele>24.29</ele>
      </trkpt>
      <trkpt lat="34.026399962604046" lon="-118.7620899360627">
        <ele>25.5</ele>
      </trkpt>
      <trkpt lat="34.02646995149553" lon="-118.76183998771012">
        <ele>26.6</ele>
      </trkpt>
      <trkpt lat="34.02650993317366" lon="-118.76173999160528">
        <ele>27.72</ele>
      </trkpt>
      <trkpt lat="34.026529965922236" lon="-118.76167997717857">
        <ele>28.84</ele>
      </trkpt>
      <trkpt lat="34.0266199875623" lon="-118.76141997054219">
        <ele>29.93</ele>
      </trkpt>
      <trkpt lat="34.02668503113091" lon="-118.761239759624">
        <ele>31.01</ele>
      </trkpt>
      <trkpt lat="34.02674999088049" lon="-118.76105996780097">
        <ele>32.08</ele>
      </trkpt>
      <trkpt lat="34.02678997255862" lon="-118.76094999723136">
        <ele>33.13</ele>
      </trkpt>
      <trkpt lat="34.026869935914874" lon="-118.76073994673789">
        <ele>34.18</ele>
      </trkpt>
      <trkpt lat="34.02694998309016" lon="-118.76055998727679">
        <ele>35.22</ele>
      </trkpt>
      <trkpt lat="34.026979990303516" lon="-118.76048999838531">
        <ele>36.18</ele>
      </trkpt>
      <trkpt lat="34.02702994644642" lon="-118.7603699695319">
        <ele>37.12</ele>
      </trkpt>
      <trkpt lat="34.027049979195" lon="-118.76031992956996">
        <ele>38.0</ele>
      </trkpt>
      <trkpt lat="34.027124997228384" lon="-118.76014977693558">
        <ele>38.85</ele>
      </trkpt>
      <trkpt lat="34.02719993144274" lon="-118.75997995957732">
        <ele>39.63</ele>
      </trkpt>
      <trkpt lat="34.02722993865609" lon="-118.75991994515061">
        <ele>40.37</ele>
      </trkpt>
      <trkpt lat="34.027279978618026" lon="-118.759809974581">
        <ele>41.06</ele>
      </trkpt>
      <trkpt lat="34.02730998583138" lon="-118.75973998568952">
        <ele>41.71</ele>
      </trkpt>
      <trkpt lat="34.027405036613345" lon="-118.75955985859036">
        <ele>42.32</ele>
      </trkpt>
      <trkpt lat="34.02749991975725" lon="-118.7593799829483">
        <ele>42.89</ele>
      </trkpt>
      <trkpt lat="34.02761994861066" lon="-118.75914998352528">
        <ele>43.42</ele>
      </trkpt>
      <trkpt lat="34.02765993028879" lon="-118.7590799946338">
        <ele>43.85</ele>
      </trkpt>
      <trkpt lat="34.02777501381934" lon="-118.75887488946319">
        <ele>44.23</ele>
      </trkpt>
      <trkpt lat="34.02788992971182" lon="-118.75866995193064">
        <ele>44.55</ele>
      </trkpt>
      <trkpt lat="34.0279099624604" lon="-118.75862997025251">
        <ele>44.81</ele>
      </trkpt>
      <trkpt lat="34.02801498770714" lon="-118.75844992697239">
        <ele>45.04</ele>
      </trkpt>
      <trkpt lat="34.028119929134846" lon="-118.7582699675113">
        <ele>45.21</ele>
      </trkpt>
      <trkpt lat="34.02822998352349" lon="-118.75808489508927">
        <ele>45.31</ele>
      </trkpt>
      <trkpt lat="34.0283399540931" lon="-118.7578999903053">
        <ele>45.36</ele>
      </trkpt>
      <trkpt lat="34.02839996851981" lon="-118.75778993591666">
        <ele>45.36</ele>
      </trkpt>
      <trkpt lat="34.02855000458658" lon="-118.75753487460315">
        <ele>45.32</ele>
      </trkpt>
      <trkpt lat="34.028699956834316" lon="-118.7572799809277">
        <ele>45.23</ele>
      </trkpt>
      <trkpt lat="34.02880992740393" lon="-118.7570899631828">
        <ele>45.11</ele>
      </trkpt>
      <trkpt lat="34.02885996736586" lon="-118.75698996707797">
        <ele>44.91</ele>
      </trkpt>
      <trkpt lat="34.02896993793547" lon="-118.75679994933307">
        <ele>44.68</ele>
      </trkpt>
      <trkpt lat="34.029079992324114" lon="-118.75660993158817">
        <ele>44.43</ele>
      </trkpt>
      <trkpt lat="34.029189962893724" lon="-118.75639996491373">
        <ele>44.18</ele>
      </trkpt>
      <trkpt lat="34.02927998453379" lon="-118.7562199216336">
        <ele>43.95</ele>
      </trkpt>
      <trkpt lat="34.029299933463335" lon="-118.75617993995547">
        <ele>43.66</ele>
      </trkpt>
      <trkpt lat="34.0293899551034" lon="-118.75599998049438">
        <ele>43.38</ele>
      </trkpt>
      <trkpt lat="34.02941996231675" lon="-118.75593996606767">
        <ele>43.07</ele>
      </trkpt>
      <trkpt lat="34.029489951208234" lon="-118.7557899300009">
        <ele>42.67</ele>
      </trkpt>
      <trkpt lat="34.029639987275004" lon="-118.75547996722162">
        <ele>42.1</ele>
      </trkpt>
      <trkpt lat="34.02970997616649" lon="-118.75532993115485">
        <ele>41.67</ele>
      </trkpt>
      <trkpt lat="34.029749957844615" lon="-118.75523999333382">
        <ele>41.31</ele>
      </trkpt>
      <trkpt lat="34.029859928414226" lon="-118.75495995394886">
        <ele>40.94</ele>
      </trkpt>
      <trkpt lat="34.029919942840934" lon="-118.75481997616589">
        <ele>40.71</ele>
      </trkpt>
      <trkpt lat="34.029939975589514" lon="-118.75474998727441">
        <ele>40.53</ele>
      </trkpt>
      <trkpt lat="34.02994995005429" lon="-118.75472995452583">
        <ele>40.38</ele>
      </trkpt>
      <trkpt lat="34.02996998280287" lon="-118.75467999838293">
        <ele>40.29</ele>
      </trkpt>
      <trkpt lat="34.02999999001622" lon="-118.75459995120764">
        <ele>40.23</ele>
      </trkpt>
      <trkpt lat="34.030049946159124" lon="-118.7544499989599">
        <ele>40.2</ele>
      </trkpt>
      <trkpt lat="34.03010996058583" lon="-118.75427993014455">
        <ele>40.21</ele>
      </trkpt>
      <trkpt lat="34.03022998943925" lon="-118.75392998568714">
        <ele>40.23</ele>
      </trkpt>
      <trkpt lat="34.03029503300786" lon="-118.75372974202037">
        <ele>40.36</ele>
      </trkpt>
      <trkpt lat="34.03035999275744" lon="-118.75352991744876">
        <ele>40.57</ele>
      </trkpt>
      <trkpt lat="34.03042998164892" lon="-118.75324996188283">
        <ele>40.79</ele>
      </trkpt>
      <trkpt lat="34.03048999607563" lon="-118.7530199624598">
        <ele>41.25</ele>
      </trkpt>
      <trkpt lat="34.03055001050234" lon="-118.75275953672826">
        <ele>41.8</ele>
      </trkpt>
      <trkpt lat="34.03061010874808" lon="-118.75249911099672">
        <ele>42.34</ele>
      </trkpt>
      <trkpt lat="34.03066995553672" lon="-118.75223994255066">
        <ele>42.79</ele>
      </trkpt>
      <trkpt lat="34.03072996996343" lon="-118.75193995423615">
        <ele>43.12</ele>
      </trkpt>
      <trkpt lat="34.03078503906727" lon="-118.75167449936271">
        <ele>43.55</ele>
      </trkpt>
      <trkpt lat="34.03083994053304" lon="-118.75140996649861">
        <ele>44.0</ele>
      </trkpt>
      <trkpt lat="34.030909929424524" lon="-118.7510999199003">
        <ele>44.49</ele>
      </trkpt>
      <trkpt lat="34.030909929424524" lon="-118.75108994543552">
        <ele>44.96</ele>
      </trkpt>
      <trkpt lat="34.030949994921684" lon="-118.75087997876108">
        <ele>45.56</ele>
      </trkpt>
      <trkpt lat="34.03101998381317" lon="-118.75058996491134">
        <ele>46.3</ele>
      </trkpt>
      <trkpt lat="34.031039932742715" lon="-118.75050991773605">
        <ele>46.85</ele>
      </trkpt>
      <trkpt lat="34.03108997270465" lon="-118.75025996938348">
        <ele>47.31</ele>
      </trkpt>
      <trkpt lat="34.03112995438278" lon="-118.75009995885193">
        <ele>47.67</ele>
      </trkpt>
      <trkpt lat="34.03114998713136" lon="-118.75003994442523">
        <ele>47.97</ele>
      </trkpt>
      <trkpt lat="34.03119994327426" lon="-118.74983995221555">
        <ele>48.07</ele>
      </trkpt>
      <trkpt lat="34.03125995770097" lon="-118.74964993447065">
        <ele>48.17</ele>
      </trkpt>
      <trkpt lat="34.031299939379096" lon="-118.74951993115246">
        <ele>48.35</ele>
      </trkpt>
      <trkpt lat="34.03136992827058" lon="-118.74928993172944">
        <ele>48.64</ele>
      </trkpt>
      <trkpt lat="34.03141996823251" lon="-118.74914995394647">
        <ele>48.9</ele>
      </trkpt>
      <trkpt lat="34.03151996433735" lon="-118.74886999838054">
        <ele>49.04</ele>
      </trkpt>
      <trkpt lat="34.031595066189766" lon="-118.7486497219652">
        <ele>49.06</ele>
      </trkpt>
      <trkpt lat="34.03166991658509" lon="-118.74842994846404">
        <ele>49.06</ele>
      </trkpt>
      <trkpt lat="34.031729931011796" lon="-118.74825996346772">
        <ele>48.98</ele>
      </trkpt>
      <trkpt lat="34.03181995265186" lon="-118.74799995683134">
        <ele>48.84</ele>
      </trkpt>
      <trkpt lat="34.03183998540044" lon="-118.74796994961798">
        <ele>48.67</ele>
      </trkpt>
      <trkpt lat="34.03185993432999" lon="-118.7478999607265">
        <ele>48.41</ele>
      </trkpt>
      <trkpt lat="34.03187996707857" lon="-118.74784992076457">
        <ele>48.09</ele>
      </trkpt>
      <trkpt lat="34.03195993043482" lon="-118.74761992134154">
        <ele>47.68</ele>
      </trkpt>
      <trkpt lat="34.03205992653966" lon="-118.74733996577561">
        <ele>47.19</ele>
      </trkpt>
      <trkpt lat="34.03213997371495" lon="-118.747089933604">
        <ele>46.78</ele>
      </trkpt>
      <trkpt lat="34.032159922644496" lon="-118.74699999578297">
        <ele>46.22</ele>
      </trkpt>
      <trkpt lat="34.032199988141656" lon="-118.74687996692955">
        <ele>45.62</ele>
      </trkpt>
      <trkpt lat="34.03227995149791" lon="-118.7465999275446">
        <ele>44.93</ele>
      </trkpt>
      <trkpt lat="34.03233996592462" lon="-118.74634997919202">
        <ele>44.19</ele>
      </trkpt>
      <trkpt lat="34.03238992206752" lon="-118.7461699359119">
        <ele>43.42</ele>
      </trkpt>
      <trkpt lat="34.03243996202946" lon="-118.74596994370222">
        <ele>42.59</ele>
      </trkpt>
      <trkpt lat="34.03250995092094" lon="-118.74566995538771">
        <ele>41.66</ele>
      </trkpt>
      <trkpt lat="34.03255999088287" lon="-118.74546996317804">
        <ele>40.74</ele>
      </trkpt>
      <trkpt lat="34.032609947025776" lon="-118.74525999650359">
        <ele>39.77</ele>
      </trkpt>
      <trkpt lat="34.032669961452484" lon="-118.74496998265386">
        <ele>38.73</ele>
      </trkpt>
      <trkpt lat="34.03273995034397" lon="-118.74465993605554">
        <ele>37.65</ele>
      </trkpt>
      <trkpt lat="34.03276995755732" lon="-118.744499925524">
        <ele>36.6</ele>
      </trkpt>
      <trkpt lat="34.032799964770675" lon="-118.74434997327626">
        <ele>35.58</ele>
      </trkpt>
      <trkpt lat="34.03284992091358" lon="-118.74409994110465">
        <ele>34.26</ele>
      </trkpt>
      <trkpt lat="34.03288998641074" lon="-118.7438899744302">
        <ele>33.0</ele>
      </trkpt>
      <trkpt lat="34.03297011740506" lon="-118.74353944323957">
        <ele>31.67</ele>
      </trkpt>
      <trkpt lat="34.03304999694228" lon="-118.74318991787732">
        <ele>30.66</ele>
      </trkpt>
      <trkpt lat="34.03310674242675" lon="-118.74291616491973">
        <ele>29.79</ele>
      </trkpt>
      <trkpt lat="34.033163487911224" lon="-118.74264241196215">
        <ele>29.02</ele>
      </trkpt>
      <trkpt lat="34.0332199819386" lon="-118.74236991629004">
        <ele>28.35</ele>
      </trkpt>
      <trkpt lat="34.0332199819386" lon="-118.7422199640423">
        <ele>27.77</ele>
      </trkpt>
      <trkpt lat="34.03324336744845" lon="-118.74191268347204">
        <ele>27.27</ele>
      </trkpt>
      <trkpt lat="34.0332667529583" lon="-118.7416054867208">
        <ele>26.64</ele>
      </trkpt>
      <trkpt lat="34.03328997083008" lon="-118.7412999663502">
        <ele>26.0</ele>
      </trkpt>
      <trkpt lat="34.03329994529486" lon="-118.74099939130247">
        <ele>25.27</ele>
      </trkpt>
      <trkpt lat="34.03330991975963" lon="-118.74069998972118">
        <ele>24.56</ele>
      </trkpt>
      <trkpt lat="34.03333003632724" lon="-118.74041441828012">
        <ele>23.9</ele>
      </trkpt>
      <trkpt lat="34.03334998525679" lon="-118.74012993648648">
        <ele>23.22</ele>
      </trkpt>
      <trkpt lat="34.03334998525679" lon="-118.73985995538533">
        <ele>22.55</ele>
      </trkpt>
      <trkpt lat="34.03334998525679" lon="-118.73968997038901">
        <ele>22.15</ele>
      </trkpt>
      <trkpt lat="34.03335493057966" lon="-118.73948955908418">
        <ele>21.81</ele>
      </trkpt>
      <trkpt lat="34.033359959721565" lon="-118.73928998596966">
        <ele>21.48</ele>
      </trkpt>
      <trkpt lat="34.03336993418634" lon="-118.73920993879437">
        <ele>21.07</ele>
      </trkpt>
      <trkpt lat="34.03336993418634" lon="-118.73915998265147">
        <ele>20.69</ele>
      </trkpt>
      <trkpt lat="34.03336993418634" lon="-118.73910994268954">
        <ele>20.32</ele>
      </trkpt>
      <trkpt lat="34.03336993418634" lon="-118.73908999375999">
        <ele>19.98</ele>
      </trkpt>
      <trkpt lat="34.033379992470145" lon="-118.73898999765515">
        <ele>19.65</ele>
      </trkpt>
      <trkpt lat="34.03339994139969" lon="-118.73872999101877">
        <ele>19.34</ele>
      </trkpt>
      <trkpt lat="34.0334099996835" lon="-118.73855992220342">
        <ele>19.04</ele>
      </trkpt>
      <trkpt lat="34.0334099996835" lon="-118.73853997327387">
        <ele>18.75</ele>
      </trkpt>
      <trkpt lat="34.03341997414827" lon="-118.73843997716904">
        <ele>18.46</ele>
      </trkpt>
      <trkpt lat="34.03342994861305" lon="-118.7383399810642">
        <ele>18.17</ele>
      </trkpt>
      <trkpt lat="34.03342994861305" lon="-118.73822992667556">
        <ele>17.87</ele>
      </trkpt>
      <trkpt lat="34.03343992307782" lon="-118.73809992335737">
        <ele>17.59</ele>
      </trkpt>
      <trkpt lat="34.03344998136163" lon="-118.73783949762583">
        <ele>17.28</ele>
      </trkpt>
      <trkpt lat="34.0334599558264" lon="-118.73757999390364">
        <ele>17.02</ele>
      </trkpt>
      <trkpt lat="34.03347001411021" lon="-118.73735452070832">
        <ele>16.79</ele>
      </trkpt>
      <trkpt lat="34.03347998857498" lon="-118.73712996952236">
        <ele>16.56</ele>
      </trkpt>
      <trkpt lat="34.03347495943308" lon="-118.73691958375275">
        <ele>16.32</ele>
      </trkpt>
      <trkpt lat="34.033469930291176" lon="-118.73670995235443">
        <ele>16.11</ele>
      </trkpt>
      <trkpt lat="34.033469930291176" lon="-118.7366099562496">
        <ele>15.9</ele>
      </trkpt>
      <trkpt lat="34.033469930291176" lon="-118.73655991628766">
        <ele>15.67</ele>
      </trkpt>
      <trkpt lat="34.033469930291176" lon="-118.73650996014476">
        <ele>15.44</ele>
      </trkpt>
      <trkpt lat="34.033469930291176" lon="-118.73648992739618">
        <ele>15.22</ele>
      </trkpt>
      <trkpt lat="34.033464984968305" lon="-118.73627451248467">
        <ele>15.03</ele>
      </trkpt>
      <trkpt lat="34.0334599558264" lon="-118.73605993576348">
        <ele>14.68</ele>
      </trkpt>
      <trkpt lat="34.03344998136163" lon="-118.73594996519387">
        <ele>14.42</ele>
      </trkpt>
      <trkpt lat="34.03344998136163" lon="-118.73587997630239">
        <ele>14.13</ele>
      </trkpt>
      <trkpt lat="34.03344998136163" lon="-118.7358599435538">
        <ele>13.96</ele>
      </trkpt>
      <trkpt lat="34.03344998136163" lon="-118.73583999462426">
        <ele>13.83</ele>
      </trkpt>
      <trkpt lat="34.03343992307782" lon="-118.73561452142894">
        <ele>13.66</ele>
      </trkpt>
      <trkpt lat="34.03342994861305" lon="-118.73538997024298">
        <ele>13.48</ele>
      </trkpt>
      <trkpt lat="34.03342994861305" lon="-118.73529994860291">
        <ele>13.41</ele>
      </trkpt>
      <trkpt lat="34.03341997414827" lon="-118.7351899780333">
        <ele>13.36</ele>
      </trkpt>
      <trkpt lat="34.033404970541596" lon="-118.73481421731412">
        <ele>13.3</ele>
      </trkpt>
      <trkpt lat="34.03338996693492" lon="-118.73443996533751">
        <ele>13.38</ele>
      </trkpt>
      <trkpt lat="34.033379992470145" lon="-118.73421994037926">
        <ele>13.59</ele>
      </trkpt>
      <trkpt lat="34.033379992470145" lon="-118.73420996591449">
        <ele>13.85</ele>
      </trkpt>
      <trkpt lat="34.033379992470145" lon="-118.73415992595255">
        <ele>14.18</ele>
      </trkpt>
      <trkpt lat="34.033379992470145" lon="-118.73409999534488">
        <ele>14.57</ele>
      </trkpt>
      <trkpt lat="34.03336490504444" lon="-118.7338344566524">
        <ele>15.08</ele>
      </trkpt>
      <trkpt lat="34.03334998525679" lon="-118.73356992378831">
        <ele>15.8</ele>
      </trkpt>
      <trkpt lat="34.03334998525679" lon="-118.73355994932353">
        <ele>16.37</ele>
      </trkpt>
      <trkpt lat="34.03334998525679" lon="-118.73347998596728">
        <ele>17.07</ele>
      </trkpt>
      <trkpt lat="34.03334998525679" lon="-118.7334599532187">
        <ele>17.77</ele>
      </trkpt>
      <trkpt lat="34.033339926972985" lon="-118.73339993879199">
        <ele>18.59</ele>
      </trkpt>
      <trkpt lat="34.03332995250821" lon="-118.73311998322606">
        <ele>19.7</ele>
      </trkpt>
      <trkpt lat="34.03332995250821" lon="-118.73291999101639">
        <ele>20.59</ele>
      </trkpt>
      <trkpt lat="34.03332995250821" lon="-118.73290993273258">
        <ele>21.43</ele>
      </trkpt>
      <trkpt lat="34.03332995250821" lon="-118.73282996937633">
        <ele>22.32</ele>
      </trkpt>
      <trkpt lat="34.03332995250821" lon="-118.73279996216297">
        <ele>23.23</ele>
      </trkpt>
      <trkpt lat="34.033339926972985" lon="-118.7326499260962">
        <ele>24.21</ele>
      </trkpt>
      <trkpt lat="34.03334998525679" lon="-118.7323599960655">
        <ele>25.19</ele>
      </trkpt>
      <trkpt lat="34.03334998525679" lon="-118.73226997442544">
        <ele>26.18</ele>
      </trkpt>
      <trkpt lat="34.03334998525679" lon="-118.73225999996066">
        <ele>27.18</ele>
      </trkpt>
      <trkpt lat="34.033359959721565" lon="-118.73215992003679">
        <ele>28.2</ele>
      </trkpt>
      <trkpt lat="34.033359959721565" lon="-118.73214994557202">
        <ele>29.24</ele>
      </trkpt>
      <trkpt lat="34.03336993418634" lon="-118.73209998942912">
        <ele>30.3</ele>
      </trkpt>
      <trkpt lat="34.03336993418634" lon="-118.7319799605757">
        <ele>31.34</ele>
      </trkpt>
      <trkpt lat="34.03339994139969" lon="-118.73168994672596">
        <ele>32.39</ele>
      </trkpt>
      <trkpt lat="34.03343992307782" lon="-118.73137998394668">
        <ele>33.46</ele>
      </trkpt>
      <trkpt lat="34.0334599558264" lon="-118.73124998062849">
        <ele>34.54</ele>
      </trkpt>
      <trkpt lat="34.033469930291176" lon="-118.73114998452365">
        <ele>35.65</ele>
      </trkpt>
      <trkpt lat="34.03347998857498" lon="-118.73106993734837">
        <ele>36.76</ele>
      </trkpt>
      <trkpt lat="34.03349993750453" lon="-118.7309299595654">
        <ele>37.89</ele>
      </trkpt>
      <trkpt lat="34.03353991918266" lon="-118.73060993850231">
        <ele>39.01</ele>
      </trkpt>
      <trkpt lat="34.03358501382172" lon="-118.73024934902787">
        <ele>40.28</ele>
      </trkpt>
      <trkpt lat="34.03362994082272" lon="-118.72988993301988">
        <ele>41.52</ele>
      </trkpt>
      <trkpt lat="34.03367000631988" lon="-118.72957276180387">
        <ele>42.61</ele>
      </trkpt>
      <trkpt lat="34.03371007181704" lon="-118.72925550676882">
        <ele>43.58</ele>
      </trkpt>
      <trkpt lat="34.03374996967614" lon="-118.72893992811441">
        <ele>44.34</ele>
      </trkpt>
      <trkpt lat="34.033789951354265" lon="-118.7286399397999">
        <ele>45.26</ele>
      </trkpt>
      <trkpt lat="34.03383672237396" lon="-118.7282759975642">
        <ele>46.58</ele>
      </trkpt>
      <trkpt lat="34.03388349339366" lon="-118.72791197150946">
        <ele>47.83</ele>
      </trkpt>
      <trkpt lat="34.03392992913723" lon="-118.72754995711148">
        <ele>48.73</ele>
      </trkpt>
      <trkpt lat="34.033939987421036" lon="-118.72743998654187">
        <ele>49.58</ele>
      </trkpt>
      <trkpt lat="34.03394996188581" lon="-118.72738994657993">
        <ele>50.39</ele>
      </trkpt>
      <trkpt lat="34.03398994356394" lon="-118.72706992551684">
        <ele>51.2</ele>
      </trkpt>
      <trkpt lat="34.03401995077729" lon="-118.72679994441569">
        <ele>51.95</ele>
      </trkpt>
      <trkpt lat="34.03401995077729" lon="-118.72678996995091">
        <ele>52.64</ele>
      </trkpt>
      <trkpt lat="34.034029925242066" lon="-118.72665996663272">
        <ele>53.3</ele>
      </trkpt>
      <trkpt lat="34.03403998352587" lon="-118.72657991945744">
        <ele>53.91</ele>
      </trkpt>
      <trkpt lat="34.034069990739226" lon="-118.72624992392957">
        <ele>54.48</ele>
      </trkpt>
      <trkpt lat="34.034079965204" lon="-118.72613995335996">
        <ele>55.02</ele>
      </trkpt>
      <trkpt lat="34.03409999795258" lon="-118.72587994672358">
        <ele>55.52</ele>
      </trkpt>
      <trkpt lat="34.03409999795258" lon="-118.72579998336732">
        <ele>55.96</ele>
      </trkpt>
      <trkpt lat="34.03409999795258" lon="-118.72571993619204">
        <ele>56.36</ele>
      </trkpt>
      <trkpt lat="34.03409999795258" lon="-118.72570996172726">
        <ele>56.72</ele>
      </trkpt>
      <trkpt lat="34.034109972417355" lon="-118.72548993676901">
        <ele>56.98</ele>
      </trkpt>
      <trkpt lat="34.034109972417355" lon="-118.7253799661994">
        <ele>57.24</ele>
      </trkpt>
      <trkpt lat="34.034109972417355" lon="-118.7251399923116">
        <ele>57.3</ele>
      </trkpt>
      <trkpt lat="34.03409999795258" lon="-118.72502993792295">
        <ele>57.44</ele>
      </trkpt>
      <trkpt lat="34.034089939668775" lon="-118.72470991685987">
        <ele>57.43</ele>
      </trkpt>
      <trkpt lat="34.034079965204" lon="-118.7245799973607">
        <ele>57.54</ele>
      </trkpt>
      <trkpt lat="34.034069906920195" lon="-118.72426936402917">
        <ele>57.84</ele>
      </trkpt>
      <trkpt lat="34.03405993245542" lon="-118.72395998798311">
        <ele>58.03</ele>
      </trkpt>
      <trkpt lat="34.03405993245542" lon="-118.72383995912969">
        <ele>58.23</ele>
      </trkpt>
      <trkpt lat="34.03405993245542" lon="-118.72369998134673">
        <ele>58.47</ele>
      </trkpt>
      <trkpt lat="34.03405993245542" lon="-118.72359998524189">
        <ele>58.65</ele>
      </trkpt>
      <trkpt lat="34.034049957990646" lon="-118.7235199380666">
        <ele>58.81</ele>
      </trkpt>
      <trkpt lat="34.03403998352587" lon="-118.72328993864357">
        <ele>59.06</ele>
      </trkpt>
      <trkpt lat="34.03402489610016" lon="-118.7229292653501">
        <ele>59.3</ele>
      </trkpt>
      <trkpt lat="34.03400997631252" lon="-118.72256993316114">
        <ele>59.32</ele>
      </trkpt>
      <trkpt lat="34.03400997631252" lon="-118.7224199809134">
        <ele>59.31</ele>
      </trkpt>
      <trkpt lat="34.03399991802871" lon="-118.72209995985031">
        <ele>59.29</ele>
      </trkpt>
      <trkpt lat="34.03398994356394" lon="-118.72190994210541">
        <ele>59.25</ele>
      </trkpt>
      <trkpt lat="34.03398994356394" lon="-118.72176996432245">
        <ele>59.16</ele>
      </trkpt>
      <trkpt lat="34.033979969099164" lon="-118.72151448391378">
        <ele>59.02</ele>
      </trkpt>
      <trkpt lat="34.03396999463439" lon="-118.72125992551446">
        <ele>58.84</ele>
      </trkpt>
      <trkpt lat="34.033959936350584" lon="-118.72104995884001">
        <ele>58.62</ele>
      </trkpt>
      <trkpt lat="34.03394996188581" lon="-118.7207243219018">
        <ele>58.33</ele>
      </trkpt>
      <trkpt lat="34.033939987421036" lon="-118.72039994224906">
        <ele>58.0</ele>
      </trkpt>
      <trkpt lat="34.033939987421036" lon="-118.72023993171751">
        <ele>57.69</ele>
      </trkpt>
      <trkpt lat="34.03392992913723" lon="-118.72011998668313">
        <ele>57.35</ele>
      </trkpt>
      <trkpt lat="34.03392992913723" lon="-118.72002996504307">
        <ele>56.98</ele>
      </trkpt>
      <trkpt lat="34.03392992913723" lon="-118.71999995782971">
        <ele>56.58</ele>
      </trkpt>
      <trkpt lat="34.03392992913723" lon="-118.71997992508113">
        <ele>56.16</ele>
      </trkpt>
      <trkpt lat="34.033919954672456" lon="-118.71962998062372">
        <ele>55.68</ele>
      </trkpt>
      <trkpt lat="34.03390998020768" lon="-118.71940450742841">
        <ele>55.18</ele>
      </trkpt>
      <trkpt lat="34.033899921923876" lon="-118.71917995624244">
        <ele>54.7</ele>
      </trkpt>
      <trkpt lat="34.03394996188581" lon="-118.71903997845948">
        <ele>54.25</ele>
      </trkpt>
      <trkpt lat="34.033939903602004" lon="-118.71870269067585">
        <ele>53.69</ele>
      </trkpt>
      <trkpt lat="34.03392992913723" lon="-118.7183653190732">
        <ele>53.1</ele>
      </trkpt>
      <trkpt lat="34.033919954672456" lon="-118.7180299591273">
        <ele>52.49</ele>
      </trkpt>
      <trkpt lat="34.033919954672456" lon="-118.71799995191395">
        <ele>51.92</ele>
      </trkpt>
      <trkpt lat="34.033899921923876" lon="-118.71769996359944">
        <ele>51.28</ele>
      </trkpt>
      <trkpt lat="34.0338899474591" lon="-118.71739997528493">
        <ele>50.65</ele>
      </trkpt>
      <trkpt lat="34.03382993303239" lon="-118.71722999028862">
        <ele>50.02</ele>
      </trkpt>
      <trkpt lat="34.03381660580635" lon="-118.71687929145992">
        <ele>49.37</ele>
      </trkpt>
      <trkpt lat="34.03380327858031" lon="-118.71652867645025">
        <ele>48.77</ele>
      </trkpt>
      <trkpt lat="34.033789951354265" lon="-118.71617998927832">
        <ele>48.16</ele>
      </trkpt>
      <trkpt lat="34.033789951354265" lon="-118.7161099165678">
        <ele>47.59</ele>
      </trkpt>
      <trkpt lat="34.033789951354265" lon="-118.71607999317348">
        <ele>47.07</ele>
      </trkpt>
      <trkpt lat="34.033789951354265" lon="-118.71601997874677">
        <ele>46.57</ele>
      </trkpt>
      <trkpt lat="34.033789951354265" lon="-118.71590992435813">
        <ele>46.13</ele>
      </trkpt>
      <trkpt lat="34.033789951354265" lon="-118.71586994268">
        <ele>45.72</ele>
      </trkpt>
      <trkpt lat="34.033789951354265" lon="-118.71577992103994">
        <ele>45.35</ele>
      </trkpt>
      <trkpt lat="34.033789951354265" lon="-118.71566995047033">
        <ele>44.98</ele>
      </trkpt>
      <trkpt lat="34.03377997688949" lon="-118.71556995436549">
        <ele>44.64</ele>
      </trkpt>
      <trkpt lat="34.033789951354265" lon="-118.71546995826066">
        <ele>44.33</ele>
      </trkpt>
      <trkpt lat="34.033789951354265" lon="-118.71542997658253">
        <ele>44.06</ele>
      </trkpt>
      <trkpt lat="34.033789951354265" lon="-118.71535998769104">
        <ele>43.81</ele>
      </trkpt>
      <trkpt lat="34.033789951354265" lon="-118.71513996273279">
        <ele>43.54</ele>
      </trkpt>
      <trkpt lat="34.03379992581904" lon="-118.71505999937654">
        <ele>43.36</ele>
      </trkpt>
      <trkpt lat="34.03379992581904" lon="-118.71497995220125">
        <ele>43.23</ele>
      </trkpt>
      <trkpt lat="34.033809984102845" lon="-118.71483997441828">
        <ele>43.09</ele>
      </trkpt>
      <trkpt lat="34.03381995856762" lon="-118.71461994946003">
        <ele>43.07</ele>
      </trkpt>
      <trkpt lat="34.03381995856762" lon="-118.71458994224668">
        <ele>43.09</ele>
      </trkpt>
      <trkpt lat="34.03381995856762" lon="-118.71455993503332">
        <ele>43.17</ele>
      </trkpt>
      <trkpt lat="34.0338399913162" lon="-118.71434996835887">
        <ele>43.29</ele>
      </trkpt>
      <trkpt lat="34.03384996578097" lon="-118.71426992118359">
        <ele>43.47</ele>
      </trkpt>
      <trkpt lat="34.03386999852955" lon="-118.71399994008243">
        <ele>43.68</ele>
      </trkpt>
      <trkpt lat="34.03386999852955" lon="-118.71398996561766">
        <ele>43.95</ele>
      </trkpt>
      <trkpt lat="34.03386999852955" lon="-118.71394998393953">
        <ele>44.25</ele>
      </trkpt>
      <trkpt lat="34.0338899474591" lon="-118.71369995176792">
        <ele>44.68</ele>
      </trkpt>
      <trkpt lat="34.033899921923876" lon="-118.71356994844973">
        <ele>45.17</ele>
      </trkpt>
      <trkpt lat="34.03390998020768" lon="-118.71343994513154">
        <ele>45.7</ele>
      </trkpt>
      <trkpt lat="34.033935042098165" lon="-118.71309435926378">
        <ele>46.35</ele>
      </trkpt>
      <trkpt lat="34.033959936350584" lon="-118.71274994686246">
        <ele>46.86</ele>
      </trkpt>
      <trkpt lat="34.03398332186043" lon="-118.71246613562107">
        <ele>47.35</ele>
      </trkpt>
      <trkpt lat="34.03400670737028" lon="-118.71218224056065">
        <ele>47.84</ele>
      </trkpt>
      <trkpt lat="34.034029925242066" lon="-118.71189993806183">
        <ele>48.34</ele>
      </trkpt>
      <trkpt lat="34.03403998352587" lon="-118.71180991642177">
        <ele>48.85</ele>
      </trkpt>
      <trkpt lat="34.034065045416355" lon="-118.71146935969591">
        <ele>49.36</ele>
      </trkpt>
      <trkpt lat="34.034089939668775" lon="-118.7111299764365">
        <ele>49.93</ele>
      </trkpt>
      <trkpt lat="34.034109972417355" lon="-118.7108844704926">
        <ele>50.53</ele>
      </trkpt>
      <trkpt lat="34.0341299213469" lon="-118.71063997037709">
        <ele>51.11</ele>
      </trkpt>
      <trkpt lat="34.03414500877261" lon="-118.71043461374938">
        <ele>51.67</ele>
      </trkpt>
      <trkpt lat="34.03415992856026" lon="-118.71022992767394">
        <ele>52.24</ele>
      </trkpt>
      <trkpt lat="34.03416998684406" lon="-118.71001996099949">
        <ele>52.76</ele>
      </trkpt>
      <trkpt lat="34.03418993577361" lon="-118.70983991771936">
        <ele>53.27</ele>
      </trkpt>
      <trkpt lat="34.03420996852219" lon="-118.70967999100685">
        <ele>53.79</ele>
      </trkpt>
      <trkpt lat="34.034219942986965" lon="-118.7094599660486">
        <ele>54.26</ele>
      </trkpt>
      <trkpt lat="34.034239975735545" lon="-118.70917992666364">
        <ele>54.65</ele>
      </trkpt>
      <trkpt lat="34.03424995020032" lon="-118.70903994888067">
        <ele>55.15</ele>
      </trkpt>
      <trkpt lat="34.03425992466509" lon="-118.70895998552442">
        <ele>55.71</ele>
      </trkpt>
      <trkpt lat="34.0342699829489" lon="-118.70881992392242">
        <ele>56.23</ele>
      </trkpt>
      <trkpt lat="34.03427995741367" lon="-118.70876996777952">
        <ele>56.84</ele>
      </trkpt>
      <trkpt lat="34.03429496102035" lon="-118.70855958200991">
        <ele>57.45</ele>
      </trkpt>
      <trkpt lat="34.03430996462703" lon="-118.70834995061159">
        <ele>58.2</ele>
      </trkpt>
      <trkpt lat="34.03432999737561" lon="-118.70809991843998">
        <ele>59.19</ele>
      </trkpt>
      <trkpt lat="34.03433997184038" lon="-118.70789992623031">
        <ele>60.24</ele>
      </trkpt>
      <trkpt lat="34.03436000458896" lon="-118.70767453685403">
        <ele>61.02</ele>
      </trkpt>
      <trkpt lat="34.03437995351851" lon="-118.70744998566806">
        <ele>61.73</ele>
      </trkpt>
      <trkpt lat="34.03439495712519" lon="-118.70723457075655">
        <ele>62.39</ele>
      </trkpt>
      <trkpt lat="34.034409960731864" lon="-118.70701999403536">
        <ele>63.07</ele>
      </trkpt>
      <trkpt lat="34.03443502262235" lon="-118.70666929520667">
        <ele>63.77</ele>
      </trkpt>
      <trkpt lat="34.034459916874766" lon="-118.70631993748248">
        <ele>64.47</ele>
      </trkpt>
      <trkpt lat="34.03446997515857" lon="-118.70621994137764">
        <ele>65.11</ele>
      </trkpt>
      <trkpt lat="34.03446997515857" lon="-118.70614995248616">
        <ele>65.71</ele>
      </trkpt>
      <trkpt lat="34.03449000790715" lon="-118.70583437383175">
        <ele>66.35</ele>
      </trkpt>
      <trkpt lat="34.0345099568367" lon="-118.70551996864378">
        <ele>66.94</ele>
      </trkpt>
      <trkpt lat="34.0345099568367" lon="-118.7054399214685">
        <ele>67.44</ele>
      </trkpt>
      <trkpt lat="34.034519931301475" lon="-118.70529994368553">
        <ele>67.9</ele>
      </trkpt>
      <trkpt lat="34.034519931301475" lon="-118.70528996922076">
        <ele>68.32</ele>
      </trkpt>
      <trkpt lat="34.03452998958528" lon="-118.70516994036734">
        <ele>68.7</ele>
      </trkpt>
      <trkpt lat="34.03454993851483" lon="-118.70490993373096">
        <ele>69.02</ele>
      </trkpt>
      <trkpt lat="34.03456997126341" lon="-118.70465998537838">
        <ele>69.27</ele>
      </trkpt>
      <trkpt lat="34.03456997126341" lon="-118.7045299820602">
        <ele>69.49</ele>
      </trkpt>
      <trkpt lat="34.03459997847676" lon="-118.70417995378375">
        <ele>69.58</ele>
      </trkpt>
      <trkpt lat="34.03460995294154" lon="-118.70404995046556">
        <ele>69.72</ele>
      </trkpt>
      <trkpt lat="34.034624956548214" lon="-118.70383453555405">
        <ele>69.82</ele>
      </trkpt>
      <trkpt lat="34.03463996015489" lon="-118.70361995883286">
        <ele>69.88</ele>
      </trkpt>
      <trkpt lat="34.03465999290347" lon="-118.70342994108796">
        <ele>69.92</ele>
      </trkpt>
      <trkpt lat="34.03465999290347" lon="-118.70330999605358">
        <ele>69.92</ele>
      </trkpt>
      <trkpt lat="34.03467994183302" lon="-118.70305996388197">
        <ele>69.88</ele>
      </trkpt>
      <trkpt lat="34.0346999745816" lon="-118.70283993892372">
        <ele>69.77</ele>
      </trkpt>
      <trkpt lat="34.03472998179495" lon="-118.70250994339585">
        <ele>69.63</ele>
      </trkpt>
      <trkpt lat="34.03473995625973" lon="-118.70240994729102">
        <ele>69.4</ele>
      </trkpt>
      <trkpt lat="34.03475998900831" lon="-118.70219998061657">
        <ele>69.1</ele>
      </trkpt>
      <trkpt lat="34.034779937937856" lon="-118.70197995565832">
        <ele>68.74</ele>
      </trkpt>
      <trkpt lat="34.03478999622166" lon="-118.7018699850887">
        <ele>68.33</ele>
      </trkpt>
      <trkpt lat="34.034799970686436" lon="-118.701809970662">
        <ele>67.87</ele>
      </trkpt>
      <trkpt lat="34.034799970686436" lon="-118.70175993070006">
        <ele>67.34</ele>
      </trkpt>
      <trkpt lat="34.034799970686436" lon="-118.70157997123897">
        <ele>66.72</ele>
      </trkpt>
      <trkpt lat="34.03480994515121" lon="-118.70135994628072">
        <ele>66.02</ele>
      </trkpt>
      <trkpt lat="34.034839952364564" lon="-118.70110999792814">
        <ele>65.27</ele>
      </trkpt>
      <trkpt lat="34.034839952364564" lon="-118.70104998350143">
        <ele>64.47</ele>
      </trkpt>
      <trkpt lat="34.034839952364564" lon="-118.70102995075285">
        <ele>63.62</ele>
      </trkpt>
      <trkpt lat="34.03484992682934" lon="-118.70097999460995">
        <ele>62.72</ele>
      </trkpt>
      <trkpt lat="34.03484992682934" lon="-118.70091998018324">
        <ele>61.73</ele>
      </trkpt>
      <trkpt lat="34.034859985113144" lon="-118.70085996575654">
        <ele>60.71</ele>
      </trkpt>
      <trkpt lat="34.03486995957792" lon="-118.70063994079828">
        <ele>59.58</ele>
      </trkpt>
      <trkpt lat="34.0348899923265" lon="-118.70045998133719">
        <ele>58.42</ele>
      </trkpt>
      <trkpt lat="34.0348899923265" lon="-118.70043994858861">
        <ele>57.21</ele>
      </trkpt>
      <trkpt lat="34.0348899923265" lon="-118.70039996691048">
        <ele>55.95</ele>
      </trkpt>
      <trkpt lat="34.03489996679127" lon="-118.70036995969713">
        <ele>54.65</ele>
      </trkpt>
      <trkpt lat="34.03489996679127" lon="-118.700329978019">
        <ele>53.29</ele>
      </trkpt>
      <trkpt lat="34.03489996679127" lon="-118.70026996359229">
        <ele>51.88</ele>
      </trkpt>
      <trkpt lat="34.034909941256046" lon="-118.70020994916558">
        <ele>50.44</ele>
      </trkpt>
      <trkpt lat="34.034929974004626" lon="-118.69997994974256">
        <ele>48.92</ele>
      </trkpt>
      <trkpt lat="34.03495855629444" lon="-118.69961215183139">
        <ele>47.26</ele>
      </trkpt>
      <trkpt lat="34.03498722240329" lon="-118.69924435392022">
        <ele>45.48</ele>
      </trkpt>
      <trkpt lat="34.0350158046931" lon="-118.69887647219002">
        <ele>43.62</ele>
      </trkpt>
      <trkpt lat="34.03504447080195" lon="-118.69850867427886">
        <ele>41.7</ele>
      </trkpt>
      <trkpt lat="34.035073136910796" lon="-118.69814087636769">
        <ele>39.89</ele>
      </trkpt>
      <trkpt lat="34.03510171920061" lon="-118.69777299463749">
        <ele>38.32</ele>
      </trkpt>
      <trkpt lat="34.0351299662143" lon="-118.69740997441113">
        <ele>36.75</ele>
      </trkpt>
      <trkpt lat="34.03513994067907" lon="-118.69721995666623">
        <ele>35.27</ele>
      </trkpt>
      <trkpt lat="34.03514999896288" lon="-118.6971799749881">
        <ele>33.75</ele>
      </trkpt>
      <trkpt lat="34.03514999896288" lon="-118.69713999330997">
        <ele>32.24</ele>
      </trkpt>
      <trkpt lat="34.03514999896288" lon="-118.6971199605614">
        <ele>30.75</ele>
      </trkpt>
      <trkpt lat="34.03514999896288" lon="-118.69708995334804">
        <ele>29.28</ele>
      </trkpt>
      <trkpt lat="34.03514999896288" lon="-118.69701996445656">
        <ele>27.85</ele>
      </trkpt>
      <trkpt lat="34.03514999896288" lon="-118.69699993170798">
        <ele>26.42</ele>
      </trkpt>
      <trkpt lat="34.03515997342765" lon="-118.69697998277843">
        <ele>25.03</ele>
      </trkpt>
      <trkpt lat="34.03515997342765" lon="-118.69694997556508">
        <ele>23.66</ele>
      </trkpt>
      <trkpt lat="34.03515997342765" lon="-118.6967499833554">
        <ele>22.42</ele>
      </trkpt>
      <trkpt lat="34.03515997342765" lon="-118.69648997671902">
        <ele>21.15</ele>
      </trkpt>
      <trkpt lat="34.03515997342765" lon="-118.6963099334389">
        <ele>19.87</ele>
      </trkpt>
      <trkpt lat="34.03514999896288" lon="-118.69597993791103">
        <ele>18.53</ele>
      </trkpt>
      <trkpt lat="34.03513994067907" lon="-118.69580995291471">
        <ele>17.17</ele>
      </trkpt>
      <trkpt lat="34.035119991749525" lon="-118.69555992074311">
        <ele>15.7</ele>
      </trkpt>
      <trkpt lat="34.03508998453617" lon="-118.6952699907124">
        <ele>14.22</ele>
      </trkpt>
      <trkpt lat="34.03505486436188" lon="-118.69494938291609">
        <ele>12.91</ele>
      </trkpt>
      <trkpt lat="34.03501999564469" lon="-118.69462994858623">
        <ele>11.79</ele>
      </trkpt>
      <trkpt lat="34.0349798463285" lon="-118.69429433718324">
        <ele>10.75</ele>
      </trkpt>
      <trkpt lat="34.0349399484694" lon="-118.69395998306572">
        <ele>9.75</ele>
      </trkpt>
      <trkpt lat="34.03491991572082" lon="-118.69374456815422">
        <ele>8.79</ele>
      </trkpt>
      <trkpt lat="34.03489996679127" lon="-118.69352999143302">
        <ele>7.89</ele>
      </trkpt>
      <trkpt lat="34.0348899923265" lon="-118.69342999532819">
        <ele>7.04</ele>
      </trkpt>
      <trkpt lat="34.034864930436015" lon="-118.69322455488145">
        <ele>6.22</ele>
      </trkpt>
      <trkpt lat="34.034839952364564" lon="-118.69301995262504">
        <ele>5.47</ele>
      </trkpt>
      <trkpt lat="34.03480491600931" lon="-118.69270940311253">
        <ele>4.79</ele>
      </trkpt>
      <trkpt lat="34.03476996347308" lon="-118.69239994324744">
        <ele>4.15</ele>
      </trkpt>
      <trkpt lat="34.0347499307245" lon="-118.69220992550254">
        <ele>3.54</ele>
      </trkpt>
      <trkpt lat="34.03472998179495" lon="-118.69202996604145">
        <ele>2.97</ele>
      </trkpt>
      <trkpt lat="34.03470994904637" lon="-118.69183994829655">
        <ele>2.48</ele>
      </trkpt>
      <trkpt lat="34.03468991629779" lon="-118.69165998883545">
        <ele>2.02</ele>
      </trkpt>
      <trkpt lat="34.034669967368245" lon="-118.69146997109056">
        <ele>1.61</ele>
      </trkpt>
      <trkpt lat="34.034649934619665" lon="-118.69134994223714">
        <ele>1.24</ele>
      </trkpt>
      <trkpt lat="34.03462998569012" lon="-118.69116998277605">
        <ele>0.91</ele>
      </trkpt>
      <trkpt lat="34.03459997847676" lon="-118.69093998335302">
        <ele>0.61</ele>
      </trkpt>
      <trkpt lat="34.034559996798635" lon="-118.69060998782516">
        <ele>0.35</ele>
      </trkpt>
      <trkpt lat="34.034539964050055" lon="-118.69044997729361">
        <ele>0.12</ele>
      </trkpt>
      <trkpt lat="34.03450987301767" lon="-118.69017949327826">
        <ele>-0.09</ele>
      </trkpt>
      <trkpt lat="34.034479865804315" lon="-118.68990900926292">
        <ele>-0.28</ele>
      </trkpt>
      <trkpt lat="34.03444994240999" lon="-118.68963995017111">
        <ele>-0.43</ele>
      </trkpt>
      <trkpt lat="34.034414906054735" lon="-118.68930936791003">
        <ele>-0.55</ele>
      </trkpt>
      <trkpt lat="34.03437995351851" lon="-118.68897995911539">
        <ele>-0.65</ele>
      </trkpt>
      <trkpt lat="34.03437995351851" lon="-118.68893997743726">
        <ele>-0.73</ele>
      </trkpt>
      <trkpt lat="34.03435321524739" lon="-118.68864610791206">
        <ele>-0.79</ele>
      </trkpt>
      <trkpt lat="34.03432656079531" lon="-118.68835223838687">
        <ele>-0.83</ele>
      </trkpt>
      <trkpt lat="34.03429999016225" lon="-118.68805996142328">
        <ele>-0.86</ele>
      </trkpt>
      <trkpt lat="34.03429999016225" lon="-118.6880499869585">
        <ele>-0.87</ele>
      </trkpt>
      <trkpt lat="34.03428993187845" lon="-118.68788997642696">
        <ele>-0.87</ele>
      </trkpt>
      <trkpt lat="34.0342699829489" lon="-118.68762996979058">
        <ele>-0.86</ele>
      </trkpt>
      <trkpt lat="34.03425992466509" lon="-118.68753994815052">
        <ele>-0.84</ele>
      </trkpt>
      <trkpt lat="34.03425992466509" lon="-118.6874299775809">
        <ele>-0.81</ele>
      </trkpt>
      <trkpt lat="34.034239975735545" lon="-118.68730994872749">
        <ele>-0.78</ele>
      </trkpt>
      <trkpt lat="34.03422497212887" lon="-118.6870795302093">
        <ele>-0.73</ele>
      </trkpt>
      <trkpt lat="34.03420996852219" lon="-118.68684994988143">
        <ele>-0.68</ele>
      </trkpt>
      <trkpt lat="34.034219942986965" lon="-118.68663998320699">
        <ele>-0.62</ele>
      </trkpt>
      <trkpt lat="34.034239975735545" lon="-118.68639992550015">
        <ele>-0.55</ele>
      </trkpt>
      <trkpt lat="34.03424995020032" lon="-118.6863699182868">
        <ele>-0.48</ele>
      </trkpt>
      <trkpt lat="34.03427995741367" lon="-118.68602994829416">
        <ele>-0.4</ele>
      </trkpt>
      <trkpt lat="34.03429999016225" lon="-118.68565930053592">
        <ele>-0.31</ele>
      </trkpt>
      <trkpt lat="34.0343199390918" lon="-118.68528999388218">
        <ele>-0.22</ele>
      </trkpt>
      <trkpt lat="34.0343199390918" lon="-118.68518999777734">
        <ele>-0.12</ele>
      </trkpt>
      <trkpt lat="34.03433997184038" lon="-118.6850799433887">
        <ele>-0.01</ele>
      </trkpt>
      <trkpt lat="34.03433997184038" lon="-118.68495999835432">
        <ele>0.1</ele>
      </trkpt>
      <trkpt lat="34.034349946305156" lon="-118.68490995839238">
        <ele>0.24</ele>
      </trkpt>
      <trkpt lat="34.034349946305156" lon="-118.68489998392761">
        <ele>0.38</ele>
      </trkpt>
      <trkpt lat="34.03438665904105" lon="-118.68453931063414">
        <ele>0.53</ele>
      </trkpt>
      <trkpt lat="34.03442345559597" lon="-118.68417863734066">
        <ele>0.67</ele>
      </trkpt>
      <trkpt lat="34.034459916874766" lon="-118.68381997570395">
        <ele>0.85</ele>
      </trkpt>
      <trkpt lat="34.034479949623346" lon="-118.6835499946028">
        <ele>1.03</ele>
      </trkpt>
      <trkpt lat="34.0345099568367" lon="-118.68323994800448">
        <ele>1.24</ele>
      </trkpt>
      <trkpt lat="34.034519931301475" lon="-118.68314992636442">
        <ele>1.48</ele>
      </trkpt>
      <trkpt lat="34.03452998958528" lon="-118.68309997022152">
        <ele>1.74</ele>
      </trkpt>
      <trkpt lat="34.03452998958528" lon="-118.68304993025959">
        <ele>2.02</ele>
      </trkpt>
      <trkpt lat="34.03452998958528" lon="-118.68301992304623">
        <ele>2.32</ele>
      </trkpt>
      <trkpt lat="34.03455496765673" lon="-118.68280459195375">
        <ele>2.66</ele>
      </trkpt>
      <trkpt lat="34.03457994572818" lon="-118.68258993141353">
        <ele>3.02</ele>
      </trkpt>
      <trkpt lat="34.03461003676057" lon="-118.68228441104293">
        <ele>3.4</ele>
      </trkpt>
      <trkpt lat="34.03463996015489" lon="-118.68197998031974">
        <ele>3.83</ele>
      </trkpt>
      <trkpt lat="34.034649934619665" lon="-118.68184997700155">
        <ele>4.27</ele>
      </trkpt>
      <trkpt lat="34.034669967368245" lon="-118.68175995536149">
        <ele>4.73</ele>
      </trkpt>
      <trkpt lat="34.034669967368245" lon="-118.68174998089671">
        <ele>5.21</ele>
      </trkpt>
      <trkpt lat="34.034669967368245" lon="-118.68172994814813">
        <ele>5.71</ele>
      </trkpt>
      <trkpt lat="34.03468991629779" lon="-118.68161997757852">
        <ele>6.25</ele>
      </trkpt>
      <trkpt lat="34.03468991629779" lon="-118.68157999590039">
        <ele>6.81</ele>
      </trkpt>
      <trkpt lat="34.0346999745816" lon="-118.68154998868704">
        <ele>7.38</ele>
      </trkpt>
      <trkpt lat="34.0346999745816" lon="-118.68153993040323">
        <ele>7.97</ele>
      </trkpt>
      <trkpt lat="34.0346999745816" lon="-118.68152995593846">
        <ele>8.58</ele>
      </trkpt>
      <trkpt lat="34.03471992351115" lon="-118.68140992708504">
        <ele>9.23</ele>
      </trkpt>
      <trkpt lat="34.0347499307245" lon="-118.6812499165535">
        <ele>9.9</ele>
      </trkpt>
      <trkpt lat="34.034799970686436" lon="-118.68107993155718">
        <ele>10.58</ele>
      </trkpt>
      <trkpt lat="34.03489996679127" lon="-118.68094992823899">
        <ele>11.28</ele>
      </trkpt>
      <trkpt lat="34.034909941256046" lon="-118.68088999763131">
        <ele>11.97</ele>
      </trkpt>
      <trkpt lat="34.03491999953985" lon="-118.68085999041796">
        <ele>12.66</ele>
      </trkpt>
      <trkpt lat="34.03491999953985" lon="-118.6808299832046">
        <ele>13.34</ele>
      </trkpt>
      <trkpt lat="34.03495998121798" lon="-118.68070995435119">
        <ele>14.06</ele>
      </trkpt>
      <trkpt lat="34.034969955682755" lon="-118.6806899216026">
        <ele>14.74</ele>
      </trkpt>
      <trkpt lat="34.03497993014753" lon="-118.68064993992448">
        <ele>15.42</ele>
      </trkpt>
      <trkpt lat="34.03500993736088" lon="-118.68056997656822">
        <ele>16.14</ele>
      </trkpt>
      <trkpt lat="34.03502997010946" lon="-118.68047995492816">
        <ele>16.86</ele>
      </trkpt>
      <trkpt lat="34.03505997732282" lon="-118.6803899332881">
        <ele>17.58</ele>
      </trkpt>
      <trkpt lat="34.03506995178759" lon="-118.68034995160997">
        <ele>18.21</ele>
      </trkpt>
      <trkpt lat="34.035079926252365" lon="-118.68029999546707">
        <ele>18.84</ele>
      </trkpt>
      <trkpt lat="34.03510993346572" lon="-118.68016999214888">
        <ele>19.52</ele>
      </trkpt>
      <trkpt lat="34.035119991749525" lon="-118.68011995218694">
        <ele>20.05</ele>
      </trkpt>
      <trkpt lat="34.0351299662143" lon="-118.68009991943836">
        <ele>20.53</ele>
      </trkpt>
      <trkpt lat="34.0351299662143" lon="-118.68008994497359">
        <ele>20.92</ele>
      </trkpt>
      <trkpt lat="34.03525996953249" lon="-118.67981996387243">
        <ele>21.42</ele>
      </trkpt>
      <trkpt lat="34.03532995842397" lon="-118.67968996055424">
        <ele>21.67</ele>
      </trkpt>
      <trkpt lat="34.03540992178023" lon="-118.67955995723605">
        <ele>21.88</ele>
      </trkpt>
      <trkpt lat="34.03540992178023" lon="-118.67954998277128">
        <ele>22.07</ele>
      </trkpt>
      <trkpt lat="34.035419980064034" lon="-118.67953992448747">
        <ele>22.21</ele>
      </trkpt>
      <trkpt lat="34.03548996895552" lon="-118.67941997945309">
        <ele>22.23</ele>
      </trkpt>
      <trkpt lat="34.035529950633645" lon="-118.67936993949115">
        <ele>22.27</ele>
      </trkpt>
      <trkpt lat="34.035659953951836" lon="-118.67917992174625">
        <ele>22.17</ele>
      </trkpt>
      <trkpt lat="34.03573991730809" lon="-118.67906995117664">
        <ele>22.09</ele>
      </trkpt>
      <trkpt lat="34.035829938948154" lon="-118.67895998060703">
        <ele>21.98</ele>
      </trkpt>
      <trkpt lat="34.035829938948154" lon="-118.67894992232323">
        <ele>21.83</ele>
      </trkpt>
      <trkpt lat="34.03587997891009" lon="-118.67889996618032">
        <ele>21.67</ele>
      </trkpt>
      <trkpt lat="34.03591996058822" lon="-118.67884992621839">
        <ele>21.45</ele>
      </trkpt>
      <trkpt lat="34.0359399933368" lon="-118.67881991900504">
        <ele>21.22</ele>
      </trkpt>
      <trkpt lat="34.036109978333116" lon="-118.67860995233059">
        <ele>20.89</ele>
      </trkpt>
      <trkpt lat="34.03628993779421" lon="-118.67839998565614">
        <ele>20.6</ele>
      </trkpt>
      <trkpt lat="34.03633997775614" lon="-118.67834994569421">
        <ele>20.34</ele>
      </trkpt>
      <trkpt lat="34.03648993000388" lon="-118.67815992794931">
        <ele>19.95</ele>
      </trkpt>
      <trkpt lat="34.036519937217236" lon="-118.67812992073596">
        <ele>19.65</ele>
      </trkpt>
      <trkpt lat="34.036539969965816" lon="-118.6781099718064">
        <ele>19.35</ele>
      </trkpt>
      <trkpt lat="34.036709954962134" lon="-118.67797996848822">
        <ele>19.11</ele>
      </trkpt>
      <trkpt lat="34.03677994385362" lon="-118.67788994684815">
        <ele>18.83</ele>
      </trkpt>
      <trkpt lat="34.03693995438516" lon="-118.6776799801737">
        <ele>18.52</ele>
      </trkpt>
      <trkpt lat="34.03706995770335" lon="-118.67750999517739">
        <ele>18.22</ele>
      </trkpt>
      <trkpt lat="34.037079932168126" lon="-118.67748996242881">
        <ele>17.92</ele>
      </trkpt>
      <trkpt lat="34.037099964916706" lon="-118.67745995521545">
        <ele>17.64</ele>
      </trkpt>
      <trkpt lat="34.03714992105961" lon="-118.67738996632397">
        <ele>17.38</ele>
      </trkpt>
      <trkpt lat="34.037269949913025" lon="-118.6771899741143">
        <ele>17.1</ele>
      </trkpt>
      <trkpt lat="34.0372799243778" lon="-118.6771899741143">
        <ele>16.89</ele>
      </trkpt>
      <trkpt lat="34.037419985979795" lon="-118.67693994194269">
        <ele>16.7</ele>
      </trkpt>
      <trkpt lat="34.037439934909344" lon="-118.67688998579979">
        <ele>16.5</ele>
      </trkpt>
      <trkpt lat="34.037459967657924" lon="-118.67682997137308">
        <ele>16.3</ele>
      </trkpt>
      <trkpt lat="34.03747991658747" lon="-118.67679996415973">
        <ele>16.15</ele>
      </trkpt>
      <trkpt lat="34.037509923800826" lon="-118.67671991698444">
        <ele>16.0</ele>
      </trkpt>
      <trkpt lat="34.03753993101418" lon="-118.67668999359012">
        <ele>15.89</ele>
      </trkpt>
      <trkpt lat="34.037569938227534" lon="-118.6766199208796">
        <ele>15.77</ele>
      </trkpt>
      <trkpt lat="34.03761997818947" lon="-118.67648991756141">
        <ele>15.67</ele>
      </trkpt>
      <trkpt lat="34.0376599598676" lon="-118.67639997974038">
        <ele>15.55</ele>
      </trkpt>
      <trkpt lat="34.037699941545725" lon="-118.67629998363554">
        <ele>15.45</ele>
      </trkpt>
      <trkpt lat="34.03770999982953" lon="-118.67628992535174">
        <ele>15.4</ele>
      </trkpt>
      <trkpt lat="34.03777998872101" lon="-118.67610996589065">
        <ele>15.34</ele>
      </trkpt>
      <trkpt lat="34.037849977612495" lon="-118.67592992261052">
        <ele>15.3</ele>
      </trkpt>
      <trkpt lat="34.03791996650398" lon="-118.6757599376142">
        <ele>15.37</ele>
      </trkpt>
      <trkpt lat="34.037979980930686" lon="-118.67558995261788">
        <ele>15.37</ele>
      </trkpt>
      <trkpt lat="34.0380500536412" lon="-118.6754097416997">
        <ele>15.33</ele>
      </trkpt>
      <trkpt lat="34.03811995871365" lon="-118.67522994987667">
        <ele>15.38</ele>
      </trkpt>
      <trkpt lat="34.03815994039178" lon="-118.6751399282366">
        <ele>15.46</ele>
      </trkpt>
      <trkpt lat="34.03817997314036" lon="-118.6750899720937">
        <ele>15.52</ele>
      </trkpt>
      <trkpt lat="34.03819992206991" lon="-118.675029957667">
        <ele>15.57</ele>
      </trkpt>
      <trkpt lat="34.038290027529" lon="-118.67479970678687">
        <ele>15.71</ele>
      </trkpt>
      <trkpt lat="34.038380132988095" lon="-118.67456945590675">
        <ele>15.63</ele>
      </trkpt>
      <trkpt lat="34.038469986990094" lon="-118.67433995939791">
        <ele>15.6</ele>
      </trkpt>
      <trkpt lat="34.03847996145487" lon="-118.67432998493314">
        <ele>15.66</ele>
      </trkpt>
      <trkpt lat="34.03852991759777" lon="-118.67419998161495">
        <ele>15.74</ele>
      </trkpt>
      <trkpt lat="34.03853997588158" lon="-118.67417994886637">
        <ele>15.82</ele>
      </trkpt>
      <trkpt lat="34.03856998309493" lon="-118.67409998551011">
        <ele>15.94</ele>
      </trkpt>
      <trkpt lat="34.03860996477306" lon="-118.6739799566567">
        <ele>16.06</ele>
      </trkpt>
      <trkpt lat="34.03861993923783" lon="-118.67395992390811">
        <ele>16.11</ele>
      </trkpt>
      <trkpt lat="34.03863997198641" lon="-118.67390996776521">
        <ele>16.18</ele>
      </trkpt>
      <trkpt lat="34.03864994645119" lon="-118.67389999330044">
        <ele>16.22</ele>
      </trkpt>
      <trkpt lat="34.03869998641312" lon="-118.67374995723367">
        <ele>16.36</ele>
      </trkpt>
      <trkpt lat="34.03877500444651" lon="-118.67353973910213">
        <ele>16.36</ele>
      </trkpt>
      <trkpt lat="34.03884993866086" lon="-118.67332994006574">
        <ele>16.28</ele>
      </trkpt>
      <trkpt lat="34.03884993866086" lon="-118.67331996560097">
        <ele>16.2</ele>
      </trkpt>
      <trkpt lat="34.03891992755234" lon="-118.67308996617794">
        <ele>16.01</ele>
      </trkpt>
      <trkpt lat="34.03897994197905" lon="-118.6728799995035">
        <ele>15.92</ele>
      </trkpt>
      <trkpt lat="34.03903995640576" lon="-118.67265997454524">
        <ele>15.84</ele>
      </trkpt>
      <trkpt lat="34.03909997083247" lon="-118.67243994958699">
        <ele>15.65</ele>
      </trkpt>
      <trkpt lat="34.03912997804582" lon="-118.67229997180402">
        <ele>15.49</ele>
      </trkpt>
      <trkpt lat="34.03916995972395" lon="-118.67208992131054">
        <ele>15.28</ele>
      </trkpt>
      <trkpt lat="34.03921999968588" lon="-118.67186998017132">
        <ele>15.13</ele>
      </trkpt>
      <trkpt lat="34.039249923080206" lon="-118.67167996242642">
        <ele>14.98</ele>
      </trkpt>
      <trkpt lat="34.03927993029356" lon="-118.67146999575198">
        <ele>14.83</ele>
      </trkpt>
      <trkpt lat="34.039309937506914" lon="-118.67127997800708">
        <ele>14.6</ele>
      </trkpt>
      <trkpt lat="34.039329970255494" lon="-118.6710699275136">
        <ele>14.32</ele>
      </trkpt>
      <trkpt lat="34.03933994472027" lon="-118.67103992030025">
        <ele>14.12</ele>
      </trkpt>
      <trkpt lat="34.03933994472027" lon="-118.67096993140876">
        <ele>13.9</ele>
      </trkpt>
      <trkpt lat="34.03934991918504" lon="-118.67087999358773">
        <ele>13.69</ele>
      </trkpt>
      <trkpt lat="34.03935997746885" lon="-118.67084998637438">
        <ele>13.49</ele>
      </trkpt>
      <trkpt lat="34.03936995193362" lon="-118.67074999026954">
        <ele>13.28</ele>
      </trkpt>
      <trkpt lat="34.0393799263984" lon="-118.6706499941647">
        <ele>13.08</ele>
      </trkpt>
      <trkpt lat="34.0393899846822" lon="-118.67038998752832">
        <ele>12.89</ele>
      </trkpt>
      <trkpt lat="34.03939995914698" lon="-118.67028999142349">
        <ele>12.71</ele>
      </trkpt>
      <trkpt lat="34.03940993361175" lon="-118.67018999531865">
        <ele>12.53</ele>
      </trkpt>
      <trkpt lat="34.03940993361175" lon="-118.67008999921381">
        <ele>12.36</ele>
      </trkpt>
      <trkpt lat="34.03940993361175" lon="-118.67006996646523">
        <ele>12.18</ele>
      </trkpt>
      <trkpt lat="34.03942996636033" lon="-118.66985999979079">
        <ele>12.01</ele>
      </trkpt>
      <trkpt lat="34.03942996636033" lon="-118.66978992708027">
        <ele>11.85</ele>
      </trkpt>
      <trkpt lat="34.03942996636033" lon="-118.66974994540215">
        <ele>11.7</ele>
      </trkpt>
      <trkpt lat="34.03942996636033" lon="-118.66968993097544">
        <ele>11.55</ele>
      </trkpt>
      <trkpt lat="34.039439940825105" lon="-118.66961994208395">
        <ele>11.41</ele>
      </trkpt>
      <trkpt lat="34.039439940825105" lon="-118.66956998594105">
        <ele>11.3</ele>
      </trkpt>
      <trkpt lat="34.039439940825105" lon="-118.66955992765725">
        <ele>11.21</ele>
      </trkpt>
      <trkpt lat="34.039439940825105" lon="-118.66951994597912">
        <ele>11.15</ele>
      </trkpt>
      <trkpt lat="34.03944999910891" lon="-118.66942992433906">
        <ele>11.11</ele>
      </trkpt>
      <trkpt lat="34.03944999910891" lon="-118.66941994987428">
        <ele>11.08</ele>
      </trkpt>
      <trkpt lat="34.03944999910891" lon="-118.66930997930467">
        <ele>11.08</ele>
      </trkpt>
      <trkpt lat="34.039459973573685" lon="-118.66920998319983">
        <ele>11.09</ele>
      </trkpt>
      <trkpt lat="34.039459973573685" lon="-118.669109987095">
        <ele>11.11</ele>
      </trkpt>
      <trkpt lat="34.03946994803846" lon="-118.66903999820352">
        <ele>11.16</ele>
      </trkpt>
      <trkpt lat="34.03946994803846" lon="-118.66889993660152">
        <ele>11.19</ele>
      </trkpt>
      <trkpt lat="34.03947992250323" lon="-118.66880999878049">
        <ele>11.24</ele>
      </trkpt>
      <trkpt lat="34.03949752449989" lon="-118.66849433630705">
        <ele>11.32</ele>
      </trkpt>
      <trkpt lat="34.03951504267752" lon="-118.66817875765264">
        <ele>11.39</ele>
      </trkpt>
      <trkpt lat="34.03953256085515" lon="-118.66786317899823">
        <ele>11.48</ele>
      </trkpt>
      <trkpt lat="34.03954999521375" lon="-118.66754994727671">
        <ele>11.63</ele>
      </trkpt>
      <trkpt lat="34.03955996967852" lon="-118.66734995506704">
        <ele>11.72</ele>
      </trkpt>
      <trkpt lat="34.03955996967852" lon="-118.66729999892414">
        <ele>11.84</ele>
      </trkpt>
      <trkpt lat="34.039569944143295" lon="-118.66714996285737">
        <ele>11.95</ele>
      </trkpt>
      <trkpt lat="34.03957991860807" lon="-118.66695994511247">
        <ele>12.09</ele>
      </trkpt>
      <trkpt lat="34.03959500603378" lon="-118.66672449745238">
        <ele>12.27</ele>
      </trkpt>
      <trkpt lat="34.03960992582142" lon="-118.66648997180164">
        <ele>12.43</ele>
      </trkpt>
      <trkpt lat="34.03960992582142" lon="-118.666379917413">
        <ele>12.59</ele>
      </trkpt>
      <trkpt lat="34.03961998410523" lon="-118.66630992852151">
        <ele>12.77</ele>
      </trkpt>
      <trkpt lat="34.03961998410523" lon="-118.66628997959197">
        <ele>12.94</ele>
      </trkpt>
      <trkpt lat="34.03962995857" lon="-118.66602997295558">
        <ele>13.21</ele>
      </trkpt>
      <trkpt lat="34.03963993303478" lon="-118.6658999696374">
        <ele>13.4</ele>
      </trkpt>
      <trkpt lat="34.03964999131858" lon="-118.6655799485743">
        <ele>13.63</ele>
      </trkpt>
      <trkpt lat="34.03965996578336" lon="-118.66543997079134">
        <ele>13.8</ele>
      </trkpt>
      <trkpt lat="34.03966994024813" lon="-118.6652799602598">
        <ele>13.98</ele>
      </trkpt>
      <trkpt lat="34.03966994024813" lon="-118.66524995304644">
        <ele>14.14</ele>
      </trkpt>
      <trkpt lat="34.03966994024813" lon="-118.66516998969018">
        <ele>14.3</ele>
      </trkpt>
      <trkpt lat="34.03966994024813" lon="-118.66487997584045">
        <ele>14.5</ele>
      </trkpt>
      <trkpt lat="34.03966994024813" lon="-118.66458996199071">
        <ele>14.7</ele>
      </trkpt>
      <trkpt lat="34.03966994024813" lon="-118.66440991871059">
        <ele>14.8</ele>
      </trkpt>
      <trkpt lat="34.03966994024813" lon="-118.66420992650092">
        <ele>14.87</ele>
      </trkpt>
      <trkpt lat="34.03966994024813" lon="-118.66418997757137">
        <ele>14.96</ele>
      </trkpt>
      <trkpt lat="34.03965996578336" lon="-118.66400993429124">
        <ele>14.91</ele>
      </trkpt>
      <trkpt lat="34.03965996578336" lon="-118.66392997093499">
        <ele>14.99</ele>
      </trkpt>
      <trkpt lat="34.03964999131858" lon="-118.66369997151196">
        <ele>15.11</ele>
      </trkpt>
      <trkpt lat="34.03964999131858" lon="-118.66357994265854">
        <ele>15.3</ele>
      </trkpt>
      <trkpt lat="34.03962995857" lon="-118.66322999820113">
        <ele>15.5</ele>
      </trkpt>
      <trkpt lat="34.03960992582142" lon="-118.66295993328094">
        <ele>15.52</ele>
      </trkpt>
      <trkpt lat="34.03957991860807" lon="-118.66266991943121">
        <ele>15.48</ele>
      </trkpt>
      <trkpt lat="34.039569944143295" lon="-118.66248995997012">
        <ele>15.49</ele>
      </trkpt>
      <trkpt lat="34.039569944143295" lon="-118.66247998550534">
        <ele>15.48</ele>
      </trkpt>
      <trkpt lat="34.03955996967852" lon="-118.66243992000818">
        <ele>15.43</ele>
      </trkpt>
      <trkpt lat="34.03954999521375" lon="-118.66233992390335">
        <ele>15.39</ele>
      </trkpt>
      <trkpt lat="34.03951990418136" lon="-118.6619692761451">
        <ele>15.22</ele>
      </trkpt>
      <trkpt lat="34.03948998078704" lon="-118.66159996949136">
        <ele>15.06</ele>
      </trkpt>
      <trkpt lat="34.03945486061275" lon="-118.66126435808837">
        <ele>14.97</ele>
      </trkpt>
      <trkpt lat="34.03941999189556" lon="-118.66092992015183">
        <ele>14.92</ele>
      </trkpt>
      <trkpt lat="34.03941999189556" lon="-118.66091994568706">
        <ele>14.87</ele>
      </trkpt>
      <trkpt lat="34.03941999189556" lon="-118.66087996400893">
        <ele>14.81</ele>
      </trkpt>
      <trkpt lat="34.03941999189556" lon="-118.66085993126035">
        <ele>14.76</ele>
      </trkpt>
      <trkpt lat="34.03940993361175" lon="-118.660829924047">
        <ele>14.71</ele>
      </trkpt>
      <trkpt lat="34.03939995914698" lon="-118.66071995347738">
        <ele>14.66</ele>
      </trkpt>
      <trkpt lat="34.03939995914698" lon="-118.66062993183732">
        <ele>14.64</ele>
      </trkpt>
      <trkpt lat="34.0393899846822" lon="-118.66056991741061">
        <ele>14.63</ele>
      </trkpt>
      <trkpt lat="34.0393799263984" lon="-118.66047997958958">
        <ele>14.63</ele>
      </trkpt>
      <trkpt lat="34.0393799263984" lon="-118.66042993962765">
        <ele>14.64</ele>
      </trkpt>
      <trkpt lat="34.03936995193362" lon="-118.66031996905804">
        <ele>14.63</ele>
      </trkpt>
      <trkpt lat="34.03935997746885" lon="-118.66023992188275">
        <ele>14.63</ele>
      </trkpt>
      <trkpt lat="34.03935997746885" lon="-118.66020999848843">
        <ele>14.67</ele>
      </trkpt>
      <trkpt lat="34.03933994472027" lon="-118.66004998795688">
        <ele>14.67</ele>
      </trkpt>
      <trkpt lat="34.03933994472027" lon="-118.6599799990654">
        <ele>14.69</ele>
      </trkpt>
      <trkpt lat="34.039329970255494" lon="-118.65993993356824">
        <ele>14.73</ele>
      </trkpt>
      <trkpt lat="34.03931999579072" lon="-118.65982996299863">
        <ele>14.83</ele>
      </trkpt>
      <trkpt lat="34.03931999579072" lon="-118.65980993025005">
        <ele>14.93</ele>
      </trkpt>
      <trkpt lat="34.03931999579072" lon="-118.65976994857192">
        <ele>15.08</ele>
      </trkpt>
      <trkpt lat="34.03929996304214" lon="-118.6595999635756">
        <ele>15.26</ele>
      </trkpt>
      <trkpt lat="34.039289988577366" lon="-118.6595399491489">
        <ele>15.39</ele>
      </trkpt>
      <trkpt lat="34.03926660306752" lon="-118.6592561379075">
        <ele>15.55</ele>
      </trkpt>
      <trkpt lat="34.03924321755767" lon="-118.65897224284708">
        <ele>15.69</ele>
      </trkpt>
      <trkpt lat="34.03921999968588" lon="-118.65868994034827">
        <ele>15.95</ele>
      </trkpt>
      <trkpt lat="34.03918655589223" lon="-118.65836271084845">
        <ele>16.14</ele>
      </trkpt>
      <trkpt lat="34.039153195917606" lon="-118.6580353975296">
        <ele>16.34</ele>
      </trkpt>
      <trkpt lat="34.039119919762015" lon="-118.65770992822945">
        <ele>16.59</ele>
      </trkpt>
      <trkpt lat="34.03909326530993" lon="-118.65741941146553">
        <ele>16.76</ele>
      </trkpt>
      <trkpt lat="34.03906652703881" lon="-118.6571288947016">
        <ele>16.92</ele>
      </trkpt>
      <trkpt lat="34.03903995640576" lon="-118.65683997049928">
        <ele>17.08</ele>
      </trkpt>
      <trkpt lat="34.039029981940985" lon="-118.65667995996773">
        <ele>17.2</ele>
      </trkpt>
      <trkpt lat="34.0390049200505" lon="-118.65642447955906">
        <ele>17.31</ele>
      </trkpt>
      <trkpt lat="34.03897994197905" lon="-118.65616992115974">
        <ele>17.36</ele>
      </trkpt>
      <trkpt lat="34.0389499347657" lon="-118.65581997670233">
        <ele>17.3</ele>
      </trkpt>
      <trkpt lat="34.03891992755234" lon="-118.65546994842589">
        <ele>17.21</ele>
      </trkpt>
      <trkpt lat="34.038899978622794" lon="-118.65530993789434">
        <ele>17.18</ele>
      </trkpt>
      <trkpt lat="34.038879945874214" lon="-118.65510994568467">
        <ele>17.22</ele>
      </trkpt>
      <trkpt lat="34.038859996944666" lon="-118.6549699679017">
        <ele>17.27</ele>
      </trkpt>
      <trkpt lat="34.038859996944666" lon="-118.65493996068835">
        <ele>17.3</ele>
      </trkpt>
      <trkpt lat="34.03884993866086" lon="-118.6548599973321">
        <ele>17.33</ele>
      </trkpt>
      <trkpt lat="34.038839964196086" lon="-118.65477995015681">
        <ele>17.35</ele>
      </trkpt>
      <trkpt lat="34.03880995698273" lon="-118.65457995794713">
        <ele>17.32</ele>
      </trkpt>
      <trkpt lat="34.03878992423415" lon="-118.65441994741559">
        <ele>17.36</ele>
      </trkpt>
      <trkpt lat="34.0387599170208" lon="-118.6542399879545">
        <ele>17.37</ele>
      </trkpt>
      <trkpt lat="34.038729909807444" lon="-118.65404963493347">
        <ele>17.41</ele>
      </trkpt>
      <trkpt lat="34.03869998641312" lon="-118.6538599524647">
        <ele>17.43</ele>
      </trkpt>
      <trkpt lat="34.03864994645119" lon="-118.65355996415019">
        <ele>17.35</ele>
      </trkpt>
      <trkpt lat="34.03864994645119" lon="-118.65351998247206">
        <ele>17.37</ele>
      </trkpt>
      <trkpt lat="34.03861993923783" lon="-118.65338997915387">
        <ele>17.35</ele>
      </trkpt>
      <trkpt lat="34.038599990308285" lon="-118.65326995030046">
        <ele>17.4</ele>
      </trkpt>
      <trkpt lat="34.038599990308285" lon="-118.65321999415755">
        <ele>17.44</ele>
      </trkpt>
      <trkpt lat="34.03854995034635" lon="-118.65291992202401">
        <ele>17.55</ele>
      </trkpt>
      <trkpt lat="34.03850996866822" lon="-118.65268992260098">
        <ele>17.62</ele>
      </trkpt>
      <trkpt lat="34.038449954241514" lon="-118.65236998535693">
        <ele>17.67</ele>
      </trkpt>
      <trkpt lat="34.03839739970863" lon="-118.65204937756062">
        <ele>17.72</ele>
      </trkpt>
      <trkpt lat="34.03834476135671" lon="-118.65172885358334">
        <ele>17.84</ele>
      </trkpt>
      <trkpt lat="34.038292206823826" lon="-118.65140832960606">
        <ele>17.9</ele>
      </trkpt>
      <trkpt lat="34.03823998756707" lon="-118.6510899849236">
        <ele>17.92</ele>
      </trkpt>
      <trkpt lat="34.03822992928326" lon="-118.65104991942644">
        <ele>17.93</ele>
      </trkpt>
      <trkpt lat="34.03821995481849" lon="-118.65095998160541">
        <ele>17.99</ele>
      </trkpt>
      <trkpt lat="34.03815994039178" lon="-118.65063996054232">
        <ele>17.96</ele>
      </trkpt>
      <trkpt lat="34.03815994039178" lon="-118.65060995332897">
        <ele>17.98</ele>
      </trkpt>
      <trkpt lat="34.03810998424888" lon="-118.65031993947923">
        <ele>17.86</ele>
      </trkpt>
      <trkpt lat="34.03810998424888" lon="-118.65028993226588">
        <ele>17.87</ele>
      </trkpt>
      <trkpt lat="34.0380899515003" lon="-118.65018993616104">
        <ele>17.81</ele>
      </trkpt>
      <trkpt lat="34.03807997703552" lon="-118.6500899400562">
        <ele>17.76</ele>
      </trkpt>
      <trkpt lat="34.03805994428694" lon="-118.64990998059511">
        <ele>17.75</ele>
      </trkpt>
      <trkpt lat="34.03804996982217" lon="-118.64981995895505">
        <ele>17.77</ele>
      </trkpt>
      <trkpt lat="34.03804996982217" lon="-118.6497899517417">
        <ele>17.8</ele>
      </trkpt>
      <trkpt lat="34.038039995357394" lon="-118.64974997006357">
        <ele>17.83</ele>
      </trkpt>
      <trkpt lat="34.03802993707359" lon="-118.64949993789196">
        <ele>17.89</ele>
      </trkpt>
      <trkpt lat="34.038019962608814" lon="-118.6494699306786">
        <ele>17.95</ele>
      </trkpt>
      <trkpt lat="34.03802993707359" lon="-118.64923993125558">
        <ele>18.21</ele>
      </trkpt>
      <trkpt lat="34.03804996982217" lon="-118.64900993183255">
        <ele>18.8</ele>
      </trkpt>
      <trkpt lat="34.03806991875172" lon="-118.64881999790668">
        <ele>19.0</ele>
      </trkpt>
      <trkpt lat="34.03810998424888" lon="-118.64858999848366">
        <ele>18.91</ele>
      </trkpt>
      <trkpt lat="34.03813999146223" lon="-118.64845999516547">
        <ele>18.61</ele>
      </trkpt>
      <trkpt lat="34.03815994039178" lon="-118.64838992245495">
        <ele>18.38</ele>
      </trkpt>
      <trkpt lat="34.03819992206991" lon="-118.64826997742057">
        <ele>18.0</ele>
      </trkpt>
      <trkpt lat="34.03819992206991" lon="-118.64823997020721">
        <ele>17.75</ele>
      </trkpt>
      <trkpt lat="34.03820998035371" lon="-118.64820996299386">
        <ele>17.51</ele>
      </trkpt>
      <trkpt lat="34.03821995481849" lon="-118.64818993024528">
        <ele>17.28</ele>
      </trkpt>
      <trkpt lat="34.03823998756707" lon="-118.6481199413538">
        <ele>16.91</ele>
      </trkpt>
      <trkpt lat="34.03828994370997" lon="-118.64796998910606">
        <ele>16.5</ele>
      </trkpt>
      <trkpt lat="34.038339983671904" lon="-118.64781995303929">
        <ele>16.17</ele>
      </trkpt>
      <trkpt lat="34.03834995813668" lon="-118.64778994582593">
        <ele>15.91</ele>
      </trkpt>
      <trkpt lat="34.03835993260145" lon="-118.64775993861258">
        <ele>15.67</ele>
      </trkpt>
      <trkpt lat="34.03836999088526" lon="-118.64772993139923">
        <ele>15.43</ele>
      </trkpt>
      <trkpt lat="34.038389939814806" lon="-118.64766991697252">
        <ele>15.21</ele>
      </trkpt>
      <trkpt lat="34.038409972563386" lon="-118.64757997915149">
        <ele>14.98</ele>
      </trkpt>
      <trkpt lat="34.03841994702816" lon="-118.64753999747336">
        <ele>14.7</ele>
      </trkpt>
      <trkpt lat="34.03845992870629" lon="-118.64738996140659">
        <ele>14.48</ele>
      </trkpt>
      <trkpt lat="34.03847996145487" lon="-118.64727999083698">
        <ele>14.27</ele>
      </trkpt>
      <trkpt lat="34.03850996866822" lon="-118.64714998751879">
        <ele>14.03</ele>
      </trkpt>
      <trkpt lat="34.03853997588158" lon="-118.6470199842006">
        <ele>13.82</ele>
      </trkpt>
      <trkpt lat="34.03856998309493" lon="-118.64677992649376">
        <ele>13.66</ele>
      </trkpt>
      <trkpt lat="34.03858993202448" lon="-118.6466399487108">
        <ele>13.41</ele>
      </trkpt>
      <trkpt lat="34.03860996477306" lon="-118.64649997092783">
        <ele>13.17</ele>
      </trkpt>
      <trkpt lat="34.03861993923783" lon="-118.64634993486106">
        <ele>12.96</ele>
      </trkpt>
      <trkpt lat="34.03862999752164" lon="-118.6462099570781">
        <ele>12.77</ele>
      </trkpt>
      <trkpt lat="34.03863997198641" lon="-118.64605992101133">
        <ele>12.62</ele>
      </trkpt>
      <trkpt lat="34.03863997198641" lon="-118.64590996876359">
        <ele>12.49</ele>
      </trkpt>
      <trkpt lat="34.03864994645119" lon="-118.64576999098063">
        <ele>12.39</ele>
      </trkpt>
      <trkpt lat="34.03863997198641" lon="-118.64566999487579">
        <ele>12.29</ele>
      </trkpt>
      <trkpt lat="34.03863997198641" lon="-118.64564996212721">
        <ele>12.2</ele>
      </trkpt>
      <trkpt lat="34.03863997198641" lon="-118.64563998766243">
        <ele>12.12</ele>
      </trkpt>
      <trkpt lat="34.03863997198641" lon="-118.64559992216527">
        <ele>12.06</ele>
      </trkpt>
      <trkpt lat="34.03863997198641" lon="-118.64551995880902">
        <ele>12.02</ele>
      </trkpt>
      <trkpt lat="34.03862999752164" lon="-118.64530999213457">
        <ele>12.0</ele>
      </trkpt>
      <trkpt lat="34.03861993923783" lon="-118.6451599560678">
        <ele>11.98</ele>
      </trkpt>
      <trkpt lat="34.03860996477306" lon="-118.64507999271154">
        <ele>11.95</ele>
      </trkpt>
      <trkpt lat="34.038599990308285" lon="-118.6449699383229">
        <ele>11.93</ele>
      </trkpt>
      <trkpt lat="34.038579957559705" lon="-118.64481998607516">
        <ele>11.91</ele>
      </trkpt>
      <trkpt lat="34.03856998309493" lon="-118.64470993168652">
        <ele>11.93</ele>
      </trkpt>
      <trkpt lat="34.038559924811125" lon="-118.64462996833026">
        <ele>11.95</ele>
      </trkpt>
      <trkpt lat="34.03853997588158" lon="-118.64454992115498">
        <ele>11.95</ele>
      </trkpt>
      <trkpt lat="34.03848993591964" lon="-118.6442999728024">
        <ele>11.97</ele>
      </trkpt>
      <trkpt lat="34.038469986990094" lon="-118.64416996948421">
        <ele>12.0</ele>
      </trkpt>
      <trkpt lat="34.038469986990094" lon="-118.64414993673563">
        <ele>12.03</ele>
      </trkpt>
      <trkpt lat="34.038449954241514" lon="-118.6440499406308">
        <ele>12.05</ele>
      </trkpt>
      <trkpt lat="34.038429921492934" lon="-118.64395991899073">
        <ele>12.06</ele>
      </trkpt>
      <trkpt lat="34.038429921492934" lon="-118.64393997006118">
        <ele>12.08</ele>
      </trkpt>
      <trkpt lat="34.03837996535003" lon="-118.64370997063816">
        <ele>12.05</ele>
      </trkpt>
      <trkpt lat="34.03833487071097" lon="-118.64347955211997">
        <ele>11.99</ele>
      </trkpt>
      <trkpt lat="34.03828994370997" lon="-118.6432499717921">
        <ele>12.06</ele>
      </trkpt>
      <trkpt lat="34.03823998756707" lon="-118.64295995794237">
        <ele>12.19</ele>
      </trkpt>
      <trkpt lat="34.03818994760513" lon="-118.64272995851934">
        <ele>12.13</ele>
      </trkpt>
      <trkpt lat="34.038129933178425" lon="-118.64241999574006">
        <ele>12.03</ele>
      </trkpt>
      <trkpt lat="34.03807989321649" lon="-118.64215454086661">
        <ele>11.96</ele>
      </trkpt>
      <trkpt lat="34.03802993707359" lon="-118.64188992418349">
        <ele>11.99</ele>
      </trkpt>
      <trkpt lat="34.037999929860234" lon="-118.6417699791491">
        <ele>11.98</ele>
      </trkpt>
      <trkpt lat="34.037979980930686" lon="-118.64163997583091">
        <ele>11.99</ele>
      </trkpt>
      <trkpt lat="34.03791996650398" lon="-118.6413299292326">
        <ele>12.0</ele>
      </trkpt>
      <trkpt lat="34.037869926542044" lon="-118.64107998088002">
        <ele>11.97</ele>
      </trkpt>
      <trkpt lat="34.03781997039914" lon="-118.64080999977887">
        <ele>11.91</ele>
      </trkpt>
      <trkpt lat="34.03778996318579" lon="-118.64066993817687">
        <ele>11.9</ele>
      </trkpt>
      <trkpt lat="34.03775995597243" lon="-118.6405299603939">
        <ele>11.85</ele>
      </trkpt>
      <trkpt lat="34.037719974294305" lon="-118.64035997539759">
        <ele>11.77</ele>
      </trkpt>
      <trkpt lat="34.03770999982953" lon="-118.64031999371946">
        <ele>11.7</ele>
      </trkpt>
      <trkpt lat="34.03766993433237" lon="-118.64015998318791">
        <ele>11.63</ele>
      </trkpt>
      <trkpt lat="34.03764998540282" lon="-118.64005998708308">
        <ele>11.48</ele>
      </trkpt>
      <trkpt lat="34.03763992711902" lon="-118.64001992158592">
        <ele>11.33</ele>
      </trkpt>
      <trkpt lat="34.03757999651134" lon="-118.63977994769812">
        <ele>11.12</ele>
      </trkpt>
      <trkpt lat="34.03755996376276" lon="-118.63968992605805">
        <ele>10.96</ele>
      </trkpt>
      <trkpt lat="34.03753993101418" lon="-118.63958992995322">
        <ele>10.79</ele>
      </trkpt>
      <trkpt lat="34.03747991658747" lon="-118.639369988814">
        <ele>10.64</ele>
      </trkpt>
      <trkpt lat="34.0374699421227" lon="-118.63929999992251">
        <ele>10.47</ele>
      </trkpt>
      <trkpt lat="34.037439934909344" lon="-118.63920997828245">
        <ele>10.27</ele>
      </trkpt>
      <trkpt lat="34.037439934909344" lon="-118.63919991999865">
        <ele>10.06</ele>
      </trkpt>
      <trkpt lat="34.03742996044457" lon="-118.6391799710691">
        <ele>9.83</ele>
      </trkpt>
      <trkpt lat="34.037379920482635" lon="-118.63894997164607">
        <ele>9.66</ele>
      </trkpt>
      <trkpt lat="34.0373298805207" lon="-118.63875467330217">
        <ele>9.49</ele>
      </trkpt>
      <trkpt lat="34.0372799243778" lon="-118.6385599616915">
        <ele>9.21</ele>
      </trkpt>
      <trkpt lat="34.037269949913025" lon="-118.63851998001337">
        <ele>8.94</ele>
      </trkpt>
      <trkpt lat="34.037269949913025" lon="-118.63849994726479">
        <ele>8.69</ele>
      </trkpt>
      <trkpt lat="34.03723994269967" lon="-118.63839995115995">
        <ele>8.4</ele>
      </trkpt>
      <trkpt lat="34.03721999377012" lon="-118.63828998059034">
        <ele>8.19</ele>
      </trkpt>
      <trkpt lat="34.03718998655677" lon="-118.63815997727215">
        <ele>7.97</ele>
      </trkpt>
      <trkpt lat="34.03714992105961" lon="-118.63796995952725">
        <ele>7.67</ele>
      </trkpt>
      <trkpt lat="34.037139946594834" lon="-118.63787993788719">
        <ele>7.43</ele>
      </trkpt>
      <trkpt lat="34.037119997665286" lon="-118.637749934569">
        <ele>7.12</ele>
      </trkpt>
      <trkpt lat="34.03710993938148" lon="-118.63767994567752">
        <ele>6.9</ele>
      </trkpt>
      <trkpt lat="34.03706995770335" lon="-118.63749998621643">
        <ele>6.67</ele>
      </trkpt>
      <trkpt lat="34.03705998323858" lon="-118.63743997178972">
        <ele>6.51</ele>
      </trkpt>
      <trkpt lat="34.03705998323858" lon="-118.63739999011159">
        <ele>6.4</ele>
      </trkpt>
      <trkpt lat="34.03703995049" lon="-118.63727996125817">
        <ele>6.3</ele>
      </trkpt>
      <trkpt lat="34.03701991774142" lon="-118.63716999068856">
        <ele>6.23</ele>
      </trkpt>
      <trkpt lat="34.03701991774142" lon="-118.63713998347521">
        <ele>6.24</ele>
      </trkpt>
      <trkpt lat="34.03701991774142" lon="-118.63706999458373">
        <ele>6.29</ele>
      </trkpt>
      <trkpt lat="34.03697993606329" lon="-118.63702992908657">
        <ele>6.39</ele>
      </trkpt>
      <trkpt lat="34.036969961598516" lon="-118.63701995462179">
        <ele>6.55</ele>
      </trkpt>
      <trkpt lat="34.036969961598516" lon="-118.63700998015702">
        <ele>6.78</ele>
      </trkpt>
      <trkpt lat="34.036949928849936" lon="-118.63694996573031">
        <ele>7.05</ele>
      </trkpt>
      <trkpt lat="34.03693995438516" lon="-118.6368899513036">
        <ele>7.38</ele>
      </trkpt>
      <trkpt lat="34.03692997992039" lon="-118.63679992966354">
        <ele>7.77</ele>
      </trkpt>
      <trkpt lat="34.03692997992039" lon="-118.63676992245018">
        <ele>8.22</ele>
      </trkpt>
      <trkpt lat="34.03692997992039" lon="-118.63675994798541">
        <ele>8.73</ele>
      </trkpt>
      <trkpt lat="34.03690994717181" lon="-118.6366499774158">
        <ele>9.3</ele>
      </trkpt>
      <trkpt lat="34.03689997270703" lon="-118.63654998131096">
        <ele>9.93</ele>
      </trkpt>
      <trkpt lat="34.03688999824226" lon="-118.63650999963284">
        <ele>10.59</ele>
      </trkpt>
      <trkpt lat="34.03687993995845" lon="-118.63642995245755">
        <ele>11.32</ele>
      </trkpt>
      <trkpt lat="34.03687993995845" lon="-118.63630992360413">
        <ele>12.13</ele>
      </trkpt>
      <trkpt lat="34.03687993995845" lon="-118.63628997467458">
        <ele>12.95</ele>
      </trkpt>
      <trkpt lat="34.03686996549368" lon="-118.63618997856975">
        <ele>13.82</ele>
      </trkpt>
      <trkpt lat="34.03686996549368" lon="-118.63609995692968">
        <ele>14.83</ele>
      </trkpt>
      <trkpt lat="34.03686996549368" lon="-118.63598998636007">
        <ele>15.88</ele>
      </trkpt>
      <trkpt lat="34.03687993995845" lon="-118.63590993918478">
        <ele>16.85</ele>
      </trkpt>
      <trkpt lat="34.03687993995845" lon="-118.63580994307995">
        <ele>17.98</ele>
      </trkpt>
      <trkpt lat="34.03689997270703" lon="-118.63566996529698">
        <ele>19.19</ele>
      </trkpt>
      <trkpt lat="34.03691992163658" lon="-118.6355399619788">
        <ele>20.25</ele>
      </trkpt>
      <trkpt lat="34.03695998713374" lon="-118.63535991869867">
        <ele>21.38</ele>
      </trkpt>
      <trkpt lat="34.03697993606329" lon="-118.63526998087764">
        <ele>22.32</ele>
      </trkpt>
      <trkpt lat="34.03699996881187" lon="-118.63520996645093">
        <ele>23.26</ele>
      </trkpt>
      <trkpt lat="34.03703995049" lon="-118.63506998866796">
        <ele>24.19</ele>
      </trkpt>
      <trkpt lat="34.03704992495477" lon="-118.63503998145461">
        <ele>25.09</ele>
      </trkpt>
      <trkpt lat="34.03704992495477" lon="-118.63501994870603">
        <ele>25.94</ele>
      </trkpt>
      <trkpt lat="34.037139946594834" lon="-118.63484996370971">
        <ele>26.93</ele>
      </trkpt>
      <trkpt lat="34.03716995380819" lon="-118.63470998592675">
        <ele>27.73</ele>
      </trkpt>
      <trkpt lat="34.03721999377012" lon="-118.63447998650372">
        <ele>28.54</ele>
      </trkpt>
      <trkpt lat="34.037249917164445" lon="-118.6342999432236">
        <ele>29.26</ele>
      </trkpt>
      <trkpt lat="34.03725997544825" lon="-118.63423992879689">
        <ele>29.97</ele>
      </trkpt>
      <trkpt lat="34.0372799243778" lon="-118.6341099254787">
        <ele>30.68</ele>
      </trkpt>
      <trkpt lat="34.03729995712638" lon="-118.63398998044431">
        <ele>31.36</ele>
      </trkpt>
      <trkpt lat="34.03729995712638" lon="-118.63395997323096">
        <ele>32.02</ele>
      </trkpt>
      <trkpt lat="34.03731998987496" lon="-118.63382996991277">
        <ele>32.64</ele>
      </trkpt>
      <trkpt lat="34.03732996433973" lon="-118.63378998823464">
        <ele>33.27</ele>
      </trkpt>
      <trkpt lat="34.03734999708831" lon="-118.63359997048974">
        <ele>33.83</ele>
      </trkpt>
      <trkpt lat="34.037399953231215" lon="-118.63323996774852">
        <ele>34.08</ele>
      </trkpt>
      <trkpt lat="34.03740992769599" lon="-118.63314994610846">
        <ele>34.54</ele>
      </trkpt>
      <trkpt lat="34.037419985979795" lon="-118.63308993168175">
        <ele>35.05</ele>
      </trkpt>
      <trkpt lat="34.03742996044457" lon="-118.63298993557692">
        <ele>35.53</ele>
      </trkpt>
      <trkpt lat="34.037439934909344" lon="-118.63294995389879">
        <ele>36.08</ele>
      </trkpt>
      <trkpt lat="34.037439934909344" lon="-118.63292992115021">
        <ele>36.62</ele>
      </trkpt>
      <trkpt lat="34.03747991658747" lon="-118.63260998390615">
        <ele>37.37</ele>
      </trkpt>
      <trkpt lat="34.03751998208463" lon="-118.63230999559164">
        <ele>38.42</ele>
      </trkpt>
      <trkpt lat="34.037549989297986" lon="-118.63213992677629">
        <ele>39.03</ele>
      </trkpt>
      <trkpt lat="34.037569938227534" lon="-118.6319599673152">
        <ele>39.59</ele>
      </trkpt>
      <trkpt lat="34.03757999651134" lon="-118.63185997121036">
        <ele>40.11</ele>
      </trkpt>
      <trkpt lat="34.037589970976114" lon="-118.63172996789217">
        <ele>40.61</ele>
      </trkpt>
      <trkpt lat="34.03759994544089" lon="-118.63164992071688">
        <ele>41.13</ele>
      </trkpt>
      <trkpt lat="34.03759994544089" lon="-118.63159996457398">
        <ele>41.62</ele>
      </trkpt>
      <trkpt lat="34.03760991990566" lon="-118.6315299756825">
        <ele>42.13</ele>
      </trkpt>
      <trkpt lat="34.03760991990566" lon="-118.63146996125579">
        <ele>42.57</ele>
      </trkpt>
      <trkpt lat="34.03761997818947" lon="-118.63141992129385">
        <ele>43.0</ele>
      </trkpt>
      <trkpt lat="34.03761997818947" lon="-118.63131992518902">
        <ele>43.36</ele>
      </trkpt>
      <trkpt lat="34.03761997818947" lon="-118.63128991797566">
        <ele>43.67</ele>
      </trkpt>
      <trkpt lat="34.03761997818947" lon="-118.6311599984765">
        <ele>43.96</ele>
      </trkpt>
      <trkpt lat="34.03761997818947" lon="-118.63093997351825">
        <ele>44.18</ele>
      </trkpt>
      <trkpt lat="34.03761997818947" lon="-118.63080997020006">
        <ele>44.38</ele>
      </trkpt>
      <trkpt lat="34.03760991990566" lon="-118.63069999963045">
        <ele>44.46</ele>
      </trkpt>
      <trkpt lat="34.03759994544089" lon="-118.63058994524181">
        <ele>44.5</ele>
      </trkpt>
      <trkpt lat="34.037589970976114" lon="-118.63044996745884">
        <ele>44.53</ele>
      </trkpt>
      <trkpt lat="34.037589970976114" lon="-118.63042993471026">
        <ele>44.52</ele>
      </trkpt>
      <trkpt lat="34.03755996376276" lon="-118.63020999357104">
        <ele>44.42</ele>
      </trkpt>
      <trkpt lat="34.037549989297986" lon="-118.63012994639575">
        <ele>44.35</ele>
      </trkpt>
      <trkpt lat="34.03753993101418" lon="-118.63003992475569">
        <ele>44.2</ele>
      </trkpt>
      <trkpt lat="34.037529956549406" lon="-118.62999994307756">
        <ele>43.96</ele>
      </trkpt>
      <trkpt lat="34.037509923800826" lon="-118.6298599652946">
        <ele>43.68</ele>
      </trkpt>
      <trkpt lat="34.03749994933605" lon="-118.62978997640312">
        <ele>43.36</ele>
      </trkpt>
      <trkpt lat="34.03749994933605" lon="-118.62977991811931">
        <ele>43.02</ele>
      </trkpt>
      <trkpt lat="34.03748997487128" lon="-118.62965997308493">
        <ele>42.74</ele>
      </trkpt>
      <trkpt lat="34.0374699421227" lon="-118.62951999530196">
        <ele>42.37</ele>
      </trkpt>
      <trkpt lat="34.037439934909344" lon="-118.62928999587893">
        <ele>42.06</ele>
      </trkpt>
      <trkpt lat="34.03742996044457" lon="-118.62919997423887">
        <ele>41.51</ele>
      </trkpt>
      <trkpt lat="34.03740992769599" lon="-118.6290499381721">
        <ele>40.87</ele>
      </trkpt>
      <trkpt lat="34.037399953231215" lon="-118.62892999313772">
        <ele>40.17</ele>
      </trkpt>
      <trkpt lat="34.037379920482635" lon="-118.62879998981953">
        <ele>39.43</ele>
      </trkpt>
      <trkpt lat="34.03736994601786" lon="-118.62867996096611">
        <ele>38.78</ele>
      </trkpt>
      <trkpt lat="34.03735997155309" lon="-118.62847996875644">
        <ele>38.03</ele>
      </trkpt>
      <trkpt lat="34.03734999708831" lon="-118.62830998376012">
        <ele>37.26</ele>
      </trkpt>
      <trkpt lat="34.03734999708831" lon="-118.62820998765528">
        <ele>36.51</ele>
      </trkpt>
      <trkpt lat="34.03734999708831" lon="-118.6281899549067">
        <ele>35.81</ele>
      </trkpt>
      <trkpt lat="34.03734999708831" lon="-118.62814997322857">
        <ele>35.1</ele>
      </trkpt>
      <trkpt lat="34.03733993880451" lon="-118.6279499810189">
        <ele>34.3</ele>
      </trkpt>
      <trkpt lat="34.03733993880451" lon="-118.62791997380555">
        <ele>33.63</ele>
      </trkpt>
      <trkpt lat="34.03733993880451" lon="-118.62785995937884">
        <ele>32.95</ele>
      </trkpt>
      <trkpt lat="34.03733993880451" lon="-118.62779994495213">
        <ele>32.32</ele>
      </trkpt>
      <trkpt lat="34.03733993880451" lon="-118.62776993773878">
        <ele>31.71</ele>
      </trkpt>
      <trkpt lat="34.03733993880451" lon="-118.62766994163394">
        <ele>31.18</ele>
      </trkpt>
      <trkpt lat="34.03733993880451" lon="-118.62755997106433">
        <ele>30.68</ele>
      </trkpt>
      <trkpt lat="34.03733993880451" lon="-118.62753993831575">
        <ele>30.16</ele>
      </trkpt>
      <trkpt lat="34.03734999708831" lon="-118.62736995331943">
        <ele>29.57</ele>
      </trkpt>
      <trkpt lat="34.03734999708831" lon="-118.62730993889272">
        <ele>29.14</ele>
      </trkpt>
      <trkpt lat="34.03736994601786" lon="-118.62717993557453">
        <ele>28.65</ele>
      </trkpt>
      <trkpt lat="34.03736994601786" lon="-118.62711992114782">
        <ele>28.27</ele>
      </trkpt>
      <trkpt lat="34.037379920482635" lon="-118.62709997221828">
        <ele>28.02</ele>
      </trkpt>
      <trkpt lat="34.037379920482635" lon="-118.62706996500492">
        <ele>27.8</ele>
      </trkpt>
      <trkpt lat="34.03738997876644" lon="-118.62701992504299">
        <ele>27.64</ele>
      </trkpt>
      <trkpt lat="34.037399953231215" lon="-118.62692998722196">
        <ele>27.59</ele>
      </trkpt>
      <trkpt lat="34.03742996044457" lon="-118.62674994394183">
        <ele>27.57</ele>
      </trkpt>
      <trkpt lat="34.037459967657924" lon="-118.62661994062364">
        <ele>27.68</ele>
      </trkpt>
      <trkpt lat="34.03748997487128" lon="-118.6264599300921">
        <ele>27.86</ele>
      </trkpt>
      <trkpt lat="34.03751998208463" lon="-118.62633998505771">
        <ele>28.06</ele>
      </trkpt>
      <trkpt lat="34.037549989297986" lon="-118.62620998173952">
        <ele>28.32</ele>
      </trkpt>
      <trkpt lat="34.03759994544089" lon="-118.62604997120798">
        <ele>28.7</ele>
      </trkpt>
      <trkpt lat="34.0376599598676" lon="-118.62588996067643">
        <ele>29.13</ele>
      </trkpt>
      <trkpt lat="34.03773992322385" lon="-118.62567999400198">
        <ele>29.57</ele>
      </trkpt>
      <trkpt lat="34.03775995597243" lon="-118.62561997957528">
        <ele>29.98</ele>
      </trkpt>
      <trkpt lat="34.037829944863915" lon="-118.6254699435085">
        <ele>30.5</ele>
      </trkpt>
      <trkpt lat="34.03787998482585" lon="-118.62531999126077">
        <ele>31.01</ele>
      </trkpt>
      <trkpt lat="34.037909992039204" lon="-118.62523994408548">
        <ele>31.55</ele>
      </trkpt>
      <trkpt lat="34.03793999925256" lon="-118.62514992244542">
        <ele>32.04</ele>
      </trkpt>
      <trkpt lat="34.03798995539546" lon="-118.62499997019768">
        <ele>32.54</ele>
      </trkpt>
      <trkpt lat="34.03802993707359" lon="-118.62483995966613">
        <ele>32.96</ele>
      </trkpt>
      <trkpt lat="34.03805994428694" lon="-118.62469998188317">
        <ele>33.35</ele>
      </trkpt>
      <trkpt lat="34.03807997703552" lon="-118.62455992028117">
        <ele>33.68</ele>
      </trkpt>
      <trkpt lat="34.03809992596507" lon="-118.62440996803343">
        <ele>34.03</ele>
      </trkpt>
      <trkpt lat="34.03811995871365" lon="-118.62424995750189">
        <ele>34.39</ele>
      </trkpt>
      <trkpt lat="34.038129933178425" lon="-118.62398995086551">
        <ele>34.54</ele>
      </trkpt>
      <trkpt lat="34.038149965927005" lon="-118.62369993701577">
        <ele>34.89</ele>
      </trkpt>
      <trkpt lat="34.03815994039178" lon="-118.62338997423649">
        <ele>35.58</ele>
      </trkpt>
      <trkpt lat="34.038169998675585" lon="-118.62326994538307">
        <ele>36.08</ele>
      </trkpt>
      <trkpt lat="34.038169998675585" lon="-118.6230699531734">
        <ele>36.57</ele>
      </trkpt>
      <trkpt lat="34.038169998675585" lon="-118.62290994264185">
        <ele>36.98</ele>
      </trkpt>
      <trkpt lat="34.038169998675585" lon="-118.62269997596741">
        <ele>37.37</ele>
      </trkpt>
      <trkpt lat="34.038149965927005" lon="-118.62251993268728">
        <ele>37.69</ele>
      </trkpt>
      <trkpt lat="34.038149965927005" lon="-118.62242999486625">
        <ele>38.01</ele>
      </trkpt>
      <trkpt lat="34.038129933178425" lon="-118.62229999154806">
        <ele>38.24</ele>
      </trkpt>
      <trkpt lat="34.038109900429845" lon="-118.62209455110133">
        <ele>38.61</ele>
      </trkpt>
      <trkpt lat="34.0380899515003" lon="-118.62188994884491">
        <ele>38.91</ele>
      </trkpt>
      <trkpt lat="34.038064889609814" lon="-118.6216745339334">
        <ele>39.02</ele>
      </trkpt>
      <trkpt lat="34.038039995357394" lon="-118.62145995721221">
        <ele>38.88</ele>
      </trkpt>
      <trkpt lat="34.03800998814404" lon="-118.62118997611105">
        <ele>38.86</ele>
      </trkpt>
      <trkpt lat="34.037979980930686" lon="-118.62098998390138">
        <ele>39.22</ele>
      </trkpt>
      <trkpt lat="34.03793999925256" lon="-118.62061992287636">
        <ele>39.7</ele>
      </trkpt>
      <trkpt lat="34.037909992039204" lon="-118.62033996731043">
        <ele>39.78</ele>
      </trkpt>
      <trkpt lat="34.037869926542044" lon="-118.62003997899592">
        <ele>39.84</ele>
      </trkpt>
      <trkpt lat="34.03783991932869" lon="-118.61978449858725">
        <ele>39.78</ele>
      </trkpt>
      <trkpt lat="34.03780999593437" lon="-118.61952994018793">
        <ele>39.59</ele>
      </trkpt>
      <trkpt lat="34.03777998872101" lon="-118.61926993355155">
        <ele>39.34</ele>
      </trkpt>
      <trkpt lat="34.03774989768863" lon="-118.61898947507143">
        <ele>39.06</ele>
      </trkpt>
      <trkpt lat="34.037719974294305" lon="-118.61870993860066">
        <ele>39.17</ele>
      </trkpt>
      <trkpt lat="34.03768988326192" lon="-118.61838933080435">
        <ele>39.35</ele>
      </trkpt>
      <trkpt lat="34.0376599598676" lon="-118.61806998029351">
        <ele>39.4</ele>
      </trkpt>
      <trkpt lat="34.03762986883521" lon="-118.61781449988484">
        <ele>39.45</ele>
      </trkpt>
      <trkpt lat="34.03759994544089" lon="-118.61755994148552">
        <ele>39.25</ele>
      </trkpt>
      <trkpt lat="34.03757991269231" lon="-118.6173695884645">
        <ele>39.18</ele>
      </trkpt>
      <trkpt lat="34.03755996376276" lon="-118.61717998981476">
        <ele>39.17</ele>
      </trkpt>
      <trkpt lat="34.037529872730374" lon="-118.61693951301277">
        <ele>39.24</ele>
      </trkpt>
      <trkpt lat="34.03749994933605" lon="-118.61669995822012">
        <ele>39.33</ele>
      </trkpt>
      <trkpt lat="34.03747991658747" lon="-118.61648999154568">
        <ele>39.39</ele>
      </trkpt>
      <trkpt lat="34.0374699421227" lon="-118.61637993715703">
        <ele>39.28</ele>
      </trkpt>
      <trkpt lat="34.03743490576744" lon="-118.61607441678643">
        <ele>39.01</ele>
      </trkpt>
      <trkpt lat="34.037399953231215" lon="-118.61576998606324">
        <ele>38.8</ele>
      </trkpt>
      <trkpt lat="34.037359887734056" lon="-118.61540428362787">
        <ele>38.79</ele>
      </trkpt>
      <trkpt lat="34.03731998987496" lon="-118.615039922297">
        <ele>38.6</ele>
      </trkpt>
      <trkpt lat="34.03729995712638" lon="-118.61483993008733">
        <ele>38.3</ele>
      </trkpt>
      <trkpt lat="34.03725997544825" lon="-118.61447992734611">
        <ele>37.87</ele>
      </trkpt>
      <trkpt lat="34.037249917164445" lon="-118.61440993845463">
        <ele>37.49</ele>
      </trkpt>
      <trkpt lat="34.03721999377012" lon="-118.61403996124864">
        <ele>36.88</ele>
      </trkpt>
      <trkpt lat="34.03716995380819" lon="-118.61394993960857">
        <ele>36.32</ele>
      </trkpt>
      <trkpt lat="34.03716995380819" lon="-118.6139399651438">
        <ele>35.94</ele>
      </trkpt>
      <trkpt lat="34.037159979343414" lon="-118.61379998736084">
        <ele>35.57</ele>
      </trkpt>
      <trkpt lat="34.03714992105961" lon="-118.61346999183297">
        <ele>35.3</ele>
      </trkpt>
      <trkpt lat="34.03714992105961" lon="-118.61319447867572">
        <ele>34.87</ele>
      </trkpt>
      <trkpt lat="34.03714992105961" lon="-118.61291997134686">
        <ele>34.38</ele>
      </trkpt>
      <trkpt lat="34.03714497573674" lon="-118.61268452368677">
        <ele>33.83</ele>
      </trkpt>
      <trkpt lat="34.037139946594834" lon="-118.61244999803603">
        <ele>33.27</ele>
      </trkpt>
      <trkpt lat="34.037139946594834" lon="-118.61231999471784">
        <ele>32.71</ele>
      </trkpt>
      <trkpt lat="34.037119997665286" lon="-118.6122099403292">
        <ele>32.13</ele>
      </trkpt>
      <trkpt lat="34.03710993938148" lon="-118.61208999529481">
        <ele>31.62</ele>
      </trkpt>
      <trkpt lat="34.037079932168126" lon="-118.61195999197662">
        <ele>31.09</ele>
      </trkpt>
      <trkpt lat="34.03705998323858" lon="-118.61180995590985">
        <ele>30.69</ele>
      </trkpt>
      <trkpt lat="34.03701991774142" lon="-118.61163997091353">
        <ele>30.27</ele>
      </trkpt>
      <trkpt lat="34.03692997992039" lon="-118.61130997538567">
        <ele>29.77</ele>
      </trkpt>
      <trkpt lat="34.03688999824226" lon="-118.61113999038935">
        <ele>29.18</ele>
      </trkpt>
      <trkpt lat="34.036859991028905" lon="-118.61101996153593">
        <ele>28.55</ele>
      </trkpt>
      <trkpt lat="34.036859991028905" lon="-118.61098995432258">
        <ele>28.03</ele>
      </trkpt>
      <trkpt lat="34.0368499327451" lon="-118.61095994710922">
        <ele>27.54</ele>
      </trkpt>
      <trkpt lat="34.0368499327451" lon="-118.61074998043478">
        <ele>26.96</ele>
      </trkpt>
      <trkpt lat="34.0368499327451" lon="-118.61068996600807">
        <ele>26.46</ele>
      </trkpt>
      <trkpt lat="34.0368499327451" lon="-118.61062995158136">
        <ele>26.0</ele>
      </trkpt>
      <trkpt lat="34.036839958280325" lon="-118.61057999543846">
        <ele>25.56</ele>
      </trkpt>
      <trkpt lat="34.036839958280325" lon="-118.6105499882251">
        <ele>25.15</ele>
      </trkpt>
      <trkpt lat="34.036839958280325" lon="-118.61041998490691">
        <ele>24.73</ele>
      </trkpt>
      <trkpt lat="34.03682998381555" lon="-118.61026994884014">
        <ele>24.32</ele>
      </trkpt>
      <trkpt lat="34.03682998381555" lon="-118.6102499999106">
        <ele>24.03</ele>
      </trkpt>
      <trkpt lat="34.036839958280325" lon="-118.6101199965924">
        <ele>23.79</ele>
      </trkpt>
      <trkpt lat="34.036839958280325" lon="-118.60996996052563">
        <ele>23.57</ele>
      </trkpt>
      <trkpt lat="34.0368499327451" lon="-118.60982998274267">
        <ele>23.45</ele>
      </trkpt>
      <trkpt lat="34.03686996549368" lon="-118.60969997942448">
        <ele>23.32</ele>
      </trkpt>
      <trkpt lat="34.03687993995845" lon="-118.60960995778441">
        <ele>23.21</ele>
      </trkpt>
      <trkpt lat="34.03689997270703" lon="-118.6094999872148">
        <ele>23.19</ele>
      </trkpt>
      <trkpt lat="34.03693995438516" lon="-118.60932991839945">
        <ele>22.97</ele>
      </trkpt>
      <trkpt lat="34.036969961598516" lon="-118.60917996615171">
        <ele>22.85</ele>
      </trkpt>
      <trkpt lat="34.03701991774142" lon="-118.60902993008494">
        <ele>22.85</ele>
      </trkpt>
      <trkpt lat="34.03704992495477" lon="-118.60893999226391">
        <ele>22.99</ele>
      </trkpt>
      <trkpt lat="34.03708999045193" lon="-118.60883999615908">
        <ele>23.34</ele>
      </trkpt>
      <trkpt lat="34.03720993548632" lon="-118.60856993123889">
        <ele>23.85</ele>
      </trkpt>
      <trkpt lat="34.03721999377012" lon="-118.60846993513405">
        <ele>24.33</ele>
      </trkpt>
      <trkpt lat="34.03721999377012" lon="-118.60845996066928">
        <ele>24.83</ele>
      </trkpt>
      <trkpt lat="34.037269949913025" lon="-118.60837999731302">
        <ele>25.46</ele>
      </trkpt>
      <trkpt lat="34.03736994601786" lon="-118.60820992849767">
        <ele>26.2</ele>
      </trkpt>
      <trkpt lat="34.037419985979795" lon="-118.60811999067664">
        <ele>26.92</ele>
      </trkpt>
      <trkpt lat="34.03748997487128" lon="-118.6080199945718">
        <ele>27.6</ele>
      </trkpt>
      <trkpt lat="34.037634897977114" lon="-118.60782503150403">
        <ele>28.4</ele>
      </trkpt>
      <trkpt lat="34.03777998872101" lon="-118.60762998461723">
        <ele>29.13</ele>
      </trkpt>
      <trkpt lat="34.037849977612495" lon="-118.60753996297717">
        <ele>29.94</ele>
      </trkpt>
      <trkpt lat="34.038019962608814" lon="-118.60728993080556">
        <ele>30.89</ele>
      </trkpt>
      <trkpt lat="34.03817997314036" lon="-118.60706998966634">
        <ele>31.89</ele>
      </trkpt>
      <trkpt lat="34.038259936496615" lon="-118.60698994249105">
        <ele>32.9</ele>
      </trkpt>
      <trkpt lat="34.038339983671904" lon="-118.60683999024332">
        <ele>33.89</ele>
      </trkpt>
      <trkpt lat="34.03839999809861" lon="-118.60669992864132">
        <ele>34.78</ele>
      </trkpt>
      <trkpt lat="34.038469986990094" lon="-118.606529943645">
        <ele>35.65</ele>
      </trkpt>
      <trkpt lat="34.03852991759777" lon="-118.60636993311346">
        <ele>36.49</ele>
      </trkpt>
      <trkpt lat="34.03860996477306" lon="-118.60615996643901">
        <ele>37.45</ele>
      </trkpt>
      <trkpt lat="34.03866997919977" lon="-118.60595997422934">
        <ele>38.17</ele>
      </trkpt>
      <trkpt lat="34.038729993626475" lon="-118.60579996369779">
        <ele>38.75</ele>
      </trkpt>
      <trkpt lat="34.03878992423415" lon="-118.60558999702334">
        <ele>39.15</ele>
      </trkpt>
      <trkpt lat="34.03882998973131" lon="-118.6054799426347">
        <ele>39.65</ele>
      </trkpt>
      <trkpt lat="34.03884993866086" lon="-118.605419928208">
        <ele>40.12</ele>
      </trkpt>
      <trkpt lat="34.03892504051328" lon="-118.60521976836026">
        <ele>40.59</ele>
      </trkpt>
      <trkpt lat="34.03899997472763" lon="-118.60501994378865">
        <ele>41.11</ele>
      </trkpt>
      <trkpt lat="34.03901992365718" lon="-118.60493998043239">
        <ele>41.42</ele>
      </trkpt>
      <trkpt lat="34.03903995640576" lon="-118.60487996600568">
        <ele>41.64</ele>
      </trkpt>
      <trkpt lat="34.03911002911627" lon="-118.60468475148082">
        <ele>41.88</ele>
      </trkpt>
      <trkpt lat="34.039179934188724" lon="-118.60448995605111">
        <ele>42.14</ele>
      </trkpt>
      <trkpt lat="34.0391999669373" lon="-118.6044299416244">
        <ele>42.15</ele>
      </trkpt>
      <trkpt lat="34.03922997415066" lon="-118.60434997826815">
        <ele>42.08</ele>
      </trkpt>
      <trkpt lat="34.03925998136401" lon="-118.60424998216331">
        <ele>41.93</ele>
      </trkpt>
      <trkpt lat="34.03927993029356" lon="-118.60416993498802">
        <ele>41.64</ele>
      </trkpt>
      <trkpt lat="34.03929996304214" lon="-118.60408997163177">
        <ele>41.27</ele>
      </trkpt>
      <trkpt lat="34.03931999579072" lon="-118.60401998274028">
        <ele>40.93</ele>
      </trkpt>
      <trkpt lat="34.0393799263984" lon="-118.60376995056868">
        <ele>40.17</ele>
      </trkpt>
      <trkpt lat="34.03939995914698" lon="-118.60366995446384">
        <ele>39.62</ele>
      </trkpt>
      <trkpt lat="34.03940993361175" lon="-118.603569958359">
        <ele>39.07</ele>
      </trkpt>
      <trkpt lat="34.03942996636033" lon="-118.60347993671894">
        <ele>38.51</ele>
      </trkpt>
      <trkpt lat="34.039439940825105" lon="-118.6033199261874">
        <ele>37.96</ele>
      </trkpt>
      <trkpt lat="34.03944999910891" lon="-118.60321993008256">
        <ele>37.5</ele>
      </trkpt>
      <trkpt lat="34.03944999910891" lon="-118.60316997393966">
        <ele>37.02</ele>
      </trkpt>
      <trkpt lat="34.03944999910891" lon="-118.6031399667263">
        <ele>36.53</ele>
      </trkpt>
      <trkpt lat="34.03944999910891" lon="-118.60306997783482">
        <ele>36.11</ele>
      </trkpt>
      <trkpt lat="34.039439940825105" lon="-118.60291994176805">
        <ele>35.85</ele>
      </trkpt>
      <trkpt lat="34.039439940825105" lon="-118.60284995287657">
        <ele>35.47</ele>
      </trkpt>
      <trkpt lat="34.03942996636033" lon="-118.60274995677173">
        <ele>35.04</ele>
      </trkpt>
      <trkpt lat="34.03942996636033" lon="-118.6026999168098">
        <ele>34.6</ele>
      </trkpt>
      <trkpt lat="34.03941999189556" lon="-118.6025199573487">
        <ele>34.21</ele>
      </trkpt>
      <trkpt lat="34.03941999189556" lon="-118.60248995013535">
        <ele>33.73</ele>
      </trkpt>
      <trkpt lat="34.03941999189556" lon="-118.60247997567058">
        <ele>33.25</ele>
      </trkpt>
      <trkpt lat="34.03939995914698" lon="-118.6022699251771">
        <ele>32.69</ele>
      </trkpt>
      <trkpt lat="34.0393899846822" lon="-118.6020299512893">
        <ele>32.19</ele>
      </trkpt>
      <trkpt lat="34.0393899846822" lon="-118.60180992633104">
        <ele>31.7</ele>
      </trkpt>
      <trkpt lat="34.0393799263984" lon="-118.60162996686995">
        <ele>31.25</ele>
      </trkpt>
      <trkpt lat="34.0393799263984" lon="-118.60138999298215">
        <ele>30.85</ele>
      </trkpt>
      <trkpt lat="34.0393799263984" lon="-118.60112998634577">
        <ele>30.4</ele>
      </trkpt>
      <trkpt lat="34.0393799263984" lon="-118.60091993585229">
        <ele>29.93</ele>
      </trkpt>
      <trkpt lat="34.0393899846822" lon="-118.60074995085597">
        <ele>29.53</ele>
      </trkpt>
      <trkpt lat="34.03939995914698" lon="-118.6004894413054">
        <ele>29.18</ele>
      </trkpt>
      <trkpt lat="34.03940993361175" lon="-118.60022993758321">
        <ele>28.97</ele>
      </trkpt>
      <trkpt lat="34.03942502103746" lon="-118.59994939528406">
        <ele>28.86</ele>
      </trkpt>
      <trkpt lat="34.039439940825105" lon="-118.59966994263232">
        <ele>28.65</ele>
      </trkpt>
      <trkpt lat="34.03945335187018" lon="-118.5993961058557">
        <ele>28.33</ele>
      </trkpt>
      <trkpt lat="34.03946667909622" lon="-118.59912226907909">
        <ele>28.02</ele>
      </trkpt>
      <trkpt lat="34.03947992250323" lon="-118.59884994104505">
        <ele>27.71</ele>
      </trkpt>
      <trkpt lat="34.03948998078704" lon="-118.5988299921155">
        <ele>27.58</ele>
      </trkpt>
      <trkpt lat="34.03949492610991" lon="-118.59860451892018">
        <ele>27.39</ele>
      </trkpt>
      <trkpt lat="34.03949995525181" lon="-118.59837996773422">
        <ele>27.35</ele>
      </trkpt>
      <trkpt lat="34.03951495885849" lon="-118.59814452007413">
        <ele>27.36</ele>
      </trkpt>
      <trkpt lat="34.03952996246517" lon="-118.59790999442339">
        <ele>27.31</ele>
      </trkpt>
      <trkpt lat="34.03952996246517" lon="-118.59781997278333">
        <ele>27.35</ele>
      </trkpt>
      <trkpt lat="34.03953993692994" lon="-118.59768996946514">
        <ele>27.37</ele>
      </trkpt>
      <trkpt lat="34.03953993692994" lon="-118.59765996225178">
        <ele>27.53</ele>
      </trkpt>
      <trkpt lat="34.03953993692994" lon="-118.59762995503843">
        <ele>27.75</ele>
      </trkpt>
      <trkpt lat="34.03955996967852" lon="-118.59728998504579">
        <ele>27.91</ele>
      </trkpt>
      <trkpt lat="34.03955996967852" lon="-118.5972099378705">
        <ele>28.36</ele>
      </trkpt>
      <trkpt lat="34.03955996967852" lon="-118.59719996340573">
        <ele>28.77</ele>
      </trkpt>
      <trkpt lat="34.039569944143295" lon="-118.59709996730089">
        <ele>29.3</ele>
      </trkpt>
      <trkpt lat="34.039569944143295" lon="-118.59702997840941">
        <ele>29.81</ele>
      </trkpt>
      <trkpt lat="34.03957991860807" lon="-118.59700994566083">
        <ele>30.35</ele>
      </trkpt>
      <trkpt lat="34.03957991860807" lon="-118.59693995676935">
        <ele>30.97</ele>
      </trkpt>
      <trkpt lat="34.039589976891875" lon="-118.59689997509122">
        <ele>31.6</ele>
      </trkpt>
      <trkpt lat="34.039589976891875" lon="-118.59685999341309">
        <ele>32.23</ele>
      </trkpt>
      <trkpt lat="34.03959995135665" lon="-118.59680995345116">
        <ele>32.9</ele>
      </trkpt>
      <trkpt lat="34.03963993303478" lon="-118.59655992127955">
        <ele>33.63</ele>
      </trkpt>
      <trkpt lat="34.03968997299671" lon="-118.59636998735368">
        <ele>34.28</ele>
      </trkpt>
      <trkpt lat="34.03968997299671" lon="-118.5963499546051">
        <ele>34.87</ele>
      </trkpt>
      <trkpt lat="34.039699947461486" lon="-118.5962999984622">
        <ele>35.47</ele>
      </trkpt>
      <trkpt lat="34.039739929139614" lon="-118.59616999514401">
        <ele>36.09</ele>
      </trkpt>
      <trkpt lat="34.03979994356632" lon="-118.5959699191153">
        <ele>36.79</ele>
      </trkpt>
      <trkpt lat="34.0398199763149" lon="-118.59589993022382">
        <ele>37.38</ele>
      </trkpt>
      <trkpt lat="34.03985995799303" lon="-118.59575995244086">
        <ele>37.99</ele>
      </trkpt>
      <trkpt lat="34.03987999074161" lon="-118.59568996354938">
        <ele>38.5</ele>
      </trkpt>
      <trkpt lat="34.03987999074161" lon="-118.5956799890846">
        <ele>38.91</ele>
      </trkpt>
      <trkpt lat="34.03991997241974" lon="-118.59551997855306">
        <ele>39.29</ele>
      </trkpt>
      <trkpt lat="34.03995995409787" lon="-118.59532996080816">
        <ele>39.56</ele>
      </trkpt>
      <trkpt lat="34.039999935775995" lon="-118.59502997249365">
        <ele>39.65</ele>
      </trkpt>
      <trkpt lat="34.0400099940598" lon="-118.59489996917546">
        <ele>39.94</ele>
      </trkpt>
      <trkpt lat="34.0400099940598" lon="-118.5947599913925">
        <ele>40.15</ele>
      </trkpt>
      <trkpt lat="34.0400099940598" lon="-118.59450995922089">
        <ele>40.35</ele>
      </trkpt>
      <trkpt lat="34.0400099940598" lon="-118.59447995200753">
        <ele>40.45</ele>
      </trkpt>
      <trkpt lat="34.03998996131122" lon="-118.59430996701121">
        <ele>40.47</ele>
      </trkpt>
      <trkpt lat="34.03998996131122" lon="-118.59426998533309">
        <ele>40.46</ele>
      </trkpt>
      <trkpt lat="34.03997998684645" lon="-118.5941899381578">
        <ele>40.39</ele>
      </trkpt>
      <trkpt lat="34.03995995409787" lon="-118.5940099786967">
        <ele>40.19</ele>
      </trkpt>
      <trkpt lat="34.03992994688451" lon="-118.59369993209839">
        <ele>39.9</ele>
      </trkpt>
      <trkpt lat="34.03991997241974" lon="-118.59339994378388">
        <ele>39.63</ele>
      </trkpt>
      <trkpt lat="34.039909997954965" lon="-118.59324999153614">
        <ele>39.32</ele>
      </trkpt>
      <trkpt lat="34.039909997954965" lon="-118.59318997710943">
        <ele>39.04</ele>
      </trkpt>
      <trkpt lat="34.03992994688451" lon="-118.59300993382931">
        <ele>38.7</ele>
      </trkpt>
      <trkpt lat="34.03992994688451" lon="-118.59296995215118">
        <ele>38.36</ele>
      </trkpt>
      <trkpt lat="34.03993992134929" lon="-118.59287993051112">
        <ele>37.98</ele>
      </trkpt>
      <trkpt lat="34.03994997963309" lon="-118.59275998547673">
        <ele>37.58</ele>
      </trkpt>
      <trkpt lat="34.03994997963309" lon="-118.59272997826338">
        <ele>37.19</ele>
      </trkpt>
      <trkpt lat="34.03994997963309" lon="-118.59267993830144">
        <ele>36.78</ele>
      </trkpt>
      <trkpt lat="34.03994997963309" lon="-118.59266996383667">
        <ele>36.38</ele>
      </trkpt>
      <trkpt lat="34.03995995409787" lon="-118.59255999326706">
        <ele>35.92</ele>
      </trkpt>
      <trkpt lat="34.03996992856264" lon="-118.59234994277358">
        <ele>35.56</ele>
      </trkpt>
      <trkpt lat="34.03995995409787" lon="-118.59205992892385">
        <ele>35.15</ele>
      </trkpt>
      <trkpt lat="34.03994997963309" lon="-118.5919099766761">
        <ele>34.84</ele>
      </trkpt>
      <trkpt lat="34.03989993967116" lon="-118.59161996282637">
        <ele>34.5</ele>
      </trkpt>
      <trkpt lat="34.039869932457805" lon="-118.59145995229483">
        <ele>34.14</ele>
      </trkpt>
      <trkpt lat="34.03985995799303" lon="-118.59137998893857">
        <ele>33.82</ele>
      </trkpt>
      <trkpt lat="34.039849983528256" lon="-118.59136993065476">
        <ele>33.46</ele>
      </trkpt>
      <trkpt lat="34.039829950779676" lon="-118.59127999283373">
        <ele>33.13</ele>
      </trkpt>
      <trkpt lat="34.039829950779676" lon="-118.59124998562038">
        <ele>32.8</ele>
      </trkpt>
      <trkpt lat="34.0398099180311" lon="-118.59116993844509">
        <ele>32.48</ele>
      </trkpt>
      <trkpt lat="34.0398099180311" lon="-118.59115996398032">
        <ele>32.19</ele>
      </trkpt>
      <trkpt lat="34.039779994636774" lon="-118.59101998619735">
        <ele>32.01</ele>
      </trkpt>
      <trkpt lat="34.03972987085581" lon="-118.59078956767917">
        <ele>31.85</ele>
      </trkpt>
      <trkpt lat="34.03967999853194" lon="-118.5905599873513">
        <ele>31.67</ele>
      </trkpt>
      <trkpt lat="34.03961998410523" lon="-118.59030995517969">
        <ele>31.41</ele>
      </trkpt>
      <trkpt lat="34.03955996967852" lon="-118.58999999240041">
        <ele>30.96</ele>
      </trkpt>
      <trkpt lat="34.03951998800039" lon="-118.58978994190693">
        <ele>30.51</ele>
      </trkpt>
      <trkpt lat="34.03950992971659" lon="-118.58975993469357">
        <ele>30.37</ele>
      </trkpt>
      <trkpt lat="34.03950992971659" lon="-118.58973998576403">
        <ele>30.31</ele>
      </trkpt>
      <trkpt lat="34.03948998078704" lon="-118.58962993137538">
        <ele>30.16</ele>
      </trkpt>
      <trkpt lat="34.03947992250323" lon="-118.58958994969726">
        <ele>30.18</ele>
      </trkpt>
      <trkpt lat="34.039459973573685" lon="-118.58946992084384">
        <ele>30.16</ele>
      </trkpt>
      <trkpt lat="34.039439940825105" lon="-118.58926992863417">
        <ele>30.36</ele>
      </trkpt>
      <trkpt lat="34.039439940825105" lon="-118.58923992142081">
        <ele>30.63</ele>
      </trkpt>
      <trkpt lat="34.03942996636033" lon="-118.58920999802649">
        <ele>30.98</ele>
      </trkpt>
      <trkpt lat="34.03942996636033" lon="-118.58916993252933">
        <ele>31.42</ele>
      </trkpt>
      <trkpt lat="34.03942996636033" lon="-118.58913992531598">
        <ele>31.89</ele>
      </trkpt>
      <trkpt lat="34.03942996636033" lon="-118.58910991810262">
        <ele>32.39</ele>
      </trkpt>
      <trkpt lat="34.03942996636033" lon="-118.5890699364245">
        <ele>32.95</ele>
      </trkpt>
      <trkpt lat="34.03941999189556" lon="-118.58885996975005">
        <ele>33.88</ele>
      </trkpt>
      <trkpt lat="34.03941999189556" lon="-118.58862997032702">
        <ele>34.86</ele>
      </trkpt>
      <trkpt lat="34.03940993361175" lon="-118.58846995979548">
        <ele>35.58</ele>
      </trkpt>
      <trkpt lat="34.03940993361175" lon="-118.5884499270469">
        <ele>36.12</ele>
      </trkpt>
      <trkpt lat="34.0393899846822" lon="-118.58810995705426">
        <ele>36.73</ele>
      </trkpt>
      <trkpt lat="34.0393799263984" lon="-118.5880199354142">
        <ele>37.2</ele>
      </trkpt>
      <trkpt lat="34.03935997746885" lon="-118.58792999759316">
        <ele>37.61</ele>
      </trkpt>
      <trkpt lat="34.03934991918504" lon="-118.58784995041788">
        <ele>38.02</ele>
      </trkpt>
      <trkpt lat="34.03933994472027" lon="-118.58779999427497">
        <ele>38.38</ele>
      </trkpt>
      <trkpt lat="34.039329970255494" lon="-118.58775992877781">
        <ele>38.66</ele>
      </trkpt>
      <trkpt lat="34.03931999579072" lon="-118.58772992156446">
        <ele>38.89</ele>
      </trkpt>
      <trkpt lat="34.039309937506914" lon="-118.58766999095678">
        <ele>39.09</ele>
      </trkpt>
      <trkpt lat="34.03927993029356" lon="-118.58755993656814">
        <ele>39.22</ele>
      </trkpt>
      <trkpt lat="34.03927993029356" lon="-118.58754996210337">
        <ele>39.29</ele>
      </trkpt>
      <trkpt lat="34.039196530357" lon="-118.5872394964099">
        <ele>39.26</ele>
      </trkpt>
      <trkpt lat="34.039113046601415" lon="-118.58692903071642">
        <ele>38.99</ele>
      </trkpt>
      <trkpt lat="34.039029981940985" lon="-118.58661998994648">
        <ele>38.76</ele>
      </trkpt>
      <trkpt lat="34.0389499347657" lon="-118.58631991781294">
        <ele>38.49</ele>
      </trkpt>
      <trkpt lat="34.03888992033899" lon="-118.58607994392514">
        <ele>38.2</ele>
      </trkpt>
      <trkpt lat="34.038859996944666" lon="-118.5859199333936">
        <ele>37.79</ele>
      </trkpt>
      <trkpt lat="34.038859996944666" lon="-118.58589998446405">
        <ele>37.44</ele>
      </trkpt>
      <trkpt lat="34.03884993866086" lon="-118.58587995171547">
        <ele>37.01</ele>
      </trkpt>
      <trkpt lat="34.038839964196086" lon="-118.58580996282399">
        <ele>36.48</ele>
      </trkpt>
      <trkpt lat="34.038839964196086" lon="-118.5857899300754">
        <ele>35.95</ele>
      </trkpt>
      <trkpt lat="34.03882998973131" lon="-118.58572999946773">
        <ele>35.32</ele>
      </trkpt>
      <trkpt lat="34.03880995698273" lon="-118.58556998893619">
        <ele>34.69</ele>
      </trkpt>
      <trkpt lat="34.03879998251796" lon="-118.58553998172283">
        <ele>34.02</ele>
      </trkpt>
      <trkpt lat="34.03878992423415" lon="-118.58550997450948">
        <ele>33.31</ele>
      </trkpt>
      <trkpt lat="34.03878992423415" lon="-118.58547996729612">
        <ele>32.57</ele>
      </trkpt>
      <trkpt lat="34.03877994976938" lon="-118.585439985618">
        <ele>31.78</ele>
      </trkpt>
      <trkpt lat="34.03877994976938" lon="-118.58541995286942">
        <ele>30.95</ele>
      </trkpt>
      <trkpt lat="34.03877994976938" lon="-118.58540997840464">
        <ele>30.1</ele>
      </trkpt>
      <trkpt lat="34.03877994976938" lon="-118.58537997119129">
        <ele>29.21</ele>
      </trkpt>
      <trkpt lat="34.038769975304604" lon="-118.58534996397793">
        <ele>28.28</ele>
      </trkpt>
      <trkpt lat="34.038769975304604" lon="-118.58515994623303">
        <ele>27.29</ele>
      </trkpt>
      <trkpt lat="34.0387599170208" lon="-118.58509993180633">
        <ele>26.31</ele>
      </trkpt>
      <trkpt lat="34.0387599170208" lon="-118.58494997955859">
        <ele>25.37</ele>
      </trkpt>
      <trkpt lat="34.038769975304604" lon="-118.58483992516994">
        <ele>24.44</ele>
      </trkpt>
      <trkpt lat="34.038769975304604" lon="-118.58475996181369">
        <ele>23.48</ele>
      </trkpt>
      <trkpt lat="34.038769975304604" lon="-118.58473992906511">
        <ele>22.51</ele>
      </trkpt>
      <trkpt lat="34.03877994976938" lon="-118.58466994017363">
        <ele>21.56</ele>
      </trkpt>
      <trkpt lat="34.03878992423415" lon="-118.58453993685544">
        <ele>20.61</ele>
      </trkpt>
      <trkpt lat="34.03879998251796" lon="-118.58445997349918">
        <ele>19.63</ele>
      </trkpt>
      <trkpt lat="34.038819931447506" lon="-118.58437992632389">
        <ele>18.64</ele>
      </trkpt>
      <trkpt lat="34.03882998973131" lon="-118.58429996296763">
        <ele>17.64</ele>
      </trkpt>
      <trkpt lat="34.03886997140944" lon="-118.58412997797132">
        <ele>16.68</ele>
      </trkpt>
      <trkpt lat="34.03891992755234" lon="-118.58397994190454">
        <ele>15.66</ele>
      </trkpt>
      <trkpt lat="34.03893996030092" lon="-118.58388992026448">
        <ele>14.75</ele>
      </trkpt>
      <trkpt lat="34.03901992365718" lon="-118.58363997191191">
        <ele>13.81</ele>
      </trkpt>
      <trkpt lat="34.03906996361911" lon="-118.58346998691559">
        <ele>12.96</ele>
      </trkpt>
      <trkpt lat="34.03910994529724" lon="-118.58330997638404">
        <ele>12.19</ele>
      </trkpt>
      <trkpt lat="34.03912997804582" lon="-118.58325993642211">
        <ele>11.51</ele>
      </trkpt>
      <trkpt lat="34.039139952510595" lon="-118.5831999219954">
        <ele>10.87</ele>
      </trkpt>
      <trkpt lat="34.03916995972395" lon="-118.58310998417437">
        <ele>10.29</ele>
      </trkpt>
      <trkpt lat="34.0391999669373" lon="-118.58300998806953">
        <ele>9.8</ele>
      </trkpt>
      <trkpt lat="34.03920994140208" lon="-118.58296992257237">
        <ele>9.35</ele>
      </trkpt>
      <trkpt lat="34.03922997415066" lon="-118.58292994089425">
        <ele>8.95</ele>
      </trkpt>
      <trkpt lat="34.039249923080206" lon="-118.58284997753799">
        <ele>8.63</ele>
      </trkpt>
      <trkpt lat="34.039269955828786" lon="-118.58277998864651">
        <ele>8.35</ele>
      </trkpt>
      <trkpt lat="34.039289988577366" lon="-118.58270999975502">
        <ele>8.12</ele>
      </trkpt>
      <trkpt lat="34.03934991918504" lon="-118.58251998201013">
        <ele>7.96</ele>
      </trkpt>
      <trkpt lat="34.03935997746885" lon="-118.58247991651297">
        <ele>7.84</ele>
      </trkpt>
      <trkpt lat="34.03936995193362" lon="-118.58241998590529">
        <ele>7.78</ele>
      </trkpt>
      <trkpt lat="34.03944999910891" lon="-118.58216995373368">
        <ele>7.76</ele>
      </trkpt>
      <trkpt lat="34.03946994803846" lon="-118.58207993209362">
        <ele>7.8</ele>
      </trkpt>
      <trkpt lat="34.03947992250323" lon="-118.58204992488027">
        <ele>7.9</ele>
      </trkpt>
      <trkpt lat="34.03950992971659" lon="-118.58195998705924">
        <ele>8.04</ele>
      </trkpt>
      <trkpt lat="34.03953993692994" lon="-118.58186996541917">
        <ele>8.26</ele>
      </trkpt>
      <trkpt lat="34.03955996967852" lon="-118.58177994377911">
        <ele>8.52</ele>
      </trkpt>
      <trkpt lat="34.039569944143295" lon="-118.58174993656576">
        <ele>8.81</ele>
      </trkpt>
      <trkpt lat="34.039589976891875" lon="-118.58168992213905">
        <ele>9.15</ele>
      </trkpt>
      <trkpt lat="34.039650075137615" lon="-118.58148464933038">
        <ele>9.68</ele>
      </trkpt>
      <trkpt lat="34.03970992192626" lon="-118.58127996325493">
        <ele>10.31</ele>
      </trkpt>
      <trkpt lat="34.039719980210066" lon="-118.58125993050635">
        <ele>10.76</ele>
      </trkpt>
      <trkpt lat="34.03972995467484" lon="-118.581229923293">
        <ele>11.24</ele>
      </trkpt>
      <trkpt lat="34.039759961888194" lon="-118.5810999199748">
        <ele>11.84</ele>
      </trkpt>
      <trkpt lat="34.03978996910155" lon="-118.5809899494052">
        <ele>12.39</ele>
      </trkpt>
      <trkpt lat="34.0398099180311" lon="-118.58092993497849">
        <ele>12.92</ele>
      </trkpt>
      <trkpt lat="34.0398199763149" lon="-118.58090998604894">
        <ele>13.44</ele>
      </trkpt>
      <trkpt lat="34.0398199763149" lon="-118.58088995330036">
        <ele>14.0</ele>
      </trkpt>
      <trkpt lat="34.03985995799303" lon="-118.58075994998217">
        <ele>14.42</ele>
      </trkpt>
      <trkpt lat="34.03989993967116" lon="-118.58062994666398">
        <ele>14.83</ele>
      </trkpt>
      <trkpt lat="34.03993992134929" lon="-118.58046993613243">
        <ele>15.19</ele>
      </trkpt>
      <trkpt lat="34.03994997963309" lon="-118.5804299544543">
        <ele>15.75</ele>
      </trkpt>
      <trkpt lat="34.03997998684645" lon="-118.58032995834947">
        <ele>16.22</ele>
      </trkpt>
      <trkpt lat="34.0400099940598" lon="-118.58022996224463">
        <ele>16.84</ele>
      </trkpt>
      <trkpt lat="34.0400099940598" lon="-118.58020992949605">
        <ele>17.54</ele>
      </trkpt>
      <trkpt lat="34.0400099940598" lon="-118.58019995503128">
        <ele>18.27</ele>
      </trkpt>
      <trkpt lat="34.04003991745412" lon="-118.58005997724831">
        <ele>18.99</ele>
      </trkpt>
      <trkpt lat="34.04004997573793" lon="-118.57998998835683">
        <ele>19.8</ele>
      </trkpt>
      <trkpt lat="34.0400599502027" lon="-118.57991999946535">
        <ele>20.65</ele>
      </trkpt>
      <trkpt lat="34.04006992466748" lon="-118.57989996671677">
        <ele>21.52</ele>
      </trkpt>
      <trkpt lat="34.04007998295128" lon="-118.57976996339858">
        <ele>22.44</ele>
      </trkpt>
      <trkpt lat="34.04008995741606" lon="-118.57966996729374">
        <ele>23.39</ele>
      </trkpt>
      <trkpt lat="34.04009993188083" lon="-118.5795699711889">
        <ele>24.37</ele>
      </trkpt>
      <trkpt lat="34.04009993188083" lon="-118.57948992401361">
        <ele>25.37</ele>
      </trkpt>
      <trkpt lat="34.04006992466748" lon="-118.57938992790878">
        <ele>26.41</ele>
      </trkpt>
      <trkpt lat="34.04006992466748" lon="-118.5792699828744">
        <ele>27.46</ele>
      </trkpt>
      <trkpt lat="34.04006992466748" lon="-118.57902992516756">
        <ele>28.7</ele>
      </trkpt>
      <trkpt lat="34.04006992466748" lon="-118.57870437204838">
        <ele>30.29</ele>
      </trkpt>
      <trkpt lat="34.04006992466748" lon="-118.57837999239564">
        <ele>31.64</ele>
      </trkpt>
      <trkpt lat="34.04006992466748" lon="-118.57809995301068">
        <ele>32.66</ele>
      </trkpt>
      <trkpt lat="34.04006992466748" lon="-118.57799995690584">
        <ele>33.61</ele>
      </trkpt>
      <trkpt lat="34.0400599502027" lon="-118.57792996801436">
        <ele>34.5</ele>
      </trkpt>
      <trkpt lat="34.04004997573793" lon="-118.57777993194759">
        <ele>35.36</ele>
      </trkpt>
      <trkpt lat="34.04003991745412" lon="-118.57768999412656">
        <ele>36.21</ele>
      </trkpt>
      <trkpt lat="34.04002994298935" lon="-118.5775999724865">
        <ele>37.01</ele>
      </trkpt>
      <trkpt lat="34.040019968524575" lon="-118.57749997638166">
        <ele>37.73</ele>
      </trkpt>
      <trkpt lat="34.0400099940598" lon="-118.57742998749018">
        <ele>38.34</ele>
      </trkpt>
      <trkpt lat="34.03998996131122" lon="-118.57729998417199">
        <ele>38.86</ele>
      </trkpt>
      <trkpt lat="34.03996992856264" lon="-118.57720996253192">
        <ele>39.36</ele>
      </trkpt>
      <trkpt lat="34.03994997963309" lon="-118.57705992646515">
        <ele>39.77</ele>
      </trkpt>
      <trkpt lat="34.03993992134929" lon="-118.57696998864412">
        <ele>40.27</ele>
      </trkpt>
      <trkpt lat="34.03992994688451" lon="-118.57689999975264">
        <ele>40.66</ele>
      </trkpt>
      <trkpt lat="34.03991997241974" lon="-118.57682992704213">
        <ele>41.01</ele>
      </trkpt>
      <trkpt lat="34.039909997954965" lon="-118.57674996368587">
        <ele>41.38</ele>
      </trkpt>
      <trkpt lat="34.039909997954965" lon="-118.57666991651058">
        <ele>41.7</ele>
      </trkpt>
      <trkpt lat="34.039909997954965" lon="-118.57652993872762">
        <ele>41.92</ele>
      </trkpt>
      <trkpt lat="34.039909997954965" lon="-118.57640999369323">
        <ele>42.19</ele>
      </trkpt>
      <trkpt lat="34.03992994688451" lon="-118.57625995762646">
        <ele>42.36</ele>
      </trkpt>
      <trkpt lat="34.03992994688451" lon="-118.57623992487788">
        <ele>42.49</ele>
      </trkpt>
      <trkpt lat="34.03993992134929" lon="-118.57613992877305">
        <ele>42.6</ele>
      </trkpt>
      <trkpt lat="34.03998996131122" lon="-118.57605996541679">
        <ele>42.7</ele>
      </trkpt>
      <trkpt lat="34.039999935775995" lon="-118.57602995820343">
        <ele>42.74</ele>
      </trkpt>
      <trkpt lat="34.040019968524575" lon="-118.57596994377673">
        <ele>42.75</ele>
      </trkpt>
      <trkpt lat="34.040019968524575" lon="-118.57595996931195">
        <ele>42.71</ele>
      </trkpt>
      <trkpt lat="34.04002994298935" lon="-118.57590992935002">
        <ele>42.66</ele>
      </trkpt>
      <trkpt lat="34.04004997573793" lon="-118.57581999152899">
        <ele>42.55</ele>
      </trkpt>
      <trkpt lat="34.0400599502027" lon="-118.57576995156705">
        <ele>42.39</ele>
      </trkpt>
      <trkpt lat="34.04008995741606" lon="-118.5756899882108">
        <ele>42.23</ele>
      </trkpt>
      <trkpt lat="34.04010999016464" lon="-118.57562997378409">
        <ele>42.06</ele>
      </trkpt>
      <trkpt lat="34.04013999737799" lon="-118.5755499266088">
        <ele>41.86</ele>
      </trkpt>
      <trkpt lat="34.040169920772314" lon="-118.57547993771732">
        <ele>41.67</ele>
      </trkpt>
      <trkpt lat="34.04019992798567" lon="-118.57542998157442">
        <ele>41.49</ele>
      </trkpt>
      <trkpt lat="34.04022993519902" lon="-118.57536996714771">
        <ele>41.26</ele>
      </trkpt>
      <trkpt lat="34.0402499679476" lon="-118.57532998546958">
        <ele>41.02</ele>
      </trkpt>
      <trkpt lat="34.040259942412376" lon="-118.575309952721">
        <ele>40.78</ele>
      </trkpt>
      <trkpt lat="34.040299924090505" lon="-118.57524993829429">
        <ele>40.57</ele>
      </trkpt>
      <trkpt lat="34.040339989587665" lon="-118.57517994940281">
        <ele>40.32</ele>
      </trkpt>
      <trkpt lat="34.04041995294392" lon="-118.57502999715507">
        <ele>40.04</ele>
      </trkpt>
      <trkpt lat="34.0404399856925" lon="-118.57500996440649">
        <ele>39.82</ele>
      </trkpt>
      <trkpt lat="34.04050997458398" lon="-118.57488993555307">
        <ele>39.56</ele>
      </trkpt>
      <trkpt lat="34.040689934045076" lon="-118.57462992891669">
        <ele>39.26</ele>
      </trkpt>
      <trkpt lat="34.040749948471785" lon="-118.57451995834708">
        <ele>38.9</ele>
      </trkpt>
      <trkpt lat="34.040879951789975" lon="-118.57430999167264">
        <ele>38.6</ele>
      </trkpt>
      <trkpt lat="34.04094994068146" lon="-118.57419993728399">
        <ele>38.33</ele>
      </trkpt>
      <trkpt lat="34.04099998064339" lon="-118.57409994117916">
        <ele>38.12</ele>
      </trkpt>
      <trkpt lat="34.041049936786294" lon="-118.57402995228767">
        <ele>37.95</ele>
      </trkpt>
      <trkpt lat="34.04108991846442" lon="-118.57393993064761">
        <ele>37.73</ele>
      </trkpt>
      <trkpt lat="34.04120994731784" lon="-118.57368998229504">
        <ele>37.77</ele>
      </trkpt>
      <trkpt lat="34.04123995453119" lon="-118.5736399423331">
        <ele>37.66</ele>
      </trkpt>
      <trkpt lat="34.04127993620932" lon="-118.57355997897685">
        <ele>37.52</ele>
      </trkpt>
      <trkpt lat="34.04128999449313" lon="-118.57352997176349">
        <ele>37.39</ele>
      </trkpt>
      <trkpt lat="34.04136995784938" lon="-118.57335998676717">
        <ele>37.2</ele>
      </trkpt>
      <trkpt lat="34.04141999781132" lon="-118.57323995791376">
        <ele>37.14</ele>
      </trkpt>
      <trkpt lat="34.04142997227609" lon="-118.5732099507004">
        <ele>37.05</ele>
      </trkpt>
      <trkpt lat="34.04146995395422" lon="-118.57311992906034">
        <ele>36.98</ele>
      </trkpt>
      <trkpt lat="34.041499961167574" lon="-118.57303996570408">
        <ele>36.92</ele>
      </trkpt>
      <trkpt lat="34.041519993916154" lon="-118.5729699768126">
        <ele>36.85</ele>
      </trkpt>
      <trkpt lat="34.041630048304796" lon="-118.57266462408006">
        <ele>36.78</ele>
      </trkpt>
      <trkpt lat="34.041739935055375" lon="-118.57235994189978">
        <ele>36.7</ele>
      </trkpt>
      <trkpt lat="34.04179994948208" lon="-118.57220998965204">
        <ele>36.71</ele>
      </trkpt>
      <trkpt lat="34.04182995669544" lon="-118.5721099935472">
        <ele>36.71</ele>
      </trkpt>
      <trkpt lat="34.04184998944402" lon="-118.57203992083669">
        <ele>36.67</ele>
      </trkpt>
      <trkpt lat="34.041869938373566" lon="-118.57197999022901">
        <ele>36.63</ele>
      </trkpt>
      <trkpt lat="34.041889971122146" lon="-118.5719099175185">
        <ele>36.59</ele>
      </trkpt>
      <trkpt lat="34.0419199783355" lon="-118.57180992141366">
        <ele>36.57</ele>
      </trkpt>
      <trkpt lat="34.041929952800274" lon="-118.57173993252218">
        <ele>36.5</ele>
      </trkpt>
      <trkpt lat="34.041949985548854" lon="-118.57164999470115">
        <ele>36.43</ele>
      </trkpt>
      <trkpt lat="34.04197999276221" lon="-118.5715399403125">
        <ele>36.4</ele>
      </trkpt>
      <trkpt lat="34.041999941691756" lon="-118.57140993699431">
        <ele>36.29</ele>
      </trkpt>
      <trkpt lat="34.04200999997556" lon="-118.57135998085141">
        <ele>36.19</ele>
      </trkpt>
      <trkpt lat="34.04202994890511" lon="-118.57126995921135">
        <ele>36.1</ele>
      </trkpt>
      <trkpt lat="34.042039923369884" lon="-118.57116996310651">
        <ele>35.99</ele>
      </trkpt>
      <trkpt lat="34.04204998165369" lon="-118.57107994146645">
        <ele>35.79</ele>
      </trkpt>
      <trkpt lat="34.042059956118464" lon="-118.57100995257497">
        <ele>35.6</ele>
      </trkpt>
      <trkpt lat="34.04206993058324" lon="-118.57088992372155">
        <ele>35.38</ele>
      </trkpt>
      <trkpt lat="34.042079988867044" lon="-118.57076997868717">
        <ele>35.03</ele>
      </trkpt>
      <trkpt lat="34.04208996333182" lon="-118.57065992429852">
        <ele>34.71</ele>
      </trkpt>
      <trkpt lat="34.04208996333182" lon="-118.57057996094227">
        <ele>34.44</ele>
      </trkpt>
      <trkpt lat="34.04209993779659" lon="-118.5704899393022">
        <ele>34.26</ele>
      </trkpt>
      <trkpt lat="34.04209993779659" lon="-118.57044995762408">
        <ele>34.1</ele>
      </trkpt>
      <trkpt lat="34.04209993779659" lon="-118.5703799687326">
        <ele>33.93</ele>
      </trkpt>
      <trkpt lat="34.04209993779659" lon="-118.57031995430589">
        <ele>33.77</ele>
      </trkpt>
      <trkpt lat="34.04209993779659" lon="-118.57030997984111">
        <ele>33.65</ele>
      </trkpt>
      <trkpt lat="34.04209993779659" lon="-118.57022993266582">
        <ele>33.68</ele>
      </trkpt>
      <trkpt lat="34.04209993779659" lon="-118.57009992934763">
        <ele>33.79</ele>
      </trkpt>
      <trkpt lat="34.04209993779659" lon="-118.57008995488286">
        <ele>33.68</ele>
      </trkpt>
      <trkpt lat="34.04208996333182" lon="-118.56989993713796">
        <ele>33.76</ele>
      </trkpt>
      <trkpt lat="34.04208996333182" lon="-118.56987998820841">
        <ele>33.65</ele>
      </trkpt>
      <trkpt lat="34.04208996333182" lon="-118.56976993381977">
        <ele>33.59</ele>
      </trkpt>
      <trkpt lat="34.042079988867044" lon="-118.56967999599874">
        <ele>33.44</ele>
      </trkpt>
      <trkpt lat="34.042079988867044" lon="-118.56955996714532">
        <ele>33.29</ele>
      </trkpt>
      <trkpt lat="34.042059956118464" lon="-118.56941998936236">
        <ele>33.07</ele>
      </trkpt>
      <trkpt lat="34.042059956118464" lon="-118.5693799238652">
        <ele>32.93</ele>
      </trkpt>
      <trkpt lat="34.042039923369884" lon="-118.56928998604417">
        <ele>32.74</ele>
      </trkpt>
      <trkpt lat="34.04197999276221" lon="-118.56914992444217">
        <ele>32.52</ele>
      </trkpt>
      <trkpt lat="34.0419699344784" lon="-118.56912997551262">
        <ele>32.44</ele>
      </trkpt>
      <trkpt lat="34.0419699344784" lon="-118.56905998662114">
        <ele>32.39</ele>
      </trkpt>
      <trkpt lat="34.041929952800274" lon="-118.56881992891431">
        <ele>32.44</ele>
      </trkpt>
      <trkpt lat="34.04188485816121" lon="-118.56845933943987">
        <ele>32.29</ele>
      </trkpt>
      <trkpt lat="34.04183993116021" lon="-118.56809992343187">
        <ele>31.9</ele>
      </trkpt>
      <trkpt lat="34.04183993116021" lon="-118.56806991621852">
        <ele>31.89</ele>
      </trkpt>
      <trkpt lat="34.04180992394686" lon="-118.56787998229265">
        <ele>31.74</ele>
      </trkpt>
      <trkpt lat="34.04180992394686" lon="-118.56786992400885">
        <ele>31.78</ele>
      </trkpt>
      <trkpt lat="34.0417799167335" lon="-118.56767999008298">
        <ele>31.77</ele>
      </trkpt>
      <trkpt lat="34.041759967803955" lon="-118.56752995401621">
        <ele>31.79</ele>
      </trkpt>
      <trkpt lat="34.041739935055375" lon="-118.56736994348466">
        <ele>32.09</ele>
      </trkpt>
      <trkpt lat="34.0417299605906" lon="-118.56731998734176">
        <ele>32.31</ele>
      </trkpt>
      <trkpt lat="34.04169995337725" lon="-118.56708998791873">
        <ele>32.9</ele>
      </trkpt>
      <trkpt lat="34.04166491702199" lon="-118.56687960214913">
        <ele>33.38</ele>
      </trkpt>
      <trkpt lat="34.041629964485765" lon="-118.56666997075081">
        <ele>33.73</ele>
      </trkpt>
      <trkpt lat="34.041589982807636" lon="-118.56644994579256">
        <ele>33.91</ele>
      </trkpt>
      <trkpt lat="34.04155997559428" lon="-118.56629999354482">
        <ele>34.12</ele>
      </trkpt>
      <trkpt lat="34.04152996838093" lon="-118.56614995747805">
        <ele>34.33</ele>
      </trkpt>
      <trkpt lat="34.0414899867028" lon="-118.56596999801695">
        <ele>34.51</ele>
      </trkpt>
      <trkpt lat="34.04142997227609" lon="-118.56575994752347">
        <ele>34.62</ele>
      </trkpt>
      <trkpt lat="34.04137993231416" lon="-118.56552994810045">
        <ele>34.66</ele>
      </trkpt>
      <trkpt lat="34.04135998338461" lon="-118.56542995199561">
        <ele>34.71</ele>
      </trkpt>
      <trkpt lat="34.0413499251008" lon="-118.56537999585271">
        <ele>34.77</ele>
      </trkpt>
      <trkpt lat="34.041329976171255" lon="-118.56521998532116">
        <ele>34.79</ele>
      </trkpt>
      <trkpt lat="34.041329976171255" lon="-118.56518997810781">
        <ele>34.82</ele>
      </trkpt>
      <trkpt lat="34.04131991788745" lon="-118.56516994535923">
        <ele>34.83</ele>
      </trkpt>
      <trkpt lat="34.04131991788745" lon="-118.56505997478962">
        <ele>34.83</ele>
      </trkpt>
      <trkpt lat="34.04131991788745" lon="-118.56504991650581">
        <ele>34.84</ele>
      </trkpt>
      <trkpt lat="34.041309943422675" lon="-118.56495997868478">
        <ele>34.79</ele>
      </trkpt>
      <trkpt lat="34.041309943422675" lon="-118.56494992040098">
        <ele>34.76</ele>
      </trkpt>
      <trkpt lat="34.041309943422675" lon="-118.56483994983137">
        <ele>34.68</ele>
      </trkpt>
      <trkpt lat="34.041309943422675" lon="-118.56472997926176">
        <ele>34.58</ele>
      </trkpt>
      <trkpt lat="34.0412999689579" lon="-118.56457994319499">
        <ele>34.46</ele>
      </trkpt>
      <trkpt lat="34.0412999689579" lon="-118.56453996151686">
        <ele>34.35</ele>
      </trkpt>
      <trkpt lat="34.0412999689579" lon="-118.56451992876828">
        <ele>34.25</ele>
      </trkpt>
      <trkpt lat="34.0412999689579" lon="-118.56442999094725">
        <ele>34.13</ele>
      </trkpt>
      <trkpt lat="34.0412999689579" lon="-118.56440995819867">
        <ele>34.01</ele>
      </trkpt>
      <trkpt lat="34.04128999449313" lon="-118.56429998762906">
        <ele>33.88</ele>
      </trkpt>
      <trkpt lat="34.04128999449313" lon="-118.56424994766712">
        <ele>33.76</ele>
      </trkpt>
      <trkpt lat="34.04126996174455" lon="-118.56410996988416">
        <ele>33.62</ele>
      </trkpt>
      <trkpt lat="34.04123995453119" lon="-118.56394995935261">
        <ele>33.54</ele>
      </trkpt>
      <trkpt lat="34.04123995453119" lon="-118.56391995213926">
        <ele>33.42</ele>
      </trkpt>
      <trkpt lat="34.04123995453119" lon="-118.56389991939068">
        <ele>33.28</ele>
      </trkpt>
      <trkpt lat="34.04122998006642" lon="-118.5638899449259">
        <ele>33.13</ele>
      </trkpt>
      <trkpt lat="34.04122998006642" lon="-118.56387997046113">
        <ele>32.98</ele>
      </trkpt>
      <trkpt lat="34.04121992178261" lon="-118.56380998156965">
        <ele>32.84</ele>
      </trkpt>
      <trkpt lat="34.04120994731784" lon="-118.56376999989152">
        <ele>32.69</ele>
      </trkpt>
      <trkpt lat="34.041179940104485" lon="-118.56363999657333">
        <ele>32.54</ele>
      </trkpt>
      <trkpt lat="34.041139958426356" lon="-118.56350999325514">
        <ele>32.38</ele>
      </trkpt>
      <trkpt lat="34.04108991846442" lon="-118.56333992443979">
        <ele>32.15</ele>
      </trkpt>
      <trkpt lat="34.041029987856746" lon="-118.56318997219205">
        <ele>31.89</ele>
      </trkpt>
      <trkpt lat="34.04097994789481" lon="-118.56306994333863">
        <ele>31.77</ele>
      </trkpt>
      <trkpt lat="34.04092999175191" lon="-118.5629699472338">
        <ele>31.59</ele>
      </trkpt>
      <trkpt lat="34.04090995900333" lon="-118.56292996555567">
        <ele>31.47</ele>
      </trkpt>
      <trkpt lat="34.040899984538555" lon="-118.56289995834231">
        <ele>31.35</ele>
      </trkpt>
      <trkpt lat="34.04088992625475" lon="-118.56287992559373">
        <ele>31.23</ele>
      </trkpt>
      <trkpt lat="34.040769981220365" lon="-118.5626499261707">
        <ele>31.05</ele>
      </trkpt>
      <trkpt lat="34.04073997400701" lon="-118.5625999700278">
        <ele>30.93</ele>
      </trkpt>
      <trkpt lat="34.04069999232888" lon="-118.56251992285252">
        <ele>30.83</ele>
      </trkpt>
      <trkpt lat="34.04062991961837" lon="-118.56237994506955">
        <ele>30.77</ele>
      </trkpt>
      <trkpt lat="34.04056998901069" lon="-118.56223996728659">
        <ele>30.74</ele>
      </trkpt>
      <trkpt lat="34.04050997458398" lon="-118.56209998950362">
        <ele>30.64</ele>
      </trkpt>
      <trkpt lat="34.04045993462205" lon="-118.56194995343685">
        <ele>30.58</ele>
      </trkpt>
      <trkpt lat="34.04041995294392" lon="-118.56181995011866">
        <ele>30.49</ele>
      </trkpt>
      <trkpt lat="34.04036999680102" lon="-118.56166999787092">
        <ele>30.38</ele>
      </trkpt>
      <trkpt lat="34.040319956839085" lon="-118.56150998733938">
        <ele>30.31</ele>
      </trkpt>
      <trkpt lat="34.040299924090505" lon="-118.56141996569932">
        <ele>30.24</ele>
      </trkpt>
      <trkpt lat="34.040259942412376" lon="-118.56131996959448">
        <ele>30.15</ele>
      </trkpt>
      <trkpt lat="34.04019984416664" lon="-118.56111469678581">
        <ele>30.14</ele>
      </trkpt>
      <trkpt lat="34.04013999737799" lon="-118.56090992689133">
        <ele>30.12</ele>
      </trkpt>
      <trkpt lat="34.040129939094186" lon="-118.56087991967797">
        <ele>30.03</ele>
      </trkpt>
      <trkpt lat="34.04009993188083" lon="-118.56074991635978">
        <ele>29.9</ele>
      </trkpt>
      <trkpt lat="34.04002994298935" lon="-118.56053994968534">
        <ele>29.64</ele>
      </trkpt>
      <trkpt lat="34.040019968524575" lon="-118.56048999354243">
        <ele>29.48</ele>
      </trkpt>
      <trkpt lat="34.0400099940598" lon="-118.56046996079385">
        <ele>29.3</ele>
      </trkpt>
      <trkpt lat="34.039954924955964" lon="-118.56028974987566">
        <ele>29.04</ele>
      </trkpt>
      <trkpt lat="34.03989993967116" lon="-118.56010995805264">
        <ele>28.88</ele>
      </trkpt>
      <trkpt lat="34.0398099180311" lon="-118.55984995141625">
        <ele>28.71</ele>
      </trkpt>
      <trkpt lat="34.03979994356632" lon="-118.5598199442029">
        <ele>28.51</ele>
      </trkpt>
      <trkpt lat="34.03972995467484" lon="-118.55958994477987">
        <ele>28.38</ele>
      </trkpt>
      <trkpt lat="34.03966994024813" lon="-118.55942993424833">
        <ele>28.2</ele>
      </trkpt>
      <trkpt lat="34.039589976891875" lon="-118.5592099931091">
        <ele>27.96</ele>
      </trkpt>
      <trkpt lat="34.039589976891875" lon="-118.5591999348253">
        <ele>27.7</ele>
      </trkpt>
      <trkpt lat="34.03955996967852" lon="-118.55912994593382">
        <ele>27.37</ele>
      </trkpt>
      <trkpt lat="34.03953993692994" lon="-118.55906993150711">
        <ele>27.07</ele>
      </trkpt>
      <trkpt lat="34.03946994803846" lon="-118.55890992097557">
        <ele>26.75</ele>
      </trkpt>
      <trkpt lat="34.03941999189556" lon="-118.55878997594118">
        <ele>26.4</ele>
      </trkpt>
      <trkpt lat="34.03934991918504" lon="-118.55862996540964">
        <ele>26.03</ele>
      </trkpt>
      <trkpt lat="34.03933994472027" lon="-118.55859995819628">
        <ele>25.68</ele>
      </trkpt>
      <trkpt lat="34.039309937506914" lon="-118.55854991823435">
        <ele>25.29</ele>
      </trkpt>
      <trkpt lat="34.03929996304214" lon="-118.55850993655622">
        <ele>24.93</ele>
      </trkpt>
      <trkpt lat="34.03925998136401" lon="-118.55842997319996">
        <ele>24.57</ele>
      </trkpt>
      <trkpt lat="34.03922997415066" lon="-118.55835998430848">
        <ele>24.2</ele>
      </trkpt>
      <trkpt lat="34.03920994140208" lon="-118.5583399515599">
        <ele>23.78</ele>
      </trkpt>
      <trkpt lat="34.0391999669373" lon="-118.55829996988177">
        <ele>23.4</ele>
      </trkpt>
      <trkpt lat="34.039159985259175" lon="-118.55822998099029">
        <ele>22.97</ele>
      </trkpt>
      <trkpt lat="34.039029981940985" lon="-118.55794994160533">
        <ele>22.52</ele>
      </trkpt>
      <trkpt lat="34.038899978622794" lon="-118.5576599277556">
        <ele>22.02</ele>
      </trkpt>
      <trkpt lat="34.03886997140944" lon="-118.55758993886411">
        <ele>21.62</ele>
      </trkpt>
      <trkpt lat="34.03879998251796" lon="-118.55743998661637">
        <ele>21.28</ele>
      </trkpt>
      <trkpt lat="34.0387599170208" lon="-118.55733999051154">
        <ele>20.91</ele>
      </trkpt>
      <trkpt lat="34.03869998641312" lon="-118.55715994723141">
        <ele>20.49</ele>
      </trkpt>
      <trkpt lat="34.03866997919977" lon="-118.55706992559135">
        <ele>20.05</ele>
      </trkpt>
      <trkpt lat="34.03862999752164" lon="-118.55694998055696">
        <ele>19.61</ele>
      </trkpt>
      <trkpt lat="34.03860996477306" lon="-118.55683992616832">
        <ele>19.21</ele>
      </trkpt>
      <trkpt lat="34.03858993202448" lon="-118.55676993727684">
        <ele>18.84</ele>
      </trkpt>
      <trkpt lat="34.03856998309493" lon="-118.55671998113394">
        <ele>18.51</ele>
      </trkpt>
      <trkpt lat="34.03853997588158" lon="-118.55653993785381">
        <ele>18.12</ele>
      </trkpt>
      <trkpt lat="34.03852991759777" lon="-118.55649995617568">
        <ele>17.84</ele>
      </trkpt>
      <trkpt lat="34.03847996145487" lon="-118.55614992789924">
        <ele>17.45</ele>
      </trkpt>
      <trkpt lat="34.03845992870629" lon="-118.55593459680676">
        <ele>17.22</ele>
      </trkpt>
      <trkpt lat="34.03843997977674" lon="-118.55571993626654">
        <ele>17.02</ele>
      </trkpt>
      <trkpt lat="34.03843997977674" lon="-118.55558993294835">
        <ele>16.92</ele>
      </trkpt>
      <trkpt lat="34.038429921492934" lon="-118.55545992963016">
        <ele>16.84</ele>
      </trkpt>
      <trkpt lat="34.038429921492934" lon="-118.55540997348726">
        <ele>16.87</ele>
      </trkpt>
      <trkpt lat="34.038429921492934" lon="-118.55533998459578">
        <ele>16.94</ele>
      </trkpt>
      <trkpt lat="34.038429921492934" lon="-118.55525993742049">
        <ele>17.07</ele>
      </trkpt>
      <trkpt lat="34.03843997977674" lon="-118.55515994131565">
        <ele>17.28</ele>
      </trkpt>
      <trkpt lat="34.03845992870629" lon="-118.55486992746592">
        <ele>17.63</ele>
      </trkpt>
      <trkpt lat="34.038469986990094" lon="-118.55472994968295">
        <ele>18.0</ele>
      </trkpt>
      <trkpt lat="34.03847996145487" lon="-118.55468996800482">
        <ele>18.36</ele>
      </trkpt>
      <trkpt lat="34.038510052487254" lon="-118.55446960777044">
        <ele>18.83</ele>
      </trkpt>
      <trkpt lat="34.03853997588158" lon="-118.55424991808832">
        <ele>19.3</ele>
      </trkpt>
      <trkpt lat="34.038579957559705" lon="-118.55401991866529">
        <ele>19.85</ele>
      </trkpt>
      <trkpt lat="34.038599990308285" lon="-118.55388999916613">
        <ele>20.37</ele>
      </trkpt>
      <trkpt lat="34.03865992091596" lon="-118.5535999853164">
        <ele>21.04</ele>
      </trkpt>
      <trkpt lat="34.03869998641312" lon="-118.55341994203627">
        <ele>21.61</ele>
      </trkpt>
      <trkpt lat="34.038749942556024" lon="-118.55318994261324">
        <ele>22.13</ele>
      </trkpt>
      <trkpt lat="34.03882009908557" lon="-118.55289950966835">
        <ele>22.62</ele>
      </trkpt>
      <trkpt lat="34.03888992033899" lon="-118.5526099987328">
        <ele>23.13</ele>
      </trkpt>
      <trkpt lat="34.038960076868534" lon="-118.55232451111078">
        <ele>23.62</ele>
      </trkpt>
      <trkpt lat="34.039029981940985" lon="-118.55203994549811">
        <ele>24.09</ele>
      </trkpt>
      <trkpt lat="34.03903995640576" lon="-118.55200993828475">
        <ele>24.61</ele>
      </trkpt>
      <trkpt lat="34.03908999636769" lon="-118.55181992053986">
        <ele>25.13</ele>
      </trkpt>
      <trkpt lat="34.03914506547153" lon="-118.5516297351569">
        <ele>25.67</ele>
      </trkpt>
      <trkpt lat="34.0391999669373" lon="-118.55143996886909">
        <ele>26.23</ele>
      </trkpt>
      <trkpt lat="34.039249923080206" lon="-118.55127995833755">
        <ele>26.77</ele>
      </trkpt>
      <trkpt lat="34.039329970255494" lon="-118.55098994448781">
        <ele>27.36</ele>
      </trkpt>
      <trkpt lat="34.03933994472027" lon="-118.55091995559633">
        <ele>27.79</ele>
      </trkpt>
      <trkpt lat="34.03935997746885" lon="-118.55083999224007">
        <ele>28.22</ele>
      </trkpt>
      <trkpt lat="34.0393799263984" lon="-118.55073999613523">
        <ele>28.62</ele>
      </trkpt>
      <trkpt lat="34.03940993361175" lon="-118.55056992731988">
        <ele>29.01</ele>
      </trkpt>
      <trkpt lat="34.039439940825105" lon="-118.55037999339402">
        <ele>29.34</ele>
      </trkpt>
      <trkpt lat="34.03944999910891" lon="-118.5502599645406">
        <ele>29.6</ele>
      </trkpt>
      <trkpt lat="34.03944999910891" lon="-118.55022995732725">
        <ele>29.85</ele>
      </trkpt>
      <trkpt lat="34.039459973573685" lon="-118.55009995400906">
        <ele>29.99</ele>
      </trkpt>
      <trkpt lat="34.039459973573685" lon="-118.54995997622609">
        <ele>30.07</ele>
      </trkpt>
      <trkpt lat="34.039459973573685" lon="-118.54985998012125">
        <ele>30.16</ele>
      </trkpt>
      <trkpt lat="34.039459973573685" lon="-118.54978999122977">
        <ele>30.27</ele>
      </trkpt>
      <trkpt lat="34.039459973573685" lon="-118.54969996958971">
        <ele>30.39</ele>
      </trkpt>
      <trkpt lat="34.039459973573685" lon="-118.54961992241442">
        <ele>30.52</ele>
      </trkpt>
      <trkpt lat="34.03944999910891" lon="-118.54950995184481">
        <ele>30.62</ele>
      </trkpt>
      <trkpt lat="34.03942996636033" lon="-118.54937994852662">
        <ele>30.8</ele>
      </trkpt>
      <trkpt lat="34.03940490446985" lon="-118.5490944609046">
        <ele>31.16</ele>
      </trkpt>
      <trkpt lat="34.0393799263984" lon="-118.54880997911096">
        <ele>31.58</ele>
      </trkpt>
      <trkpt lat="34.03936995193362" lon="-118.54849993251264">
        <ele>32.03</ele>
      </trkpt>
      <trkpt lat="34.03935997746885" lon="-118.54813992977142">
        <ele>32.1</ele>
      </trkpt>
      <trkpt lat="34.03936995193362" lon="-118.54794999584556">
        <ele>32.01</ele>
      </trkpt>
      <trkpt lat="34.0393899846822" lon="-118.54767993092537">
        <ele>31.78</ele>
      </trkpt>
      <trkpt lat="34.03943005017936" lon="-118.5474228579551">
        <ele>31.5</ele>
      </trkpt>
      <trkpt lat="34.03947011567652" lon="-118.5471657011658">
        <ele>31.24</ele>
      </trkpt>
      <trkpt lat="34.03950992971659" lon="-118.54690996930003">
        <ele>30.98</ele>
      </trkpt>
      <trkpt lat="34.03953993692994" lon="-118.546679969877">
        <ele>30.75</ele>
      </trkpt>
      <trkpt lat="34.03953993692994" lon="-118.54660998098552">
        <ele>30.54</ele>
      </trkpt>
      <trkpt lat="34.03955996967852" lon="-118.54644997045398">
        <ele>30.24</ele>
      </trkpt>
      <trkpt lat="34.039569944143295" lon="-118.5462399199605">
        <ele>30.05</ele>
      </trkpt>
      <trkpt lat="34.039569944143295" lon="-118.54602995328605">
        <ele>29.91</ele>
      </trkpt>
      <trkpt lat="34.039569944143295" lon="-118.54584999382496">
        <ele>29.8</ele>
      </trkpt>
      <trkpt lat="34.039569944143295" lon="-118.54567992500961">
        <ele>29.64</ele>
      </trkpt>
      <trkpt lat="34.03954999521375" lon="-118.5454399511218">
        <ele>29.49</ele>
      </trkpt>
      <trkpt lat="34.03953993692994" lon="-118.54530994780362">
        <ele>29.28</ele>
      </trkpt>
      <trkpt lat="34.03951998800039" lon="-118.54515999555588">
        <ele>28.99</ele>
      </trkpt>
      <trkpt lat="34.03951998800039" lon="-118.54510995559394">
        <ele>28.68</ele>
      </trkpt>
      <trkpt lat="34.03950992971659" lon="-118.54506997391582">
        <ele>28.35</ele>
      </trkpt>
      <trkpt lat="34.039459973573685" lon="-118.5447699856013">
        <ele>27.96</ele>
      </trkpt>
      <trkpt lat="34.03942996636033" lon="-118.54463998228312">
        <ele>27.6</ele>
      </trkpt>
      <trkpt lat="34.03941999189556" lon="-118.54456999339163">
        <ele>27.26</ele>
      </trkpt>
      <trkpt lat="34.03935997746885" lon="-118.5443399939686">
        <ele>26.92</ele>
      </trkpt>
      <trkpt lat="34.039309937506914" lon="-118.54416992515326">
        <ele>26.62</ele>
      </trkpt>
      <trkpt lat="34.03922997415066" lon="-118.54392995126545">
        <ele>26.26</ele>
      </trkpt>
      <trkpt lat="34.039139952510595" lon="-118.54368997737765">
        <ele>25.77</ele>
      </trkpt>
      <trkpt lat="34.03908999636769" lon="-118.54350993409753">
        <ele>25.33</ele>
      </trkpt>
      <trkpt lat="34.03903995640576" lon="-118.54333994910121">
        <ele>24.95</ele>
      </trkpt>
      <trkpt lat="34.038989916443825" lon="-118.54312998242676">
        <ele>24.58</ele>
      </trkpt>
      <trkpt lat="34.03897994197905" lon="-118.54307994246483">
        <ele>24.18</ele>
      </trkpt>
      <trkpt lat="34.03891984373331" lon="-118.54278950951993">
        <ele>23.71</ele>
      </trkpt>
      <trkpt lat="34.038859996944666" lon="-118.54249999858439">
        <ele>22.77</ele>
      </trkpt>
      <trkpt lat="34.038839964196086" lon="-118.54239991866052">
        <ele>22.22</ele>
      </trkpt>
      <trkpt lat="34.03882998973131" lon="-118.54233998805285">
        <ele>21.77</ele>
      </trkpt>
      <trkpt lat="34.03880995698273" lon="-118.54227997362614">
        <ele>21.44</ele>
      </trkpt>
      <trkpt lat="34.03877994976938" lon="-118.54215994477272">
        <ele>21.27</ele>
      </trkpt>
      <trkpt lat="34.038749942556024" lon="-118.54206992313266">
        <ele>21.11</ele>
      </trkpt>
      <trkpt lat="34.03865992091596" lon="-118.54177999310195">
        <ele>21.06</ele>
      </trkpt>
      <trkpt lat="34.03864994645119" lon="-118.54175996035337">
        <ele>20.85</ele>
      </trkpt>
      <trkpt lat="34.03854995034635" lon="-118.54145997203887">
        <ele>20.49</ele>
      </trkpt>
      <trkpt lat="34.03849999420345" lon="-118.5413099359721">
        <ele>20.28</ele>
      </trkpt>
      <trkpt lat="34.03845992870629" lon="-118.5411799326539">
        <ele>20.14</ele>
      </trkpt>
      <trkpt lat="34.03837996535003" lon="-118.54096996597946">
        <ele>20.02</ele>
      </trkpt>
      <trkpt lat="34.03836999088526" lon="-118.5409399587661">
        <ele>20.03</ele>
      </trkpt>
      <trkpt lat="34.0383299253881" lon="-118.54083996266127">
        <ele>20.09</ele>
      </trkpt>
      <trkpt lat="34.03821995481849" lon="-118.54061993770301">
        <ele>20.21</ele>
      </trkpt>
      <trkpt lat="34.03815994039178" lon="-118.54049999266863">
        <ele>20.39</ele>
      </trkpt>
      <trkpt lat="34.0380899515003" lon="-118.54036998935044">
        <ele>20.59</ele>
      </trkpt>
      <trkpt lat="34.03799490071833" lon="-118.54018986225128">
        <ele>20.84</ele>
      </trkpt>
      <trkpt lat="34.0378999337554" lon="-118.54000998660922">
        <ele>21.13</ele>
      </trkpt>
      <trkpt lat="34.03776993043721" lon="-118.53976984508336">
        <ele>21.46</ele>
      </trkpt>
      <trkpt lat="34.03763992711902" lon="-118.53952995501459">
        <ele>21.95</ele>
      </trkpt>
      <trkpt lat="34.037569938227534" lon="-118.53940992616117">
        <ele>22.38</ele>
      </trkpt>
      <trkpt lat="34.037549989297986" lon="-118.53936994448304">
        <ele>22.8</ele>
      </trkpt>
      <trkpt lat="34.03740489855409" lon="-118.53909476660192">
        <ele>23.28</ele>
      </trkpt>
      <trkpt lat="34.03725997544825" lon="-118.53881992399693">
        <ele>24.06</ele>
      </trkpt>
      <trkpt lat="34.03721999377012" lon="-118.53874993510544">
        <ele>24.49</ele>
      </trkpt>
      <trkpt lat="34.03716995380819" lon="-118.53863996453583">
        <ele>24.93</ele>
      </trkpt>
      <trkpt lat="34.03701991774142" lon="-118.53832991793752">
        <ele>25.49</ele>
      </trkpt>
      <trkpt lat="34.03693995438516" lon="-118.538169991225">
        <ele>25.84</ele>
      </trkpt>
      <trkpt lat="34.0368499327451" lon="-118.53798986412585">
        <ele>26.13</ele>
      </trkpt>
      <trkpt lat="34.03675999492407" lon="-118.53780998848379">
        <ele>26.43</ele>
      </trkpt>
      <trkpt lat="34.03669998049736" lon="-118.53769993409514">
        <ele>26.68</ele>
      </trkpt>
      <trkpt lat="34.03665999881923" lon="-118.53760999627411">
        <ele>26.83</ele>
      </trkpt>
      <trkpt lat="34.03656989336014" lon="-118.53742484003305">
        <ele>27.08</ele>
      </trkpt>
      <trkpt lat="34.03647995553911" lon="-118.53723993524909">
        <ele>27.52</ele>
      </trkpt>
      <trkpt lat="34.03646998107433" lon="-118.53721998631954">
        <ele>27.64</ele>
      </trkpt>
      <trkpt lat="34.036353221163154" lon="-118.53698311373591">
        <ele>27.81</ele>
      </trkpt>
      <trkpt lat="34.036236461251974" lon="-118.53674632497132">
        <ele>27.67</ele>
      </trkpt>
      <trkpt lat="34.03611995279789" lon="-118.53650995530188">
        <ele>27.46</ele>
      </trkpt>
      <trkpt lat="34.03598986566067" lon="-118.53624475188553">
        <ele>27.26</ele>
      </trkpt>
      <trkpt lat="34.03585994616151" lon="-118.53597996756434">
        <ele>27.14</ele>
      </trkpt>
      <trkpt lat="34.0357999317348" lon="-118.53587997145951">
        <ele>26.81</ele>
      </trkpt>
      <trkpt lat="34.03572994284332" lon="-118.53574996814132">
        <ele>26.21</ele>
      </trkpt>
      <trkpt lat="34.03568996116519" lon="-118.53568995371461">
        <ele>25.68</ele>
      </trkpt>
      <trkpt lat="34.035659953951836" lon="-118.5356299392879">
        <ele>25.13</ele>
      </trkpt>
      <trkpt lat="34.035639921203256" lon="-118.53559993207455">
        <ele>24.58</ele>
      </trkpt>
      <trkpt lat="34.03559993952513" lon="-118.53554997593164">
        <ele>23.91</ele>
      </trkpt>
      <trkpt lat="34.03556993231177" lon="-118.53550999425352">
        <ele>23.26</ele>
      </trkpt>
      <trkpt lat="34.03551997616887" lon="-118.53544997982681">
        <ele>22.53</ele>
      </trkpt>
      <trkpt lat="34.03546993620694" lon="-118.53536993265152">
        <ele>21.79</ele>
      </trkpt>
      <trkpt lat="34.035339932888746" lon="-118.53520992211998">
        <ele>21.38</ele>
      </trkpt>
      <trkpt lat="34.03525996953249" lon="-118.53509995155036">
        <ele>20.9</ele>
      </trkpt>
      <trkpt lat="34.03519995510578" lon="-118.53502996265888">
        <ele>20.18</ele>
      </trkpt>
      <trkpt lat="34.0351799223572" lon="-118.53499995544553">
        <ele>19.47</ele>
      </trkpt>
      <trkpt lat="34.035079926252365" lon="-118.53485997766256">
        <ele>18.74</ele>
      </trkpt>
      <trkpt lat="34.03503994457424" lon="-118.53478998877108">
        <ele>17.98</ele>
      </trkpt>
      <trkpt lat="34.034969955682755" lon="-118.53468999266624">
        <ele>17.23</ele>
      </trkpt>
      <trkpt lat="34.034909941256046" lon="-118.53458999656141">
        <ele>16.56</ele>
      </trkpt>
      <trkpt lat="34.03486995957792" lon="-118.5345299821347">
        <ele>15.73</ele>
      </trkpt>
      <trkpt lat="34.03478999622166" lon="-118.53437994606793">
        <ele>14.85</ele>
      </trkpt>
      <trkpt lat="34.0347499307245" lon="-118.53429998271167">
        <ele>14.0</ele>
      </trkpt>
      <trkpt lat="34.03473995625973" lon="-118.53426997549832">
        <ele>13.25</ele>
      </trkpt>
      <trkpt lat="34.03471992351115" lon="-118.53423996828496">
        <ele>12.53</ele>
      </trkpt>
      <trkpt lat="34.0346999745816" lon="-118.53418992832303">
        <ele>11.82</ele>
      </trkpt>
      <trkpt lat="34.034649934619665" lon="-118.5340899322182">
        <ele>11.2</ele>
      </trkpt>
      <trkpt lat="34.03462998569012" lon="-118.53404995054007">
        <ele>10.55</ele>
      </trkpt>
      <trkpt lat="34.03460995294154" lon="-118.53399999439716">
        <ele>9.9</ele>
      </trkpt>
      <trkpt lat="34.03457994572818" lon="-118.53391994722188">
        <ele>9.23</ele>
      </trkpt>
      <trkpt lat="34.03448489494622" lon="-118.53369472548366">
        <ele>8.52</ele>
      </trkpt>
      <trkpt lat="34.034389927983284" lon="-118.5334699228406">
        <ele>7.93</ele>
      </trkpt>
      <trkpt lat="34.0342699829489" lon="-118.53319994173944">
        <ele>7.45</ele>
      </trkpt>
      <trkpt lat="34.03425992466509" lon="-118.53315996006131">
        <ele>6.91</ele>
      </trkpt>
      <trkpt lat="34.03418993577361" lon="-118.53300992399454">
        <ele>6.32</ele>
      </trkpt>
      <trkpt lat="34.03417996130884" lon="-118.53296994231641">
        <ele>5.86</ele>
      </trkpt>
      <trkpt lat="34.03403981588781" lon="-118.5326321516186">
        <ele>5.49</ele>
      </trkpt>
      <trkpt lat="34.03389967046678" lon="-118.53229427710176">
        <ele>5.06</ele>
      </trkpt>
      <trkpt lat="34.03375952504575" lon="-118.53195648640394">
        <ele>4.73</ele>
      </trkpt>
      <trkpt lat="34.033619966357946" lon="-118.5316199529916">
        <ele>4.42</ele>
      </trkpt>
      <trkpt lat="34.033619966357946" lon="-118.53160997852683">
        <ele>4.18</ele>
      </trkpt>
      <trkpt lat="34.033549977466464" lon="-118.53144996799529">
        <ele>3.99</ele>
      </trkpt>
      <trkpt lat="34.03353991918266" lon="-118.53141996078193">
        <ele>3.84</ele>
      </trkpt>
      <trkpt lat="34.033529944717884" lon="-118.53140998631716">
        <ele>3.73</ele>
      </trkpt>
      <trkpt lat="34.033409832045436" lon="-118.5311196371913">
        <ele>3.68</ele>
      </trkpt>
      <trkpt lat="34.03328997083008" lon="-118.53082995861769">
        <ele>3.65</ele>
      </trkpt>
      <trkpt lat="34.033209923654795" lon="-118.53063994087279">
        <ele>3.7</ele>
      </trkpt>
      <trkpt lat="34.03312996029854" lon="-118.53043994866312">
        <ele>3.78</ele>
      </trkpt>
      <trkpt lat="34.033119985833764" lon="-118.53038999252021">
        <ele>3.92</ele>
      </trkpt>
      <trkpt lat="34.03302317485213" lon="-118.53015974164009">
        <ele>4.1</ele>
      </trkpt>
      <trkpt lat="34.03292644768953" lon="-118.52992949075997">
        <ele>4.33</ele>
      </trkpt>
      <trkpt lat="34.03282997198403" lon="-118.52969999425113">
        <ele>4.6</ele>
      </trkpt>
      <trkpt lat="34.032699801027775" lon="-118.52938969619572">
        <ele>4.93</ele>
      </trkpt>
      <trkpt lat="34.03256996534765" lon="-118.52907998487353">
        <ele>5.32</ele>
      </trkpt>
      <trkpt lat="34.032499976456165" lon="-118.52889994159341">
        <ele>5.75</ele>
      </trkpt>
      <trkpt lat="34.03239998035133" lon="-118.52864999324083">
        <ele>6.19</ele>
      </trkpt>
      <trkpt lat="34.032369973137975" lon="-118.52855997160077">
        <ele>6.69</ele>
      </trkpt>
      <trkpt lat="34.03232999145985" lon="-118.52844991721213">
        <ele>7.24</ele>
      </trkpt>
      <trkpt lat="34.03229998424649" lon="-118.52833994664252">
        <ele>7.82</ele>
      </trkpt>
      <trkpt lat="34.03228992596269" lon="-118.52829996496439">
        <ele>8.45</ele>
      </trkpt>
      <trkpt lat="34.03227995149791" lon="-118.52829996496439">
        <ele>9.08</ele>
      </trkpt>
      <trkpt lat="34.03224994428456" lon="-118.52817993611097">
        <ele>9.73</ele>
      </trkpt>
      <trkpt lat="34.032219937071204" lon="-118.52804993279278">
        <ele>10.42</ele>
      </trkpt>
      <trkpt lat="34.03218490071595" lon="-118.52785463444889">
        <ele>11.14</ele>
      </trkpt>
      <trkpt lat="34.03214994817972" lon="-118.52765992283821">
        <ele>12.0</ele>
      </trkpt>
      <trkpt lat="34.032109966501594" lon="-118.52748993784189">
        <ele>12.8</ele>
      </trkpt>
      <trkpt lat="34.03207995928824" lon="-118.5273599345237">
        <ele>13.7</ele>
      </trkpt>
      <trkpt lat="34.032029919326305" lon="-118.52712993510067">
        <ele>14.44</ele>
      </trkpt>
      <trkpt lat="34.0319799631834" lon="-118.52691996842623">
        <ele>15.19</ele>
      </trkpt>
      <trkpt lat="34.03195993043482" lon="-118.5268699284643">
        <ele>15.9</ele>
      </trkpt>
      <trkpt lat="34.03194995597005" lon="-118.52682994678617">
        <ele>16.62</ele>
      </trkpt>
      <trkpt lat="34.03192992322147" lon="-118.52676993235946">
        <ele>17.34</ele>
      </trkpt>
      <trkpt lat="34.03188994154334" lon="-118.52663992904127">
        <ele>17.93</ele>
      </trkpt>
      <trkpt lat="34.03182992711663" lon="-118.5264999512583">
        <ele>18.3</ele>
      </trkpt>
      <trkpt lat="34.031789945438504" lon="-118.52640992961824">
        <ele>18.87</ele>
      </trkpt>
      <trkpt lat="34.03169992379844" lon="-118.52619996294379">
        <ele>19.36</ele>
      </trkpt>
      <trkpt lat="34.03169992379844" lon="-118.52618998847902">
        <ele>19.93</ele>
      </trkpt>
      <trkpt lat="34.03168994933367" lon="-118.52617993019521">
        <ele>20.46</ele>
      </trkpt>
      <trkpt lat="34.03166991658509" lon="-118.52612997405231">
        <ele>20.96</ele>
      </trkpt>
      <trkpt lat="34.03156983666122" lon="-118.52588471956551">
        <ele>21.67</ele>
      </trkpt>
      <trkpt lat="34.031469924375415" lon="-118.5256399679929">
        <ele>22.54</ele>
      </trkpt>
      <trkpt lat="34.03142994269729" lon="-118.52555992081761">
        <ele>23.01</ele>
      </trkpt>
      <trkpt lat="34.031379986554384" lon="-118.52543997578323">
        <ele>23.38</ele>
      </trkpt>
      <trkpt lat="34.03127999044955" lon="-118.5252099763602">
        <ele>23.56</ele>
      </trkpt>
      <trkpt lat="34.03119994327426" lon="-118.52502993308008">
        <ele>23.67</ele>
      </trkpt>
      <trkpt lat="34.0311099216342" lon="-118.5248299408704">
        <ele>23.84</ele>
      </trkpt>
      <trkpt lat="34.03104999102652" lon="-118.52469993755221">
        <ele>23.9</ele>
      </trkpt>
      <trkpt lat="34.03100992552936" lon="-118.52462994866073">
        <ele>23.82</ele>
      </trkpt>
      <trkpt lat="34.03091998770833" lon="-118.52447999641299">
        <ele>23.74</ele>
      </trkpt>
      <trkpt lat="34.03082996606827" lon="-118.52430992759764">
        <ele>23.63</ele>
      </trkpt>
      <trkpt lat="34.03066995553672" lon="-118.52400993928313">
        <ele>23.08</ele>
      </trkpt>
      <trkpt lat="34.03063994832337" lon="-118.52394992485642">
        <ele>22.73</ele>
      </trkpt>
      <trkpt lat="34.03052997775376" lon="-118.52376996539533">
        <ele>22.24</ele>
      </trkpt>
      <trkpt lat="34.03042998164892" lon="-118.52356997318566">
        <ele>21.81</ele>
      </trkpt>
      <trkpt lat="34.030329901725054" lon="-118.5233948752284">
        <ele>21.11</ele>
      </trkpt>
      <trkpt lat="34.03022998943925" lon="-118.52321994490921">
        <ele>20.67</ele>
      </trkpt>
      <trkpt lat="34.03012990951538" lon="-118.52303990162909">
        <ele>20.21</ele>
      </trkpt>
      <trkpt lat="34.030029997229576" lon="-118.522859942168">
        <ele>19.6</ele>
      </trkpt>
      <trkpt lat="34.02993494644761" lon="-118.52268484421074">
        <ele>19.18</ele>
      </trkpt>
      <trkpt lat="34.02983997948468" lon="-118.52250999771059">
        <ele>18.64</ele>
      </trkpt>
      <trkpt lat="34.02982992120087" lon="-118.52249993942678">
        <ele>18.13</ele>
      </trkpt>
      <trkpt lat="34.02973998337984" lon="-118.52232995443046">
        <ele>17.46</ele>
      </trkpt>
      <trkpt lat="34.029729925096035" lon="-118.52230992168188">
        <ele>16.93</ele>
      </trkpt>
      <trkpt lat="34.02958491817117" lon="-118.52205988951027">
        <ele>16.61</ele>
      </trkpt>
      <trkpt lat="34.02943999506533" lon="-118.5218099411577">
        <ele>15.9</ele>
      </trkpt>
      <trkpt lat="34.0293899551034" lon="-118.52171991951764">
        <ele>15.37</ele>
      </trkpt>
      <trkpt lat="34.02930999174714" lon="-118.52157994173467">
        <ele>14.95</ele>
      </trkpt>
      <trkpt lat="34.02926992624998" lon="-118.52150995284319">
        <ele>14.43</ele>
      </trkpt>
      <trkpt lat="34.02917998842895" lon="-118.521379949525">
        <ele>13.84</ele>
      </trkpt>
      <trkpt lat="34.029079992324114" lon="-118.52120996452868">
        <ele>13.42</ele>
      </trkpt>
      <trkpt lat="34.0290099196136" lon="-118.52109999395907">
        <ele>12.94</ele>
      </trkpt>
      <trkpt lat="34.0289599634707" lon="-118.521009972319">
        <ele>12.54</ele>
      </trkpt>
      <trkpt lat="34.02885996736586" lon="-118.52085993625224">
        <ele>11.97</ele>
      </trkpt>
      <trkpt lat="34.02879995293915" lon="-118.5207599401474">
        <ele>11.67</ele>
      </trkpt>
      <trkpt lat="34.02877992019057" lon="-118.52071995846927">
        <ele>11.3</ele>
      </trkpt>
      <trkpt lat="34.028719989582896" lon="-118.52063999511302">
        <ele>10.81</ele>
      </trkpt>
      <trkpt lat="34.028679924085736" lon="-118.52054997347295">
        <ele>10.34</ele>
      </trkpt>
      <trkpt lat="34.028609935194254" lon="-118.52041997015476">
        <ele>9.99</ele>
      </trkpt>
      <trkpt lat="34.02848999015987" lon="-118.52015996351838">
        <ele>9.81</ele>
      </trkpt>
      <trkpt lat="34.028439950197935" lon="-118.52002996020019">
        <ele>9.38</ele>
      </trkpt>
      <trkpt lat="34.02842997573316" lon="-118.51998997852206">
        <ele>9.03</ele>
      </trkpt>
      <trkpt lat="34.02839996851981" lon="-118.51991998963058">
        <ele>8.65</ele>
      </trkpt>
      <trkpt lat="34.02837993577123" lon="-118.51985997520387">
        <ele>8.33</ele>
      </trkpt>
      <trkpt lat="34.028329979628325" lon="-118.51975997909904">
        <ele>8.02</ele>
      </trkpt>
      <trkpt lat="34.028329979628325" lon="-118.51974992081523">
        <ele>7.74</ele>
      </trkpt>
      <trkpt lat="34.02831992134452" lon="-118.51972997188568">
        <ele>7.47</ele>
      </trkpt>
      <trkpt lat="34.028289997950196" lon="-118.5196599829942">
        <ele>7.16</ele>
      </trkpt>
      <trkpt lat="34.02825999073684" lon="-118.51960994303226">
        <ele>6.9</ele>
      </trkpt>
      <trkpt lat="34.02821992523968" lon="-118.51956996135414">
        <ele>6.67</ele>
      </trkpt>
      <trkpt lat="34.02812998741865" lon="-118.51942998357117">
        <ele>6.44</ele>
      </trkpt>
      <trkpt lat="34.02810995467007" lon="-118.51939997635782">
        <ele>6.32</ele>
      </trkpt>
      <trkpt lat="34.0280999802053" lon="-118.51938991807401">
        <ele>6.27</ele>
      </trkpt>
      <trkpt lat="34.0280999802053" lon="-118.51937994360924">
        <ele>6.27</ele>
      </trkpt>
      <trkpt lat="34.02808992192149" lon="-118.51936996914446">
        <ele>6.31</ele>
      </trkpt>
      <trkpt lat="34.02806997299194" lon="-118.51933996193111">
        <ele>6.39</ele>
      </trkpt>
      <trkpt lat="34.02804994024336" lon="-118.51931992918253">
        <ele>6.53</ele>
      </trkpt>
      <trkpt lat="34.027989925816655" lon="-118.5192299913615">
        <ele>6.71</ele>
      </trkpt>
      <trkpt lat="34.027859922498465" lon="-118.5190399736166">
        <ele>6.96</ele>
      </trkpt>
      <trkpt lat="34.02779999189079" lon="-118.51893997751176">
        <ele>7.25</ele>
      </trkpt>
      <trkpt lat="34.02775992639363" lon="-118.51887996308506">
        <ele>7.6</ele>
      </trkpt>
      <trkpt lat="34.027749951928854" lon="-118.51886998862028">
        <ele>8.03</ele>
      </trkpt>
      <trkpt lat="34.027749951928854" lon="-118.5188499558717">
        <ele>8.51</ele>
      </trkpt>
      <trkpt lat="34.02773997746408" lon="-118.51876999251544">
        <ele>9.05</ele>
      </trkpt>
      <trkpt lat="34.02773997746408" lon="-118.51871995255351">
        <ele>9.64</ele>
      </trkpt>
      <trkpt lat="34.0277199447155" lon="-118.51868994534016">
        <ele>10.28</ele>
      </trkpt>
      <trkpt lat="34.02764995582402" lon="-118.51855994202197">
        <ele>10.99</ele>
      </trkpt>
      <trkpt lat="34.02758994139731" lon="-118.51845994591713">
        <ele>11.75</ele>
      </trkpt>
      <trkpt lat="34.02745993807912" lon="-118.5182299464941">
        <ele>12.58</ele>
      </trkpt>
      <trkpt lat="34.027299927547574" lon="-118.51793993264437">
        <ele>13.45</ele>
      </trkpt>
      <trkpt lat="34.027194902300835" lon="-118.51773985661566">
        <ele>14.35</ele>
      </trkpt>
      <trkpt lat="34.02708996087313" lon="-118.51753994822502">
        <ele>15.31</ele>
      </trkpt>
      <trkpt lat="34.02699985541403" lon="-118.51734984666109">
        <ele>16.31</ele>
      </trkpt>
      <trkpt lat="34.026909917593" lon="-118.51715999655426">
        <ele>17.33</ele>
      </trkpt>
      <trkpt lat="34.026849986985326" lon="-118.51702999323606">
        <ele>18.34</ele>
      </trkpt>
      <trkpt lat="34.02673984877765" lon="-118.51679479703307">
        <ele>19.38</ele>
      </trkpt>
      <trkpt lat="34.02662996202707" lon="-118.5165599361062">
        <ele>20.34</ele>
      </trkpt>
      <trkpt lat="34.02655997313559" lon="-118.51642993278801">
        <ele>21.32</ele>
      </trkpt>
      <trkpt lat="34.02649995870888" lon="-118.51628995500505">
        <ele>22.3</ele>
      </trkpt>
      <trkpt lat="34.02640993706882" lon="-118.51611997000873">
        <ele>23.29</ele>
      </trkpt>
      <trkpt lat="34.02626484632492" lon="-118.51581973023713">
        <ele>24.57</ele>
      </trkpt>
      <trkpt lat="34.026119923219085" lon="-118.51551999337971">
        <ele>25.95</ele>
      </trkpt>
      <trkpt lat="34.025994865223765" lon="-118.51527985185385">
        <ele>26.57</ele>
      </trkpt>
      <trkpt lat="34.02586997486651" lon="-118.51503996178508">
        <ele>27.4</ele>
      </trkpt>
      <trkpt lat="34.0258099604398" lon="-118.51491993293166">
        <ele>27.99</ele>
      </trkpt>
      <trkpt lat="34.02577995322645" lon="-118.51484994404018">
        <ele>28.54</ele>
      </trkpt>
      <trkpt lat="34.025689931586385" lon="-118.51467987522483">
        <ele>29.01</ele>
      </trkpt>
      <trkpt lat="34.025599993765354" lon="-118.51450997404754">
        <ele>29.56</ele>
      </trkpt>
      <trkpt lat="34.02550997212529" lon="-118.51433998905122">
        <ele>29.98</ele>
      </trkpt>
      <trkpt lat="34.02550997212529" lon="-118.51431995630264">
        <ele>30.45</ele>
      </trkpt>
      <trkpt lat="34.025429924950004" lon="-118.51416992023587">
        <ele>30.72</ele>
      </trkpt>
      <trkpt lat="34.02531995438039" lon="-118.51394997909665">
        <ele>30.94</ele>
      </trkpt>
      <trkpt lat="34.025279972702265" lon="-118.51387999020517">
        <ele>31.24</ele>
      </trkpt>
      <trkpt lat="34.02522993274033" lon="-118.51376993581653">
        <ele>31.59</ele>
      </trkpt>
      <trkpt lat="34.02511987835169" lon="-118.51355980150402">
        <ele>31.79</ele>
      </trkpt>
      <trkpt lat="34.02500999160111" lon="-118.5133499186486">
        <ele>32.07</ele>
      </trkpt>
      <trkpt lat="34.02491996996105" lon="-118.51315998472273">
        <ele>32.28</ele>
      </trkpt>
      <trkpt lat="34.02486992999911" lon="-118.51307993754745">
        <ele>32.31</ele>
      </trkpt>
      <trkpt lat="34.024784937500954" lon="-118.51291984319687">
        <ele>32.32</ele>
      </trkpt>
      <trkpt lat="34.024699945002794" lon="-118.51275991648436">
        <ele>32.45</ele>
      </trkpt>
      <trkpt lat="34.02460992336273" lon="-118.51258993148804">
        <ele>32.42</ele>
      </trkpt>
      <trkpt lat="34.02448997832835" lon="-118.51238993927836">
        <ele>32.29</ele>
      </trkpt>
      <trkpt lat="34.024379923939705" lon="-118.51219992153347">
        <ele>32.28</ele>
      </trkpt>
      <trkpt lat="34.024269953370094" lon="-118.51202993653715">
        <ele>32.12</ele>
      </trkpt>
      <trkpt lat="34.02414992451668" lon="-118.51182994432747">
        <ele>32.05</ele>
      </trkpt>
      <trkpt lat="34.02402997948229" lon="-118.51164998486638">
        <ele>31.84</ele>
      </trkpt>
      <trkpt lat="34.02399997226894" lon="-118.51159994490445">
        <ele>31.64</ele>
      </trkpt>
      <trkpt lat="34.0238899178803" lon="-118.51144999265671">
        <ele>31.5</ele>
      </trkpt>
      <trkpt lat="34.02378992177546" lon="-118.51129995658994">
        <ele>31.25</ele>
      </trkpt>
      <trkpt lat="34.02360996231437" lon="-118.51101991720498">
        <ele>31.06</ele>
      </trkpt>
      <trkpt lat="34.02344995178282" lon="-118.51079997606575">
        <ele>30.73</ele>
      </trkpt>
      <trkpt lat="34.023349955677986" lon="-118.51065999828279">
        <ele>30.56</ele>
      </trkpt>
      <trkpt lat="34.023239985108376" lon="-118.5105299949646">
        <ele>30.27</ele>
      </trkpt>
      <trkpt lat="34.02313998900354" lon="-118.51039999164641">
        <ele>29.97</ele>
      </trkpt>
      <trkpt lat="34.023089949041605" lon="-118.51031994447112">
        <ele>29.73</ele>
      </trkpt>
      <trkpt lat="34.02305994182825" lon="-118.51028993725777">
        <ele>29.44</ele>
      </trkpt>
      <trkpt lat="34.02296992018819" lon="-118.51016999222338">
        <ele>29.09</ele>
      </trkpt>
      <trkpt lat="34.022829942405224" lon="-118.50998994894326">
        <ele>28.78</ele>
      </trkpt>
      <trkpt lat="34.02264998294413" lon="-118.50977998226881">
        <ele>28.48</ele>
      </trkpt>
      <trkpt lat="34.022440016269684" lon="-118.50950002670288">
        <ele>28.22</ele>
      </trkpt>
      <trkpt lat="34.022229965776205" lon="-118.50921998731792">
        <ele>27.97</ele>
      </trkpt>
      <trkpt lat="34.0221699513495" lon="-118.50914999842644">
        <ele>27.59</ele>
      </trkpt>
      <trkpt lat="34.021989991888404" lon="-118.50891999900341">
        <ele>27.26</ele>
      </trkpt>
      <trkpt lat="34.02188002131879" lon="-118.50878002122045">
        <ele>26.85</ele>
      </trkpt>
      <trkpt lat="34.02176996693015" lon="-118.50863995961845">
        <ele>26.48</ele>
      </trkpt>
      <trkpt lat="34.02171992696822" lon="-118.50857994519174">
        <ele>26.09</ele>
      </trkpt>
      <trkpt lat="34.02156997472048" lon="-118.50838992744684">
        <ele>25.8</ele>
      </trkpt>
      <trkpt lat="34.02143997140229" lon="-118.50820996798575">
        <ele>25.39</ele>
      </trkpt>
      <trkpt lat="34.021369982510805" lon="-118.50811994634569">
        <ele>25.12</ele>
      </trkpt>
      <trkpt lat="34.02125992812216" lon="-118.50799991749227">
        <ele>24.6</ele>
      </trkpt>
      <trkpt lat="34.02109991759062" lon="-118.50778995081782">
        <ele>24.11</ele>
      </trkpt>
      <trkpt lat="34.02095993980765" lon="-118.50760999135673">
        <ele>23.91</ele>
      </trkpt>
      <trkpt lat="34.0209299325943" lon="-118.5075599513948">
        <ele>23.69</ele>
      </trkpt>
      <trkpt lat="34.0208799764514" lon="-118.50749993696809">
        <ele>23.48</ele>
      </trkpt>
      <trkpt lat="34.0206949878484" lon="-118.50726499222219">
        <ele>23.47</ele>
      </trkpt>
      <trkpt lat="34.020509999245405" lon="-118.50702996365726">
        <ele>23.41</ele>
      </trkpt>
      <trkpt lat="34.02036993764341" lon="-118.50684992037714">
        <ele>23.15</ele>
      </trkpt>
      <trkpt lat="34.0203099232167" lon="-118.50676995702088">
        <ele>23.08</ele>
      </trkpt>
      <trkpt lat="34.02026994153857" lon="-118.50672997534275">
        <ele>22.91</ele>
      </trkpt>
      <trkpt lat="34.02019995264709" lon="-118.50664992816746">
        <ele>22.63</ele>
      </trkpt>
      <trkpt lat="34.02015997096896" lon="-118.50659997202456">
        <ele>22.38</ele>
      </trkpt>
      <trkpt lat="34.02008998207748" lon="-118.5065099503845">
        <ele>22.18</ele>
      </trkpt>
      <trkpt lat="34.01999996043742" lon="-118.50638992153108">
        <ele>22.06</ele>
      </trkpt>
      <trkpt lat="34.01998998597264" lon="-118.5063799470663">
        <ele>21.87</ele>
      </trkpt>
      <trkpt lat="34.01997992768884" lon="-118.50636997260153">
        <ele>21.69</ele>
      </trkpt>
      <trkpt lat="34.019799968227744" lon="-118.50612999871373">
        <ele>21.34</ele>
      </trkpt>
      <trkpt lat="34.01972997933626" lon="-118.50604995153844">
        <ele>21.17</ele>
      </trkpt>
      <trkpt lat="34.0196399576962" lon="-118.50592992268503">
        <ele>21.13</ele>
      </trkpt>
      <trkpt lat="34.01951992884278" lon="-118.50576999597251">
        <ele>20.93</ele>
      </trkpt>
      <trkpt lat="34.01934499852359" lon="-118.5055500548333">
        <ele>20.92</ele>
      </trkpt>
      <trkpt lat="34.01916998438537" lon="-118.50532994605601">
        <ele>20.83</ele>
      </trkpt>
      <trkpt lat="34.01910996995866" lon="-118.50524998269975">
        <ele>20.82</ele>
      </trkpt>
      <trkpt lat="34.019049955531955" lon="-118.50517999380827">
        <ele>20.81</ele>
      </trkpt>
      <trkpt lat="34.018939984962344" lon="-118.5050349868834">
        <ele>20.78</ele>
      </trkpt>
      <trkpt lat="34.0188299305737" lon="-118.50488997995853">
        <ele>20.76</ele>
      </trkpt>
      <trkpt lat="34.018749967217445" lon="-118.5047899838537">
        <ele>20.74</ele>
      </trkpt>
      <trkpt lat="34.01871996000409" lon="-118.50474991835654">
        <ele>20.71</ele>
      </trkpt>
      <trkpt lat="34.01869992725551" lon="-118.50472996942699">
        <ele>20.68</ele>
      </trkpt>
      <trkpt lat="34.01865994557738" lon="-118.50467992946506">
        <ele>20.65</ele>
      </trkpt>
      <trkpt lat="34.01855994947255" lon="-118.50454992614686">
        <ele>20.62</ele>
      </trkpt>
      <trkpt lat="34.018400022760034" lon="-118.50434498861432">
        <ele>20.56</ele>
      </trkpt>
      <trkpt lat="34.01823992840946" lon="-118.50413996726274">
        <ele>20.6</ele>
      </trkpt>
      <trkpt lat="34.01817999780178" lon="-118.50405992008746">
        <ele>20.6</ele>
      </trkpt>
      <trkpt lat="34.01798998005688" lon="-118.50381994619966">
        <ele>20.68</ele>
      </trkpt>
      <trkpt lat="34.01779996231198" lon="-118.50357997231185">
        <ele>20.7</ele>
      </trkpt>
      <trkpt lat="34.01770994067192" lon="-118.50355993956327">
        <ele>20.49</ele>
      </trkpt>
      <trkpt lat="34.01763995178044" lon="-118.50347997620702">
        <ele>20.36</ele>
      </trkpt>
      <trkpt lat="34.01757993735373" lon="-118.50339992903173">
        <ele>20.4</ele>
      </trkpt>
      <trkpt lat="34.01739997789264" lon="-118.50317001342773">
        <ele>20.35</ele>
      </trkpt>
      <trkpt lat="34.01721993461251" lon="-118.50293993018568">
        <ele>20.22</ele>
      </trkpt>
      <trkpt lat="34.01716997846961" lon="-118.502879999578">
        <ele>20.19</ele>
      </trkpt>
      <trkpt lat="34.01697996072471" lon="-118.50262996740639">
        <ele>20.07</ele>
      </trkpt>
      <trkpt lat="34.016815004870296" lon="-118.50242502987385">
        <ele>20.01</ele>
      </trkpt>
      <trkpt lat="34.01664996519685" lon="-118.50221992470324">
        <ele>20.07</ele>
      </trkpt>
      <trkpt lat="34.016599925234914" lon="-118.50214993581176">
        <ele>20.0</ele>
      </trkpt>
      <trkpt lat="34.0164899546653" lon="-118.5020099580288">
        <ele>19.94</ele>
      </trkpt>
      <trkpt lat="34.01639993302524" lon="-118.50189998745918">
        <ele>19.9</ele>
      </trkpt>
      <trkpt lat="34.01635995134711" lon="-118.50183997303247">
        <ele>19.9</ele>
      </trkpt>
      <trkpt lat="34.01622994802892" lon="-118.50167996250093">
        <ele>19.86</ele>
      </trkpt>
      <trkpt lat="34.01613992638886" lon="-118.50155993364751">
        <ele>19.82</ele>
      </trkpt>
      <trkpt lat="34.01602995581925" lon="-118.50142993032932">
        <ele>19.82</ele>
      </trkpt>
      <trkpt lat="34.015829963609576" lon="-118.50118995644152">
        <ele>19.64</ele>
      </trkpt>
      <trkpt lat="34.015719993039966" lon="-118.5010699275881">
        <ele>19.68</ele>
      </trkpt>
      <trkpt lat="34.01570993475616" lon="-118.50104997865856">
        <ele>19.65</ele>
      </trkpt>
      <trkpt lat="34.015699960291386" lon="-118.50102994590998">
        <ele>19.63</ele>
      </trkpt>
      <trkpt lat="34.015569956973195" lon="-118.50088996812701">
        <ele>19.68</ele>
      </trkpt>
      <trkpt lat="34.01548999361694" lon="-118.50079994648695">
        <ele>19.59</ele>
      </trkpt>
      <trkpt lat="34.01544992811978" lon="-118.50074999034405">
        <ele>19.46</ele>
      </trkpt>
      <trkpt lat="34.01542997919023" lon="-118.50072995759547">
        <ele>19.34</ele>
      </trkpt>
      <trkpt lat="34.01533995755017" lon="-118.50061998702586">
        <ele>19.17</ele>
      </trkpt>
      <trkpt lat="34.0151899214834" lon="-118.5004499182105">
        <ele>19.06</ele>
      </trkpt>
      <trkpt lat="34.01510995812714" lon="-118.50035998038948">
        <ele>19.0</ele>
      </trkpt>
      <trkpt lat="34.015009962022305" lon="-118.50023995153606">
        <ele>18.93</ele>
      </trkpt>
      <trkpt lat="34.01486998423934" lon="-118.5000999737531">
        <ele>18.58</ele>
      </trkpt>
      <trkpt lat="34.0147699881345" lon="-118.49997994489968">
        <ele>18.47</ele>
      </trkpt>
      <trkpt lat="34.014600086957216" lon="-118.49979504011571">
        <ele>18.22</ele>
      </trkpt>
      <trkpt lat="34.014429934322834" lon="-118.49960996769369">
        <ele>18.1</ele>
      </trkpt>
      <trkpt lat="34.01426992379129" lon="-118.49942992441356">
        <ele>17.95</ele>
      </trkpt>
      <trkpt lat="34.01417998597026" lon="-118.49932992830873">
        <ele>17.83</ele>
      </trkpt>
      <trkpt lat="34.01407998986542" lon="-118.49922993220389">
        <ele>17.72</ele>
      </trkpt>
      <trkpt lat="34.01388997212052" lon="-118.49900999106467">
        <ele>17.57</ele>
      </trkpt>
      <trkpt lat="34.01366994716227" lon="-118.49876993335783">
        <ele>17.38</ele>
      </trkpt>
      <trkpt lat="34.01361999101937" lon="-118.49871997721493">
        <ele>17.21</ele>
      </trkpt>
      <trkpt lat="34.01360993273556" lon="-118.49870991893113">
        <ele>16.98</ele>
      </trkpt>
      <trkpt lat="34.01347992941737" lon="-118.49856994114816">
        <ele>16.74</ele>
      </trkpt>
      <trkpt lat="34.01336995884776" lon="-118.49843993782997">
        <ele>16.5</ele>
      </trkpt>
      <trkpt lat="34.01329996995628" lon="-118.49835997447371">
        <ele>16.23</ele>
      </trkpt>
      <trkpt lat="34.01321992278099" lon="-118.49827992729843">
        <ele>15.89</ele>
      </trkpt>
      <trkpt lat="34.01316996663809" lon="-118.49822997115552">
        <ele>15.56</ele>
      </trkpt>
      <trkpt lat="34.013119926676154" lon="-118.49816995672882">
        <ele>15.3</ele>
      </trkpt>
      <trkpt lat="34.01305999606848" lon="-118.49809996783733">
        <ele>15.03</ele>
      </trkpt>
      <trkpt lat="34.01301993057132" lon="-118.4980599861592">
        <ele>14.69</ele>
      </trkpt>
      <trkpt lat="34.012989923357964" lon="-118.49802997894585">
        <ele>14.33</ele>
      </trkpt>
      <trkpt lat="34.01286997832358" lon="-118.49789997562766">
        <ele>13.94</ele>
      </trkpt>
      <trkpt lat="34.01272991672158" lon="-118.49773996509612">
        <ele>13.64</ele>
      </trkpt>
      <trkpt lat="34.01258507743478" lon="-118.4975800383836">
        <ele>13.19</ele>
      </trkpt>
      <trkpt lat="34.01243998669088" lon="-118.49741994403303">
        <ele>12.94</ele>
      </trkpt>
      <trkpt lat="34.01230998337269" lon="-118.49727996625006">
        <ele>12.68</ele>
      </trkpt>
      <trkpt lat="34.01229992508888" lon="-118.49726999178529">
        <ele>12.43</ele>
      </trkpt>
      <trkpt lat="34.012129940092564" lon="-118.49708994850516">
        <ele>12.23</ele>
      </trkpt>
      <trkpt lat="34.0119899623096" lon="-118.49691996350884">
        <ele>11.93</ele>
      </trkpt>
      <trkpt lat="34.011959955096245" lon="-118.49688995629549">
        <ele>11.76</ele>
      </trkpt>
      <trkpt lat="34.01192994788289" lon="-118.49685994908214">
        <ele>11.64</ele>
      </trkpt>
      <trkpt lat="34.01190999895334" lon="-118.49681996740401">
        <ele>11.54</ele>
      </trkpt>
      <trkpt lat="34.01185995899141" lon="-118.4967599529773">
        <ele>11.46</ele>
      </trkpt>
      <trkpt lat="34.01183992624283" lon="-118.49671997129917">
        <ele>11.35</ele>
      </trkpt>
      <trkpt lat="34.01183514855802" lon="-118.496716869995">
        <ele>11.28</ele>
      </trkpt>
      <trkpt lat="34.01173993013799" lon="-118.49667998962104">
        <ele>11.15</ele>
      </trkpt>
      <trkpt lat="34.01174269616604" lon="-118.49668233655393">
        <ele>11.18</ele>
      </trkpt>
      <trkpt lat="34.01170992292464" lon="-118.49658996798098">
        <ele>11.25</ele>
      </trkpt>
      <trkpt lat="34.011699948459864" lon="-118.4965799935162">
        <ele>11.33</ele>
      </trkpt>
      <trkpt lat="34.011659966781735" lon="-118.4965199790895">
        <ele>11.46</ele>
      </trkpt>
      <trkpt lat="34.011639934033155" lon="-118.49648997187614">
        <ele>11.61</ele>
      </trkpt>
      <trkpt lat="34.01159995235503" lon="-118.49642995744944">
        <ele>11.78</ele>
      </trkpt>
      <trkpt lat="34.011509930714965" lon="-118.49629995413125">
        <ele>11.96</ele>
      </trkpt>
      <trkpt lat="34.01145997457206" lon="-118.49621999077499">
        <ele>12.14</ele>
      </trkpt>
      <trkpt lat="34.01127330958843" lon="-118.49595327861607">
        <ele>12.41</ele>
      </trkpt>
      <trkpt lat="34.0110866446048" lon="-118.49568665027618">
        <ele>12.65</ele>
      </trkpt>
      <trkpt lat="34.01089997962117" lon="-118.49541993811727">
        <ele>12.91</ele>
      </trkpt>
      <trkpt lat="34.010859997943044" lon="-118.49535992369056">
        <ele>13.12</ele>
      </trkpt>
      <trkpt lat="34.01080995798111" lon="-118.49528993479908">
        <ele>13.33</ele>
      </trkpt>
      <trkpt lat="34.010779950767756" lon="-118.49522992037237">
        <ele>13.54</ele>
      </trkpt>
      <trkpt lat="34.01073996908963" lon="-118.49515993148088">
        <ele>13.74</ele>
      </trkpt>
      <trkpt lat="34.01071993634105" lon="-118.49510997533798">
        <ele>13.95</ele>
      </trkpt>
      <trkpt lat="34.01070996187627" lon="-118.49507996812463">
        <ele>14.16</ele>
      </trkpt>
      <trkpt lat="34.01068992912769" lon="-118.49504996091127">
        <ele>14.36</ele>
      </trkpt>
      <trkpt lat="34.010669980198145" lon="-118.49498994648457">
        <ele>14.58</ele>
      </trkpt>
      <trkpt lat="34.010649947449565" lon="-118.49492993205786">
        <ele>14.79</ele>
      </trkpt>
      <trkpt lat="34.01062999852002" lon="-118.49485994316638">
        <ele>15.0</ele>
      </trkpt>
      <trkpt lat="34.01061994023621" lon="-118.49480998702347">
        <ele>15.22</ele>
      </trkpt>
      <trkpt lat="34.01060996577144" lon="-118.49474997259676">
        <ele>15.43</ele>
      </trkpt>
      <trkpt lat="34.01059999130666" lon="-118.49469993263483">
        <ele>15.64</ele>
      </trkpt>
      <trkpt lat="34.01059999130666" lon="-118.49466992542148">
        <ele>15.83</ele>
      </trkpt>
      <trkpt lat="34.01058993302286" lon="-118.49462994374335">
        <ele>16.03</ele>
      </trkpt>
      <trkpt lat="34.01058993302286" lon="-118.49459993653">
        <ele>16.23</ele>
      </trkpt>
      <trkpt lat="34.01058993302286" lon="-118.49453992210329">
        <ele>16.42</ele>
      </trkpt>
      <trkpt lat="34.01058993302286" lon="-118.49449994042516">
        <ele>16.61</ele>
      </trkpt>
      <trkpt lat="34.01058993302286" lon="-118.49443992599845">
        <ele>16.81</ele>
      </trkpt>
      <trkpt lat="34.01059999130666" lon="-118.4944099187851">
        <ele>17.0</ele>
      </trkpt>
      <trkpt lat="34.01059999130666" lon="-118.49438996985555">
        <ele>17.19</ele>
      </trkpt>
      <trkpt lat="34.01059999130666" lon="-118.49435996264219">
        <ele>17.38</ele>
      </trkpt>
      <trkpt lat="34.01059999130666" lon="-118.49433992989361">
        <ele>17.56</ele>
      </trkpt>
      <trkpt lat="34.01060996577144" lon="-118.49428997375071">
        <ele>17.75</ele>
      </trkpt>
      <trkpt lat="34.01061994023621" lon="-118.49424999207258">
        <ele>17.92</ele>
      </trkpt>
      <trkpt lat="34.01062999852002" lon="-118.49424999207258">
        <ele>18.08</ele>
      </trkpt>
      <trkpt lat="34.01062999852002" lon="-118.49423993378878">
        <ele>18.24</ele>
      </trkpt>
      <trkpt lat="34.0106999874115" lon="-118.49405997432768">
        <ele>18.41</ele>
      </trkpt>
      <trkpt lat="34.01069512590766" lon="-118.49405838176608">
        <ele>18.54</ele>
      </trkpt>
      <trkpt lat="34.01062999852002" lon="-118.4939799271524">
        <ele>18.66</ele>
      </trkpt>
      <trkpt lat="34.01060996577144" lon="-118.49394991993904">
        <ele>18.77</ele>
      </trkpt>
      <trkpt lat="34.01059999130666" lon="-118.49393994547427">
        <ele>18.86</ele>
      </trkpt>
      <trkpt lat="34.01058993302286" lon="-118.49391999654472">
        <ele>18.94</ele>
      </trkpt>
      <trkpt lat="34.01057995855808" lon="-118.49391999654472">
        <ele>19.01</ele>
      </trkpt>
      <trkpt lat="34.010499995201826" lon="-118.49380994215608">
        <ele>19.07</ele>
      </trkpt>
      <trkpt lat="34.010459929704666" lon="-118.49375998601317">
        <ele>19.13</ele>
      </trkpt>
      <trkpt lat="34.01043998077512" lon="-118.4937399532646">
        <ele>19.19</ele>
      </trkpt>
      <trkpt lat="34.01042992249131" lon="-118.49372997879982">
        <ele>19.25</ele>
      </trkpt>
      <trkpt lat="34.01039999909699" lon="-118.49369997158647">
        <ele>19.32</ele>
      </trkpt>
      <trkpt lat="34.010369991883636" lon="-118.49364993162453">
        <ele>19.37</ele>
      </trkpt>
      <trkpt lat="34.010349959135056" lon="-118.49362998269498">
        <ele>19.41</ele>
      </trkpt>
      <trkpt lat="34.01029991917312" lon="-118.49356996826828">
        <ele>19.44</ele>
      </trkpt>
      <trkpt lat="34.01015994139016" lon="-118.49339998327196">
        <ele>19.46</ele>
      </trkpt>
      <trkpt lat="34.01015558280051" lon="-118.49340057000518">
        <ele>19.48</ele>
      </trkpt>
      <trkpt lat="34.01026773266494" lon="-118.49326528608799">
        <ele>19.51</ele>
      </trkpt>
      <trkpt lat="34.01037996634841" lon="-118.49312991835177">
        <ele>19.52</ele>
      </trkpt>
      <trkpt lat="34.010376362130046" lon="-118.49312899634242">
        <ele>19.53</ele>
      </trkpt>
    </trkseg>
  </trk>
</gpx>
