<?xml version="1.0" encoding="UTF-8"?>
<gpx creator="Garmin Connect" version="1.1"
  xsi:schemaLocation="http://www.topografix.com/GPX/1/1 http://www.topografix.com/GPX/11.xsd"
  xmlns:ns3="http://www.garmin.com/xmlschemas/TrackPointExtension/v1"
  xmlns="http://www.topografix.com/GPX/1/1"
  xmlns:xsi="http://www.w3.org/2001/XMLSchema-instance" xmlns:ns2="http://www.garmin.com/xmlschemas/GpxExtensions/v3">
  <metadata>
    <name>Day 7: Santa Barbara to Oxnard</name>
    <link href="connect.garmin.com">
      <text>Garmin Connect</text>
    </link>
    <time>2026-07-03T18:32:42.000Z</time>
  </metadata>
  <wpt lat="34.4244979" lon="-119.8708682">
    <ele>0.0</ele>
    <name>Courtyard by Ma</name>
    <type>GENERIC</type>
  </wpt>
  <wpt lat="34.18912" lon="-119.17598">
    <ele>0.0</ele>
    <name>Best Western Ox</name>
    <type>GENERIC</type>
  </wpt>
  <trk>
    <name>Day 7: Santa Barbara to Oxnard</name>
    <trkseg>
      <trkpt lat="34.42449786700308" lon="-119.8708681203425">
        <ele>7.43</ele>
      </trkpt>
      <trkpt lat="34.424499962478876" lon="-119.87107993103564">
        <ele>7.44</ele>
      </trkpt>
      <trkpt lat="34.42450105212629" lon="-119.87107741646469">
        <ele>7.45</ele>
      </trkpt>
      <trkpt lat="34.42424993030727" lon="-119.87107993103564">
        <ele>7.46</ele>
      </trkpt>
      <trkpt lat="34.42425236105919" lon="-119.87108278088272">
        <ele>7.46</ele>
      </trkpt>
      <trkpt lat="34.42425152286887" lon="-119.8708279710263">
        <ele>7.47</ele>
      </trkpt>
      <trkpt lat="34.424250768497586" lon="-119.87057324498892">
        <ele>7.47</ele>
      </trkpt>
      <trkpt lat="34.42424993030727" lon="-119.87031994387507">
        <ele>7.46</ele>
      </trkpt>
      <trkpt lat="34.4242449849844" lon="-119.87004945985973">
        <ele>7.46</ele>
      </trkpt>
      <trkpt lat="34.424239955842495" lon="-119.86977998167276">
        <ele>7.45</ele>
      </trkpt>
      <trkpt lat="34.424239955842495" lon="-119.86963992007077">
        <ele>7.43</ele>
      </trkpt>
      <trkpt lat="34.42422998137772" lon="-119.86939994618297">
        <ele>7.42</ele>
      </trkpt>
      <trkpt lat="34.42421489395201" lon="-119.86919961869717">
        <ele>7.42</ele>
      </trkpt>
      <trkpt lat="34.42419997416437" lon="-119.86899996176362">
        <ele>7.4</ele>
      </trkpt>
      <trkpt lat="34.42415999248624" lon="-119.8687699623406">
        <ele>7.37</ele>
      </trkpt>
      <trkpt lat="34.42413995973766" lon="-119.86866996623576">
        <ele>7.33</ele>
      </trkpt>
      <trkpt lat="34.424129985272884" lon="-119.86860995180905">
        <ele>7.28</ele>
      </trkpt>
      <trkpt lat="34.4240599963814" lon="-119.86836997792125">
        <ele>7.28</ele>
      </trkpt>
      <trkpt lat="34.423964861780405" lon="-119.86808960326016">
        <ele>7.23</ele>
      </trkpt>
      <trkpt lat="34.42386972717941" lon="-119.86780922859907">
        <ele>7.16</ele>
      </trkpt>
      <trkpt lat="34.42377459257841" lon="-119.86752893775702">
        <ele>7.13</ele>
      </trkpt>
      <trkpt lat="34.423679960891604" lon="-119.86724998801947">
        <ele>7.05</ele>
      </trkpt>
      <trkpt lat="34.423659928143024" lon="-119.86718997359276">
        <ele>6.98</ele>
      </trkpt>
      <trkpt lat="34.42359999753535" lon="-119.86686995252967">
        <ele>6.88</ele>
      </trkpt>
      <trkpt lat="34.42358993925154" lon="-119.86667993478477">
        <ele>6.79</ele>
      </trkpt>
      <trkpt lat="34.42358993925154" lon="-119.86660994589329">
        <ele>6.69</ele>
      </trkpt>
      <trkpt lat="34.42358658649027" lon="-119.8662793636322">
        <ele>6.59</ele>
      </trkpt>
      <trkpt lat="34.42358331754804" lon="-119.86594869755208">
        <ele>6.47</ele>
      </trkpt>
      <trkpt lat="34.42357996478677" lon="-119.8656199593097">
        <ele>6.36</ele>
      </trkpt>
      <trkpt lat="34.42357996478677" lon="-119.86540999263525">
        <ele>6.24</ele>
      </trkpt>
      <trkpt lat="34.423569990321994" lon="-119.86532994545996">
        <ele>6.12</ele>
      </trkpt>
      <trkpt lat="34.42353998310864" lon="-119.865189967677">
        <ele>5.99</ele>
      </trkpt>
      <trkpt lat="34.423529924824834" lon="-119.86504998989403">
        <ele>5.82</ele>
      </trkpt>
      <trkpt lat="34.423532355576754" lon="-119.86504973843694">
        <ele>5.68</ele>
      </trkpt>
      <trkpt lat="34.423326747491956" lon="-119.86505485139787">
        <ele>5.52</ele>
      </trkpt>
      <trkpt lat="34.423119965940714" lon="-119.8650599643588">
        <ele>5.38</ele>
      </trkpt>
      <trkpt lat="34.42294042557478" lon="-119.86506490968168">
        <ele>5.23</ele>
      </trkpt>
      <trkpt lat="34.422759963199496" lon="-119.86506993882358">
        <ele>5.07</ele>
      </trkpt>
      <trkpt lat="34.42260037176311" lon="-119.86507496796548">
        <ele>4.89</ele>
      </trkpt>
      <trkpt lat="34.42243994213641" lon="-119.86507999710739">
        <ele>4.74</ele>
      </trkpt>
      <trkpt lat="34.42213475704193" lon="-119.86507999710739">
        <ele>4.6</ele>
      </trkpt>
      <trkpt lat="34.421829571947455" lon="-119.86507999710739">
        <ele>4.47</ele>
      </trkpt>
      <trkpt lat="34.42152438685298" lon="-119.86507999710739">
        <ele>4.3</ele>
      </trkpt>
      <trkpt lat="34.421219201758504" lon="-119.86507999710739">
        <ele>4.17</ele>
      </trkpt>
      <trkpt lat="34.420909993350506" lon="-119.86507999710739">
        <ele>4.05</ele>
      </trkpt>
      <trkpt lat="34.42073045298457" lon="-119.86508494243026">
        <ele>3.94</ele>
      </trkpt>
      <trkpt lat="34.42054999060929" lon="-119.86508997157216">
        <ele>3.84</ele>
      </trkpt>
      <trkpt lat="34.42039995454252" lon="-119.86507999710739">
        <ele>3.76</ele>
      </trkpt>
      <trkpt lat="34.420349998399615" lon="-119.86507999710739">
        <ele>3.7</ele>
      </trkpt>
      <trkpt lat="34.42029995843768" lon="-119.8650599643588">
        <ele>3.64</ele>
      </trkpt>
      <trkpt lat="34.42025997675955" lon="-119.86503993161023">
        <ele>3.6</ele>
      </trkpt>
      <trkpt lat="34.42024991847575" lon="-119.86501998268068">
        <ele>3.57</ele>
      </trkpt>
      <trkpt lat="34.4202299695462" lon="-119.86500992439687">
        <ele>3.56</ele>
      </trkpt>
      <trkpt lat="34.42020993679762" lon="-119.86497991718352">
        <ele>3.55</ele>
      </trkpt>
      <trkpt lat="34.420179929584265" lon="-119.86491998657584">
        <ele>3.56</ele>
      </trkpt>
      <trkpt lat="34.42014992237091" lon="-119.86484999768436">
        <ele>3.57</ele>
      </trkpt>
      <trkpt lat="34.420149587094784" lon="-119.86484689638019">
        <ele>3.6</ele>
      </trkpt>
      <trkpt lat="34.41999997012317" lon="-119.86488997936249">
        <ele>3.63</ele>
      </trkpt>
      <trkpt lat="34.41988999955356" lon="-119.86490992829204">
        <ele>3.68</ele>
      </trkpt>
      <trkpt lat="34.41975999623537" lon="-119.86491998657584">
        <ele>3.73</ele>
      </trkpt>
      <trkpt lat="34.419599985703826" lon="-119.86491998657584">
        <ele>3.79</ele>
      </trkpt>
      <trkpt lat="34.4193699862808" lon="-119.86491998657584">
        <ele>3.86</ele>
      </trkpt>
      <trkpt lat="34.419129928573966" lon="-119.86492996104062">
        <ele>3.94</ele>
      </trkpt>
      <trkpt lat="34.41895047202706" lon="-119.86492996104062">
        <ele>4.02</ele>
      </trkpt>
      <trkpt lat="34.41876992583275" lon="-119.86492996104062">
        <ele>4.11</ele>
      </trkpt>
      <trkpt lat="34.418609999120235" lon="-119.86492996104062">
        <ele>4.2</ele>
      </trkpt>
      <trkpt lat="34.418569933623075" lon="-119.86493993550539">
        <ele>4.3</ele>
      </trkpt>
      <trkpt lat="34.41849994473159" lon="-119.86493993550539">
        <ele>4.4</ele>
      </trkpt>
      <trkpt lat="34.41842995584011" lon="-119.86496994271874">
        <ele>4.5</ele>
      </trkpt>
      <trkpt lat="34.41840992309153" lon="-119.86496994271874">
        <ele>4.61</ele>
      </trkpt>
      <trkpt lat="34.418329959735274" lon="-119.86500992439687">
        <ele>4.72</ele>
      </trkpt>
      <trkpt lat="34.41824999637902" lon="-119.86502995714545">
        <ele>4.84</ele>
      </trkpt>
      <trkpt lat="34.418179923668504" lon="-119.86503993161023">
        <ele>4.97</ele>
      </trkpt>
      <trkpt lat="34.41797054372728" lon="-119.86503498628736">
        <ele>5.13</ele>
      </trkpt>
      <trkpt lat="34.41775999031961" lon="-119.86502995714545">
        <ele>5.34</ele>
      </trkpt>
      <trkpt lat="34.41775697283447" lon="-119.86502626910806">
        <ele>5.49</ele>
      </trkpt>
      <trkpt lat="34.41771992482245" lon="-119.86498997546732">
        <ele>5.64</ele>
      </trkpt>
      <trkpt lat="34.417689917609096" lon="-119.86493993550539">
        <ele>5.79</ele>
      </trkpt>
      <trkpt lat="34.41765999421477" lon="-119.86488997936249">
        <ele>5.92</ele>
      </trkpt>
      <trkpt lat="34.41763996146619" lon="-119.86482996493578">
        <ele>6.04</ele>
      </trkpt>
      <trkpt lat="34.41761992871761" lon="-119.86476995050907">
        <ele>6.15</ele>
      </trkpt>
      <trkpt lat="34.41760995425284" lon="-119.86474991776049">
        <ele>6.26</ele>
      </trkpt>
      <trkpt lat="34.417599979788065" lon="-119.86473994329572">
        <ele>6.37</ele>
      </trkpt>
      <trkpt lat="34.41758992150426" lon="-119.86472996883094">
        <ele>6.47</ele>
      </trkpt>
      <trkpt lat="34.417579947039485" lon="-119.86472996883094">
        <ele>6.56</ele>
      </trkpt>
      <trkpt lat="34.41755999810994" lon="-119.86472996883094">
        <ele>6.66</ele>
      </trkpt>
      <trkpt lat="34.41756318323314" lon="-119.86473449505866">
        <ele>6.73</ele>
      </trkpt>
      <trkpt lat="34.41756159067154" lon="-119.86440659500659">
        <ele>6.77</ele>
      </trkpt>
      <trkpt lat="34.41755999810994" lon="-119.86407995223999">
        <ele>6.77</ele>
      </trkpt>
      <trkpt lat="34.41755999810994" lon="-119.86406997777522">
        <ele>6.81</ele>
      </trkpt>
      <trkpt lat="34.41755999810994" lon="-119.86377996392548">
        <ele>6.86</ele>
      </trkpt>
      <trkpt lat="34.41756997257471" lon="-119.86363998614252">
        <ele>6.91</ele>
      </trkpt>
      <trkpt lat="34.417579947039485" lon="-119.86344460397959">
        <ele>6.96</ele>
      </trkpt>
      <trkpt lat="34.41758992150426" lon="-119.86324997618794">
        <ele>7.04</ele>
      </trkpt>
      <trkpt lat="34.41760995425284" lon="-119.86316992901266">
        <ele>7.09</ele>
      </trkpt>
      <trkpt lat="34.41762998700142" lon="-119.86303992569447">
        <ele>7.15</ele>
      </trkpt>
      <trkpt lat="34.41763996146619" lon="-119.86296993680298">
        <ele>7.2</ele>
      </trkpt>
      <trkpt lat="34.41764993593097" lon="-119.86277991905808">
        <ele>7.25</ele>
      </trkpt>
      <trkpt lat="34.41765999421477" lon="-119.86254991963506">
        <ele>7.31</ele>
      </trkpt>
      <trkpt lat="34.41765999421477" lon="-119.86239996738732">
        <ele>7.35</ele>
      </trkpt>
      <trkpt lat="34.41762998700142" lon="-119.86232997849584">
        <ele>7.4</ele>
      </trkpt>
      <trkpt lat="34.41760995425284" lon="-119.86226996406913">
        <ele>7.45</ele>
      </trkpt>
      <trkpt lat="34.41756997257471" lon="-119.86220994964242">
        <ele>7.5</ele>
      </trkpt>
      <trkpt lat="34.41755999810994" lon="-119.86215999349952">
        <ele>7.54</ele>
      </trkpt>
      <trkpt lat="34.41754993982613" lon="-119.862089920789">
        <ele>7.6</ele>
      </trkpt>
      <trkpt lat="34.41754993982613" lon="-119.86195991747081">
        <ele>7.64</ele>
      </trkpt>
      <trkpt lat="34.41756997257471" lon="-119.86171994358301">
        <ele>7.69</ele>
      </trkpt>
      <trkpt lat="34.417599979788065" lon="-119.86153998412192">
        <ele>7.72</ele>
      </trkpt>
      <trkpt lat="34.41761992871761" lon="-119.8614199552685">
        <ele>7.76</ele>
      </trkpt>
      <trkpt lat="34.41764993593097" lon="-119.86121996305883">
        <ele>7.8</ele>
      </trkpt>
      <trkpt lat="34.41764993593097" lon="-119.86119993031025">
        <ele>7.83</ele>
      </trkpt>
      <trkpt lat="34.41767994314432" lon="-119.86102994531393">
        <ele>7.87</ele>
      </trkpt>
      <trkpt lat="34.41767994314432" lon="-119.86100999638438">
        <ele>7.9</ele>
      </trkpt>
      <trkpt lat="34.41767994314432" lon="-119.86086993478239">
        <ele>7.93</ele>
      </trkpt>
      <trkpt lat="34.41767994314432" lon="-119.8607999458909">
        <ele>7.97</ele>
      </trkpt>
      <trkpt lat="34.41767994314432" lon="-119.86070992425084">
        <ele>8.0</ele>
      </trkpt>
      <trkpt lat="34.41767994314432" lon="-119.86068997532129">
        <ele>8.03</ele>
      </trkpt>
      <trkpt lat="34.41767994314432" lon="-119.86064999364316">
        <ele>8.06</ele>
      </trkpt>
      <trkpt lat="34.41767994314432" lon="-119.86057992093265">
        <ele>8.09</ele>
      </trkpt>
      <trkpt lat="34.41767994314432" lon="-119.86056994646788">
        <ele>8.12</ele>
      </trkpt>
      <trkpt lat="34.41767994314432" lon="-119.86048998311162">
        <ele>8.16</ele>
      </trkpt>
      <trkpt lat="34.41767994314432" lon="-119.86040993593633">
        <ele>8.2</ele>
      </trkpt>
      <trkpt lat="34.41767994314432" lon="-119.86032997258008">
        <ele>8.23</ele>
      </trkpt>
      <trkpt lat="34.41767994314432" lon="-119.86026995815337">
        <ele>8.27</ele>
      </trkpt>
      <trkpt lat="34.41765999421477" lon="-119.8601299803704">
        <ele>8.31</ele>
      </trkpt>
      <trkpt lat="34.41763996146619" lon="-119.8600699659437">
        <ele>8.35</ele>
      </trkpt>
      <trkpt lat="34.41763996146619" lon="-119.86004993319511">
        <ele>8.39</ele>
      </trkpt>
      <trkpt lat="34.41760995425284" lon="-119.85985999926925">
        <ele>8.45</ele>
      </trkpt>
      <trkpt lat="34.417579947039485" lon="-119.859639974311">
        <ele>8.51</ele>
      </trkpt>
      <trkpt lat="34.41755999810994" lon="-119.85953997820616">
        <ele>8.56</ele>
      </trkpt>
      <trkpt lat="34.41754993982613" lon="-119.85945993103087">
        <ele>8.61</ele>
      </trkpt>
      <trkpt lat="34.41754993982613" lon="-119.85934996046126">
        <ele>8.66</ele>
      </trkpt>
      <trkpt lat="34.41754993982613" lon="-119.8592099826783">
        <ele>8.72</ele>
      </trkpt>
      <trkpt lat="34.41753996536136" lon="-119.85898995772004">
        <ele>8.77</ele>
      </trkpt>
      <trkpt lat="34.41753996536136" lon="-119.85894997604191">
        <ele>8.84</ele>
      </trkpt>
      <trkpt lat="34.41754993982613" lon="-119.85891996882856">
        <ele>8.9</ele>
      </trkpt>
      <trkpt lat="34.41755999810994" lon="-119.85889993607998">
        <ele>8.96</ele>
      </trkpt>
      <trkpt lat="34.41756997257471" lon="-119.85887998715043">
        <ele>9.02</ele>
      </trkpt>
      <trkpt lat="34.417599979788065" lon="-119.85883992165327">
        <ele>9.09</ele>
      </trkpt>
      <trkpt lat="34.41763996146619" lon="-119.85870991833508">
        <ele>9.15</ele>
      </trkpt>
      <trkpt lat="34.41763996146619" lon="-119.8586999438703">
        <ele>9.22</ele>
      </trkpt>
      <trkpt lat="34.41763996146619" lon="-119.85862995497882">
        <ele>9.29</ele>
      </trkpt>
      <trkpt lat="34.41762998700142" lon="-119.85861998051405">
        <ele>9.36</ele>
      </trkpt>
      <trkpt lat="34.41761992871761" lon="-119.85860992223024">
        <ele>9.44</ele>
      </trkpt>
      <trkpt lat="34.41760995425284" lon="-119.8585899733007">
        <ele>9.51</ele>
      </trkpt>
      <trkpt lat="34.41755999810994" lon="-119.85853993333876">
        <ele>9.6</ele>
      </trkpt>
      <trkpt lat="34.41754993982613" lon="-119.85849995166063">
        <ele>9.69</ele>
      </trkpt>
      <trkpt lat="34.41753996536136" lon="-119.85844999551773">
        <ele>9.78</ele>
      </trkpt>
      <trkpt lat="34.41753996536136" lon="-119.85816442407668">
        <ele>9.87</ele>
      </trkpt>
      <trkpt lat="34.41753996536136" lon="-119.85787994228303">
        <ele>9.96</ele>
      </trkpt>
      <trkpt lat="34.41753996536136" lon="-119.8575743380934">
        <ele>10.05</ele>
      </trkpt>
      <trkpt lat="34.41753996536136" lon="-119.85726999118924">
        <ele>10.16</ele>
      </trkpt>
      <trkpt lat="34.417599979788065" lon="-119.8571699950844">
        <ele>10.26</ele>
      </trkpt>
      <trkpt lat="34.41762998700142" lon="-119.85711995512247">
        <ele>10.36</ele>
      </trkpt>
      <trkpt lat="34.41763996146619" lon="-119.85708994790912">
        <ele>10.46</ele>
      </trkpt>
      <trkpt lat="34.41764993593097" lon="-119.85702993348241">
        <ele>10.56</ele>
      </trkpt>
      <trkpt lat="34.41764867864549" lon="-119.85702574253082">
        <ele>10.67</ele>
      </trkpt>
      <trkpt lat="34.41760995425284" lon="-119.8569199629128">
        <ele>10.78</ele>
      </trkpt>
      <trkpt lat="34.41756997257471" lon="-119.85683999955654">
        <ele>10.9</ele>
      </trkpt>
      <trkpt lat="34.41753996536136" lon="-119.85670999623835">
        <ele>11.02</ele>
      </trkpt>
      <trkpt lat="34.41752999089658" lon="-119.85660991631448">
        <ele>11.14</ele>
      </trkpt>
      <trkpt lat="34.41752999089658" lon="-119.85639994964004">
        <ele>11.25</ele>
      </trkpt>
      <trkpt lat="34.41752999089658" lon="-119.85619459301233">
        <ele>11.37</ele>
      </trkpt>
      <trkpt lat="34.41752999089658" lon="-119.85598999075592">
        <ele>11.52</ele>
      </trkpt>
      <trkpt lat="34.41752999089658" lon="-119.85580994747579">
        <ele>11.64</ele>
      </trkpt>
      <trkpt lat="34.41752999089658" lon="-119.85563996247947">
        <ele>11.76</ele>
      </trkpt>
      <trkpt lat="34.41753996536136" lon="-119.85556997358799">
        <ele>11.87</ele>
      </trkpt>
      <trkpt lat="34.41760995425284" lon="-119.85547995194793">
        <ele>11.99</ele>
      </trkpt>
      <trkpt lat="34.41761992871761" lon="-119.85544994473457">
        <ele>12.11</ele>
      </trkpt>
      <trkpt lat="34.41762998700142" lon="-119.85536998137832">
        <ele>12.22</ele>
      </trkpt>
      <trkpt lat="34.41762998700142" lon="-119.85532999970019">
        <ele>12.33</ele>
      </trkpt>
      <trkpt lat="34.41760995425284" lon="-119.85528993420303">
        <ele>12.45</ele>
      </trkpt>
      <trkpt lat="34.41756997257471" lon="-119.85522991977632">
        <ele>12.58</ele>
      </trkpt>
      <trkpt lat="34.41754993982613" lon="-119.85518993809819">
        <ele>12.7</ele>
      </trkpt>
      <trkpt lat="34.41752999089658" lon="-119.85513998195529">
        <ele>12.81</ele>
      </trkpt>
      <trkpt lat="34.41752999089658" lon="-119.85507996752858">
        <ele>12.92</ele>
      </trkpt>
      <trkpt lat="34.41752999089658" lon="-119.85480948351324">
        <ele>13.03</ele>
      </trkpt>
      <trkpt lat="34.41752999089658" lon="-119.85453992150724">
        <ele>13.13</ele>
      </trkpt>
      <trkpt lat="34.41752496175468" lon="-119.85417924821377">
        <ele>13.27</ele>
      </trkpt>
      <trkpt lat="34.41751993261278" lon="-119.85381999984384">
        <ele>13.37</ele>
      </trkpt>
      <trkpt lat="34.41751993261278" lon="-119.85375998541713">
        <ele>13.47</ele>
      </trkpt>
      <trkpt lat="34.41752999089658" lon="-119.85371991991997">
        <ele>13.56</ele>
      </trkpt>
      <trkpt lat="34.41752999089658" lon="-119.85366996377707">
        <ele>13.65</ele>
      </trkpt>
      <trkpt lat="34.417509958148" lon="-119.85364993102849">
        <ele>13.73</ele>
      </trkpt>
      <trkpt lat="34.417509958148" lon="-119.85363995656371">
        <ele>13.82</ele>
      </trkpt>
      <trkpt lat="34.41749998368323" lon="-119.85363995656371">
        <ele>13.9</ele>
      </trkpt>
      <trkpt lat="34.41749998368323" lon="-119.85362998209894">
        <ele>13.97</ele>
      </trkpt>
      <trkpt lat="34.41748992539942" lon="-119.85362998209894">
        <ele>14.05</ele>
      </trkpt>
      <trkpt lat="34.41748992539942" lon="-119.85361992381513">
        <ele>14.12</ele>
      </trkpt>
      <trkpt lat="34.41748992539942" lon="-119.85360994935036">
        <ele>14.19</ele>
      </trkpt>
      <trkpt lat="34.41748992539942" lon="-119.85359997488558">
        <ele>14.26</ele>
      </trkpt>
      <trkpt lat="34.41747995093465" lon="-119.85355999320745">
        <ele>14.32</ele>
      </trkpt>
      <trkpt lat="34.417482716962695" lon="-119.85355756245553">
        <ele>14.38</ele>
      </trkpt>
      <trkpt lat="34.41751993261278" lon="-119.85349997878075">
        <ele>14.45</ele>
      </trkpt>
      <trkpt lat="34.41748992539942" lon="-119.85343996435404">
        <ele>14.51</ele>
      </trkpt>
      <trkpt lat="34.41748992539942" lon="-119.85341993160546">
        <ele>14.57</ele>
      </trkpt>
      <trkpt lat="34.41748992539942" lon="-119.85340995714068">
        <ele>14.63</ele>
      </trkpt>
      <trkpt lat="34.41749998368323" lon="-119.8533899243921">
        <ele>14.69</ele>
      </trkpt>
      <trkpt lat="34.41752999089658" lon="-119.85330996103585">
        <ele>14.75</ele>
      </trkpt>
      <trkpt lat="34.41755999810994" lon="-119.85317995771766">
        <ele>14.81</ele>
      </trkpt>
      <trkpt lat="34.41756997257471" lon="-119.85313997603953">
        <ele>14.86</ele>
      </trkpt>
      <trkpt lat="34.417579947039485" lon="-119.8530899360776">
        <ele>14.93</ele>
      </trkpt>
      <trkpt lat="34.417579947039485" lon="-119.85297996550798">
        <ele>15.0</ele>
      </trkpt>
      <trkpt lat="34.41748992539942" lon="-119.8528148420155">
        <ele>15.07</ele>
      </trkpt>
      <trkpt lat="34.41739998757839" lon="-119.85264996998012">
        <ele>15.14</ele>
      </trkpt>
      <trkpt lat="34.41730996593833" lon="-119.8524799849838">
        <ele>15.19</ele>
      </trkpt>
      <trkpt lat="34.417299991473556" lon="-119.8524199705571">
        <ele>15.25</ele>
      </trkpt>
      <trkpt lat="34.41728993318975" lon="-119.85236993059516">
        <ele>15.31</ele>
      </trkpt>
      <trkpt lat="34.41730996593833" lon="-119.85232994891703">
        <ele>15.36</ele>
      </trkpt>
      <trkpt lat="34.417339973151684" lon="-119.85225996002555">
        <ele>15.42</ele>
      </trkpt>
      <trkpt lat="34.41735992208123" lon="-119.85219994559884">
        <ele>15.47</ele>
      </trkpt>
      <trkpt lat="34.41737995482981" lon="-119.85214998945594">
        <ele>15.53</ele>
      </trkpt>
      <trkpt lat="34.417389929294586" lon="-119.8520399350673">
        <ele>15.59</ele>
      </trkpt>
      <trkpt lat="34.417389929294586" lon="-119.85202996060252">
        <ele>15.64</ele>
      </trkpt>
      <trkpt lat="34.417409962043166" lon="-119.85193993896246">
        <ele>15.7</ele>
      </trkpt>
      <trkpt lat="34.41741993650794" lon="-119.8518599756062">
        <ele>15.75</ele>
      </trkpt>
      <trkpt lat="34.41743996925652" lon="-119.85174992121756">
        <ele>15.8</ele>
      </trkpt>
      <trkpt lat="34.41743996925652" lon="-119.85164992511272">
        <ele>15.84</ele>
      </trkpt>
      <trkpt lat="34.41743996925652" lon="-119.85151992179453">
        <ele>15.88</ele>
      </trkpt>
      <trkpt lat="34.417389929294586" lon="-119.85124994069338">
        <ele>15.91</ele>
      </trkpt>
      <trkpt lat="34.417389929294586" lon="-119.85115991905332">
        <ele>15.95</ele>
      </trkpt>
      <trkpt lat="34.41736998036504" lon="-119.85094995237887">
        <ele>15.98</ele>
      </trkpt>
      <trkpt lat="34.41737995482981" lon="-119.85071995295584">
        <ele>16.01</ele>
      </trkpt>
      <trkpt lat="34.41737995482981" lon="-119.85065993852913">
        <ele>16.03</ele>
      </trkpt>
      <trkpt lat="34.41736998036504" lon="-119.85060998238623">
        <ele>16.06</ele>
      </trkpt>
      <trkpt lat="34.41735992208123" lon="-119.85054996795952">
        <ele>16.08</ele>
      </trkpt>
      <trkpt lat="34.41732999868691" lon="-119.85048995353281">
        <ele>16.1</ele>
      </trkpt>
      <trkpt lat="34.417279958724976" lon="-119.85041996464133">
        <ele>16.12</ele>
      </trkpt>
      <trkpt lat="34.41719999536872" lon="-119.8503199685365">
        <ele>16.13</ele>
      </trkpt>
      <trkpt lat="34.417129922658205" lon="-119.85021997243166">
        <ele>16.15</ele>
      </trkpt>
      <trkpt lat="34.41709999926388" lon="-119.85013992525637">
        <ele>16.16</ele>
      </trkpt>
      <trkpt lat="34.41706999205053" lon="-119.85004998743534">
        <ele>16.17</ele>
      </trkpt>
      <trkpt lat="34.41700997762382" lon="-119.8499399330467">
        <ele>16.17</ele>
      </trkpt>
      <trkpt lat="34.41696999594569" lon="-119.84989995136857">
        <ele>16.18</ele>
      </trkpt>
      <trkpt lat="34.41691995598376" lon="-119.84982996247709">
        <ele>16.19</ele>
      </trkpt>
      <trkpt lat="34.41687997430563" lon="-119.8497599735856">
        <ele>16.19</ele>
      </trkpt>
      <trkpt lat="34.4168399926275" lon="-119.84962997026742">
        <ele>16.19</ele>
      </trkpt>
      <trkpt lat="34.41675994545221" lon="-119.84936996363103">
        <ele>16.19</ele>
      </trkpt>
      <trkpt lat="34.416739996522665" lon="-119.8493299819529">
        <ele>16.19</ele>
      </trkpt>
      <trkpt lat="34.41672993823886" lon="-119.84930994920433">
        <ele>16.19</ele>
      </trkpt>
      <trkpt lat="34.41672993823886" lon="-119.84927994199097">
        <ele>16.19</ele>
      </trkpt>
      <trkpt lat="34.416719963774085" lon="-119.84923996031284">
        <ele>16.19</ele>
      </trkpt>
      <trkpt lat="34.416699931025505" lon="-119.84898992814124">
        <ele>16.18</ele>
      </trkpt>
      <trkpt lat="34.416699931025505" lon="-119.8488899320364">
        <ele>16.18</ele>
      </trkpt>
      <trkpt lat="34.41670496016741" lon="-119.84866454266012">
        <ele>16.17</ele>
      </trkpt>
      <trkpt lat="34.41670998930931" lon="-119.84843999147415">
        <ele>16.17</ele>
      </trkpt>
      <trkpt lat="34.41670998930931" lon="-119.8482799809426">
        <ele>16.16</ele>
      </trkpt>
      <trkpt lat="34.41670998930931" lon="-119.84823999926448">
        <ele>16.16</ele>
      </trkpt>
      <trkpt lat="34.41670998930931" lon="-119.8482199665159">
        <ele>16.15</ele>
      </trkpt>
      <trkpt lat="34.41670998930931" lon="-119.84812994487584">
        <ele>16.14</ele>
      </trkpt>
      <trkpt lat="34.41670998930931" lon="-119.84806993044913">
        <ele>16.14</ele>
      </trkpt>
      <trkpt lat="34.41670998930931" lon="-119.84800999984145">
        <ele>16.13</ele>
      </trkpt>
      <trkpt lat="34.41668995656073" lon="-119.84794998541474">
        <ele>16.12</ele>
      </trkpt>
      <trkpt lat="34.41667998209596" lon="-119.84792995266616">
        <ele>16.12</ele>
      </trkpt>
      <trkpt lat="34.41666992381215" lon="-119.84790991991758">
        <ele>16.11</ele>
      </trkpt>
      <trkpt lat="34.41666992381215" lon="-119.84789994545281">
        <ele>16.1</ele>
      </trkpt>
      <trkpt lat="34.41665994934738" lon="-119.84788997098804">
        <ele>16.1</ele>
      </trkpt>
      <trkpt lat="34.4166499748826" lon="-119.84787999652326">
        <ele>16.09</ele>
      </trkpt>
      <trkpt lat="34.4166399165988" lon="-119.84786993823946">
        <ele>16.08</ele>
      </trkpt>
      <trkpt lat="34.4166399165988" lon="-119.84785996377468">
        <ele>16.08</ele>
      </trkpt>
      <trkpt lat="34.41662994213402" lon="-119.84785996377468">
        <ele>16.07</ele>
      </trkpt>
      <trkpt lat="34.41661996766925" lon="-119.84785996377468">
        <ele>16.06</ele>
      </trkpt>
      <trkpt lat="34.416609993204474" lon="-119.8478499893099">
        <ele>16.05</ele>
      </trkpt>
      <trkpt lat="34.4166068919003" lon="-119.84784672036767">
        <ele>16.05</ele>
      </trkpt>
      <trkpt lat="34.416609993204474" lon="-119.8478399310261">
        <ele>16.04</ele>
      </trkpt>
      <trkpt lat="34.41659993492067" lon="-119.8478399310261">
        <ele>16.03</ele>
      </trkpt>
      <trkpt lat="34.41659993492067" lon="-119.84782995656133">
        <ele>16.03</ele>
      </trkpt>
      <trkpt lat="34.416589960455894" lon="-119.84782995656133">
        <ele>16.02</ele>
      </trkpt>
      <trkpt lat="34.416589960455894" lon="-119.84781998209655">
        <ele>16.01</ele>
      </trkpt>
      <trkpt lat="34.416589960455894" lon="-119.84780992381275">
        <ele>16.0</ele>
      </trkpt>
      <trkpt lat="34.41657998599112" lon="-119.84780992381275">
        <ele>16.0</ele>
      </trkpt>
      <trkpt lat="34.41657998599112" lon="-119.84779994934797">
        <ele>15.99</ele>
      </trkpt>
      <trkpt lat="34.41657998599112" lon="-119.8477899748832">
        <ele>15.98</ele>
      </trkpt>
      <trkpt lat="34.41657998599112" lon="-119.84777991659939">
        <ele>15.97</ele>
      </trkpt>
      <trkpt lat="34.41657998599112" lon="-119.84776994213462">
        <ele>15.96</ele>
      </trkpt>
      <trkpt lat="34.41657998599112" lon="-119.84775996766984">
        <ele>15.96</ele>
      </trkpt>
      <trkpt lat="34.41657998599112" lon="-119.84774999320507">
        <ele>15.95</ele>
      </trkpt>
      <trkpt lat="34.41657998599112" lon="-119.84773993492126">
        <ele>15.94</ele>
      </trkpt>
      <trkpt lat="34.41657998599112" lon="-119.84772996045649">
        <ele>15.93</ele>
      </trkpt>
      <trkpt lat="34.416589960455894" lon="-119.84772996045649">
        <ele>15.92</ele>
      </trkpt>
      <trkpt lat="34.416589960455894" lon="-119.84771998599172">
        <ele>15.91</ele>
      </trkpt>
      <trkpt lat="34.416589960455894" lon="-119.84770992770791">
        <ele>15.9</ele>
      </trkpt>
      <trkpt lat="34.41659993492067" lon="-119.84770992770791">
        <ele>15.89</ele>
      </trkpt>
      <trkpt lat="34.41659993492067" lon="-119.84769995324314">
        <ele>15.88</ele>
      </trkpt>
      <trkpt lat="34.416609993204474" lon="-119.84769995324314">
        <ele>15.87</ele>
      </trkpt>
      <trkpt lat="34.416609993204474" lon="-119.84768997877836">
        <ele>15.86</ele>
      </trkpt>
      <trkpt lat="34.41661996766925" lon="-119.84768997877836">
        <ele>15.84</ele>
      </trkpt>
      <trkpt lat="34.41661996766925" lon="-119.84767992049456">
        <ele>15.83</ele>
      </trkpt>
      <trkpt lat="34.41662994213402" lon="-119.84767992049456">
        <ele>15.82</ele>
      </trkpt>
      <trkpt lat="34.41663178615272" lon="-119.84767958521843">
        <ele>15.81</ele>
      </trkpt>
      <trkpt lat="34.41666992381215" lon="-119.84760993160307">
        <ele>15.8</ele>
      </trkpt>
      <trkpt lat="34.41668995656073" lon="-119.84757992438972">
        <ele>15.79</ele>
      </trkpt>
      <trkpt lat="34.416719963774085" lon="-119.84748998656869">
        <ele>15.78</ele>
      </trkpt>
      <trkpt lat="34.41670998930931" lon="-119.84738999046385">
        <ele>15.77</ele>
      </trkpt>
      <trkpt lat="34.41670998930931" lon="-119.8473499249667">
        <ele>15.76</ele>
      </trkpt>
      <trkpt lat="34.4167088996619" lon="-119.84735084697604">
        <ele>15.75</ele>
      </trkpt>
      <trkpt lat="34.41670998930931" lon="-119.84729996882379">
        <ele>15.74</ele>
      </trkpt>
      <trkpt lat="34.41668995656073" lon="-119.84693996608257">
        <ele>15.72</ele>
      </trkpt>
      <trkpt lat="34.41668995656073" lon="-119.84658926725388">
        <ele>15.68</ele>
      </trkpt>
      <trkpt lat="34.41668995656073" lon="-119.84623999334872">
        <ele>15.68</ele>
      </trkpt>
      <trkpt lat="34.41668995656073" lon="-119.84619992785156">
        <ele>15.67</ele>
      </trkpt>
      <trkpt lat="34.416699931025505" lon="-119.84597998671234">
        <ele>15.67</ele>
      </trkpt>
      <trkpt lat="34.416699931025505" lon="-119.84571998007596">
        <ele>15.66</ele>
      </trkpt>
      <trkpt lat="34.41670998930931" lon="-119.8456299584359">
        <ele>15.66</ele>
      </trkpt>
      <trkpt lat="34.41671493463218" lon="-119.84534438699484">
        <ele>15.66</ele>
      </trkpt>
      <trkpt lat="34.416719963774085" lon="-119.84505998902023">
        <ele>15.7</ele>
      </trkpt>
      <trkpt lat="34.416719963774085" lon="-119.84503995627165">
        <ele>15.7</ele>
      </trkpt>
      <trkpt lat="34.416719963774085" lon="-119.84501992352307">
        <ele>15.7</ele>
      </trkpt>
      <trkpt lat="34.41670998930931" lon="-119.84497994184494">
        <ele>15.71</ele>
      </trkpt>
      <trkpt lat="34.41668995656073" lon="-119.84494993463159">
        <ele>15.71</ele>
      </trkpt>
      <trkpt lat="34.41666992381215" lon="-119.84490995295346">
        <ele>15.71</ele>
      </trkpt>
      <trkpt lat="34.41665994934738" lon="-119.84486997127533">
        <ele>15.72</ele>
      </trkpt>
      <trkpt lat="34.41665994934738" lon="-119.8448199313134">
        <ele>15.72</ele>
      </trkpt>
      <trkpt lat="34.41665994934738" lon="-119.84472999349236">
        <ele>15.72</ele>
      </trkpt>
      <trkpt lat="34.41665994934738" lon="-119.84467995353043">
        <ele>15.73</ele>
      </trkpt>
      <trkpt lat="34.41665994934738" lon="-119.84465992078185">
        <ele>15.73</ele>
      </trkpt>
      <trkpt lat="34.41667998209596" lon="-119.84462999738753">
        <ele>15.74</ele>
      </trkpt>
      <trkpt lat="34.416699931025505" lon="-119.8445799574256">
        <ele>15.73</ele>
      </trkpt>
      <trkpt lat="34.41670998930931" lon="-119.84454995021224">
        <ele>15.73</ele>
      </trkpt>
      <trkpt lat="34.416719963774085" lon="-119.84449999406934">
        <ele>15.73</ele>
      </trkpt>
      <trkpt lat="34.416719963774085" lon="-119.84441994689405">
        <ele>15.74</ele>
      </trkpt>
      <trkpt lat="34.416719963774085" lon="-119.84417997300625">
        <ele>15.74</ele>
      </trkpt>
      <trkpt lat="34.416719963774085" lon="-119.84403999522328">
        <ele>15.74</ele>
      </trkpt>
      <trkpt lat="34.416719963774085" lon="-119.843959948048">
        <ele>15.73</ele>
      </trkpt>
      <trkpt lat="34.416719963774085" lon="-119.84387998469174">
        <ele>15.74</ele>
      </trkpt>
      <trkpt lat="34.416719963774085" lon="-119.84380999580026">
        <ele>15.74</ele>
      </trkpt>
      <trkpt lat="34.41670998930931" lon="-119.8437799885869">
        <ele>15.74</ele>
      </trkpt>
      <trkpt lat="34.416699931025505" lon="-119.84375995583832">
        <ele>15.75</ele>
      </trkpt>
      <trkpt lat="34.41667998209596" lon="-119.84372994862497">
        <ele>15.75</ele>
      </trkpt>
      <trkpt lat="34.41665994934738" lon="-119.84369994141161">
        <ele>15.75</ele>
      </trkpt>
      <trkpt lat="34.4166399165988" lon="-119.84367999248207">
        <ele>15.76</ele>
      </trkpt>
      <trkpt lat="34.416609993204474" lon="-119.84366993419826">
        <ele>15.76</ele>
      </trkpt>
      <trkpt lat="34.416589960455894" lon="-119.84365995973349">
        <ele>15.76</ele>
      </trkpt>
      <trkpt lat="34.416529946029186" lon="-119.84364998526871">
        <ele>15.76</ele>
      </trkpt>
      <trkpt lat="34.41646993160248" lon="-119.84364998526871">
        <ele>15.76</ele>
      </trkpt>
      <trkpt lat="34.41636993549764" lon="-119.8436399269849">
        <ele>15.77</ele>
      </trkpt>
      <trkpt lat="34.41632995381951" lon="-119.8436399269849">
        <ele>15.77</ele>
      </trkpt>
      <trkpt lat="34.41630992107093" lon="-119.8436399269849">
        <ele>15.76</ele>
      </trkpt>
      <trkpt lat="34.41629994660616" lon="-119.84362995252013">
        <ele>15.75</ele>
      </trkpt>
      <trkpt lat="34.416289972141385" lon="-119.84361997805536">
        <ele>15.74</ele>
      </trkpt>
      <trkpt lat="34.41627999767661" lon="-119.84360991977155">
        <ele>15.73</ele>
      </trkpt>
      <trkpt lat="34.416269939392805" lon="-119.843589970842">
        <ele>15.71</ele>
      </trkpt>
      <trkpt lat="34.416269939392805" lon="-119.84355996362865">
        <ele>15.69</ele>
      </trkpt>
      <trkpt lat="34.416269939392805" lon="-119.84349994920194">
        <ele>15.67</ele>
      </trkpt>
      <trkpt lat="34.41625996492803" lon="-119.84342996031046">
        <ele>15.65</ele>
      </trkpt>
      <trkpt lat="34.41624999046326" lon="-119.84340992756188">
        <ele>15.63</ele>
      </trkpt>
      <trkpt lat="34.41623993217945" lon="-119.84338997863233">
        <ele>15.6</ele>
      </trkpt>
      <trkpt lat="34.4162199832499" lon="-119.84336994588375">
        <ele>15.57</ele>
      </trkpt>
      <trkpt lat="34.41618997603655" lon="-119.84335997141898">
        <ele>15.54</ele>
      </trkpt>
      <trkpt lat="34.416159968823195" lon="-119.8433499969542">
        <ele>15.5</ele>
      </trkpt>
      <trkpt lat="34.415859980508685" lon="-119.84327992424369">
        <ele>15.47</ele>
      </trkpt>
      <trkpt lat="34.41585729829967" lon="-119.84328042715788">
        <ele>15.43</ele>
      </trkpt>
      <trkpt lat="34.41581999883056" lon="-119.84327992424369">
        <ele>15.39</ele>
      </trkpt>
      <trkpt lat="34.4157799333334" lon="-119.84324991703033">
        <ele>15.35</ele>
      </trkpt>
      <trkpt lat="34.41575998440385" lon="-119.8432099353522">
        <ele>15.3</ele>
      </trkpt>
      <trkpt lat="34.41574992612004" lon="-119.84316995367408">
        <ele>15.26</ele>
      </trkpt>
      <trkpt lat="34.41575998440385" lon="-119.8430999647826">
        <ele>15.21</ele>
      </trkpt>
      <trkpt lat="34.4157899916172" lon="-119.84278991818428">
        <ele>15.12</ele>
      </trkpt>
      <trkpt lat="34.41579996608198" lon="-119.8427199292928">
        <ele>15.07</ele>
      </trkpt>
      <trkpt lat="34.4157899916172" lon="-119.84260995872319">
        <ele>15.03</ele>
      </trkpt>
      <trkpt lat="34.4157799333334" lon="-119.84248992986977">
        <ele>14.99</ele>
      </trkpt>
      <trkpt lat="34.41579996608198" lon="-119.84224995598197">
        <ele>14.93</ele>
      </trkpt>
      <trkpt lat="34.4157899916172" lon="-119.84216999262571">
        <ele>14.89</ele>
      </trkpt>
      <trkpt lat="34.41575998440385" lon="-119.8420999199152">
        <ele>14.85</ele>
      </trkpt>
      <trkpt lat="34.415729977190495" lon="-119.8420499637723">
        <ele>14.83</ele>
      </trkpt>
      <trkpt lat="34.415669962763786" lon="-119.84198994934559">
        <ele>14.81</ele>
      </trkpt>
      <trkpt lat="34.41560994833708" lon="-119.84194996766746">
        <ele>14.8</ele>
      </trkpt>
      <trkpt lat="34.41556996665895" lon="-119.84193999320269">
        <ele>14.79</ele>
      </trkpt>
      <trkpt lat="34.415389923378825" lon="-119.84194996766746">
        <ele>14.8</ele>
      </trkpt>
      <trkpt lat="34.41513997502625" lon="-119.84193999320269">
        <ele>14.78</ele>
      </trkpt>
      <trkpt lat="34.41504995338619" lon="-119.84193999320269">
        <ele>14.77</ele>
      </trkpt>
      <trkpt lat="34.41496999002993" lon="-119.8419199604541">
        <ele>14.76</ele>
      </trkpt>
      <trkpt lat="34.414699925109744" lon="-119.84192993491888">
        <ele>14.72</ele>
      </trkpt>
      <trkpt lat="34.41445995122194" lon="-119.84190998598933">
        <ele>14.7</ele>
      </trkpt>
      <trkpt lat="34.41443991847336" lon="-119.84190998598933">
        <ele>14.68</ele>
      </trkpt>
      <trkpt lat="34.414419969543815" lon="-119.8419199604541">
        <ele>14.66</ele>
      </trkpt>
      <trkpt lat="34.414419969543815" lon="-119.84192993491888">
        <ele>14.64</ele>
      </trkpt>
      <trkpt lat="34.414419969543815" lon="-119.84193999320269">
        <ele>14.62</ele>
      </trkpt>
      <trkpt lat="34.41440999507904" lon="-119.84195994213223">
        <ele>14.6</ele>
      </trkpt>
      <trkpt lat="34.414399936795235" lon="-119.84216999262571">
        <ele>14.58</ele>
      </trkpt>
      <trkpt lat="34.41438996233046" lon="-119.84217996709049">
        <ele>14.56</ele>
      </trkpt>
      <trkpt lat="34.41438996233046" lon="-119.84218994155526">
        <ele>14.53</ele>
      </trkpt>
      <trkpt lat="34.414379987865686" lon="-119.84219999983907">
        <ele>14.51</ele>
      </trkpt>
      <trkpt lat="34.41436992958188" lon="-119.84220997430384">
        <ele>14.48</ele>
      </trkpt>
      <trkpt lat="34.414359955117106" lon="-119.84220997430384">
        <ele>14.45</ele>
      </trkpt>
      <trkpt lat="34.4142999406904" lon="-119.84220997430384">
        <ele>14.42</ele>
      </trkpt>
      <trkpt lat="34.41429818049073" lon="-119.84221416525543">
        <ele>14.4</ele>
      </trkpt>
      <trkpt lat="34.41403993405402" lon="-119.84221994876862">
        <ele>14.35</ele>
      </trkpt>
      <trkpt lat="34.41401998512447" lon="-119.84220997430384">
        <ele>14.32</ele>
      </trkpt>
      <trkpt lat="34.414016380906105" lon="-119.84220997430384">
        <ele>14.29</ele>
      </trkpt>
      <trkpt lat="34.41397991962731" lon="-119.84221994876862">
        <ele>14.25</ele>
      </trkpt>
      <trkpt lat="34.41395997069776" lon="-119.84222992323339">
        <ele>14.21</ele>
      </trkpt>
      <trkpt lat="34.41389995627105" lon="-119.84222992323339">
        <ele>14.17</ele>
      </trkpt>
      <trkpt lat="34.413819992914796" lon="-119.84221994876862">
        <ele>14.13</ele>
      </trkpt>
      <trkpt lat="34.41380993463099" lon="-119.84221994876862">
        <ele>14.1</ele>
      </trkpt>
      <trkpt lat="34.413779927417636" lon="-119.84221994876862">
        <ele>14.07</ele>
      </trkpt>
      <trkpt lat="34.41375997848809" lon="-119.84220997430384">
        <ele>14.04</ele>
      </trkpt>
      <trkpt lat="34.41373994573951" lon="-119.84219999983907">
        <ele>14.01</ele>
      </trkpt>
      <trkpt lat="34.41371999680996" lon="-119.84218994155526">
        <ele>13.98</ele>
      </trkpt>
      <trkpt lat="34.41369996406138" lon="-119.84217996709049">
        <ele>13.95</ele>
      </trkpt>
      <trkpt lat="34.413669956848025" lon="-119.84215993434191">
        <ele>13.92</ele>
      </trkpt>
      <trkpt lat="34.41365998238325" lon="-119.84215993434191">
        <ele>13.9</ele>
      </trkpt>
      <trkpt lat="34.41365998238325" lon="-119.84216999262571">
        <ele>13.87</ele>
      </trkpt>
      <trkpt lat="34.41365998238325" lon="-119.84217996709049">
        <ele>13.85</ele>
      </trkpt>
      <trkpt lat="34.413649924099445" lon="-119.84218994155526">
        <ele>13.83</ele>
      </trkpt>
      <trkpt lat="34.413649924099445" lon="-119.84219999983907">
        <ele>13.81</ele>
      </trkpt>
      <trkpt lat="34.41363994963467" lon="-119.84219999983907">
        <ele>13.8</ele>
      </trkpt>
      <trkpt lat="34.4136299751699" lon="-119.84219999983907">
        <ele>13.78</ele>
      </trkpt>
      <trkpt lat="34.4136299751699" lon="-119.84220997430384">
        <ele>13.77</ele>
      </trkpt>
      <trkpt lat="34.41361991688609" lon="-119.84220997430384">
        <ele>13.76</ele>
      </trkpt>
      <trkpt lat="34.41360994242132" lon="-119.84220997430384">
        <ele>13.75</ele>
      </trkpt>
      <trkpt lat="34.41359996795654" lon="-119.84220997430384">
        <ele>13.75</ele>
      </trkpt>
      <trkpt lat="34.41360164433718" lon="-119.8422053642571">
        <ele>13.75</ele>
      </trkpt>
      <trkpt lat="34.41359996795654" lon="-119.84219999983907">
        <ele>13.75</ele>
      </trkpt>
      <trkpt lat="34.41358999349177" lon="-119.84219999983907">
        <ele>13.75</ele>
      </trkpt>
      <trkpt lat="34.41357993520796" lon="-119.84219999983907">
        <ele>13.76</ele>
      </trkpt>
      <trkpt lat="34.41357993520796" lon="-119.84218994155526">
        <ele>13.77</ele>
      </trkpt>
      <trkpt lat="34.41356996074319" lon="-119.84218994155526">
        <ele>13.78</ele>
      </trkpt>
      <trkpt lat="34.41356996074319" lon="-119.84217996709049">
        <ele>13.8</ele>
      </trkpt>
      <trkpt lat="34.413559986278415" lon="-119.84217996709049">
        <ele>13.82</ele>
      </trkpt>
      <trkpt lat="34.413559986278415" lon="-119.84216999262571">
        <ele>13.84</ele>
      </trkpt>
      <trkpt lat="34.413559986278415" lon="-119.84215993434191">
        <ele>13.86</ele>
      </trkpt>
      <trkpt lat="34.413559986278415" lon="-119.84214995987713">
        <ele>13.89</ele>
      </trkpt>
      <trkpt lat="34.41354992799461" lon="-119.84214995987713">
        <ele>13.92</ele>
      </trkpt>
      <trkpt lat="34.41354992799461" lon="-119.84213998541236">
        <ele>13.96</ele>
      </trkpt>
      <trkpt lat="34.41354992799461" lon="-119.84212992712855">
        <ele>14.0</ele>
      </trkpt>
      <trkpt lat="34.41354992799461" lon="-119.84211995266378">
        <ele>14.04</ele>
      </trkpt>
      <trkpt lat="34.41354992799461" lon="-119.842109978199">
        <ele>14.08</ele>
      </trkpt>
      <trkpt lat="34.41355437040329" lon="-119.842109978199">
        <ele>14.13</ele>
      </trkpt>
      <trkpt lat="34.41348999738693" lon="-119.84199992381036">
        <ele>14.18</ele>
      </trkpt>
      <trkpt lat="34.41346996463835" lon="-119.84196991659701">
        <ele>14.23</ele>
      </trkpt>
      <trkpt lat="34.41346996463835" lon="-119.84193999320269">
        <ele>14.28</ele>
      </trkpt>
      <trkpt lat="34.41346996463835" lon="-119.84189992770553">
        <ele>14.34</ele>
      </trkpt>
      <trkpt lat="34.41346996463835" lon="-119.8418599460274">
        <ele>14.4</ele>
      </trkpt>
      <trkpt lat="34.41346996463835" lon="-119.84182993881404">
        <ele>14.46</ele>
      </trkpt>
      <trkpt lat="34.41345999017358" lon="-119.8418099898845">
        <ele>14.52</ele>
      </trkpt>
      <trkpt lat="34.41345999017358" lon="-119.84178995713592">
        <ele>14.59</ele>
      </trkpt>
      <trkpt lat="34.413429982960224" lon="-119.84175994992256">
        <ele>14.65</ele>
      </trkpt>
      <trkpt lat="34.413409950211644" lon="-119.84172994270921">
        <ele>14.72</ele>
      </trkpt>
      <trkpt lat="34.413235103711486" lon="-119.84157009981573">
        <ele>14.79</ele>
      </trkpt>
      <trkpt lat="34.4130599219352" lon="-119.84140992164612">
        <ele>14.84</ele>
      </trkpt>
      <trkpt lat="34.41303997300565" lon="-119.84139994718134">
        <ele>14.9</ele>
      </trkpt>
      <trkpt lat="34.4130099657923" lon="-119.84135996550322">
        <ele>14.96</ele>
      </trkpt>
      <trkpt lat="34.412959925830364" lon="-119.84130992554128">
        <ele>15.01</ele>
      </trkpt>
      <trkpt lat="34.41294995136559" lon="-119.84127991832793">
        <ele>15.07</ele>
      </trkpt>
      <trkpt lat="34.412959925830364" lon="-119.8412399366498">
        <ele>15.12</ele>
      </trkpt>
      <trkpt lat="34.412979958578944" lon="-119.84117992222309">
        <ele>15.18</ele>
      </trkpt>
      <trkpt lat="34.412999991327524" lon="-119.84110993333161">
        <ele>15.22</ele>
      </trkpt>
      <trkpt lat="34.41303997300565" lon="-119.8410599771887">
        <ele>15.27</ele>
      </trkpt>
      <trkpt lat="34.41322999075055" lon="-119.84090994112194">
        <ele>15.32</ele>
      </trkpt>
      <trkpt lat="34.41337994299829" lon="-119.84073995612562">
        <ele>15.37</ele>
      </trkpt>
      <trkpt lat="34.41359980031848" lon="-119.84049512073398">
        <ele>15.45</ele>
      </trkpt>
      <trkpt lat="34.413819992914796" lon="-119.84024995006621">
        <ele>15.5</ele>
      </trkpt>
      <trkpt lat="34.413839941844344" lon="-119.8401999939233">
        <ele>15.52</ele>
      </trkpt>
      <trkpt lat="34.413859974592924" lon="-119.84017996117473">
        <ele>15.51</ele>
      </trkpt>
      <trkpt lat="34.41388998180628" lon="-119.84016998670995">
        <ele>15.5</ele>
      </trkpt>
      <trkpt lat="34.41392996348441" lon="-119.84015992842615">
        <ele>15.47</ele>
      </trkpt>
      <trkpt lat="34.41397991962731" lon="-119.8401399794966">
        <ele>15.42</ele>
      </trkpt>
      <trkpt lat="34.41401998512447" lon="-119.84011994674802">
        <ele>15.36</ele>
      </trkpt>
      <trkpt lat="34.4140599668026" lon="-119.84006999060512">
        <ele>15.28</ele>
      </trkpt>
      <trkpt lat="34.41408997401595" lon="-119.8399999178946">
        <ele>15.18</ele>
      </trkpt>
      <trkpt lat="34.41412995569408" lon="-119.83991995453835">
        <ele>15.07</ele>
      </trkpt>
      <trkpt lat="34.414209919050336" lon="-119.83977997675538">
        <ele>14.94</ele>
      </trkpt>
      <trkpt lat="34.41436498425901" lon="-119.83954494819045">
        <ele>14.81</ele>
      </trkpt>
      <trkpt lat="34.41451996564865" lon="-119.83930991962552">
        <ele>14.64</ele>
      </trkpt>
      <trkpt lat="34.41456992179155" lon="-119.83925996348262">
        <ele>14.44</ele>
      </trkpt>
      <trkpt lat="34.41459992900491" lon="-119.83923993073404">
        <ele>14.22</ele>
      </trkpt>
      <trkpt lat="34.41462993621826" lon="-119.83922995626926">
        <ele>13.98</ele>
      </trkpt>
      <trkpt lat="34.41464996896684" lon="-119.83919994905591">
        <ele>13.73</ele>
      </trkpt>
      <trkpt lat="34.414679976180196" lon="-119.83914999291301">
        <ele>13.45</ele>
      </trkpt>
      <trkpt lat="34.414796736091375" lon="-119.83889979310334">
        <ele>13.13</ele>
      </trkpt>
      <trkpt lat="34.414913496002555" lon="-119.83864959329367">
        <ele>12.8</ele>
      </trkpt>
      <trkpt lat="34.41502992063761" lon="-119.83839998021722">
        <ele>12.46</ele>
      </trkpt>
      <trkpt lat="34.41517995670438" lon="-119.83807995915413">
        <ele>12.11</ele>
      </trkpt>
      <trkpt lat="34.415259920060635" lon="-119.83788994140923">
        <ele>11.73</ele>
      </trkpt>
      <trkpt lat="34.415360083803535" lon="-119.83766312710941">
        <ele>11.3</ele>
      </trkpt>
      <trkpt lat="34.4154601637274" lon="-119.83743622899055">
        <ele>10.82</ele>
      </trkpt>
      <trkpt lat="34.415559992194176" lon="-119.83720991760492">
        <ele>10.37</ele>
      </trkpt>
      <trkpt lat="34.41560994833708" lon="-119.83709994703531">
        <ele>9.94</ele>
      </trkpt>
      <trkpt lat="34.415649930015206" lon="-119.8370399326086">
        <ele>9.53</ele>
      </trkpt>
      <trkpt lat="34.415839947760105" lon="-119.83675997704268">
        <ele>9.06</ele>
      </trkpt>
      <trkpt lat="34.41587992943823" lon="-119.83670993708074">
        <ele>8.65</ele>
      </trkpt>
      <trkpt lat="34.41588998772204" lon="-119.83664992265403">
        <ele>8.23</ele>
      </trkpt>
      <trkpt lat="34.41589996218681" lon="-119.83658999204636">
        <ele>7.83</ele>
      </trkpt>
      <trkpt lat="34.41589996218681" lon="-119.83657993376255">
        <ele>7.43</ele>
      </trkpt>
      <trkpt lat="34.41591999493539" lon="-119.83645998872817">
        <ele>7.04</ele>
      </trkpt>
      <trkpt lat="34.41597992554307" lon="-119.83623996376991">
        <ele>6.64</ele>
      </trkpt>
      <trkpt lat="34.416049998253584" lon="-119.83600996434689">
        <ele>6.24</ele>
      </trkpt>
      <trkpt lat="34.41606994718313" lon="-119.83596998266876">
        <ele>5.88</ele>
      </trkpt>
      <trkpt lat="34.41618503071368" lon="-119.83570972457528">
        <ele>5.54</ele>
      </trkpt>
      <trkpt lat="34.41629994660616" lon="-119.835449969396">
        <ele>5.2</ele>
      </trkpt>
      <trkpt lat="34.41632995381951" lon="-119.83539992943406">
        <ele>4.88</ele>
      </trkpt>
      <trkpt lat="34.416419975459576" lon="-119.8352099955082">
        <ele>4.58</ele>
      </trkpt>
      <trkpt lat="34.41650999709964" lon="-119.83502995222807">
        <ele>4.29</ele>
      </trkpt>
      <trkpt lat="34.41664000041783" lon="-119.83480657450855">
        <ele>4.01</ele>
      </trkpt>
      <trkpt lat="34.41677008755505" lon="-119.83458311297">
        <ele>3.74</ele>
      </trkpt>
      <trkpt lat="34.41689992323518" lon="-119.83435998670757">
        <ele>3.5</ele>
      </trkpt>
      <trkpt lat="34.416999919340014" lon="-119.83419997617602">
        <ele>3.25</ele>
      </trkpt>
      <trkpt lat="34.41711994819343" lon="-119.8340299911797">
        <ele>3.01</ele>
      </trkpt>
      <trkpt lat="34.41720996983349" lon="-119.83391993679106">
        <ele>2.8</ele>
      </trkpt>
      <trkpt lat="34.41723997704685" lon="-119.83387995511293">
        <ele>2.61</ele>
      </trkpt>
      <trkpt lat="34.417279958724976" lon="-119.83381994068623">
        <ele>2.44</ele>
      </trkpt>
      <trkpt lat="34.417380038648844" lon="-119.8336398974061">
        <ele>2.28</ele>
      </trkpt>
      <trkpt lat="34.41747995093465" lon="-119.83345993794501">
        <ele>2.13</ele>
      </trkpt>
      <trkpt lat="34.41748992539942" lon="-119.8333499673754">
        <ele>2.0</ele>
      </trkpt>
      <trkpt lat="34.41748992539942" lon="-119.83327997848392">
        <ele>1.88</ele>
      </trkpt>
      <trkpt lat="34.41747995093465" lon="-119.83320998959243">
        <ele>1.78</ele>
      </trkpt>
      <trkpt lat="34.41743996925652" lon="-119.83283992856741">
        <ele>1.65</ele>
      </trkpt>
      <trkpt lat="34.41741993650794" lon="-119.83252996578813">
        <ele>1.57</ele>
      </trkpt>
      <trkpt lat="34.41739998757839" lon="-119.83240993693471">
        <ele>1.5</ele>
      </trkpt>
      <trkpt lat="34.417389929294586" lon="-119.83235998079181">
        <ele>1.44</ele>
      </trkpt>
      <trkpt lat="34.41737995482981" lon="-119.83233994804323">
        <ele>1.39</ele>
      </trkpt>
      <trkpt lat="34.41736998036504" lon="-119.83231999911368">
        <ele>1.35</ele>
      </trkpt>
      <trkpt lat="34.41735992208123" lon="-119.8322999663651">
        <ele>1.32</ele>
      </trkpt>
      <trkpt lat="34.41734994761646" lon="-119.83228999190032">
        <ele>1.29</ele>
      </trkpt>
      <trkpt lat="34.417319940403104" lon="-119.83227993361652">
        <ele>1.28</ele>
      </trkpt>
      <trkpt lat="34.41724995151162" lon="-119.83225998468697">
        <ele>1.28</ele>
      </trkpt>
      <trkpt lat="34.41723997704685" lon="-119.83225998468697">
        <ele>1.27</ele>
      </trkpt>
      <trkpt lat="34.417169988155365" lon="-119.83223995193839">
        <ele>1.28</ele>
      </trkpt>
      <trkpt lat="34.417149955406785" lon="-119.83221991918981">
        <ele>1.29</ele>
      </trkpt>
      <trkpt lat="34.417129922658205" lon="-119.83218999579549">
        <ele>1.3</ele>
      </trkpt>
      <trkpt lat="34.41711994819343" lon="-119.83216996304691">
        <ele>1.31</ele>
      </trkpt>
      <trkpt lat="34.41711994819343" lon="-119.83212998136878">
        <ele>1.33</ele>
      </trkpt>
      <trkpt lat="34.417149955406785" lon="-119.83194993808866">
        <ele>1.31</ele>
      </trkpt>
      <trkpt lat="34.41720502451062" lon="-119.8317246325314">
        <ele>1.32</ele>
      </trkpt>
      <trkpt lat="34.417259925976396" lon="-119.83149999752641">
        <ele>1.34</ele>
      </trkpt>
      <trkpt lat="34.417259925976396" lon="-119.83150016516447">
        <ele>1.36</ele>
      </trkpt>
      <trkpt lat="34.417279958724976" lon="-119.83140997588634">
        <ele>1.38</ele>
      </trkpt>
      <trkpt lat="34.41728993318975" lon="-119.83138994313776">
        <ele>1.41</ele>
      </trkpt>
      <trkpt lat="34.417299991473556" lon="-119.83137996867299">
        <ele>1.44</ele>
      </trkpt>
      <trkpt lat="34.41730996593833" lon="-119.83136999420822">
        <ele>1.46</ele>
      </trkpt>
      <trkpt lat="34.41732999868691" lon="-119.83135993592441">
        <ele>1.49</ele>
      </trkpt>
      <trkpt lat="34.41734994761646" lon="-119.83135993592441">
        <ele>1.52</ele>
      </trkpt>
      <trkpt lat="34.41735992208123" lon="-119.83136999420822">
        <ele>1.54</ele>
      </trkpt>
      <trkpt lat="34.41736998036504" lon="-119.83136999420822">
        <ele>1.57</ele>
      </trkpt>
      <trkpt lat="34.41737995482981" lon="-119.83139991760254">
        <ele>1.6</ele>
      </trkpt>
      <trkpt lat="34.41739998757839" lon="-119.83141995035112">
        <ele>1.62</ele>
      </trkpt>
      <trkpt lat="34.417409962043166" lon="-119.8314399830997">
        <ele>1.65</ele>
      </trkpt>
      <trkpt lat="34.417429994791746" lon="-119.83146999031305">
        <ele>1.68</ele>
      </trkpt>
      <trkpt lat="34.41747995093465" lon="-119.83149999752641">
        <ele>1.7</ele>
      </trkpt>
      <trkpt lat="34.417579947039485" lon="-119.83153997920454">
        <ele>1.72</ele>
      </trkpt>
      <trkpt lat="34.41766996867955" lon="-119.83155992813408">
        <ele>1.75</ele>
      </trkpt>
      <trkpt lat="34.417859986424446" lon="-119.83161994256079">
        <ele>1.77</ele>
      </trkpt>
      <trkpt lat="34.41791991703212" lon="-119.83162991702557">
        <ele>1.79</ele>
      </trkpt>
      <trkpt lat="34.41794992424548" lon="-119.83163997530937">
        <ele>1.81</ele>
      </trkpt>
      <trkpt lat="34.41796995699406" lon="-119.83163997530937">
        <ele>1.83</ele>
      </trkpt>
      <trkpt lat="34.41797993145883" lon="-119.83162991702557">
        <ele>1.85</ele>
      </trkpt>
      <trkpt lat="34.418009938672185" lon="-119.83160996809602">
        <ele>1.87</ele>
      </trkpt>
      <trkpt lat="34.418029971420765" lon="-119.83158993534744">
        <ele>1.88</ele>
      </trkpt>
      <trkpt lat="34.41803994588554" lon="-119.83155992813408">
        <ele>1.9</ele>
      </trkpt>
      <trkpt lat="34.41804992035031" lon="-119.8314899392426">
        <ele>1.92</ele>
      </trkpt>
      <trkpt lat="34.41805997863412" lon="-119.83140997588634">
        <ele>1.93</ele>
      </trkpt>
      <trkpt lat="34.41805997863412" lon="-119.83139991760254">
        <ele>1.95</ele>
      </trkpt>
      <trkpt lat="34.41806995309889" lon="-119.83136999420822">
        <ele>1.96</ele>
      </trkpt>
      <trkpt lat="34.41805997863412" lon="-119.83133998699486">
        <ele>1.98</ele>
      </trkpt>
      <trkpt lat="34.41805997863412" lon="-119.8312999214977">
        <ele>1.99</ele>
      </trkpt>
      <trkpt lat="34.418029971420765" lon="-119.83120998367667">
        <ele>2.01</ele>
      </trkpt>
      <trkpt lat="34.41801999695599" lon="-119.83113999478519">
        <ele>2.02</ele>
      </trkpt>
      <trkpt lat="34.41801999695599" lon="-119.83110998757184">
        <ele>2.03</ele>
      </trkpt>
      <trkpt lat="34.41801999695599" lon="-119.83107998035848">
        <ele>2.05</ele>
      </trkpt>
      <trkpt lat="34.41801999695599" lon="-119.83103999868035">
        <ele>2.06</ele>
      </trkpt>
      <trkpt lat="34.41803994588554" lon="-119.83096992596984">
        <ele>2.08</ele>
      </trkpt>
      <trkpt lat="34.41809996031225" lon="-119.83080999925733">
        <ele>2.09</ele>
      </trkpt>
      <trkpt lat="34.418179923668504" lon="-119.83064998872578">
        <ele>2.11</ele>
      </trkpt>
      <trkpt lat="34.41822996363044" lon="-119.8305799998343">
        <ele>2.12</ele>
      </trkpt>
      <trkpt lat="34.4183199852705" lon="-119.83048997819424">
        <ele>2.14</ele>
      </trkpt>
      <trkpt lat="34.418329959735274" lon="-119.83047991991043">
        <ele>2.16</ele>
      </trkpt>
      <trkpt lat="34.41838997416198" lon="-119.83042996376753">
        <ele>2.17</ele>
      </trkpt>
      <trkpt lat="34.41846993751824" lon="-119.8303799238056">
        <ele>2.18</ele>
      </trkpt>
      <trkpt lat="34.41854998469353" lon="-119.83034991659224">
        <ele>2.2</ele>
      </trkpt>
      <trkpt lat="34.418649980798364" lon="-119.83031999319792">
        <ele>2.21</ele>
      </trkpt>
      <trkpt lat="34.41872994415462" lon="-119.83030993491411">
        <ele>2.23</ele>
      </trkpt>
      <trkpt lat="34.41880999132991" lon="-119.83031999319792">
        <ele>2.26</ele>
      </trkpt>
      <trkpt lat="34.41882994025946" lon="-119.83032996766269">
        <ele>2.28</ele>
      </trkpt>
      <trkpt lat="34.41887998022139" lon="-119.83033994212747">
        <ele>2.3</ele>
      </trkpt>
      <trkpt lat="34.41896991804242" lon="-119.83036994934082">
        <ele>2.33</ele>
      </trkpt>
      <trkpt lat="34.41909992136061" lon="-119.83042996376753">
        <ele>2.36</ele>
      </trkpt>
      <trkpt lat="34.419169994071126" lon="-119.83045997098088">
        <ele>2.39</ele>
      </trkpt>
      <trkpt lat="34.419189943000674" lon="-119.83046994544566">
        <ele>2.41</ele>
      </trkpt>
      <trkpt lat="34.41925993189216" lon="-119.83052995987236">
        <ele>2.43</ele>
      </trkpt>
      <trkpt lat="34.41930997185409" lon="-119.83059994876385">
        <ele>2.46</ele>
      </trkpt>
      <trkpt lat="34.4193699862808" lon="-119.83068997040391">
        <ele>2.5</ele>
      </trkpt>
      <trkpt lat="34.4194199424237" lon="-119.83076993376017">
        <ele>2.53</ele>
      </trkpt>
      <trkpt lat="34.419469982385635" lon="-119.8308199737221">
        <ele>2.54</ele>
      </trkpt>
      <trkpt lat="34.41951993852854" lon="-119.83084998093545">
        <ele>2.56</ele>
      </trkpt>
      <trkpt lat="34.419559920206666" lon="-119.83085995540023">
        <ele>2.57</ele>
      </trkpt>
      <trkpt lat="34.4196099601686" lon="-119.83085995540023">
        <ele>2.58</ele>
      </trkpt>
      <trkpt lat="34.41962999291718" lon="-119.83084998093545">
        <ele>2.58</ele>
      </trkpt>
      <trkpt lat="34.41964994184673" lon="-119.83084998093545">
        <ele>2.59</ele>
      </trkpt>
      <trkpt lat="34.41967994906008" lon="-119.83083992265165">
        <ele>2.59</ele>
      </trkpt>
      <trkpt lat="34.41970995627344" lon="-119.83082994818687">
        <ele>2.58</ele>
      </trkpt>
      <trkpt lat="34.41973996348679" lon="-119.83080999925733">
        <ele>2.58</ele>
      </trkpt>
      <trkpt lat="34.419749937951565" lon="-119.83079994097352">
        <ele>2.57</ele>
      </trkpt>
      <trkpt lat="34.41986996680498" lon="-119.83063993044198">
        <ele>2.55</ele>
      </trkpt>
      <trkpt lat="34.41994993016124" lon="-119.83054999262094">
        <ele>2.54</ele>
      </trkpt>
      <trkpt lat="34.41999997012317" lon="-119.83048997819424">
        <ele>2.52</ele>
      </trkpt>
      <trkpt lat="34.42001991905272" lon="-119.83045997098088">
        <ele>2.5</ele>
      </trkpt>
      <trkpt lat="34.42012997344136" lon="-119.83033994212747">
        <ele>2.46</ele>
      </trkpt>
      <trkpt lat="34.42015998065472" lon="-119.83031999319792">
        <ele>2.43</ele>
      </trkpt>
      <trkpt lat="34.420309932902455" lon="-119.8301399499178">
        <ele>2.39</ele>
      </trkpt>
      <trkpt lat="34.42044999450445" lon="-119.82998999767005">
        <ele>2.36</ele>
      </trkpt>
      <trkpt lat="34.42066993564367" lon="-119.82975999824703">
        <ele>2.33</ele>
      </trkpt>
      <trkpt lat="34.42074998281896" lon="-119.82966997660697">
        <ele>2.3</ele>
      </trkpt>
      <trkpt lat="34.42079993896186" lon="-119.82960996218026">
        <ele>2.27</ele>
      </trkpt>
      <trkpt lat="34.42095994949341" lon="-119.82944995164871">
        <ele>2.23</ele>
      </trkpt>
      <trkpt lat="34.42102993838489" lon="-119.82936998829246">
        <ele>2.2</ele>
      </trkpt>
      <trkpt lat="34.421059945598245" lon="-119.82931994833052">
        <ele>2.17</ele>
      </trkpt>
      <trkpt lat="34.4210899528116" lon="-119.8292799666524">
        <ele>2.13</ele>
      </trkpt>
      <trkpt lat="34.42113999277353" lon="-119.82918994501233">
        <ele>2.1</ele>
      </trkpt>
      <trkpt lat="34.42116999998689" lon="-119.82913998886943">
        <ele>2.07</ele>
      </trkpt>
      <trkpt lat="34.421189948916435" lon="-119.8290899489075">
        <ele>2.04</ele>
      </trkpt>
      <trkpt lat="34.42122993059456" lon="-119.82900998555124">
        <ele>2.0</ele>
      </trkpt>
      <trkpt lat="34.42126999609172" lon="-119.8289599455893">
        <ele>1.97</ele>
      </trkpt>
      <trkpt lat="34.42126999609172" lon="-119.82894997112453">
        <ele>1.94</ele>
      </trkpt>
      <trkpt lat="34.42130997776985" lon="-119.8288999311626">
        <ele>1.91</ele>
      </trkpt>
      <trkpt lat="34.42134995944798" lon="-119.82885994948447">
        <ele>1.89</ele>
      </trkpt>
      <trkpt lat="34.421429922804236" lon="-119.82877998612821">
        <ele>1.86</ele>
      </trkpt>
      <trkpt lat="34.42156998440623" lon="-119.82866993173957">
        <ele>1.84</ele>
      </trkpt>
      <trkpt lat="34.42169998772442" lon="-119.82856993563473">
        <ele>1.81</ele>
      </trkpt>
      <trkpt lat="34.421809958294034" lon="-119.8284799978137">
        <ele>1.79</ele>
      </trkpt>
      <trkpt lat="34.42199997603893" lon="-119.82832996174693">
        <ele>1.77</ele>
      </trkpt>
      <trkpt lat="34.422049932181835" lon="-119.828279921785">
        <ele>1.76</ele>
      </trkpt>
      <trkpt lat="34.42214992828667" lon="-119.82820993289351">
        <ele>1.74</ele>
      </trkpt>
      <trkpt lat="34.42227993160486" lon="-119.8280999623239">
        <ele>1.73</ele>
      </trkpt>
      <trkpt lat="34.42229996435344" lon="-119.82807992957532">
        <ele>1.72</ele>
      </trkpt>
      <trkpt lat="34.42254999652505" lon="-119.82787993736565">
        <ele>1.71</ele>
      </trkpt>
      <trkpt lat="34.42272995598614" lon="-119.82772998511791">
        <ele>1.71</ele>
      </trkpt>
      <trkpt lat="34.42278997041285" lon="-119.82768991962075">
        <ele>1.71</ele>
      </trkpt>
      <trkpt lat="34.422819977626204" lon="-119.82764993794262">
        <ele>1.71</ele>
      </trkpt>
      <trkpt lat="34.42284998483956" lon="-119.8276099562645">
        <ele>1.71</ele>
      </trkpt>
      <trkpt lat="34.42287999205291" lon="-119.82754994183779">
        <ele>1.72</ele>
      </trkpt>
      <trkpt lat="34.42288996651769" lon="-119.82749998569489">
        <ele>1.73</ele>
      </trkpt>
      <trkpt lat="34.42289994098246" lon="-119.8274299968034">
        <ele>1.75</ele>
      </trkpt>
      <trkpt lat="34.42289994098246" lon="-119.82739998959005">
        <ele>1.76</ele>
      </trkpt>
      <trkpt lat="34.42289994098246" lon="-119.8273699823767">
        <ele>1.78</ele>
      </trkpt>
      <trkpt lat="34.42288996651769" lon="-119.82731994241476">
        <ele>1.81</ele>
      </trkpt>
      <trkpt lat="34.42285995930433" lon="-119.82724995352328">
        <ele>1.84</ele>
      </trkpt>
      <trkpt lat="34.4228099193424" lon="-119.82715993188322">
        <ele>1.87</ele>
      </trkpt>
      <trkpt lat="34.422739930450916" lon="-119.82702992856503">
        <ele>1.9</ele>
      </trkpt>
      <trkpt lat="34.42269994877279" lon="-119.82694996520877">
        <ele>1.94</ele>
      </trkpt>
      <trkpt lat="34.42263993434608" lon="-119.82681996189058">
        <ele>1.98</ele>
      </trkpt>
      <trkpt lat="34.4225699454546" lon="-119.82662994414568">
        <ele>2.03</ele>
      </trkpt>
      <trkpt lat="34.42253993824124" lon="-119.82648996636271">
        <ele>2.09</ele>
      </trkpt>
      <trkpt lat="34.42250993102789" lon="-119.8263199813664">
        <ele>2.13</ele>
      </trkpt>
      <trkpt lat="34.42248998209834" lon="-119.82615997083485">
        <ele>2.19</ele>
      </trkpt>
      <trkpt lat="34.422479923814535" lon="-119.82597992755473">
        <ele>2.25</ele>
      </trkpt>
      <trkpt lat="34.422479923814535" lon="-119.82587993144989">
        <ele>2.31</ele>
      </trkpt>
      <trkpt lat="34.42248998209834" lon="-119.82571992091835">
        <ele>2.37</ele>
      </trkpt>
      <trkpt lat="34.42252996377647" lon="-119.82541993260384">
        <ele>2.45</ele>
      </trkpt>
      <trkpt lat="34.42259995266795" lon="-119.8251299187541">
        <ele>2.53</ele>
      </trkpt>
      <trkpt lat="34.422665080055594" lon="-119.82487955130637">
        <ele>2.61</ele>
      </trkpt>
      <trkpt lat="34.42272995598614" lon="-119.82462993822992">
        <ele>2.69</ele>
      </trkpt>
      <trkpt lat="34.42276993766427" lon="-119.8244599532336">
        <ele>2.77</ele>
      </trkpt>
      <trkpt lat="34.42284503951669" lon="-119.82414697296917">
        <ele>2.84</ele>
      </trkpt>
      <trkpt lat="34.422920225188136" lon="-119.82383399270475">
        <ele>2.92</ele>
      </trkpt>
      <trkpt lat="34.42299532704055" lon="-119.82352101244032">
        <ele>3.04</ele>
      </trkpt>
      <trkpt lat="34.42306992597878" lon="-119.82320996001363">
        <ele>3.12</ele>
      </trkpt>
      <trkpt lat="34.423119965940714" lon="-119.82299999333918">
        <ele>3.2</ele>
      </trkpt>
      <trkpt lat="34.4232034496963" lon="-119.82264937832952">
        <ele>3.28</ele>
      </trkpt>
      <trkpt lat="34.42328684963286" lon="-119.82229884713888">
        <ele>3.36</ele>
      </trkpt>
      <trkpt lat="34.42336999811232" lon="-119.82194999232888">
        <ele>3.45</ele>
      </trkpt>
      <trkpt lat="34.42336999811232" lon="-119.82156995683908">
        <ele>3.53</ele>
      </trkpt>
      <trkpt lat="34.423379972577095" lon="-119.82151991687715">
        <ele>3.61</ele>
      </trkpt>
      <trkpt lat="34.423379972577095" lon="-119.82129997573793">
        <ele>3.69</ele>
      </trkpt>
      <trkpt lat="34.423379972577095" lon="-119.82115999795496">
        <ele>3.77</ele>
      </trkpt>
      <trkpt lat="34.42338994704187" lon="-119.82107995077968">
        <ele>3.85</ele>
      </trkpt>
      <trkpt lat="34.42340997979045" lon="-119.82090996578336">
        <ele>3.93</ele>
      </trkpt>
      <trkpt lat="34.42341995425522" lon="-119.82085992582142">
        <ele>4.01</ele>
      </trkpt>
      <trkpt lat="34.42345993593335" lon="-119.82061995193362">
        <ele>4.09</ele>
      </trkpt>
      <trkpt lat="34.42350000143051" lon="-119.82037452980876">
        <ele>4.17</ele>
      </trkpt>
      <trkpt lat="34.42353998310864" lon="-119.82012994587421">
        <ele>4.25</ele>
      </trkpt>
      <trkpt lat="34.42355993203819" lon="-119.81988997198641">
        <ele>4.33</ele>
      </trkpt>
      <trkpt lat="34.42356496118009" lon="-119.81968956068158">
        <ele>4.4</ele>
      </trkpt>
      <trkpt lat="34.423569990321994" lon="-119.81948998756707">
        <ele>4.48</ele>
      </trkpt>
      <trkpt lat="34.42357996478677" lon="-119.81934992596507">
        <ele>4.56</ele>
      </trkpt>
      <trkpt lat="34.42357996478677" lon="-119.81913451105356">
        <ele>4.64</ele>
      </trkpt>
      <trkpt lat="34.42357996478677" lon="-119.81891993433237">
        <ele>4.73</ele>
      </trkpt>
      <trkpt lat="34.42358197644353" lon="-119.81861340813339">
        <ele>4.83</ele>
      </trkpt>
      <trkpt lat="34.42358398810029" lon="-119.81830679811537">
        <ele>4.9</ele>
      </trkpt>
      <trkpt lat="34.42358599975705" lon="-119.81800018809736">
        <ele>4.98</ele>
      </trkpt>
      <trkpt lat="34.42358801141381" lon="-119.81769366189837">
        <ele>5.08</ele>
      </trkpt>
      <trkpt lat="34.42358993925154" lon="-119.81738998554647">
        <ele>5.16</ele>
      </trkpt>
      <trkpt lat="34.42358993925154" lon="-119.81705328449607">
        <ele>5.23</ele>
      </trkpt>
      <trkpt lat="34.42358993925154" lon="-119.8167166672647">
        <ele>5.28</ele>
      </trkpt>
      <trkpt lat="34.42358993925154" lon="-119.81638005003333">
        <ele>5.33</ele>
      </trkpt>
      <trkpt lat="34.42358993925154" lon="-119.81604343280196">
        <ele>5.43</ele>
      </trkpt>
      <trkpt lat="34.42358993925154" lon="-119.81570991687477">
        <ele>5.5</ele>
      </trkpt>
      <trkpt lat="34.423619946464896" lon="-119.81542996130884">
        <ele>5.57</ele>
      </trkpt>
      <trkpt lat="34.423639979213476" lon="-119.815329965204">
        <ele>5.63</ele>
      </trkpt>
      <trkpt lat="34.423699993640184" lon="-119.81496996246278">
        <ele>5.71</ele>
      </trkpt>
      <trkpt lat="34.42375003360212" lon="-119.81477466411889">
        <ele>5.77</ele>
      </trkpt>
      <trkpt lat="34.42379998974502" lon="-119.81457995250821">
        <ele>5.82</ele>
      </trkpt>
      <trkpt lat="34.42386503331363" lon="-119.81437970884144">
        <ele>5.88</ele>
      </trkpt>
      <trkpt lat="34.42392999306321" lon="-119.81417996808887">
        <ele>5.94</ele>
      </trkpt>
      <trkpt lat="34.423959916457534" lon="-119.81405993923545">
        <ele>6.01</ele>
      </trkpt>
      <trkpt lat="34.42398992367089" lon="-119.81397997587919">
        <ele>6.08</ele>
      </trkpt>
      <trkpt lat="34.42411012016237" lon="-119.8136462084949">
        <ele>6.16</ele>
      </trkpt>
      <trkpt lat="34.424230232834816" lon="-119.81331252492964">
        <ele>6.23</ele>
      </trkpt>
      <trkpt lat="34.424349926412106" lon="-119.8129799310118">
        <ele>6.29</ele>
      </trkpt>
      <trkpt lat="34.42444338463247" lon="-119.81270961463451">
        <ele>6.36</ele>
      </trkpt>
      <trkpt lat="34.42453684285283" lon="-119.81243929825723">
        <ele>6.42</ele>
      </trkpt>
      <trkpt lat="34.42462996579707" lon="-119.81216998770833">
        <ele>6.49</ele>
      </trkpt>
      <trkpt lat="34.42469995468855" lon="-119.81196999549866">
        <ele>6.56</ele>
      </trkpt>
      <trkpt lat="34.42476994358003" lon="-119.81176991946995">
        <ele>6.63</ele>
      </trkpt>
      <trkpt lat="34.424879997968674" lon="-119.81145995669067">
        <ele>6.7</ele>
      </trkpt>
      <trkpt lat="34.424929954111576" lon="-119.81137999333441">
        <ele>6.78</ele>
      </trkpt>
      <trkpt lat="34.424929954111576" lon="-119.8113699350506">
        <ele>6.86</ele>
      </trkpt>
      <trkpt lat="34.42499994300306" lon="-119.81128997169435">
        <ele>6.94</ele>
      </trkpt>
      <trkpt lat="34.42507999017835" lon="-119.81124999001622">
        <ele>7.03</ele>
      </trkpt>
      <trkpt lat="34.42514997906983" lon="-119.81121998280287">
        <ele>7.12</ele>
      </trkpt>
      <trkpt lat="34.42523991689086" lon="-119.81119995005429">
        <ele>7.22</ele>
      </trkpt>
      <trkpt lat="34.425289956852794" lon="-119.8111299611628">
        <ele>7.33</ele>
      </trkpt>
      <trkpt lat="34.42532993853092" lon="-119.81103993952274">
        <ele>7.44</ele>
      </trkpt>
      <trkpt lat="34.425359945744276" lon="-119.81094991788268">
        <ele>7.55</ele>
      </trkpt>
      <trkpt lat="34.425379978492856" lon="-119.81069946661592">
        <ele>7.65</ele>
      </trkpt>
      <trkpt lat="34.425399927422404" lon="-119.8104499373585">
        <ele>7.78</ele>
      </trkpt>
      <trkpt lat="34.425379978492856" lon="-119.81034994125366">
        <ele>7.9</ele>
      </trkpt>
      <trkpt lat="34.42533999681473" lon="-119.8102699778974">
        <ele>8.03</ele>
      </trkpt>
      <trkpt lat="34.42517998628318" lon="-119.80994995683432">
        <ele>8.17</ele>
      </trkpt>
      <trkpt lat="34.42514997906983" lon="-119.80988994240761">
        <ele>8.31</ele>
      </trkpt>
      <trkpt lat="34.42513992078602" lon="-119.8098399862647">
        <ele>8.46</ele>
      </trkpt>
      <trkpt lat="34.425119971856475" lon="-119.80961996130645">
        <ele>8.61</ele>
      </trkpt>
      <trkpt lat="34.42513992078602" lon="-119.80930999852717">
        <ele>8.77</ele>
      </trkpt>
      <trkpt lat="34.42515500821173" lon="-119.80908955447376">
        <ele>8.95</ele>
      </trkpt>
      <trkpt lat="34.42516992799938" lon="-119.80886994861066">
        <ele>9.12</ele>
      </trkpt>
      <trkpt lat="34.42518803291023" lon="-119.80854732915759">
        <ele>9.29</ele>
      </trkpt>
      <trkpt lat="34.42520605400205" lon="-119.80822470970452">
        <ele>9.5</ele>
      </trkpt>
      <trkpt lat="34.425224075093865" lon="-119.80790217407048">
        <ele>9.7</ele>
      </trkpt>
      <trkpt lat="34.425242096185684" lon="-119.8075795546174">
        <ele>9.88</ele>
      </trkpt>
      <trkpt lat="34.42525994963944" lon="-119.80725995264947">
        <ele>10.07</ele>
      </trkpt>
      <trkpt lat="34.425289956852794" lon="-119.80712994933128">
        <ele>10.23</ele>
      </trkpt>
      <trkpt lat="34.42533999681473" lon="-119.80678997933865">
        <ele>10.4</ele>
      </trkpt>
      <trkpt lat="34.425400011241436" lon="-119.80657967738807">
        <ele>10.55</ele>
      </trkpt>
      <trkpt lat="34.42545994184911" lon="-119.80636996217072">
        <ele>10.71</ele>
      </trkpt>
      <trkpt lat="34.42551995627582" lon="-119.80612998828292">
        <ele>10.85</ele>
      </trkpt>
      <trkpt lat="34.42555993795395" lon="-119.80588993057609">
        <ele>11.0</ele>
      </trkpt>
      <trkpt lat="34.42560100927949" lon="-119.80553629808128">
        <ele>11.14</ele>
      </trkpt>
      <trkpt lat="34.42564208060503" lon="-119.80518266558647">
        <ele>11.27</ele>
      </trkpt>
      <trkpt lat="34.4256832357496" lon="-119.80482903309166">
        <ele>11.39</ele>
      </trkpt>
      <trkpt lat="34.42572430707514" lon="-119.80447540059686">
        <ele>11.52</ele>
      </trkpt>
      <trkpt lat="34.42576537840068" lon="-119.80412176810205">
        <ele>11.62</ele>
      </trkpt>
      <trkpt lat="34.425806449726224" lon="-119.80376813560724">
        <ele>11.72</ele>
      </trkpt>
      <trkpt lat="34.425847521051764" lon="-119.80341450311244">
        <ele>11.85</ele>
      </trkpt>
      <trkpt lat="34.425888592377305" lon="-119.80306087061763">
        <ele>11.93</ele>
      </trkpt>
      <trkpt lat="34.425929663702846" lon="-119.80270715430379">
        <ele>12.02</ele>
      </trkpt>
      <trkpt lat="34.4259699806571" lon="-119.80235997587442">
        <ele>12.09</ele>
      </trkpt>
      <trkpt lat="34.4260199368" lon="-119.80203995481133">
        <ele>12.15</ele>
      </trkpt>
      <trkpt lat="34.426085064187646" lon="-119.80172445997596">
        <ele>12.21</ele>
      </trkpt>
      <trkpt lat="34.426149940118194" lon="-119.80140997096896">
        <ele>12.28</ele>
      </trkpt>
      <trkpt lat="34.426159998402" lon="-119.80132992379367">
        <ele>12.31</ele>
      </trkpt>
      <trkpt lat="34.42619503475726" lon="-119.8011196218431">
        <ele>12.33</ele>
      </trkpt>
      <trkpt lat="34.42622998729348" lon="-119.80090999044478">
        <ele>12.33</ele>
      </trkpt>
      <trkpt lat="34.426259994506836" lon="-119.8006499838084">
        <ele>12.31</ele>
      </trkpt>
      <trkpt lat="34.42626996897161" lon="-119.80039995163679">
        <ele>12.29</ele>
      </trkpt>
      <trkpt lat="34.42626996897161" lon="-119.80020456947386">
        <ele>12.28</ele>
      </trkpt>
      <trkpt lat="34.42626996897161" lon="-119.80000994168222">
        <ele>12.25</ele>
      </trkpt>
      <trkpt lat="34.42627248354256" lon="-119.79970936663449">
        <ele>12.22</ele>
      </trkpt>
      <trkpt lat="34.42627499811351" lon="-119.79940879158676">
        <ele>12.18</ele>
      </trkpt>
      <trkpt lat="34.426277512684464" lon="-119.79910821653903">
        <ele>12.14</ele>
      </trkpt>
      <trkpt lat="34.426279943436384" lon="-119.79880998842418">
        <ele>12.08</ele>
      </trkpt>
      <trkpt lat="34.42628991790116" lon="-119.79848996736109">
        <ele>12.02</ele>
      </trkpt>
      <trkpt lat="34.42630995064974" lon="-119.79826994240284">
        <ele>11.96</ele>
      </trkpt>
      <trkpt lat="34.42635999061167" lon="-119.79801999405026">
        <ele>11.89</ele>
      </trkpt>
      <trkpt lat="34.42643995396793" lon="-119.79777993634343">
        <ele>11.8</ele>
      </trkpt>
      <trkpt lat="34.42654992453754" lon="-119.79745999909937">
        <ele>11.71</ele>
      </trkpt>
      <trkpt lat="34.42667003720999" lon="-119.79722983203828">
        <ele>11.62</ele>
      </trkpt>
      <trkpt lat="34.42678998224437" lon="-119.79699991643429">
        <ele>11.54</ele>
      </trkpt>
      <trkpt lat="34.42696005105972" lon="-119.79669649153948">
        <ele>11.45</ele>
      </trkpt>
      <trkpt lat="34.42713011987507" lon="-119.79639298282564">
        <ele>11.34</ele>
      </trkpt>
      <trkpt lat="34.427300188690424" lon="-119.79608955793083">
        <ele>11.25</ele>
      </trkpt>
      <trkpt lat="34.427470257505774" lon="-119.79578604921699">
        <ele>11.17</ele>
      </trkpt>
      <trkpt lat="34.427640326321125" lon="-119.79548262432218">
        <ele>11.08</ele>
      </trkpt>
      <trkpt lat="34.42780997604132" lon="-119.79517995379865">
        <ele>11.0</ele>
      </trkpt>
      <trkpt lat="34.42796495743096" lon="-119.79492992162704">
        <ele>10.92</ele>
      </trkpt>
      <trkpt lat="34.4281199388206" lon="-119.79467997327447">
        <ele>10.84</ele>
      </trkpt>
      <trkpt lat="34.42826997488737" lon="-119.79442994110286">
        <ele>10.77</ele>
      </trkpt>
      <trkpt lat="34.428365025669336" lon="-119.79426993057132">
        <ele>10.69</ele>
      </trkpt>
      <trkpt lat="34.42845999263227" lon="-119.79410992003977">
        <ele>10.62</ele>
      </trkpt>
      <trkpt lat="34.428559988737106" lon="-119.7939099278301">
        <ele>10.56</ele>
      </trkpt>
      <trkpt lat="34.428745061159134" lon="-119.79360155761242">
        <ele>10.49</ele>
      </trkpt>
      <trkpt lat="34.42893004976213" lon="-119.7932931035757">
        <ele>10.44</ele>
      </trkpt>
      <trkpt lat="34.42911512218416" lon="-119.792984649539">
        <ele>10.41</ele>
      </trkpt>
      <trkpt lat="34.429300194606185" lon="-119.79267619550228">
        <ele>10.35</ele>
      </trkpt>
      <trkpt lat="34.42948526702821" lon="-119.7923678252846">
        <ele>10.28</ele>
      </trkpt>
      <trkpt lat="34.42966992035508" lon="-119.79205995798111">
        <ele>10.25</ele>
      </trkpt>
      <trkpt lat="34.4297899492085" lon="-119.79179995134473">
        <ele>10.2</ele>
      </trkpt>
      <trkpt lat="34.429909978061914" lon="-119.79149996303022">
        <ele>10.16</ele>
      </trkpt>
      <trkpt lat="34.42992992699146" lon="-119.79140994139016">
        <ele>10.12</ele>
      </trkpt>
      <trkpt lat="34.430019948631525" lon="-119.79110995307565">
        <ele>10.08</ele>
      </trkpt>
      <trkpt lat="34.430060014128685" lon="-119.79089462198317">
        <ele>10.05</ele>
      </trkpt>
      <trkpt lat="34.43009999580681" lon="-119.79067996144295">
        <ele>10.03</ele>
      </trkpt>
      <trkpt lat="34.43016009405255" lon="-119.79039950296283">
        <ele>10.02</ele>
      </trkpt>
      <trkpt lat="34.4302199408412" lon="-119.79011996649206">
        <ele>10.0</ele>
      </trkpt>
      <trkpt lat="34.430299988016486" lon="-119.78991997428238">
        <ele>9.98</ele>
      </trkpt>
      <trkpt lat="34.43037995137274" lon="-119.789659967646">
        <ele>9.97</ele>
      </trkpt>
      <trkpt lat="34.43039998412132" lon="-119.78952996432781">
        <ele>9.96</ele>
      </trkpt>
      <trkpt lat="34.43042999133468" lon="-119.78930457495153">
        <ele>9.95</ele>
      </trkpt>
      <trkpt lat="34.43045999854803" lon="-119.78907993994653">
        <ele>9.94</ele>
      </trkpt>
      <trkpt lat="34.43049503490329" lon="-119.78882948867977">
        <ele>9.94</ele>
      </trkpt>
      <trkpt lat="34.43052998743951" lon="-119.78857995942235">
        <ele>9.94</ele>
      </trkpt>
      <trkpt lat="34.43052998743951" lon="-119.78851994499564">
        <ele>9.94</ele>
      </trkpt>
      <trkpt lat="34.43052998743951" lon="-119.78848993778229">
        <ele>9.95</ele>
      </trkpt>
      <trkpt lat="34.43049998022616" lon="-119.78843998163939">
        <ele>9.96</ele>
      </trkpt>
      <trkpt lat="34.43045999854803" lon="-119.7884199488908">
        <ele>9.98</ele>
      </trkpt>
      <trkpt lat="34.43019999191165" lon="-119.78827997110784">
        <ele>10.0</ele>
      </trkpt>
      <trkpt lat="34.430169984698296" lon="-119.78823998942971">
        <ele>10.02</ele>
      </trkpt>
      <trkpt lat="34.43015992641449" lon="-119.78819992393255">
        <ele>10.05</ele>
      </trkpt>
      <trkpt lat="34.43015992641449" lon="-119.78812993504107">
        <ele>10.09</ele>
      </trkpt>
      <trkpt lat="34.430169984698296" lon="-119.78804997168481">
        <ele>10.13</ele>
      </trkpt>
      <trkpt lat="34.430209966376424" lon="-119.7879899572581">
        <ele>10.18</ele>
      </trkpt>
      <trkpt lat="34.430259922519326" lon="-119.78786992840469">
        <ele>10.23</ele>
      </trkpt>
      <trkpt lat="34.430259922519326" lon="-119.78785995393991">
        <ele>10.29</ele>
      </trkpt>
      <trkpt lat="34.43030996248126" lon="-119.78766993619502">
        <ele>10.35</ele>
      </trkpt>
      <trkpt lat="34.430319936946034" lon="-119.78764998726547">
        <ele>10.42</ele>
      </trkpt>
      <trkpt lat="34.43035991862416" lon="-119.78752995841205">
        <ele>10.5</ele>
      </trkpt>
      <trkpt lat="34.43038992583752" lon="-119.78742996230721">
        <ele>10.59</ele>
      </trkpt>
      <trkpt lat="34.43045505322516" lon="-119.78717959485948">
        <ele>10.68</ele>
      </trkpt>
      <trkpt lat="34.43051992915571" lon="-119.78692998178303">
        <ele>10.78</ele>
      </trkpt>
      <trkpt lat="34.43052998743951" lon="-119.78681992739439">
        <ele>10.89</ele>
      </trkpt>
      <trkpt lat="34.43053996190429" lon="-119.78669998236">
        <ele>11.01</ele>
      </trkpt>
      <trkpt lat="34.43054993636906" lon="-119.78652999736369">
        <ele>11.13</ele>
      </trkpt>
      <trkpt lat="34.430579943582416" lon="-119.78637996129692">
        <ele>11.27</ele>
      </trkpt>
      <trkpt lat="34.43062998354435" lon="-119.7862699907273">
        <ele>11.41</ele>
      </trkpt>
      <trkpt lat="34.43068999797106" lon="-119.78617996908724">
        <ele>11.56</ele>
      </trkpt>
      <trkpt lat="34.43087984807789" lon="-119.78597511537373">
        <ele>11.72</ele>
      </trkpt>
      <trkpt lat="34.431069949641824" lon="-119.78576992638409">
        <ele>11.88</ele>
      </trkpt>
      <trkpt lat="34.43120992742479" lon="-119.78562994860113">
        <ele>12.05</ele>
      </trkpt>
      <trkpt lat="34.43124999292195" lon="-119.78557999245822">
        <ele>12.23</ele>
      </trkpt>
      <trkpt lat="34.43138997070491" lon="-119.78543993085623">
        <ele>12.42</ele>
      </trkpt>
      <trkpt lat="34.4315633084625" lon="-119.78517657145858">
        <ele>12.61</ele>
      </trkpt>
      <trkpt lat="34.43173664622009" lon="-119.78491321206093">
        <ele>12.83</ele>
      </trkpt>
      <trkpt lat="34.431909983977675" lon="-119.78464993648231">
        <ele>13.05</ele>
      </trkpt>
      <trkpt lat="34.431949965655804" lon="-119.78455999866128">
        <ele>13.26</ele>
      </trkpt>
      <trkpt lat="34.431999921798706" lon="-119.78445991873741">
        <ele>13.49</ele>
      </trkpt>
      <trkpt lat="34.432039987295866" lon="-119.78435992263258">
        <ele>13.71</ele>
      </trkpt>
      <trkpt lat="34.432059936225414" lon="-119.78427995927632">
        <ele>13.94</ele>
      </trkpt>
      <trkpt lat="34.43208994343877" lon="-119.78420997038484">
        <ele>14.18</ele>
      </trkpt>
      <trkpt lat="34.43214995786548" lon="-119.78416998870671">
        <ele>14.4</ele>
      </trkpt>
      <trkpt lat="34.43221994675696" lon="-119.78411994874477">
        <ele>14.62</ele>
      </trkpt>
      <trkpt lat="34.43224995397031" lon="-119.78407996706665">
        <ele>14.84</ele>
      </trkpt>
      <trkpt lat="34.43234995007515" lon="-119.78398994542658">
        <ele>15.08</ele>
      </trkpt>
      <trkpt lat="34.432359924539924" lon="-119.78385994210839">
        <ele>15.32</ele>
      </trkpt>
      <trkpt lat="34.432449946179986" lon="-119.78373999707401">
        <ele>15.56</ele>
      </trkpt>
      <trkpt lat="34.432529993355274" lon="-119.78365994989872">
        <ele>15.74</ele>
      </trkpt>
      <trkpt lat="34.432639963924885" lon="-119.78350999765098">
        <ele>15.92</ele>
      </trkpt>
      <trkpt lat="34.43268992006779" lon="-119.78341997601092">
        <ele>16.09</ele>
      </trkpt>
      <trkpt lat="34.432749934494495" lon="-119.78327999822795">
        <ele>16.26</ele>
      </trkpt>
      <trkpt lat="34.432829981669784" lon="-119.78314999490976">
        <ele>16.41</ele>
      </trkpt>
      <trkpt lat="34.43288999609649" lon="-119.7830599732697">
        <ele>16.55</ele>
      </trkpt>
      <trkpt lat="34.43302997387946" lon="-119.7828699555248">
        <ele>16.67</ele>
      </trkpt>
      <trkpt lat="34.43311999551952" lon="-119.78270994499326">
        <ele>16.79</ele>
      </trkpt>
      <trkpt lat="34.43320993334055" lon="-119.78254993446171">
        <ele>16.9</ele>
      </trkpt>
      <trkpt lat="34.433309929445386" lon="-119.78242998942733">
        <ele>16.99</ele>
      </trkpt>
      <trkpt lat="34.433369943872094" lon="-119.78235991671681">
        <ele>17.08</ele>
      </trkpt>
      <trkpt lat="34.43339995108545" lon="-119.78227995336056">
        <ele>17.15</ele>
      </trkpt>
      <trkpt lat="34.43340992555022" lon="-119.78225992061198">
        <ele>17.22</ele>
      </trkpt>
      <trkpt lat="34.43343993276358" lon="-119.78215992450714">
        <ele>17.29</ele>
      </trkpt>
      <trkpt lat="34.43347999826074" lon="-119.78204995393753">
        <ele>17.35</ele>
      </trkpt>
      <trkpt lat="34.43359994329512" lon="-119.78172993287444">
        <ele>17.38</ele>
      </trkpt>
      <trkpt lat="34.433629950508475" lon="-119.78158995509148">
        <ele>17.42</ele>
      </trkpt>
      <trkpt lat="34.433629950508475" lon="-119.78148995898664">
        <ele>17.47</ele>
      </trkpt>
      <trkpt lat="34.433609917759895" lon="-119.78112425655127">
        <ele>17.53</ele>
      </trkpt>
      <trkpt lat="34.43358996883035" lon="-119.78075997903943">
        <ele>17.59</ele>
      </trkpt>
      <trkpt lat="34.43356993608177" lon="-119.7805799357593">
        <ele>17.65</ele>
      </trkpt>
      <trkpt lat="34.43353992886841" lon="-119.78043995797634">
        <ele>17.72</ele>
      </trkpt>
      <trkpt lat="34.433519979938865" lon="-119.78030995465815">
        <ele>17.79</ele>
      </trkpt>
      <trkpt lat="34.43355996161699" lon="-119.78021993301809">
        <ele>17.86</ele>
      </trkpt>
      <trkpt lat="34.433629950508475" lon="-119.78018992580473">
        <ele>17.95</ele>
      </trkpt>
      <trkpt lat="34.43378996104002" lon="-119.78011993691325">
        <ele>18.04</ele>
      </trkpt>
      <trkpt lat="34.433787697926164" lon="-119.78011666797101">
        <ele>18.13</ele>
      </trkpt>
      <trkpt lat="34.4340430945158" lon="-119.78010334074497">
        <ele>18.24</ele>
      </trkpt>
      <trkpt lat="34.43429999984801" lon="-119.7800899296999">
        <ele>18.35</ele>
      </trkpt>
      <trkpt lat="34.43438993766904" lon="-119.7800899296999">
        <ele>18.48</ele>
      </trkpt>
      <trkpt lat="34.43456998094916" lon="-119.78007995523512">
        <ele>18.62</ele>
      </trkpt>
      <trkpt lat="34.4347495213151" lon="-119.78006998077035">
        <ele>18.77</ele>
      </trkpt>
      <trkpt lat="34.43492998369038" lon="-119.78005992248654">
        <ele>18.93</ele>
      </trkpt>
      <trkpt lat="34.43514933809638" lon="-119.78004667907953">
        <ele>19.1</ele>
      </trkpt>
      <trkpt lat="34.43536877632141" lon="-119.78003335185349">
        <ele>19.28</ele>
      </trkpt>
      <trkpt lat="34.43558997474611" lon="-119.78001994080842">
        <ele>19.47</ele>
      </trkpt>
      <trkpt lat="34.435591818764806" lon="-119.78002404794097">
        <ele>19.66</ele>
      </trkpt>
      <trkpt lat="34.43558117374778" lon="-119.77964862249792">
        <ele>19.89</ele>
      </trkpt>
      <trkpt lat="34.43557052873075" lon="-119.77927319705486">
        <ele>20.11</ele>
      </trkpt>
      <trkpt lat="34.435559967532754" lon="-119.77889995090663">
        <ele>20.36</ele>
      </trkpt>
      <trkpt lat="34.4355524238199" lon="-119.77857431396842">
        <ele>20.6</ele>
      </trkpt>
      <trkpt lat="34.43554496392608" lon="-119.7782486770302">
        <ele>20.86</ele>
      </trkpt>
      <trkpt lat="34.43553742021322" lon="-119.77792312391102">
        <ele>21.15</ele>
      </trkpt>
      <trkpt lat="34.4355299603194" lon="-119.77759991772473">
        <ele>21.44</ele>
      </trkpt>
      <trkpt lat="34.4355249311775" lon="-119.77737955749035">
        <ele>21.71</ele>
      </trkpt>
      <trkpt lat="34.435519985854626" lon="-119.77715995162725">
        <ele>21.99</ele>
      </trkpt>
      <trkpt lat="34.43550992757082" lon="-119.77684437297285">
        <ele>22.24</ele>
      </trkpt>
      <trkpt lat="34.435499953106046" lon="-119.77652996778488">
        <ele>22.49</ele>
      </trkpt>
      <trkpt lat="34.43550498224795" lon="-119.77631958201528">
        <ele>22.73</ele>
      </trkpt>
      <trkpt lat="34.43550992757082" lon="-119.77610995061696">
        <ele>22.97</ele>
      </trkpt>
      <trkpt lat="34.435629956424236" lon="-119.77586997672915">
        <ele>23.22</ele>
      </trkpt>
      <trkpt lat="34.43572995252907" lon="-119.77570996619761">
        <ele>23.47</ele>
      </trkpt>
      <trkpt lat="34.43584998138249" lon="-119.77555993013084">
        <ele>23.71</ele>
      </trkpt>
      <trkpt lat="34.43585995584726" lon="-119.77553998120129">
        <ele>23.93</ele>
      </trkpt>
      <trkpt lat="34.43608995527029" lon="-119.77531995624304">
        <ele>24.18</ele>
      </trkpt>
      <trkpt lat="34.43612993694842" lon="-119.77527997456491">
        <ele>24.39</ele>
      </trkpt>
      <trkpt lat="34.436229933053255" lon="-119.77516992017627">
        <ele>24.61</ele>
      </trkpt>
      <trkpt lat="34.43629992194474" lon="-119.77507998235524">
        <ele>24.8</ele>
      </trkpt>
      <trkpt lat="34.43636999465525" lon="-119.77493992075324">
        <ele>24.98</ele>
      </trkpt>
      <trkpt lat="34.436399918049574" lon="-119.77479994297028">
        <ele>25.14</ele>
      </trkpt>
      <trkpt lat="34.43640997633338" lon="-119.77470992133021">
        <ele>25.3</ele>
      </trkpt>
      <trkpt lat="34.43640997633338" lon="-119.77458997629583">
        <ele>25.44</ele>
      </trkpt>
      <trkpt lat="34.436379969120026" lon="-119.7745399363339">
        <ele>25.59</ele>
      </trkpt>
      <trkpt lat="34.43636999465525" lon="-119.77449995465577">
        <ele>25.73</ele>
      </trkpt>
      <trkpt lat="34.43636999465525" lon="-119.77444999851286">
        <ele>25.86</ele>
      </trkpt>
      <trkpt lat="34.436359936371446" lon="-119.77428998798132">
        <ele>25.98</ele>
      </trkpt>
      <trkpt lat="34.43636999465525" lon="-119.77422997355461">
        <ele>26.12</ele>
      </trkpt>
      <trkpt lat="34.4363899435848" lon="-119.77413995191455">
        <ele>26.25</ele>
      </trkpt>
      <trkpt lat="34.43640997633338" lon="-119.77404993027449">
        <ele>26.37</ele>
      </trkpt>
      <trkpt lat="34.43640997633338" lon="-119.77400994859636">
        <ele>26.5</ele>
      </trkpt>
      <trkpt lat="34.43640997633338" lon="-119.77396996691823">
        <ele>26.63</ele>
      </trkpt>
      <trkpt lat="34.43640997633338" lon="-119.7739199269563">
        <ele>26.75</ele>
      </trkpt>
      <trkpt lat="34.436399918049574" lon="-119.7738699708134">
        <ele>26.88</ele>
      </trkpt>
      <trkpt lat="34.436379969120026" lon="-119.77376997470856">
        <ele>27.01</ele>
      </trkpt>
      <trkpt lat="34.436359936371446" lon="-119.77359998971224">
        <ele>27.15</ele>
      </trkpt>
      <trkpt lat="34.43636999465525" lon="-119.7735499497503">
        <ele>27.27</ele>
      </trkpt>
      <trkpt lat="34.436379969120026" lon="-119.7734899353236">
        <ele>27.4</ele>
      </trkpt>
      <trkpt lat="34.43637493997812" lon="-119.7732845786959">
        <ele>27.52</ele>
      </trkpt>
      <trkpt lat="34.43636999465525" lon="-119.77307997643948">
        <ele>27.63</ele>
      </trkpt>
      <trkpt lat="34.43636496551335" lon="-119.7728094086051">
        <ele>27.75</ele>
      </trkpt>
      <trkpt lat="34.436359936371446" lon="-119.77253993041813">
        <ele>27.88</ele>
      </trkpt>
      <trkpt lat="34.43635331466794" lon="-119.77221932262182">
        <ele>28.02</ele>
      </trkpt>
      <trkpt lat="34.4363466091454" lon="-119.77189871482551">
        <ele>28.13</ele>
      </trkpt>
      <trkpt lat="34.4363399874419" lon="-119.7715799510479">
        <ele>28.28</ele>
      </trkpt>
      <trkpt lat="34.43632992915809" lon="-119.77135950699449">
        <ele>28.4</ele>
      </trkpt>
      <trkpt lat="34.43631995469332" lon="-119.77113998495042">
        <ele>28.52</ele>
      </trkpt>
      <trkpt lat="34.43632498383522" lon="-119.77114216424525">
        <ele>28.64</ele>
      </trkpt>
      <trkpt lat="34.43618995137513" lon="-119.77107997052372">
        <ele>28.76</ele>
      </trkpt>
      <trkpt lat="34.436190789565444" lon="-119.77108407765627">
        <ele>28.87</ele>
      </trkpt>
      <trkpt lat="34.436229933053255" lon="-119.77094996720552">
        <ele>28.99</ele>
      </trkpt>
      <trkpt lat="34.43627997301519" lon="-119.77079993113875">
        <ele>29.11</ele>
      </trkpt>
      <trkpt lat="34.43631995469332" lon="-119.77066992782056">
        <ele>29.23</ele>
      </trkpt>
      <trkpt lat="34.436379969120026" lon="-119.77051997557282">
        <ele>29.36</ele>
      </trkpt>
      <trkpt lat="34.43646999076009" lon="-119.77018998004496">
        <ele>29.5</ele>
      </trkpt>
      <trkpt lat="34.436529921367764" lon="-119.76997992955148">
        <ele>29.63</ele>
      </trkpt>
      <trkpt lat="34.436529921367764" lon="-119.76995998062193">
        <ele>29.76</ele>
      </trkpt>
      <trkpt lat="34.4365799613297" lon="-119.76976996287704">
        <ele>29.9</ele>
      </trkpt>
      <trkpt lat="34.43663997575641" lon="-119.76949998177588">
        <ele>30.04</ele>
      </trkpt>
      <trkpt lat="34.43671993911266" lon="-119.76913997903466">
        <ele>30.2</ele>
      </trkpt>
      <trkpt lat="34.43679998628795" lon="-119.76882993243635">
        <ele>30.33</ele>
      </trkpt>
      <trkpt lat="34.43689998239279" lon="-119.76851996965706">
        <ele>30.46</ele>
      </trkpt>
      <trkpt lat="34.436939964070916" lon="-119.76834998466074">
        <ele>30.58</ele>
      </trkpt>
      <trkpt lat="34.436939964070916" lon="-119.76830991916358">
        <ele>30.71</ele>
      </trkpt>
      <trkpt lat="34.43694993853569" lon="-119.76821998134255">
        <ele>30.84</ele>
      </trkpt>
      <trkpt lat="34.43694993853569" lon="-119.76810992695391">
        <ele>30.98</ele>
      </trkpt>
      <trkpt lat="34.43694993853569" lon="-119.76808997802436">
        <ele>31.13</ele>
      </trkpt>
      <trkpt lat="34.436959996819496" lon="-119.76798998191953">
        <ele>31.27</ele>
      </trkpt>
      <trkpt lat="34.43698992021382" lon="-119.76790993474424">
        <ele>31.42</ele>
      </trkpt>
      <trkpt lat="34.43706996738911" lon="-119.7678099386394">
        <ele>31.57</ele>
      </trkpt>
      <trkpt lat="34.437259985134006" lon="-119.76758999750018">
        <ele>31.74</ele>
      </trkpt>
      <trkpt lat="34.437389988452196" lon="-119.76743996143341">
        <ele>31.91</ele>
      </trkpt>
      <trkpt lat="34.43751999177039" lon="-119.76728992536664">
        <ele>32.08</ele>
      </trkpt>
      <trkpt lat="34.43764999508858" lon="-119.7671399731189">
        <ele>32.23</ele>
      </trkpt>
      <trkpt lat="34.43775996565819" lon="-119.76700996980071">
        <ele>32.4</ele>
      </trkpt>
      <trkpt lat="34.43789491429925" lon="-119.76683495566249">
        <ele>32.6</ele>
      </trkpt>
      <trkpt lat="34.43802994675934" lon="-119.76665994152427">
        <ele>32.8</ele>
      </trkpt>
      <trkpt lat="34.43808996118605" lon="-119.76659992709756">
        <ele>32.97</ele>
      </trkpt>
      <trkpt lat="34.43816992454231" lon="-119.76653999648988">
        <ele>33.14</ele>
      </trkpt>
      <trkpt lat="34.43817327730358" lon="-119.7665392421186">
        <ele>33.29</ele>
      </trkpt>
      <trkpt lat="34.438139917328954" lon="-119.76644997484982">
        <ele>33.44</ele>
      </trkpt>
      <trkpt lat="34.43804997950792" lon="-119.76624998264015">
        <ele>33.6</ele>
      </trkpt>
      <trkpt lat="34.43801997229457" lon="-119.76618996821344">
        <ele>33.76</ele>
      </trkpt>
      <trkpt lat="34.43794998340309" lon="-119.76598997600377">
        <ele>33.95</ele>
      </trkpt>
      <trkpt lat="34.437839929014444" lon="-119.76569996215403">
        <ele>34.12</ele>
      </trkpt>
      <trkpt lat="34.43777999840677" lon="-119.76550994440913">
        <ele>34.24</ele>
      </trkpt>
      <trkpt lat="34.437749991193414" lon="-119.7653599921614">
        <ele>34.36</ele>
      </trkpt>
      <trkpt lat="34.43771998398006" lon="-119.7652299888432">
        <ele>34.46</ele>
      </trkpt>
      <trkpt lat="34.43771998398006" lon="-119.76520995609462">
        <ele>34.57</ele>
      </trkpt>
      <trkpt lat="34.43771998398006" lon="-119.76519998162985">
        <ele>34.68</ele>
      </trkpt>
      <trkpt lat="34.43769995123148" lon="-119.76504994556308">
        <ele>34.78</ele>
      </trkpt>
      <trkpt lat="34.43765996955335" lon="-119.76476998999715">
        <ele>34.86</ele>
      </trkpt>
      <trkpt lat="34.43763490766287" lon="-119.76455960422754">
        <ele>34.95</ele>
      </trkpt>
      <trkpt lat="34.43760992959142" lon="-119.76434997282922">
        <ele>35.05</ele>
      </trkpt>
      <trkpt lat="34.43759995512664" lon="-119.7642299439758">
        <ele>35.15</ele>
      </trkpt>
      <trkpt lat="34.43757992237806" lon="-119.76412994787097">
        <ele>35.26</ele>
      </trkpt>
      <trkpt lat="34.43756994791329" lon="-119.76406993344426">
        <ele>35.39</ele>
      </trkpt>
      <trkpt lat="34.43752996623516" lon="-119.76369995623827">
        <ele>35.51</ele>
      </trkpt>
      <trkpt lat="34.437499875202775" lon="-119.76348957046866">
        <ele>35.65</ele>
      </trkpt>
      <trkpt lat="34.43746995180845" lon="-119.76327993907034">
        <ele>35.8</ele>
      </trkpt>
      <trkpt lat="34.43745997734368" lon="-119.76318991743028">
        <ele>35.96</ele>
      </trkpt>
      <trkpt lat="34.43744991905987" lon="-119.7630699723959">
        <ele>36.15</ele>
      </trkpt>
      <trkpt lat="34.43741999566555" lon="-119.76285992190242">
        <ele>36.37</ele>
      </trkpt>
      <trkpt lat="34.43737993016839" lon="-119.76262992247939">
        <ele>36.6</ele>
      </trkpt>
      <trkpt lat="34.43735998123884" lon="-119.76251995190978">
        <ele>36.83</ele>
      </trkpt>
      <trkpt lat="34.43732486106455" lon="-119.76232465356588">
        <ele>37.08</ele>
      </trkpt>
      <trkpt lat="34.43728999234736" lon="-119.76212994195521">
        <ele>37.35</ele>
      </trkpt>
      <trkpt lat="34.43726995959878" lon="-119.76198996417224">
        <ele>37.62</ele>
      </trkpt>
      <trkpt lat="34.437219919636846" lon="-119.76170992478728">
        <ele>37.92</ele>
      </trkpt>
      <trkpt lat="34.43718999624252" lon="-119.76151999086142">
        <ele>38.22</ele>
      </trkpt>
      <trkpt lat="34.43717993795872" lon="-119.76148998364806">
        <ele>38.51</ele>
      </trkpt>
      <trkpt lat="34.43715998902917" lon="-119.76129996590316">
        <ele>38.83</ele>
      </trkpt>
      <trkpt lat="34.43714993074536" lon="-119.76121991872787">
        <ele>39.14</ele>
      </trkpt>
      <trkpt lat="34.437129981815815" lon="-119.76108999922872">
        <ele>39.48</ele>
      </trkpt>
      <trkpt lat="34.437129981815815" lon="-119.76106996648014">
        <ele>39.82</ele>
      </trkpt>
      <trkpt lat="34.437129981815815" lon="-119.76100995205343">
        <ele>40.17</ele>
      </trkpt>
      <trkpt lat="34.437109949067235" lon="-119.76086997427046">
        <ele>40.54</ele>
      </trkpt>
      <trkpt lat="34.43709997460246" lon="-119.7607299964875">
        <ele>40.93</ele>
      </trkpt>
      <trkpt lat="34.43709997460246" lon="-119.76064994931221">
        <ele>41.32</ele>
      </trkpt>
      <trkpt lat="34.437089916318655" lon="-119.76055992767215">
        <ele>41.73</ele>
      </trkpt>
      <trkpt lat="34.43707994185388" lon="-119.76040997542441">
        <ele>42.14</ele>
      </trkpt>
      <trkpt lat="34.4370599091053" lon="-119.7602046187967">
        <ele>42.55</ele>
      </trkpt>
      <trkpt lat="34.43703996017575" lon="-119.75999993272126">
        <ele>42.97</ele>
      </trkpt>
      <trkpt lat="34.43702990189195" lon="-119.75970941595733">
        <ele>43.41</ele>
      </trkpt>
      <trkpt lat="34.43701992742717" lon="-119.75941998884082">
        <ele>43.88</ele>
      </trkpt>
      <trkpt lat="34.4370099529624" lon="-119.75920457392931">
        <ele>44.37</ele>
      </trkpt>
      <trkpt lat="34.436999978497624" lon="-119.75898999720812">
        <ele>44.84</ele>
      </trkpt>
      <trkpt lat="34.43698992021382" lon="-119.75877458229661">
        <ele>45.34</ele>
      </trkpt>
      <trkpt lat="34.436979945749044" lon="-119.75855992175639">
        <ele>45.83</ele>
      </trkpt>
      <trkpt lat="34.436979945749044" lon="-119.75833998061717">
        <ele>46.34</ele>
      </trkpt>
      <trkpt lat="34.43696997128427" lon="-119.75811995565891">
        <ele>46.88</ele>
      </trkpt>
      <trkpt lat="34.436959913000464" lon="-119.7579045407474">
        <ele>47.41</ele>
      </trkpt>
      <trkpt lat="34.43694993853569" lon="-119.75768996402621">
        <ele>47.92</ele>
      </trkpt>
      <trkpt lat="34.436939964070916" lon="-119.75746993906796">
        <ele>48.43</ele>
      </trkpt>
      <trkpt lat="34.43692990578711" lon="-119.75714430212975">
        <ele>49.0</ele>
      </trkpt>
      <trkpt lat="34.436919931322336" lon="-119.756819922477">
        <ele>49.56</ele>
      </trkpt>
      <trkpt lat="34.43690995685756" lon="-119.75662998855114">
        <ele>50.06</ele>
      </trkpt>
      <trkpt lat="34.436899898573756" lon="-119.75633938796818">
        <ele>50.56</ele>
      </trkpt>
      <trkpt lat="34.43688992410898" lon="-119.75604996085167">
        <ele>51.05</ele>
      </trkpt>
      <trkpt lat="34.43687994964421" lon="-119.7557995095849">
        <ele>51.56</ele>
      </trkpt>
      <trkpt lat="34.436869975179434" lon="-119.75554998032749">
        <ele>52.07</ele>
      </trkpt>
      <trkpt lat="34.43685991689563" lon="-119.75529944524169">
        <ele>52.58</ele>
      </trkpt>
      <trkpt lat="34.436849942430854" lon="-119.7550499998033">
        <ele>53.06</ele>
      </trkpt>
      <trkpt lat="34.43683493882418" lon="-119.75475437007844">
        <ele>53.5</ele>
      </trkpt>
      <trkpt lat="34.4368199352175" lon="-119.75445999763906">
        <ele>53.93</ele>
      </trkpt>
      <trkpt lat="34.4368199352175" lon="-119.75438992492855">
        <ele>54.34</ele>
      </trkpt>
      <trkpt lat="34.436809960752726" lon="-119.75420996546745">
        <ele>54.73</ele>
      </trkpt>
      <trkpt lat="34.4367699790746" lon="-119.75396999157965">
        <ele>55.11</ele>
      </trkpt>
      <trkpt lat="34.4367699790746" lon="-119.75395993329585">
        <ele>55.45</ele>
      </trkpt>
      <trkpt lat="34.43671993911266" lon="-119.75367997772992">
        <ele>55.77</ele>
      </trkpt>
      <trkpt lat="34.43668993189931" lon="-119.7535599488765">
        <ele>56.05</ele>
      </trkpt>
      <trkpt lat="34.43664995022118" lon="-119.75342994555831">
        <ele>56.31</ele>
      </trkpt>
      <trkpt lat="34.43659999407828" lon="-119.75326993502676">
        <ele>56.54</ele>
      </trkpt>
      <trkpt lat="34.43653997965157" lon="-119.75307991728187">
        <ele>56.77</ele>
      </trkpt>
      <trkpt lat="34.436529921367764" lon="-119.75306994281709">
        <ele>56.95</ele>
      </trkpt>
      <trkpt lat="34.43644995801151" lon="-119.75286995060742">
        <ele>57.09</ele>
      </trkpt>
      <trkpt lat="34.43634996190667" lon="-119.75262997671962">
        <ele>57.24</ele>
      </trkpt>
      <trkpt lat="34.43621995858848" lon="-119.75239997729659">
        <ele>57.33</ele>
      </trkpt>
      <trkpt lat="34.43616991862655" lon="-119.7523199301213">
        <ele>57.41</ele>
      </trkpt>
      <trkpt lat="34.43612993694842" lon="-119.75225999951363">
        <ele>57.45</ele>
      </trkpt>
      <trkpt lat="34.436059948056936" lon="-119.75214994512498">
        <ele>57.47</ele>
      </trkpt>
      <trkpt lat="34.43601996637881" lon="-119.75208993069828">
        <ele>57.44</ele>
      </trkpt>
      <trkpt lat="34.435909911990166" lon="-119.75191491656005">
        <ele>57.38</ele>
      </trkpt>
      <trkpt lat="34.435799941420555" lon="-119.75173998624086">
        <ele>57.28</ele>
      </trkpt>
      <trkpt lat="34.43569499999285" lon="-119.7515899501741">
        <ele>57.16</ele>
      </trkpt>
      <trkpt lat="34.43558997474611" lon="-119.75143999792635">
        <ele>57.01</ele>
      </trkpt>
      <trkpt lat="34.43546994589269" lon="-119.75124998018146">
        <ele>56.84</ele>
      </trkpt>
      <trkpt lat="34.4353399425745" lon="-119.75104998797178">
        <ele>56.66</ele>
      </trkpt>
      <trkpt lat="34.43524992093444" lon="-119.75092995911837">
        <ele>56.45</ele>
      </trkpt>
      <trkpt lat="34.435199964791536" lon="-119.75084999576211">
        <ele>56.24</ele>
      </trkpt>
      <trkpt lat="34.435089994221926" lon="-119.75069995969534">
        <ele>56.02</ele>
      </trkpt>
      <trkpt lat="34.43501992151141" lon="-119.7505999635905">
        <ele>55.76</ele>
      </trkpt>
      <trkpt lat="34.43486996926367" lon="-119.7504099458456">
        <ele>55.51</ele>
      </trkpt>
      <trkpt lat="34.43470995873213" lon="-119.7502199281007">
        <ele>55.21</ele>
      </trkpt>
      <trkpt lat="34.43458003923297" lon="-119.7500650305301">
        <ele>54.91</ele>
      </trkpt>
      <trkpt lat="34.43444995209575" lon="-119.74990996532142">
        <ele>54.52</ele>
      </trkpt>
      <trkpt lat="34.43425507284701" lon="-119.7496950533241">
        <ele>54.06</ele>
      </trkpt>
      <trkpt lat="34.434059942141175" lon="-119.74947997368872">
        <ele>53.49</ele>
      </trkpt>
      <trkpt lat="34.43385508842766" lon="-119.74925005808473">
        <ele>53.04</ele>
      </trkpt>
      <trkpt lat="34.433649983257055" lon="-119.74901997484267">
        <ele>52.65</ele>
      </trkpt>
      <trkpt lat="34.43353992886841" lon="-119.74890992045403">
        <ele>52.26</ele>
      </trkpt>
      <trkpt lat="34.43346993997693" lon="-119.748819982633">
        <ele>51.87</ele>
      </trkpt>
      <trkpt lat="34.43331998772919" lon="-119.74865997210145">
        <ele>51.46</ele>
      </trkpt>
      <trkpt lat="34.43310993723571" lon="-119.74842997267842">
        <ele>51.06</ele>
      </trkpt>
      <trkpt lat="34.433069955557585" lon="-119.7483899910003">
        <ele>50.68</ele>
      </trkpt>
      <trkpt lat="34.43297993391752" lon="-119.74828999489546">
        <ele>50.31</ele>
      </trkpt>
      <trkpt lat="34.43285998888314" lon="-119.7481550462544">
        <ele>49.96</ele>
      </trkpt>
      <trkpt lat="34.43273996002972" lon="-119.74801992997527">
        <ele>49.62</ele>
      </trkpt>
      <trkpt lat="34.432639963924885" lon="-119.74789998494089">
        <ele>49.29</ele>
      </trkpt>
      <trkpt lat="34.43245992064476" lon="-119.74765992723405">
        <ele>48.97</ele>
      </trkpt>
      <trkpt lat="34.43227996118367" lon="-119.74740997888148">
        <ele>48.67</ele>
      </trkpt>
      <trkpt lat="34.43215490318835" lon="-119.74721493199468">
        <ele>48.38</ele>
      </trkpt>
      <trkpt lat="34.43202992901206" lon="-119.7470199689269">
        <ele>48.11</ele>
      </trkpt>
      <trkpt lat="34.431869918480515" lon="-119.7467699367553">
        <ele>47.85</ele>
      </trkpt>
      <trkpt lat="34.43183999508619" lon="-119.74669994786382">
        <ele>47.6</ele>
      </trkpt>
      <trkpt lat="34.43178995512426" lon="-119.74662995897233">
        <ele>47.37</ele>
      </trkpt>
      <trkpt lat="34.431606559082866" lon="-119.74632653407753">
        <ele>47.16</ele>
      </trkpt>
      <trkpt lat="34.43142316304147" lon="-119.74602310918272">
        <ele>46.97</ele>
      </trkpt>
      <trkpt lat="34.43123993463814" lon="-119.745719935745">
        <ele>46.78</ele>
      </trkpt>
      <trkpt lat="34.43114999681711" lon="-119.74557995796204">
        <ele>46.61</ele>
      </trkpt>
      <trkpt lat="34.43112996406853" lon="-119.74554995074868">
        <ele>46.46</ele>
      </trkpt>
      <trkpt lat="34.43111998960376" lon="-119.74551994353533">
        <ele>46.32</ele>
      </trkpt>
      <trkpt lat="34.43099996075034" lon="-119.74532992579043">
        <ele>46.2</ele>
      </trkpt>
      <trkpt lat="34.4308399502188" lon="-119.74506991915405">
        <ele>46.07</ele>
      </trkpt>
      <trkpt lat="34.430664936080575" lon="-119.74477990530431">
        <ele>45.98</ele>
      </trkpt>
      <trkpt lat="34.43048992194235" lon="-119.74448997527361">
        <ele>45.9</ele>
      </trkpt>
      <trkpt lat="34.43031490780413" lon="-119.74419484846294">
        <ele>45.8</ele>
      </trkpt>
      <trkpt lat="34.43013997748494" lon="-119.74389997310936">
        <ele>45.75</ele>
      </trkpt>
      <trkpt lat="34.43009999580681" lon="-119.74382998421788">
        <ele>45.69</ele>
      </trkpt>
      <trkpt lat="34.42996999248862" lon="-119.74357995204628">
        <ele>45.65</ele>
      </trkpt>
      <trkpt lat="34.42993998527527" lon="-119.74352999590337">
        <ele>45.61</ele>
      </trkpt>
      <trkpt lat="34.429849963635206" lon="-119.74334995262325">
        <ele>45.54</ele>
      </trkpt>
      <trkpt lat="34.42974996753037" lon="-119.74316999316216">
        <ele>45.49</ele>
      </trkpt>
      <trkpt lat="34.42970998585224" lon="-119.74307997152209">
        <ele>45.41</ele>
      </trkpt>
      <trkpt lat="34.429594902321696" lon="-119.742849804461">
        <ele>45.25</ele>
      </trkpt>
      <trkpt lat="34.429479986429214" lon="-119.74261997267604">
        <ele>45.11</ele>
      </trkpt>
      <trkpt lat="34.429459953680634" lon="-119.74257999099791">
        <ele>45.06</ele>
      </trkpt>
      <trkpt lat="34.429329950362444" lon="-119.7423299588263">
        <ele>45.04</ele>
      </trkpt>
      <trkpt lat="34.42917983047664" lon="-119.74200465716422">
        <ele>45.11</ele>
      </trkpt>
      <trkpt lat="34.429029962047935" lon="-119.74167994223535">
        <ele>45.2</ele>
      </trkpt>
      <trkpt lat="34.429009929299355" lon="-119.74161992780864">
        <ele>45.19</ele>
      </trkpt>
      <trkpt lat="34.42893491126597" lon="-119.74144977517426">
        <ele>45.18</ele>
      </trkpt>
      <trkpt lat="34.428859977051616" lon="-119.741279957816">
        <ele>45.16</ele>
      </trkpt>
      <trkpt lat="34.42877992987633" lon="-119.7410899400711">
        <ele>45.14</ele>
      </trkpt>
      <trkpt lat="34.42864992655814" lon="-119.74076991900802">
        <ele>45.1</ele>
      </trkpt>
      <trkpt lat="34.42860994488001" lon="-119.74069993011653">
        <ele>45.03</ele>
      </trkpt>
      <trkpt lat="34.42858999595046" lon="-119.7406599484384">
        <ele>44.94</ele>
      </trkpt>
      <trkpt lat="34.42856996320188" lon="-119.74062994122505">
        <ele>44.84</ele>
      </trkpt>
      <trkpt lat="34.428539955988526" lon="-119.7405499778688">
        <ele>44.72</ele>
      </trkpt>
      <trkpt lat="34.42852998152375" lon="-119.74053991958499">
        <ele>44.59</ele>
      </trkpt>
      <trkpt lat="34.42847994156182" lon="-119.74043992348015">
        <ele>44.44</ele>
      </trkpt>
      <trkpt lat="34.42841992713511" lon="-119.74033992737532">
        <ele>44.28</ele>
      </trkpt>
      <trkpt lat="34.42834993824363" lon="-119.74021998234093">
        <ele>44.09</ele>
      </trkpt>
      <trkpt lat="34.4283099565655" lon="-119.74015996791422">
        <ele>43.88</ele>
      </trkpt>
      <trkpt lat="34.42826997488737" lon="-119.74008997902274">
        <ele>43.65</ele>
      </trkpt>
      <trkpt lat="34.42822999320924" lon="-119.74001999013126">
        <ele>43.41</ele>
      </trkpt>
      <trkpt lat="34.42818992771208" lon="-119.73995997570455">
        <ele>43.14</ele>
      </trkpt>
      <trkpt lat="34.4280699826777" lon="-119.73977993242443">
        <ele>42.85</ele>
      </trkpt>
      <trkpt lat="34.428019942715764" lon="-119.73969996906817">
        <ele>42.53</ele>
      </trkpt>
      <trkpt lat="34.427979961037636" lon="-119.73964992910624">
        <ele>42.21</ele>
      </trkpt>
      <trkpt lat="34.42785993218422" lon="-119.73948497325182">
        <ele>41.87</ele>
      </trkpt>
      <trkpt lat="34.427739987149835" lon="-119.73931993357837">
        <ele>41.52</ele>
      </trkpt>
      <trkpt lat="34.42770997993648" lon="-119.73925991915166">
        <ele>41.18</ele>
      </trkpt>
      <trkpt lat="34.427659939974546" lon="-119.73919998854399">
        <ele>40.83</ele>
      </trkpt>
      <trkpt lat="34.42748995497823" lon="-119.73895993083715">
        <ele>40.46</ele>
      </trkpt>
      <trkpt lat="34.427309995517135" lon="-119.73870998248458">
        <ele>40.08</ele>
      </trkpt>
      <trkpt lat="34.42712995223701" lon="-119.73845995031297">
        <ele>39.7</ele>
      </trkpt>
      <trkpt lat="34.427099945023656" lon="-119.73840999417007">
        <ele>39.34</ele>
      </trkpt>
      <trkpt lat="34.42704998888075" lon="-119.73833992145956">
        <ele>38.98</ele>
      </trkpt>
      <trkpt lat="34.4270199816674" lon="-119.73829993978143">
        <ele>38.62</ele>
      </trkpt>
      <trkpt lat="34.426989974454045" lon="-119.73824998363853">
        <ele>38.26</ele>
      </trkpt>
      <trkpt lat="34.42690992727876" lon="-119.73812995478511">
        <ele>37.87</ele>
      </trkpt>
      <trkpt lat="34.42690992727876" lon="-119.73811998032033">
        <ele>37.57</ele>
      </trkpt>
      <trkpt lat="34.42680993117392" lon="-119.73793993704021">
        <ele>37.23</ele>
      </trkpt>
      <trkpt lat="34.42671999335289" lon="-119.73774991929531">
        <ele>36.93</ele>
      </trkpt>
      <trkpt lat="34.426649920642376" lon="-119.73754992708564">
        <ele>36.63</ele>
      </trkpt>
      <trkpt lat="34.4266399461776" lon="-119.73754992708564">
        <ele>36.42</ele>
      </trkpt>
      <trkpt lat="34.42662997171283" lon="-119.73749997094274">
        <ele>36.24</ele>
      </trkpt>
      <trkpt lat="34.426579931750894" lon="-119.73734993487597">
        <ele>36.07</ele>
      </trkpt>
      <trkpt lat="34.42654992453754" lon="-119.73725999705493">
        <ele>35.93</ele>
      </trkpt>
      <trkpt lat="34.42648999392986" lon="-119.73700996488333">
        <ele>35.81</ele>
      </trkpt>
      <trkpt lat="34.42647993564606" lon="-119.73692991770804">
        <ele>35.75</ele>
      </trkpt>
      <trkpt lat="34.42645998671651" lon="-119.73679999820888">
        <ele>35.71</ele>
      </trkpt>
      <trkpt lat="34.4264499284327" lon="-119.73674995824695">
        <ele>35.72</ele>
      </trkpt>
      <trkpt lat="34.42643995396793" lon="-119.7365899477154">
        <ele>35.79</ele>
      </trkpt>
      <trkpt lat="34.426429979503155" lon="-119.73631996661425">
        <ele>35.91</ele>
      </trkpt>
      <trkpt lat="34.426429979503155" lon="-119.73628995940089">
        <ele>36.01</ele>
      </trkpt>
      <trkpt lat="34.426429979503155" lon="-119.73622994497418">
        <ele>36.15</ele>
      </trkpt>
      <trkpt lat="34.426429979503155" lon="-119.73613992333412">
        <ele>36.33</ele>
      </trkpt>
      <trkpt lat="34.42641992121935" lon="-119.7359699383378">
        <ele>36.54</ele>
      </trkpt>
      <trkpt lat="34.42641992121935" lon="-119.73593993112445">
        <ele>36.74</ele>
      </trkpt>
      <trkpt lat="34.42641992121935" lon="-119.73579995334148">
        <ele>36.98</ele>
      </trkpt>
      <trkpt lat="34.42641992121935" lon="-119.73567992448807">
        <ele>37.23</ele>
      </trkpt>
      <trkpt lat="34.42641992121935" lon="-119.73557992838323">
        <ele>37.49</ele>
      </trkpt>
      <trkpt lat="34.42641992121935" lon="-119.73556995391846">
        <ele>37.73</ele>
      </trkpt>
      <trkpt lat="34.42641992121935" lon="-119.7354899905622">
        <ele>38.0</ele>
      </trkpt>
      <trkpt lat="34.426409946754575" lon="-119.73543995060027">
        <ele>38.25</ele>
      </trkpt>
      <trkpt lat="34.426409443840384" lon="-119.73543525673449">
        <ele>38.48</ele>
      </trkpt>
      <trkpt lat="34.42632998339832" lon="-119.73536996170878">
        <ele>38.74</ele>
      </trkpt>
      <trkpt lat="34.42630995064974" lon="-119.73535998724401">
        <ele>38.95</ele>
      </trkpt>
      <trkpt lat="34.426299976184964" lon="-119.7353499289602">
        <ele>39.14</ele>
      </trkpt>
      <trkpt lat="34.42628991790116" lon="-119.73533995449543">
        <ele>39.33</ele>
      </trkpt>
      <trkpt lat="34.426279943436384" lon="-119.73533995449543">
        <ele>39.49</ele>
      </trkpt>
      <trkpt lat="34.426259994506836" lon="-119.73532998003066">
        <ele>39.63</ele>
      </trkpt>
      <trkpt lat="34.426239961758256" lon="-119.73532998003066">
        <ele>39.74</ele>
      </trkpt>
      <trkpt lat="34.426219929009676" lon="-119.73532998003066">
        <ele>39.84</ele>
      </trkpt>
      <trkpt lat="34.426223784685135" lon="-119.73532696254551">
        <ele>39.91</ele>
      </trkpt>
      <trkpt lat="34.4262099545449" lon="-119.73532998003066">
        <ele>39.95</ele>
      </trkpt>
      <trkpt lat="34.42618992179632" lon="-119.73533995449543">
        <ele>39.96</ele>
      </trkpt>
      <trkpt lat="34.42617994733155" lon="-119.73533995449543">
        <ele>39.95</ele>
      </trkpt>
      <trkpt lat="34.426159998402" lon="-119.73535998724401">
        <ele>39.89</ele>
      </trkpt>
      <trkpt lat="34.426149940118194" lon="-119.73536996170878">
        <ele>39.82</ele>
      </trkpt>
      <trkpt lat="34.42613996565342" lon="-119.73537993617356">
        <ele>39.71</ele>
      </trkpt>
      <trkpt lat="34.426129991188645" lon="-119.73538999445736">
        <ele>39.58</ele>
      </trkpt>
      <trkpt lat="34.426129991188645" lon="-119.73539996892214">
        <ele>39.42</ele>
      </trkpt>
      <trkpt lat="34.42611993290484" lon="-119.73541991785169">
        <ele>39.22</ele>
      </trkpt>
      <trkpt lat="34.426109958440065" lon="-119.73542997613549">
        <ele>39.0</ele>
      </trkpt>
      <trkpt lat="34.42609998397529" lon="-119.73544992506504">
        <ele>38.75</ele>
      </trkpt>
      <trkpt lat="34.42607995122671" lon="-119.7354899905622">
        <ele>38.47</ele>
      </trkpt>
      <trkpt lat="34.42605991847813" lon="-119.73551999777555">
        <ele>38.17</ele>
      </trkpt>
      <trkpt lat="34.42602999508381" lon="-119.73554992116988">
        <ele>37.84</ele>
      </trkpt>
      <trkpt lat="34.425959922373295" lon="-119.73567992448807">
        <ele>37.45</ele>
      </trkpt>
      <trkpt lat="34.42592999897897" lon="-119.73574999719858">
        <ele>37.07</ele>
      </trkpt>
      <trkpt lat="34.42585992626846" lon="-119.73586994223297">
        <ele>36.65</ele>
      </trkpt>
      <trkpt lat="34.425809970125556" lon="-119.73595996387303">
        <ele>36.22</ele>
      </trkpt>
      <trkpt lat="34.4257799629122" lon="-119.73600992001593">
        <ele>35.81</ele>
      </trkpt>
      <trkpt lat="34.42574995569885" lon="-119.73604998551309">
        <ele>35.38</ele>
      </trkpt>
      <trkpt lat="34.42568994127214" lon="-119.73611997440457">
        <ele>34.95</ele>
      </trkpt>
      <trkpt lat="34.42560997791588" lon="-119.73619993776083">
        <ele>34.5</ele>
      </trkpt>
      <trkpt lat="34.425549963489175" lon="-119.73626992665231">
        <ele>34.05</ele>
      </trkpt>
      <trkpt lat="34.42549992352724" lon="-119.73631996661425">
        <ele>33.6</ele>
      </trkpt>
      <trkpt lat="34.42544996738434" lon="-119.7363499738276">
        <ele>33.14</ele>
      </trkpt>
      <trkpt lat="34.42540998570621" lon="-119.73636992275715">
        <ele>32.68</ele>
      </trkpt>
      <trkpt lat="34.4253499712795" lon="-119.73636992275715">
        <ele>32.24</ele>
      </trkpt>
      <trkpt lat="34.425229942426085" lon="-119.73643999546766">
        <ele>31.77</ele>
      </trkpt>
      <trkpt lat="34.42506993189454" lon="-119.7365399915725">
        <ele>31.29</ele>
      </trkpt>
      <trkpt lat="34.424949986860156" lon="-119.73660998046398">
        <ele>30.83</ele>
      </trkpt>
      <trkpt lat="34.424909921362996" lon="-119.73662992939353">
        <ele>30.39</ele>
      </trkpt>
      <trkpt lat="34.42474999465048" lon="-119.73669991828501">
        <ele>29.94</ele>
      </trkpt>
      <trkpt lat="34.42470992915332" lon="-119.73671995103359">
        <ele>29.51</ele>
      </trkpt>
      <trkpt lat="34.424669947475195" lon="-119.73673998378217">
        <ele>29.1</ele>
      </trkpt>
      <trkpt lat="34.42456995137036" lon="-119.73678993992507">
        <ele>28.69</ele>
      </trkpt>
      <trkpt lat="34.424420250579715" lon="-119.73685481585562">
        <ele>28.29</ele>
      </trkpt>
      <trkpt lat="34.42426996305585" lon="-119.73691994324327">
        <ele>27.91</ele>
      </trkpt>
      <trkpt lat="34.42402998916805" lon="-119.73703997209668">
        <ele>27.54</ele>
      </trkpt>
      <trkpt lat="34.42379998974502" lon="-119.73715991713107">
        <ele>27.21</ele>
      </trkpt>
      <trkpt lat="34.423639979213476" lon="-119.73722998984158">
        <ele>26.85</ele>
      </trkpt>
      <trkpt lat="34.42349991761148" lon="-119.73730995319784">
        <ele>26.54</ele>
      </trkpt>
      <trkpt lat="34.42341995425522" lon="-119.73735999315977">
        <ele>26.26</ele>
      </trkpt>
      <trkpt lat="34.42319992929697" lon="-119.73749997094274">
        <ele>26.02</ele>
      </trkpt>
      <trkpt lat="34.4230551738292" lon="-119.73760977387428">
        <ele>25.78</ele>
      </trkpt>
      <trkpt lat="34.42290999926627" lon="-119.73771999590099">
        <ele>25.55</ele>
      </trkpt>
      <trkpt lat="34.42289994098246" lon="-119.73772997036576">
        <ele>25.36</ele>
      </trkpt>
      <trkpt lat="34.42265996709466" lon="-119.73794999532402">
        <ele>25.17</ele>
      </trkpt>
      <trkpt lat="34.42253993824124" lon="-119.73804999142885">
        <ele>25.02</ele>
      </trkpt>
      <trkpt lat="34.42244991660118" lon="-119.73813992924988">
        <ele>24.89</ele>
      </trkpt>
      <trkpt lat="34.4223799277097" lon="-119.73819994367659">
        <ele>24.77</ele>
      </trkpt>
      <trkpt lat="34.422239949926734" lon="-119.73833992145956">
        <ele>24.68</ele>
      </trkpt>
      <trkpt lat="34.42207004874945" lon="-119.73851979710162">
        <ele>24.59</ele>
      </trkpt>
      <trkpt lat="34.42190023139119" lon="-119.73869967274368">
        <ele>24.53</ele>
      </trkpt>
      <trkpt lat="34.42172999493778" lon="-119.7388799674809">
        <ele>24.49</ele>
      </trkpt>
      <trkpt lat="34.42157995887101" lon="-119.73903997801244">
        <ele>24.46</ele>
      </trkpt>
      <trkpt lat="34.42154995165765" lon="-119.7390699852258">
        <ele>24.44</ele>
      </trkpt>
      <trkpt lat="34.421509969979525" lon="-119.73910996690392">
        <ele>24.44</ele>
      </trkpt>
      <trkpt lat="34.421319952234626" lon="-119.7393099591136">
        <ele>24.46</ele>
      </trkpt>
      <trkpt lat="34.421106800436974" lon="-119.73953643813729">
        <ele>24.43</ele>
      </trkpt>
      <trkpt lat="34.42089356482029" lon="-119.73976300098002">
        <ele>24.44</ele>
      </trkpt>
      <trkpt lat="34.42067999392748" lon="-119.7399899829179">
        <ele>24.46</ele>
      </trkpt>
      <trkpt lat="34.42055007442832" lon="-119.74012484773993">
        <ele>24.48</ele>
      </trkpt>
      <trkpt lat="34.4204199872911" lon="-119.74025996401906">
        <ele>24.51</ele>
      </trkpt>
      <trkpt lat="34.42028998397291" lon="-119.74037999287248">
        <ele>24.53</ele>
      </trkpt>
      <trkpt lat="34.42013994790614" lon="-119.74050999619067">
        <ele>24.56</ele>
      </trkpt>
      <trkpt lat="34.419939955696464" lon="-119.7406599484384">
        <ele>24.58</ele>
      </trkpt>
      <trkpt lat="34.419919922947884" lon="-119.74066992290318">
        <ele>24.6</ele>
      </trkpt>
      <trkpt lat="34.419749937951565" lon="-119.74077997729182">
        <ele>24.63</ele>
      </trkpt>
      <trkpt lat="34.419579952955246" lon="-119.74087997339666">
        <ele>24.65</ele>
      </trkpt>
      <trkpt lat="34.41940996795893" lon="-119.74096999503672">
        <ele>24.66</ele>
      </trkpt>
      <trkpt lat="34.41928993910551" lon="-119.74101995117962">
        <ele>24.65</ele>
      </trkpt>
      <trkpt lat="34.4192299246788" lon="-119.74104995839298">
        <ele>24.62</ele>
      </trkpt>
      <trkpt lat="34.41897997632623" lon="-119.74112992174923">
        <ele>24.58</ele>
      </trkpt>
      <trkpt lat="34.4187999330461" lon="-119.74117996171117">
        <ele>24.53</ele>
      </trkpt>
      <trkpt lat="34.41876992583275" lon="-119.74118993617594">
        <ele>24.44</ele>
      </trkpt>
      <trkpt lat="34.41854998469353" lon="-119.74122991785407">
        <ele>24.35</ele>
      </trkpt>
      <trkpt lat="34.418459963053465" lon="-119.74123997613788">
        <ele>24.22</ele>
      </trkpt>
      <trkpt lat="34.41835996694863" lon="-119.74124995060265">
        <ele>24.07</ele>
      </trkpt>
      <trkpt lat="34.41829995252192" lon="-119.74125992506742">
        <ele>23.91</ele>
      </trkpt>
      <trkpt lat="34.41809996031225" lon="-119.74126998335123">
        <ele>23.65</ele>
      </trkpt>
      <trkpt lat="34.4178899936378" lon="-119.74125992506742">
        <ele>23.41</ele>
      </trkpt>
      <trkpt lat="34.417789997532964" lon="-119.74123997613788">
        <ele>23.19</ele>
      </trkpt>
      <trkpt lat="34.41764993593097" lon="-119.7412199433893">
        <ele>22.96</ele>
      </trkpt>
      <trkpt lat="34.41739998757839" lon="-119.7411699872464">
        <ele>22.73</ele>
      </trkpt>
      <trkpt lat="34.41737995482981" lon="-119.7411699872464">
        <ele>22.47</ele>
      </trkpt>
      <trkpt lat="34.41717996262014" lon="-119.74110997281969">
        <ele>22.2</ele>
      </trkpt>
      <trkpt lat="34.41708994098008" lon="-119.7410899400711">
        <ele>21.92</ele>
      </trkpt>
      <trkpt lat="34.41681995987892" lon="-119.74098994396627">
        <ele>21.57</ele>
      </trkpt>
      <trkpt lat="34.41664536483586" lon="-119.74091509357095">
        <ele>21.16</ele>
      </trkpt>
      <trkpt lat="34.41646993160248" lon="-119.74083999171853">
        <ele>20.76</ele>
      </trkpt>
      <trkpt lat="34.41646993160248" lon="-119.74082993343472">
        <ele>20.43</ele>
      </trkpt>
      <trkpt lat="34.4162099249661" lon="-119.74071996286511">
        <ele>20.03</ele>
      </trkpt>
      <trkpt lat="34.41595997661352" lon="-119.7406099922955">
        <ele>19.67</ele>
      </trkpt>
      <trkpt lat="34.41588998772204" lon="-119.74057998508215">
        <ele>19.33</ele>
      </trkpt>
      <trkpt lat="34.4157899916172" lon="-119.74052994512022">
        <ele>18.97</ele>
      </trkpt>
      <trkpt lat="34.415519926697016" lon="-119.7404199745506">
        <ele>18.63</ele>
      </trkpt>
      <trkpt lat="34.41535530611873" lon="-119.74035006947815">
        <ele>18.29</ele>
      </trkpt>
      <trkpt lat="34.41518993116915" lon="-119.74027999676764">
        <ele>17.95</ele>
      </trkpt>
      <trkpt lat="34.41505992785096" lon="-119.74023993127048">
        <ele>17.62</ele>
      </trkpt>
      <trkpt lat="34.41487996838987" lon="-119.74018997512758">
        <ele>17.28</ele>
      </trkpt>
      <trkpt lat="34.41462993621826" lon="-119.74013993516564">
        <ele>16.99</ele>
      </trkpt>
      <trkpt lat="34.41457998007536" lon="-119.74013993516564">
        <ele>16.65</ele>
      </trkpt>
      <trkpt lat="34.41443991847336" lon="-119.7401199862361">
        <ele>16.33</ele>
      </trkpt>
      <trkpt lat="34.414399936795235" lon="-119.74010992795229">
        <ele>16.0</ele>
      </trkpt>
      <trkpt lat="34.4142999406904" lon="-119.74010992795229">
        <ele>15.65</ele>
      </trkpt>
      <trkpt lat="34.41419994458556" lon="-119.74010992795229">
        <ele>15.31</ele>
      </trkpt>
      <trkpt lat="34.413920659571886" lon="-119.74014488048851">
        <ele>14.97</ele>
      </trkpt>
      <trkpt lat="34.41363994963467" lon="-119.74017991684377">
        <ele>14.64</ele>
      </trkpt>
      <trkpt lat="34.413369968533516" lon="-119.74018997512758">
        <ele>14.33</ele>
      </trkpt>
      <trkpt lat="34.4130599219352" lon="-119.7402299568057">
        <ele>14.05</ele>
      </trkpt>
      <trkpt lat="34.41289999522269" lon="-119.74025996401906">
        <ele>13.76</ele>
      </trkpt>
      <trkpt lat="34.41260998137295" lon="-119.74029994569719">
        <ele>13.47</ele>
      </trkpt>
      <trkpt lat="34.412569999694824" lon="-119.74029994569719">
        <ele>13.21</ele>
      </trkpt>
      <trkpt lat="34.412529934197664" lon="-119.74030992016196">
        <ele>12.97</ele>
      </trkpt>
      <trkpt lat="34.412360368296504" lon="-119.74032986909151">
        <ele>12.73</ele>
      </trkpt>
      <trkpt lat="34.41218996420503" lon="-119.74034998565912">
        <ele>12.51</ele>
      </trkpt>
      <trkpt lat="34.41197999753058" lon="-119.74037999287248">
        <ele>12.31</ele>
      </trkpt>
      <trkpt lat="34.411779921501875" lon="-119.74039994180202">
        <ele>12.1</ele>
      </trkpt>
      <trkpt lat="34.411629969254136" lon="-119.7404099162668">
        <ele>11.91</ele>
      </trkpt>
      <trkpt lat="34.41139996983111" lon="-119.7404099162668">
        <ele>11.75</ele>
      </trkpt>
      <trkpt lat="34.41118991933763" lon="-119.7404099162668">
        <ele>11.59</ele>
      </trkpt>
      <trkpt lat="34.4111499376595" lon="-119.74039994180202">
        <ele>11.46</ele>
      </trkpt>
      <trkpt lat="34.411129988729954" lon="-119.74039994180202">
        <ele>11.35</ele>
      </trkpt>
      <trkpt lat="34.41099998541176" lon="-119.74039994180202">
        <ele>11.24</ele>
      </trkpt>
      <trkpt lat="34.41097995266318" lon="-119.74038996733725">
        <ele>11.17</ele>
      </trkpt>
      <trkpt lat="34.41096997819841" lon="-119.74038996733725">
        <ele>11.11</ele>
      </trkpt>
      <trkpt lat="34.410769985988736" lon="-119.74036993458867">
        <ele>11.05</ele>
      </trkpt>
      <trkpt lat="34.41058047115803" lon="-119.74034001119435">
        <ele>11.0</ele>
      </trkpt>
      <trkpt lat="34.41038995049894" lon="-119.74030992016196">
        <ele>10.97</ele>
      </trkpt>
      <trkpt lat="34.41025994718075" lon="-119.74027999676764">
        <ele>10.98</ele>
      </trkpt>
      <trkpt lat="34.40995576791465" lon="-119.74021763540804">
        <ele>11.02</ele>
      </trkpt>
      <trkpt lat="34.409651504829526" lon="-119.74015527404845">
        <ele>11.04</ele>
      </trkpt>
      <trkpt lat="34.4093472417444" lon="-119.74009291268885">
        <ele>11.09</ele>
      </trkpt>
      <trkpt lat="34.40903996117413" lon="-119.74002996459603">
        <ele>11.17</ele>
      </trkpt>
      <trkpt lat="34.40901992842555" lon="-119.74002996459603">
        <ele>11.23</ele>
      </trkpt>
      <trkpt lat="34.408999979496" lon="-119.74001999013126">
        <ele>11.3</ele>
      </trkpt>
      <trkpt lat="34.40883996896446" lon="-119.7399899829179">
        <ele>11.38</ele>
      </trkpt>
      <trkpt lat="34.40854400396347" lon="-119.73993013612926">
        <ele>11.46</ele>
      </trkpt>
      <trkpt lat="34.408248122781515" lon="-119.73987028934062">
        <ele>11.55</ele>
      </trkpt>
      <trkpt lat="34.4079499784857" lon="-119.73980993963778">
        <ele>11.63</ele>
      </trkpt>
      <trkpt lat="34.407690642401576" lon="-119.73975512199104">
        <ele>11.73</ele>
      </trkpt>
      <trkpt lat="34.40743130631745" lon="-119.73970022052526">
        <ele>11.87</ele>
      </trkpt>
      <trkpt lat="34.40717197023332" lon="-119.73964540287852">
        <ele>12.08</ele>
      </trkpt>
      <trkpt lat="34.40690995194018" lon="-119.73958999849856">
        <ele>12.22</ele>
      </trkpt>
      <trkpt lat="34.40685999579728" lon="-119.73957994021475">
        <ele>12.3</ele>
      </trkpt>
      <trkpt lat="34.406579956412315" lon="-119.73951992578804">
        <ele>12.35</ele>
      </trkpt>
      <trkpt lat="34.40631726756692" lon="-119.73946343176067">
        <ele>12.4</ele>
      </trkpt>
      <trkpt lat="34.406054662540555" lon="-119.73940693773329">
        <ele>12.4</ele>
      </trkpt>
      <trkpt lat="34.4057899620384" lon="-119.73934994079173">
        <ele>12.36</ele>
      </trkpt>
      <trkpt lat="34.405759954825044" lon="-119.73935999907553">
        <ele>12.37</ele>
      </trkpt>
      <trkpt lat="34.405739922076464" lon="-119.73935999907553">
        <ele>12.38</ele>
      </trkpt>
      <trkpt lat="34.405719973146915" lon="-119.73935999907553">
        <ele>12.37</ele>
      </trkpt>
      <trkpt lat="34.40551998093724" lon="-119.73929998464882">
        <ele>12.32</ele>
      </trkpt>
      <trkpt lat="34.405439933761954" lon="-119.73928992636502">
        <ele>12.3</ele>
      </trkpt>
      <trkpt lat="34.4053599704057" lon="-119.73927995190024">
        <ele>12.26</ele>
      </trkpt>
      <trkpt lat="34.405356952920556" lon="-119.73928347229958">
        <ele>12.22</ele>
      </trkpt>
      <trkpt lat="34.4053599704057" lon="-119.73928992636502">
        <ele>12.17</ele>
      </trkpt>
      <trkpt lat="34.405349995940924" lon="-119.73928992636502">
        <ele>12.11</ele>
      </trkpt>
      <trkpt lat="34.405349995940924" lon="-119.73929998464882">
        <ele>12.04</ele>
      </trkpt>
      <trkpt lat="34.40533993765712" lon="-119.7393099591136">
        <ele>11.96</ele>
      </trkpt>
      <trkpt lat="34.405329963192344" lon="-119.7393099591136">
        <ele>11.89</ele>
      </trkpt>
      <trkpt lat="34.405329963192344" lon="-119.73931993357837">
        <ele>11.81</ele>
      </trkpt>
      <trkpt lat="34.40531998872757" lon="-119.73931993357837">
        <ele>11.72</ele>
      </trkpt>
      <trkpt lat="34.40531998872757" lon="-119.73932999186218">
        <ele>11.63</ele>
      </trkpt>
      <trkpt lat="34.405309930443764" lon="-119.73932999186218">
        <ele>11.54</ele>
      </trkpt>
      <trkpt lat="34.40529995597899" lon="-119.73933996632695">
        <ele>11.45</ele>
      </trkpt>
      <trkpt lat="34.405289981514215" lon="-119.73933996632695">
        <ele>11.36</ele>
      </trkpt>
      <trkpt lat="34.40527992323041" lon="-119.73933996632695">
        <ele>11.27</ele>
      </trkpt>
      <trkpt lat="34.405269948765635" lon="-119.73934994079173">
        <ele>11.18</ele>
      </trkpt>
      <trkpt lat="34.40525997430086" lon="-119.73934994079173">
        <ele>11.1</ele>
      </trkpt>
      <trkpt lat="34.40524999983609" lon="-119.73934994079173">
        <ele>11.02</ele>
      </trkpt>
      <trkpt lat="34.40523994155228" lon="-119.73934994079173">
        <ele>10.94</ele>
      </trkpt>
      <trkpt lat="34.40522996708751" lon="-119.73934994079173">
        <ele>10.87</ele>
      </trkpt>
      <trkpt lat="34.40521999262273" lon="-119.73933996632695">
        <ele>10.81</ele>
      </trkpt>
      <trkpt lat="34.40520993433893" lon="-119.73933996632695">
        <ele>10.76</ele>
      </trkpt>
      <trkpt lat="34.40519995987415" lon="-119.73933996632695">
        <ele>10.72</ele>
      </trkpt>
      <trkpt lat="34.40518998540938" lon="-119.73932999186218">
        <ele>10.69</ele>
      </trkpt>
      <trkpt lat="34.40517992712557" lon="-119.73931993357837">
        <ele>10.67</ele>
      </trkpt>
      <trkpt lat="34.4051699526608" lon="-119.73931993357837">
        <ele>10.66</ele>
      </trkpt>
      <trkpt lat="34.4051699526608" lon="-119.7393099591136">
        <ele>10.67</ele>
      </trkpt>
      <trkpt lat="34.405159978196025" lon="-119.7393099591136">
        <ele>10.68</ele>
      </trkpt>
      <trkpt lat="34.405159978196025" lon="-119.73929998464882">
        <ele>10.71</ele>
      </trkpt>
      <trkpt lat="34.40514991991222" lon="-119.73929998464882">
        <ele>10.76</ele>
      </trkpt>
      <trkpt lat="34.40514991991222" lon="-119.73928992636502">
        <ele>10.83</ele>
      </trkpt>
      <trkpt lat="34.405139945447445" lon="-119.73927995190024">
        <ele>10.9</ele>
      </trkpt>
      <trkpt lat="34.405139945447445" lon="-119.73926997743547">
        <ele>11.0</ele>
      </trkpt>
      <trkpt lat="34.40512997098267" lon="-119.73925991915166">
        <ele>11.12</ele>
      </trkpt>
      <trkpt lat="34.40512997098267" lon="-119.73924994468689">
        <ele>11.25</ele>
      </trkpt>
      <trkpt lat="34.4051199965179" lon="-119.73923997022212">
        <ele>11.4</ele>
      </trkpt>
      <trkpt lat="34.4051199965179" lon="-119.73922999575734">
        <ele>11.57</ele>
      </trkpt>
      <trkpt lat="34.4051199965179" lon="-119.73921993747354">
        <ele>11.76</ele>
      </trkpt>
      <trkpt lat="34.4051199965179" lon="-119.73920996300876">
        <ele>11.97</ele>
      </trkpt>
      <trkpt lat="34.4051199965179" lon="-119.73919998854399">
        <ele>12.2</ele>
      </trkpt>
      <trkpt lat="34.4051199965179" lon="-119.73918993026018">
        <ele>12.45</ele>
      </trkpt>
      <trkpt lat="34.4051199965179" lon="-119.73917995579541">
        <ele>12.72</ele>
      </trkpt>
      <trkpt lat="34.4051199965179" lon="-119.73916998133063">
        <ele>13.01</ele>
      </trkpt>
      <trkpt lat="34.4051199965179" lon="-119.73915992304683">
        <ele>13.32</ele>
      </trkpt>
      <trkpt lat="34.4051199965179" lon="-119.73914994858205">
        <ele>13.65</ele>
      </trkpt>
      <trkpt lat="34.4051199965179" lon="-119.73913997411728">
        <ele>14.0</ele>
      </trkpt>
      <trkpt lat="34.4051199965179" lon="-119.7391299996525">
        <ele>14.37</ele>
      </trkpt>
      <trkpt lat="34.40512997098267" lon="-119.7391199413687">
        <ele>14.76</ele>
      </trkpt>
      <trkpt lat="34.40512997098267" lon="-119.73910996690392">
        <ele>15.17</ele>
      </trkpt>
      <trkpt lat="34.4051199965179" lon="-119.7390699852258">
        <ele>15.61</ele>
      </trkpt>
      <trkpt lat="34.4051199965179" lon="-119.73901994526386">
        <ele>16.06</ele>
      </trkpt>
      <trkpt lat="34.40510993823409" lon="-119.73895993083715">
        <ele>16.57</ele>
      </trkpt>
      <trkpt lat="34.40510993823409" lon="-119.73888994194567">
        <ele>17.1</ele>
      </trkpt>
      <trkpt lat="34.40510993823409" lon="-119.73881995305419">
        <ele>17.63</ele>
      </trkpt>
      <trkpt lat="34.40509996376932" lon="-119.73866991698742">
        <ele>18.21</ele>
      </trkpt>
      <trkpt lat="34.40508998930454" lon="-119.73840999417007">
        <ele>18.82</ele>
      </trkpt>
      <trkpt lat="34.40506995655596" lon="-119.73816448822618">
        <ele>19.4</ele>
      </trkpt>
      <trkpt lat="34.40504992380738" lon="-119.73791998811066">
        <ele>19.92</ele>
      </trkpt>
      <trkpt lat="34.4050298910588" lon="-119.73759435117245">
        <ele>20.49</ele>
      </trkpt>
      <trkpt lat="34.405009942129254" lon="-119.73726997151971">
        <ele>21.1</ele>
      </trkpt>
      <trkpt lat="34.40499996766448" lon="-119.73703997209668">
        <ele>21.76</ele>
      </trkpt>
      <trkpt lat="34.40499996766448" lon="-119.73693997599185">
        <ele>22.37</ele>
      </trkpt>
      <trkpt lat="34.40501991659403" lon="-119.73678993992507">
        <ele>23.03</ele>
      </trkpt>
      <trkpt lat="34.405009942129254" lon="-119.73656999878585">
        <ele>23.66</ele>
      </trkpt>
      <trkpt lat="34.40499996766448" lon="-119.73628995940089">
        <ele>24.1</ele>
      </trkpt>
      <trkpt lat="34.404989993199706" lon="-119.73612994886935">
        <ele>24.56</ele>
      </trkpt>
      <trkpt lat="34.4049799349159" lon="-119.7359199821949">
        <ele>24.98</ele>
      </trkpt>
      <trkpt lat="34.404969960451126" lon="-119.73585996776819">
        <ele>25.59</ele>
      </trkpt>
      <trkpt lat="34.40495998598635" lon="-119.73569995723665">
        <ele>26.21</ele>
      </trkpt>
      <trkpt lat="34.40493995323777" lon="-119.73544992506504">
        <ele>27.06</ele>
      </trkpt>
      <trkpt lat="34.404904916882515" lon="-119.73520450294018">
        <ele>27.83</ele>
      </trkpt>
      <trkpt lat="34.40486996434629" lon="-119.73495991900563">
        <ele>28.48</ele>
      </trkpt>
      <trkpt lat="34.404839957132936" lon="-119.73481994122267">
        <ele>29.15</ele>
      </trkpt>
      <trkpt lat="34.404789917171" lon="-119.73460997454822">
        <ele>29.86</ele>
      </trkpt>
      <trkpt lat="34.40473987720907" lon="-119.73439967259765">
        <ele>30.64</ele>
      </trkpt>
      <trkpt lat="34.404689921066165" lon="-119.7341899573803">
        <ele>31.44</ele>
      </trkpt>
      <trkpt lat="34.40465999767184" lon="-119.73408996127546">
        <ele>32.21</ele>
      </trkpt>
      <trkpt lat="34.40461993217468" lon="-119.73388996906579">
        <ele>32.99</ele>
      </trkpt>
      <trkpt lat="34.40454985946417" lon="-119.73364295437932">
        <ele>33.76</ele>
      </trkpt>
      <trkpt lat="34.404479786753654" lon="-119.73339593969285">
        <ele>34.56</ele>
      </trkpt>
      <trkpt lat="34.404409965500236" lon="-119.73314993083477">
        <ele>35.35</ele>
      </trkpt>
      <trkpt lat="34.40431994386017" lon="-119.73284994252026">
        <ele>36.23</ele>
      </trkpt>
      <trkpt lat="34.40428993664682" lon="-119.73273997195065">
        <ele>37.08</ele>
      </trkpt>
      <trkpt lat="34.40423998050392" lon="-119.73252992145717">
        <ele>37.98</ele>
      </trkpt>
      <trkpt lat="34.40417988225818" lon="-119.7323246486485">
        <ele>38.84</ele>
      </trkpt>
      <trkpt lat="34.4041199516505" lon="-119.73211996257305">
        <ele>39.72</ele>
      </trkpt>
      <trkpt lat="34.4040699955076" lon="-119.73191997036338">
        <ele>40.61</ele>
      </trkpt>
      <trkpt lat="34.4040699955076" lon="-119.7319099958986">
        <ele>41.5</ele>
      </trkpt>
      <trkpt lat="34.40404996275902" lon="-119.73185995593667">
        <ele>42.39</ele>
      </trkpt>
      <trkpt lat="34.403979890048504" lon="-119.73161461763084">
        <ele>43.35</ele>
      </trkpt>
      <trkpt lat="34.40390998497605" lon="-119.73136994987726">
        <ele>44.31</ele>
      </trkpt>
      <trkpt lat="34.40389992669225" lon="-119.73129996098578">
        <ele>45.23</ele>
      </trkpt>
      <trkpt lat="34.40388995222747" lon="-119.731289986521">
        <ele>46.14</ele>
      </trkpt>
      <trkpt lat="34.40383999608457" lon="-119.73108999431133">
        <ele>47.11</ele>
      </trkpt>
      <trkpt lat="34.40376648679376" lon="-119.73082286305726">
        <ele>48.06</ele>
      </trkpt>
      <trkpt lat="34.403693061321974" lon="-119.73055581562221">
        <ele>49.01</ele>
      </trkpt>
      <trkpt lat="34.40361997112632" lon="-119.73028994165361">
        <ele>49.95</ele>
      </trkpt>
      <trkpt lat="34.40356490202248" lon="-119.73009464330971">
        <ele>50.85</ele>
      </trkpt>
      <trkpt lat="34.403509916737676" lon="-119.72989993169904">
        <ele>51.74</ele>
      </trkpt>
      <trkpt lat="34.403444873169065" lon="-119.72965962253511">
        <ele>52.66</ele>
      </trkpt>
      <trkpt lat="34.40337999723852" lon="-119.72941998392344">
        <ele>53.53</ele>
      </trkpt>
      <trkpt lat="34.40331989899278" lon="-119.72919962368906">
        <ele>54.4</ele>
      </trkpt>
      <trkpt lat="34.4032599683851" lon="-119.72897993400693">
        <ele>55.21</ele>
      </trkpt>
      <trkpt lat="34.40319987013936" lon="-119.72875965759158">
        <ele>56.0</ele>
      </trkpt>
      <trkpt lat="34.403139939531684" lon="-119.72853996790946">
        <ele>56.76</ele>
      </trkpt>
      <trkpt lat="34.40308487042785" lon="-119.72833964042366">
        <ele>57.48</ele>
      </trkpt>
      <trkpt lat="34.40302996896207" lon="-119.72813998349011">
        <ele>58.17</ele>
      </trkpt>
      <trkpt lat="34.402952352538705" lon="-119.72785701043904">
        <ele>58.84</ele>
      </trkpt>
      <trkpt lat="34.402874736115336" lon="-119.727574121207">
        <ele>59.45</ele>
      </trkpt>
      <trkpt lat="34.40279711969197" lon="-119.72729123197496">
        <ele>60.05</ele>
      </trkpt>
      <trkpt lat="34.40271992236376" lon="-119.72700993530452">
        <ele>60.6</ele>
      </trkpt>
      <trkpt lat="34.40265990793705" lon="-119.72680466249585">
        <ele>61.13</ele>
      </trkpt>
      <trkpt lat="34.40259997732937" lon="-119.7265999764204">
        <ele>61.6</ele>
      </trkpt>
      <trkpt lat="34.40258991904557" lon="-119.72655999474227">
        <ele>62.04</ele>
      </trkpt>
      <trkpt lat="34.40251481719315" lon="-119.72629956901073">
        <ele>62.46</ele>
      </trkpt>
      <trkpt lat="34.40243996679783" lon="-119.72603998146951">
        <ele>62.81</ele>
      </trkpt>
      <trkpt lat="34.40241993404925" lon="-119.72594995982945">
        <ele>63.13</ele>
      </trkpt>
      <trkpt lat="34.40234483219683" lon="-119.72567955963314">
        <ele>63.44</ele>
      </trkpt>
      <trkpt lat="34.40226998180151" lon="-119.72540999762714">
        <ele>63.72</ele>
      </trkpt>
      <trkpt lat="34.402239974588156" lon="-119.72530991770327">
        <ele>63.92</ele>
      </trkpt>
      <trkpt lat="34.40217484720051" lon="-119.72504957579076">
        <ele>64.08</ele>
      </trkpt>
      <trkpt lat="34.402109971269965" lon="-119.72478998824954">
        <ele>64.21</ele>
      </trkpt>
      <trkpt lat="34.40203654579818" lon="-119.72444272600114">
        <ele>64.33</ele>
      </trkpt>
      <trkpt lat="34.40196303650737" lon="-119.72409546375275">
        <ele>64.4</ele>
      </trkpt>
      <trkpt lat="34.40188994631171" lon="-119.72374996170402">
        <ele>64.43</ele>
      </trkpt>
      <trkpt lat="34.40183999016881" lon="-119.72349992953241">
        <ele>64.42</ele>
      </trkpt>
      <trkpt lat="34.401789950206876" lon="-119.72323992289603">
        <ele>64.34</ele>
      </trkpt>
      <trkpt lat="34.4017799757421" lon="-119.72318996675313">
        <ele>64.24</ele>
      </trkpt>
      <trkpt lat="34.40170998685062" lon="-119.72286994569004">
        <ele>64.08</ele>
      </trkpt>
      <trkpt lat="34.40166992135346" lon="-119.72262997180223">
        <ele>63.89</ele>
      </trkpt>
      <trkpt lat="34.40160999074578" lon="-119.72238999791443">
        <ele>63.65</ele>
      </trkpt>
      <trkpt lat="34.401549976319075" lon="-119.72208992578089">
        <ele>63.43</ele>
      </trkpt>
      <trkpt lat="34.401549473404884" lon="-119.72208539955318">
        <ele>63.15</ele>
      </trkpt>
      <trkpt lat="34.40126993693411" lon="-119.7221499402076">
        <ele>62.8</ele>
      </trkpt>
      <trkpt lat="34.40108997747302" lon="-119.72217994742095">
        <ele>62.44</ele>
      </trkpt>
      <trkpt lat="34.40103993751109" lon="-119.72218992188573">
        <ele>62.06</ele>
      </trkpt>
      <trkpt lat="34.40100993029773" lon="-119.72219998016953">
        <ele>61.65</ele>
      </trkpt>
      <trkpt lat="34.40084991976619" lon="-119.72222998738289">
        <ele>61.2</ele>
      </trkpt>
      <trkpt lat="34.400779930874705" lon="-119.72223996184766">
        <ele>60.73</ele>
      </trkpt>
      <trkpt lat="34.40062033943832" lon="-119.72226988524199">
        <ele>60.21</ele>
      </trkpt>
      <trkpt lat="34.40045999363065" lon="-119.72229997627437">
        <ele>59.67</ele>
      </trkpt>
      <trkpt lat="34.40042998641729" lon="-119.72229997627437">
        <ele>59.15</ele>
      </trkpt>
      <trkpt lat="34.40018992871046" lon="-119.72232998348773">
        <ele>58.57</ele>
      </trkpt>
      <trkpt lat="34.40005992539227" lon="-119.7223399579525">
        <ele>57.99</ele>
      </trkpt>
      <trkpt lat="34.40000996924937" lon="-119.72234993241727">
        <ele>57.41</ele>
      </trkpt>
      <trkpt lat="34.3998699914664" lon="-119.72235999070108">
        <ele>56.82</ele>
      </trkpt>
      <trkpt lat="34.39970042556524" lon="-119.72237993963063">
        <ele>56.24</ele>
      </trkpt>
      <trkpt lat="34.399529937654734" lon="-119.72239997237921">
        <ele>55.63</ele>
      </trkpt>
      <trkpt lat="34.399509988725185" lon="-119.72239997237921">
        <ele>55.04</ele>
      </trkpt>
      <trkpt lat="34.399340422824025" lon="-119.72241992130876">
        <ele>54.42</ele>
      </trkpt>
      <trkpt lat="34.399169934913516" lon="-119.72243995405734">
        <ele>53.8</ele>
      </trkpt>
      <trkpt lat="34.39910992048681" lon="-119.72244992852211">
        <ele>53.19</ele>
      </trkpt>
      <trkpt lat="34.39897991716862" lon="-119.72245998680592">
        <ele>52.57</ele>
      </trkpt>
      <trkpt lat="34.39889995381236" lon="-119.72246996127069">
        <ele>51.96</ele>
      </trkpt>
      <trkpt lat="34.3988099321723" lon="-119.72247993573546">
        <ele>51.35</ele>
      </trkpt>
      <trkpt lat="34.398799957707524" lon="-119.72247993573546">
        <ele>50.76</ele>
      </trkpt>
      <trkpt lat="34.39859996549785" lon="-119.72248999401927">
        <ele>50.16</ele>
      </trkpt>
      <trkpt lat="34.39853995107114" lon="-119.72248999401927">
        <ele>49.58</ele>
      </trkpt>
      <trkpt lat="34.39843995496631" lon="-119.72247993573546">
        <ele>49.0</ele>
      </trkpt>
      <trkpt lat="34.398369966074824" lon="-119.72246996127069">
        <ele>48.44</ele>
      </trkpt>
      <trkpt lat="34.398259995505214" lon="-119.72243995405734">
        <ele>47.88</ele>
      </trkpt>
      <trkpt lat="34.39814994111657" lon="-119.72240994684398">
        <ele>47.31</ele>
      </trkpt>
      <trkpt lat="34.39805991947651" lon="-119.72237993963063">
        <ele>46.77</ele>
      </trkpt>
      <trkpt lat="34.39799998886883" lon="-119.72234993241727">
        <ele>46.24</ele>
      </trkpt>
      <trkpt lat="34.39798993058503" lon="-119.72234993241727">
        <ele>45.75</ele>
      </trkpt>
      <trkpt lat="34.39792999997735" lon="-119.72230995073915">
        <ele>45.25</ele>
      </trkpt>
      <trkpt lat="34.39782992005348" lon="-119.72225999459624">
        <ele>44.75</ele>
      </trkpt>
      <trkpt lat="34.397749956697226" lon="-119.72219998016953">
        <ele>44.28</ele>
      </trkpt>
      <trkpt lat="34.3977099750191" lon="-119.72216997295618">
        <ele>43.83</ele>
      </trkpt>
      <trkpt lat="34.39766999334097" lon="-119.72213996574283">
        <ele>43.39</ele>
      </trkpt>
      <trkpt lat="34.397619953379035" lon="-119.72208992578089">
        <ele>42.97</ele>
      </trkpt>
      <trkpt lat="34.39756999723613" lon="-119.72203996963799">
        <ele>42.56</ele>
      </trkpt>
      <trkpt lat="34.39753999002278" lon="-119.72200996242464">
        <ele>42.17</ele>
      </trkpt>
      <trkpt lat="34.39745994284749" lon="-119.72192999906838">
        <ele>41.79</ele>
      </trkpt>
      <trkpt lat="34.39738995395601" lon="-119.72185992635787">
        <ele>41.41</ele>
      </trkpt>
      <trkpt lat="34.397339997813106" lon="-119.72177996300161">
        <ele>41.07</ele>
      </trkpt>
      <trkpt lat="34.39728995785117" lon="-119.72170997411013">
        <ele>40.74</ele>
      </trkpt>
      <trkpt lat="34.39724997617304" lon="-119.72164995968342">
        <ele>40.42</ele>
      </trkpt>
      <trkpt lat="34.39721996895969" lon="-119.72158994525671">
        <ele>40.12</ele>
      </trkpt>
      <trkpt lat="34.397189961746335" lon="-119.72153998911381">
        <ele>39.83</ele>
      </trkpt>
      <trkpt lat="34.39715995453298" lon="-119.7214799746871">
        <ele>39.55</ele>
      </trkpt>
      <trkpt lat="34.39710999839008" lon="-119.72137997858226">
        <ele>39.28</ele>
      </trkpt>
      <trkpt lat="34.39706993289292" lon="-119.72127998247743">
        <ele>39.03</ele>
      </trkpt>
      <trkpt lat="34.39704998396337" lon="-119.72120999358594">
        <ele>38.79</ele>
      </trkpt>
      <trkpt lat="34.39700991846621" lon="-119.72108996473253">
        <ele>38.55</ele>
      </trkpt>
      <trkpt lat="34.39696993678808" lon="-119.72094998694956">
        <ele>38.33</ele>
      </trkpt>
      <trkpt lat="34.396929955109954" lon="-119.72076994366944">
        <ele>38.11</ele>
      </trkpt>
      <trkpt lat="34.396909922361374" lon="-119.72059995867312">
        <ele>37.9</ele>
      </trkpt>
      <trkpt lat="34.396889973431826" lon="-119.7204299736768">
        <ele>37.7</ele>
      </trkpt>
      <trkpt lat="34.39687999896705" lon="-119.72020994871855">
        <ele>37.48</ele>
      </trkpt>
      <trkpt lat="34.3968999478966" lon="-119.71987995319068">
        <ele>37.29</ele>
      </trkpt>
      <trkpt lat="34.396903635933995" lon="-119.71988129429519">
        <ele>37.1</ele>
      </trkpt>
      <trkpt lat="34.39691998064518" lon="-119.71966998651624">
        <ele>36.91</ele>
      </trkpt>
      <trkpt lat="34.396929955109954" lon="-119.71944996155798">
        <ele>36.71</ele>
      </trkpt>
      <trkpt lat="34.39693992957473" lon="-119.7191299404949">
        <ele>36.53</ele>
      </trkpt>
      <trkpt lat="34.39693992957473" lon="-119.71889994107187">
        <ele>36.35</ele>
      </trkpt>
      <trkpt lat="34.39693992957473" lon="-119.71887999214232">
        <ele>36.17</ele>
      </trkpt>
      <trkpt lat="34.39693992957473" lon="-119.71866994164884">
        <ele>35.98</ele>
      </trkpt>
      <trkpt lat="34.396929955109954" lon="-119.71863993443549">
        <ele>35.79</ele>
      </trkpt>
      <trkpt lat="34.396909922361374" lon="-119.71840993501246">
        <ele>35.58</ele>
      </trkpt>
      <trkpt lat="34.39687999896705" lon="-119.71814992837608">
        <ele>35.37</ele>
      </trkpt>
      <trkpt lat="34.39687999896705" lon="-119.71806996501982">
        <ele>35.16</ele>
      </trkpt>
      <trkpt lat="34.396869940683246" lon="-119.71804993227124">
        <ele>34.94</ele>
      </trkpt>
      <trkpt lat="34.39685996621847" lon="-119.7178399655968">
        <ele>34.71</ele>
      </trkpt>
      <trkpt lat="34.39685996621847" lon="-119.7176499478519">
        <ele>34.47</ele>
      </trkpt>
      <trkpt lat="34.39685996621847" lon="-119.7174699883908">
        <ele>34.2</ele>
      </trkpt>
      <trkpt lat="34.396869940683246" lon="-119.71736999228597">
        <ele>33.94</ele>
      </trkpt>
      <trkpt lat="34.396869940683246" lon="-119.7173299267888">
        <ele>33.67</ele>
      </trkpt>
      <trkpt lat="34.3968999478966" lon="-119.71710998564959">
        <ele>33.39</ele>
      </trkpt>
      <trkpt lat="34.396949987858534" lon="-119.7167899645865">
        <ele>33.12</ele>
      </trkpt>
      <trkpt lat="34.39697999507189" lon="-119.7165499906987">
        <ele>32.81</ele>
      </trkpt>
      <trkpt lat="34.39698996953666" lon="-119.71643993631005">
        <ele>32.49</ele>
      </trkpt>
      <trkpt lat="34.39698996953666" lon="-119.71634999848902">
        <ele>32.16</ele>
      </trkpt>
      <trkpt lat="34.39696993678808" lon="-119.71617992967367">
        <ele>31.8</ele>
      </trkpt>
      <trkpt lat="34.39693992957473" lon="-119.7159127984196">
        <ele>31.44</ele>
      </trkpt>
      <trkpt lat="34.39690983854234" lon="-119.71564566716552">
        <ele>31.05</ele>
      </trkpt>
      <trkpt lat="34.39687999896705" lon="-119.71537996083498">
        <ele>30.67</ele>
      </trkpt>
      <trkpt lat="34.39683984965086" lon="-119.71502934582531">
        <ele>30.26</ele>
      </trkpt>
      <trkpt lat="34.3967997841537" lon="-119.71467864699662">
        <ele>29.83</ele>
      </trkpt>
      <trkpt lat="34.396759970113635" lon="-119.71432995982468">
        <ele>29.43</ele>
      </trkpt>
      <trkpt lat="34.39672996290028" lon="-119.71403994597495">
        <ele>29.03</ele>
      </trkpt>
      <trkpt lat="34.39667992293835" lon="-119.71366996876895">
        <ele>28.61</ele>
      </trkpt>
      <trkpt lat="34.396634912118316" lon="-119.71330929547548">
        <ele>28.21</ele>
      </trkpt>
      <trkpt lat="34.396589985117316" lon="-119.71294996328652">
        <ele>27.79</ele>
      </trkpt>
      <trkpt lat="34.39655486494303" lon="-119.71262935549021">
        <ele>27.39</ele>
      </trkpt>
      <trkpt lat="34.396519996225834" lon="-119.71230992116034">
        <ele>26.97</ele>
      </trkpt>
      <trkpt lat="34.39650993794203" lon="-119.71222995780408">
        <ele>26.6</ele>
      </trkpt>
      <trkpt lat="34.3964699562639" lon="-119.71202996559441">
        <ele>26.23</ele>
      </trkpt>
      <trkpt lat="34.39642997458577" lon="-119.71180994063616">
        <ele>25.87</ele>
      </trkpt>
      <trkpt lat="34.39639996737242" lon="-119.71159997396171">
        <ele>25.51</ele>
      </trkpt>
      <trkpt lat="34.396354872733355" lon="-119.71134952269495">
        <ele>25.17</ele>
      </trkpt>
      <trkpt lat="34.396309945732355" lon="-119.71109999343753">
        <ele>24.81</ele>
      </trkpt>
      <trkpt lat="34.39625998958945" lon="-119.71078994683921">
        <ele>24.47</ele>
      </trkpt>
      <trkpt lat="34.39623995684087" lon="-119.71056992188096">
        <ele>24.17</ele>
      </trkpt>
      <trkpt lat="34.3962299823761" lon="-119.71033992245793">
        <ele>23.88</ele>
      </trkpt>
      <trkpt lat="34.3962299823761" lon="-119.71031997352839">
        <ele>23.61</ele>
      </trkpt>
      <trkpt lat="34.39623995684087" lon="-119.7101099230349">
        <ele>23.35</ele>
      </trkpt>
      <trkpt lat="34.39625998958945" lon="-119.70995997078717">
        <ele>23.11</ele>
      </trkpt>
      <trkpt lat="34.39626996405423" lon="-119.7098699491471">
        <ele>22.88</ele>
      </trkpt>
      <trkpt lat="34.39629997126758" lon="-119.7095699608326">
        <ele>22.67</ele>
      </trkpt>
      <trkpt lat="34.396325033158064" lon="-119.70930450595915">
        <ele>22.47</ele>
      </trkpt>
      <trkpt lat="34.39634992741048" lon="-119.70903997309506">
        <ele>22.25</ele>
      </trkpt>
      <trkpt lat="34.39636996015906" lon="-119.70882992260158">
        <ele>22.07</ele>
      </trkpt>
      <trkpt lat="34.39638999290764" lon="-119.70867997035384">
        <ele>21.89</ele>
      </trkpt>
      <trkpt lat="34.39642997458577" lon="-119.70853999257088">
        <ele>21.72</ele>
      </trkpt>
      <trkpt lat="34.396500047296286" lon="-119.70831468701363">
        <ele>21.58</ele>
      </trkpt>
      <trkpt lat="34.396569952368736" lon="-119.7080899681896">
        <ele>21.44</ele>
      </trkpt>
      <trkpt lat="34.396670116111636" lon="-119.70778285525739">
        <ele>21.3</ele>
      </trkpt>
      <trkpt lat="34.396770196035504" lon="-119.70747582614422">
        <ele>21.19</ele>
      </trkpt>
      <trkpt lat="34.396869940683246" lon="-119.70716997049749">
        <ele>21.06</ele>
      </trkpt>
      <trkpt lat="34.3968999478966" lon="-119.70706997439265">
        <ele>20.94</ele>
      </trkpt>
      <trkpt lat="34.39698996953666" lon="-119.7067999932915">
        <ele>20.82</ele>
      </trkpt>
      <trkpt lat="34.39707504585385" lon="-119.70654459670186">
        <ele>20.72</ele>
      </trkpt>
      <trkpt lat="34.39715995453298" lon="-119.70628995448351">
        <ele>20.6</ele>
      </trkpt>
      <trkpt lat="34.397169928997755" lon="-119.7062399983406">
        <ele>20.5</ele>
      </trkpt>
      <trkpt lat="34.397250059992075" lon="-119.70599968917668">
        <ele>20.42</ele>
      </trkpt>
      <trkpt lat="34.397330190986395" lon="-119.70575938001275">
        <ele>20.32</ele>
      </trkpt>
      <trkpt lat="34.39740998670459" lon="-119.70551999285817">
        <ele>20.24</ele>
      </trkpt>
      <trkpt lat="34.39741996116936" lon="-119.70545997843146">
        <ele>20.16</ele>
      </trkpt>
      <trkpt lat="34.397510066628456" lon="-119.70518957823515">
        <ele>20.09</ele>
      </trkpt>
      <trkpt lat="34.397599920630455" lon="-119.70491993241012">
        <ele>19.99</ele>
      </trkpt>
      <trkpt lat="34.39766999334097" lon="-119.7047499474138">
        <ele>19.9</ele>
      </trkpt>
      <trkpt lat="34.397729923948646" lon="-119.70461994409561">
        <ele>19.81</ele>
      </trkpt>
      <trkpt lat="34.397809971123934" lon="-119.70444995909929">
        <ele>19.73</ele>
      </trkpt>
      <trkpt lat="34.397859927266836" lon="-119.70435993745923">
        <ele>19.66</ele>
      </trkpt>
      <trkpt lat="34.397939974442124" lon="-119.70420998521149">
        <ele>19.57</ele>
      </trkpt>
      <trkpt lat="34.39807995222509" lon="-119.70398996025324">
        <ele>19.48</ele>
      </trkpt>
      <trkpt lat="34.398239962756634" lon="-119.70377999357879">
        <ele>19.38</ele>
      </trkpt>
      <trkpt lat="34.398259995505214" lon="-119.70374998636544">
        <ele>19.29</ele>
      </trkpt>
      <trkpt lat="34.39841992221773" lon="-119.70355996862054">
        <ele>19.19</ele>
      </trkpt>
      <trkpt lat="34.39848999492824" lon="-119.70347992144525">
        <ele>19.1</ele>
      </trkpt>
      <trkpt lat="34.39850994385779" lon="-119.7034599725157">
        <ele>19.0</ele>
      </trkpt>
      <trkpt lat="34.39858999103308" lon="-119.70337992534041">
        <ele>18.88</ele>
      </trkpt>
      <trkpt lat="34.39869996160269" lon="-119.70327992923558">
        <ele>18.75</ele>
      </trkpt>
      <trkpt lat="34.39883993938565" lon="-119.70319996587932">
        <ele>18.62</ele>
      </trkpt>
      <trkpt lat="34.39904998987913" lon="-119.70308999530971">
        <ele>18.49</ele>
      </trkpt>
      <trkpt lat="34.39912995323539" lon="-119.70304992981255">
        <ele>18.37</ele>
      </trkpt>
      <trkpt lat="34.39919994212687" lon="-119.7030199225992">
        <ele>18.24</ele>
      </trkpt>
      <trkpt lat="34.39928996376693" lon="-119.7029699664563">
        <ele>18.12</ele>
      </trkpt>
      <trkpt lat="34.39951996318996" lon="-119.70285999588668">
        <ele>17.99</ele>
      </trkpt>
      <trkpt lat="34.399659940972924" lon="-119.70278992317617">
        <ele>17.87</ele>
      </trkpt>
      <trkpt lat="34.39976999536157" lon="-119.70273996703327">
        <ele>17.74</ele>
      </trkpt>
      <trkpt lat="34.39984995871782" lon="-119.70269998535514">
        <ele>17.61</ele>
      </trkpt>
      <trkpt lat="34.3998599331826" lon="-119.70268992707133">
        <ele>17.48</ele>
      </trkpt>
      <trkpt lat="34.40001994371414" lon="-119.7025899309665">
        <ele>17.34</ele>
      </trkpt>
      <trkpt lat="34.40019998699427" lon="-119.70246998593211">
        <ele>17.19</ele>
      </trkpt>
      <trkpt lat="34.40037994645536" lon="-119.70233998261392">
        <ele>17.03</ele>
      </trkpt>
      <trkpt lat="34.40046996809542" lon="-119.70225993543863">
        <ele>16.89</ele>
      </trkpt>
      <trkpt lat="34.400479942560196" lon="-119.70224996097386">
        <ele>16.74</ele>
      </trkpt>
      <trkpt lat="34.40054993145168" lon="-119.70217997208238">
        <ele>16.59</ele>
      </trkpt>
      <trkpt lat="34.40062997862697" lon="-119.7021099831909">
        <ele>16.43</ele>
      </trkpt>
      <trkpt lat="34.400779930874705" lon="-119.70195994712412">
        <ele>16.26</ele>
      </trkpt>
      <trkpt lat="34.40097992308438" lon="-119.70173992216587">
        <ele>16.07</ele>
      </trkpt>
      <trkpt lat="34.40117983147502" lon="-119.70152006484568">
        <ele>15.89</ele>
      </trkpt>
      <trkpt lat="34.401379991322756" lon="-119.7012999560684">
        <ele>15.72</ele>
      </trkpt>
      <trkpt lat="34.40159481950104" lon="-119.70107012428343">
        <ele>15.54</ele>
      </trkpt>
      <trkpt lat="34.401809982955456" lon="-119.70083995722234">
        <ele>15.37</ele>
      </trkpt>
      <trkpt lat="34.40194987691939" lon="-119.70068003050983">
        <ele>15.18</ele>
      </trkpt>
      <trkpt lat="34.402089938521385" lon="-119.70051993615925">
        <ele>15.02</ele>
      </trkpt>
      <trkpt lat="34.402219941839576" lon="-119.70037995837629">
        <ele>14.86</ele>
      </trkpt>
      <trkpt lat="34.402409959584475" lon="-119.70016999170184">
        <ele>14.69</ele>
      </trkpt>
      <trkpt lat="34.402539962902665" lon="-119.70002993009984">
        <ele>14.51</ele>
      </trkpt>
      <trkpt lat="34.40259997732937" lon="-119.69995994120836">
        <ele>14.32</ele>
      </trkpt>
      <trkpt lat="34.402649933472276" lon="-119.69989992678165">
        <ele>14.12</ele>
      </trkpt>
      <trkpt lat="34.40267994068563" lon="-119.69985994510353">
        <ele>13.93</ele>
      </trkpt>
      <trkpt lat="34.40278999507427" lon="-119.69968996010721">
        <ele>13.73</ele>
      </trkpt>
      <trkpt lat="34.402839951217175" lon="-119.69961997121572">
        <ele>13.53</ele>
      </trkpt>
      <trkpt lat="34.40288999117911" lon="-119.69951997511089">
        <ele>13.32</ele>
      </trkpt>
      <trkpt lat="34.40293994732201" lon="-119.69935996457934">
        <ele>13.09</ele>
      </trkpt>
      <trkpt lat="34.402989987283945" lon="-119.69920992851257">
        <ele>12.87</ele>
      </trkpt>
      <trkpt lat="34.40303994342685" lon="-119.69899996183813">
        <ele>12.65</ele>
      </trkpt>
      <trkpt lat="34.403079925104976" lon="-119.69882997684181">
        <ele>12.43</ele>
      </trkpt>
      <trkpt lat="34.403099957853556" lon="-119.69869997352362">
        <ele>12.22</ele>
      </trkpt>
      <trkpt lat="34.403119990602136" lon="-119.69865999184549">
        <ele>12.02</ele>
      </trkpt>
      <trkpt lat="34.403139939531684" lon="-119.69847994856536">
        <ele>11.81</ele>
      </trkpt>
      <trkpt lat="34.40314999781549" lon="-119.69827995635569">
        <ele>11.6</ele>
      </trkpt>
      <trkpt lat="34.403159972280264" lon="-119.69824994914234">
        <ele>11.42</ele>
      </trkpt>
      <trkpt lat="34.403159972280264" lon="-119.69805993139744">
        <ele>11.23</ele>
      </trkpt>
      <trkpt lat="34.40314999781549" lon="-119.69775994308293">
        <ele>11.05</ele>
      </trkpt>
      <trkpt lat="34.40314496867359" lon="-119.69754452817142">
        <ele>10.87</ele>
      </trkpt>
      <trkpt lat="34.403139939531684" lon="-119.69732995145023">
        <ele>10.72</ele>
      </trkpt>
      <trkpt lat="34.403139939531684" lon="-119.69727999530733">
        <ele>10.6</ele>
      </trkpt>
      <trkpt lat="34.40312996506691" lon="-119.69700993038714">
        <ele>10.48</ele>
      </trkpt>
      <trkpt lat="34.40312996506691" lon="-119.69680993817747">
        <ele>10.35</ele>
      </trkpt>
      <trkpt lat="34.403139939531684" lon="-119.69654993154109">
        <ele>10.26</ele>
      </trkpt>
      <trkpt lat="34.403159972280264" lon="-119.69643996097147">
        <ele>10.19</ele>
      </trkpt>
      <trkpt lat="34.40318997949362" lon="-119.69631993211806">
        <ele>10.14</ele>
      </trkpt>
      <trkpt lat="34.403249993920326" lon="-119.69610996544361">
        <ele>10.09</ele>
      </trkpt>
      <trkpt lat="34.403309924528" lon="-119.69595992937684">
        <ele>10.07</ele>
      </trkpt>
      <trkpt lat="34.40336993895471" lon="-119.6958099771291">
        <ele>10.06</ele>
      </trkpt>
      <trkpt lat="34.40337999723852" lon="-119.69576999545097">
        <ele>10.05</ele>
      </trkpt>
      <trkpt lat="34.403419978916645" lon="-119.69569992274046">
        <ele>10.06</ele>
      </trkpt>
      <trkpt lat="34.40346993505955" lon="-119.69559992663562">
        <ele>10.07</ele>
      </trkpt>
      <trkpt lat="34.40355995669961" lon="-119.69546992331743">
        <ele>10.11</ele>
      </trkpt>
      <trkpt lat="34.40361997112632" lon="-119.69538995996118">
        <ele>10.14</ele>
      </trkpt>
      <trkpt lat="34.403679985553026" lon="-119.69530999660492">
        <ele>10.18</ele>
      </trkpt>
      <trkpt lat="34.40377998165786" lon="-119.69520991668105">
        <ele>10.24</ele>
      </trkpt>
      <trkpt lat="34.40386991947889" lon="-119.69511997886002">
        <ele>10.3</ele>
      </trkpt>
      <trkpt lat="34.40400998108089" lon="-119.69500992447138">
        <ele>10.38</ele>
      </trkpt>
      <trkpt lat="34.404149958863854" lon="-119.69491998665035">
        <ele>10.46</ele>
      </trkpt>
      <trkpt lat="34.40424995496869" lon="-119.69485997222364">
        <ele>10.55</ele>
      </trkpt>
      <trkpt lat="34.40431994386017" lon="-119.69482996501029">
        <ele>10.63</ele>
      </trkpt>
      <trkpt lat="34.404519936069846" lon="-119.694749917835">
        <ele>10.73</ele>
      </trkpt>
      <trkpt lat="34.404579950496554" lon="-119.69472996890545">
        <ele>10.81</ele>
      </trkpt>
      <trkpt lat="34.40461993217468" lon="-119.69471999444067">
        <ele>10.89</ele>
      </trkpt>
      <trkpt lat="34.40465999767184" lon="-119.69470993615687">
        <ele>10.96</ele>
      </trkpt>
      <trkpt lat="34.4048195052892" lon="-119.69469501636922">
        <ele>11.04</ele>
      </trkpt>
      <trkpt lat="34.4049799349159" lon="-119.69467992894351">
        <ele>11.11</ele>
      </trkpt>
      <trkpt lat="34.40519602037966" lon="-119.69465000554919">
        <ele>11.17</ele>
      </trkpt>
      <trkpt lat="34.40541218966246" lon="-119.69462008215487">
        <ele>11.2</ele>
      </trkpt>
      <trkpt lat="34.40562995150685" lon="-119.69458999112248">
        <ele>11.23</ele>
      </trkpt>
      <trkpt lat="34.405869925394654" lon="-119.6945699583739">
        <ele>11.25</ele>
      </trkpt>
      <trkpt lat="34.40604996867478" lon="-119.69453995116055">
        <ele>11.25</ele>
      </trkpt>
      <trkpt lat="34.40605994313955" lon="-119.69453995116055">
        <ele>11.24</ele>
      </trkpt>
      <trkpt lat="34.40628994256258" lon="-119.69451991841197">
        <ele>11.25</ele>
      </trkpt>
      <trkpt lat="34.40650938078761" lon="-119.69449502415955">
        <ele>11.27</ele>
      </trkpt>
      <trkpt lat="34.406729992479086" lon="-119.69446996226907">
        <ele>11.22</ele>
      </trkpt>
      <trkpt lat="34.40698999911547" lon="-119.69443995505571">
        <ele>11.08</ele>
      </trkpt>
      <trkpt lat="34.407219998538494" lon="-119.69440994784236">
        <ele>10.96</ele>
      </trkpt>
      <trkpt lat="34.40734991803765" lon="-119.69436996616423">
        <ele>10.85</ele>
      </trkpt>
      <trkpt lat="34.40742996521294" lon="-119.69433995895088">
        <ele>10.73</ele>
      </trkpt>
      <trkpt lat="34.40743247978389" lon="-119.6943355165422">
        <ele>10.62</ele>
      </trkpt>
      <trkpt lat="34.40740993246436" lon="-119.69425999559462">
        <ele>10.49</ele>
      </trkpt>
      <trkpt lat="34.40737992525101" lon="-119.6941899228841">
        <ele>10.36</ele>
      </trkpt>
      <trkpt lat="34.40734991803765" lon="-119.69410995952785">
        <ele>10.21</ele>
      </trkpt>
      <trkpt lat="34.40733994357288" lon="-119.69403997063637">
        <ele>10.06</ele>
      </trkpt>
      <trkpt lat="34.407329969108105" lon="-119.69400996342301">
        <ele>9.91</ele>
      </trkpt>
      <trkpt lat="34.40731999464333" lon="-119.69397995620966">
        <ele>9.76</ele>
      </trkpt>
      <trkpt lat="34.407309936359525" lon="-119.69395992346108">
        <ele>9.61</ele>
      </trkpt>
      <trkpt lat="34.40729996189475" lon="-119.69392991624773">
        <ele>9.45</ele>
      </trkpt>
      <trkpt lat="34.40727992914617" lon="-119.6938899345696">
        <ele>9.28</ele>
      </trkpt>
      <trkpt lat="34.4072699546814" lon="-119.69387996010482">
        <ele>9.12</ele>
      </trkpt>
      <trkpt lat="34.4072699546814" lon="-119.69384995289147">
        <ele>8.94</ele>
      </trkpt>
      <trkpt lat="34.4072699546814" lon="-119.69382992014289">
        <ele>8.77</ele>
      </trkpt>
      <trkpt lat="34.40727992914617" lon="-119.69380997121334">
        <ele>8.6</ele>
      </trkpt>
      <trkpt lat="34.40728998742998" lon="-119.69378993846476">
        <ele>8.42</ele>
      </trkpt>
      <trkpt lat="34.407329969108105" lon="-119.69373998232186">
        <ele>8.24</ele>
      </trkpt>
      <trkpt lat="34.40734991803765" lon="-119.6937099751085">
        <ele>8.07</ele>
      </trkpt>
      <trkpt lat="34.40735134296119" lon="-119.69371408224106">
        <ele>7.91</ele>
      </trkpt>
      <trkpt lat="34.40737992525101" lon="-119.69368994235992">
        <ele>7.74</ele>
      </trkpt>
      <trkpt lat="34.40744999796152" lon="-119.69361995346844">
        <ele>7.56</ele>
      </trkpt>
      <trkpt lat="34.40744798630476" lon="-119.6936203725636">
        <ele>7.41</ele>
      </trkpt>
      <trkpt lat="34.407459972426295" lon="-119.69356999732554">
        <ele>7.26</ele>
      </trkpt>
      <trkpt lat="34.407459972426295" lon="-119.6935199573636">
        <ele>7.1</ele>
      </trkpt>
      <trkpt lat="34.40745955333114" lon="-119.69351543113589">
        <ele>6.97</ele>
      </trkpt>
      <trkpt lat="34.40748997963965" lon="-119.69350998289883">
        <ele>6.85</ele>
      </trkpt>
      <trkpt lat="34.4075099285692" lon="-119.69347997568548">
        <ele>6.72</ele>
      </trkpt>
      <trkpt lat="34.407629957422614" lon="-119.69336992129683">
        <ele>6.6</ele>
      </trkpt>
      <trkpt lat="34.40774998627603" lon="-119.69324997626245">
        <ele>6.49</ele>
      </trkpt>
      <trkpt lat="34.40784998238087" lon="-119.69315995462239">
        <ele>6.39</ele>
      </trkpt>
      <trkpt lat="34.4079399202019" lon="-119.6930899657309">
        <ele>6.3</ele>
      </trkpt>
      <trkpt lat="34.40800999291241" lon="-119.69303992576897">
        <ele>6.21</ele>
      </trkpt>
      <trkpt lat="34.40806992352009" lon="-119.69298996962607">
        <ele>6.13</ele>
      </trkpt>
      <trkpt lat="34.40809993073344" lon="-119.69296993687749">
        <ele>6.05</ele>
      </trkpt>
      <trkpt lat="34.408129937946796" lon="-119.69296993687749">
        <ele>5.97</ele>
      </trkpt>
      <trkpt lat="34.408149970695376" lon="-119.69295996241271">
        <ele>5.9</ele>
      </trkpt>
      <trkpt lat="34.40815994516015" lon="-119.69295996241271">
        <ele>5.83</ele>
      </trkpt>
      <trkpt lat="34.408189952373505" lon="-119.69296993687749">
        <ele>5.76</ele>
      </trkpt>
      <trkpt lat="34.40825994126499" lon="-119.69301997683942">
        <ele>5.71</ele>
      </trkpt>
      <trkpt lat="34.40834996290505" lon="-119.69307999126613">
        <ele>5.66</ele>
      </trkpt>
      <trkpt lat="34.4083799701184" lon="-119.69309994019568">
        <ele>5.59</ele>
      </trkpt>
      <trkpt lat="34.40840997733176" lon="-119.69309994019568">
        <ele>5.53</ele>
      </trkpt>
      <trkpt lat="34.40841995179653" lon="-119.69310999847949">
        <ele>5.46</ele>
      </trkpt>
      <trkpt lat="34.40843998454511" lon="-119.69310999847949">
        <ele>5.4</ele>
      </trkpt>
      <trkpt lat="34.40845993347466" lon="-119.69309994019568">
        <ele>5.33</ele>
      </trkpt>
      <trkpt lat="34.40847996622324" lon="-119.6930899657309">
        <ele>5.26</ele>
      </trkpt>
      <trkpt lat="34.408509973436594" lon="-119.69306993298233">
        <ele>5.18</ele>
      </trkpt>
      <trkpt lat="34.408559929579496" lon="-119.69300991855562">
        <ele>5.1</ele>
      </trkpt>
      <trkpt lat="34.408639976754785" lon="-119.69293992966413">
        <ele>5.02</ele>
      </trkpt>
      <trkpt lat="34.40875992178917" lon="-119.69279995188117">
        <ele>4.92</ele>
      </trkpt>
      <trkpt lat="34.40883996896446" lon="-119.69271998852491">
        <ele>4.83</ele>
      </trkpt>
      <trkpt lat="34.40890995785594" lon="-119.69264999963343">
        <ele>4.73</ele>
      </trkpt>
      <trkpt lat="34.408919932320714" lon="-119.69262996688485">
        <ele>4.64</ele>
      </trkpt>
      <trkpt lat="34.408919932320714" lon="-119.69261999242008">
        <ele>4.56</ele>
      </trkpt>
      <trkpt lat="34.40892999060452" lon="-119.69260993413627">
        <ele>4.47</ele>
      </trkpt>
      <trkpt lat="34.40892999060452" lon="-119.6925999596715">
        <ele>4.39</ele>
      </trkpt>
      <trkpt lat="34.40892999060452" lon="-119.69257992692292">
        <ele>4.3</ele>
      </trkpt>
      <trkpt lat="34.408939965069294" lon="-119.69256995245814">
        <ele>4.22</ele>
      </trkpt>
      <trkpt lat="34.408939965069294" lon="-119.69254991970956">
        <ele>4.13</ele>
      </trkpt>
      <trkpt lat="34.408939965069294" lon="-119.69253994524479">
        <ele>4.04</ele>
      </trkpt>
      <trkpt lat="34.40894993953407" lon="-119.69252997078001">
        <ele>3.95</ele>
      </trkpt>
      <trkpt lat="34.408959997817874" lon="-119.69249996356666">
        <ele>3.87</ele>
      </trkpt>
      <trkpt lat="34.40905999392271" lon="-119.69237993471324">
        <ele>3.77</ele>
      </trkpt>
      <trkpt lat="34.40911992453039" lon="-119.69232997857034">
        <ele>3.67</ele>
      </trkpt>
      <trkpt lat="34.40915999002755" lon="-119.69230994582176">
        <ele>3.58</ele>
      </trkpt>
      <trkpt lat="34.409199971705675" lon="-119.69229997135699">
        <ele>3.5</ele>
      </trkpt>
      <trkpt lat="34.40921992063522" lon="-119.69228999689221">
        <ele>3.41</ele>
      </trkpt>
      <trkpt lat="34.40924992784858" lon="-119.69227993860841">
        <ele>3.33</ele>
      </trkpt>
      <trkpt lat="34.40929996781051" lon="-119.6922299824655">
        <ele>3.25</ele>
      </trkpt>
      <trkpt lat="34.409527285024524" lon="-119.69198766164482">
        <ele>3.16</ele>
      </trkpt>
      <trkpt lat="34.40975468605757" lon="-119.6917452570051">
        <ele>3.09</ele>
      </trkpt>
      <trkpt lat="34.40998200327158" lon="-119.6915029361844">
        <ele>3.03</ele>
      </trkpt>
      <trkpt lat="34.410209991037846" lon="-119.69125994481146">
        <ele>2.97</ele>
      </trkpt>
      <trkpt lat="34.41041995771229" lon="-119.69102994538844">
        <ele>2.91</ele>
      </trkpt>
      <trkpt lat="34.4105299282819" lon="-119.69090991653502">
        <ele>2.86</ele>
      </trkpt>
      <trkpt lat="34.41058994270861" lon="-119.69083992764354">
        <ele>2.81</ele>
      </trkpt>
      <trkpt lat="34.410659931600094" lon="-119.6907399315387">
        <ele>2.76</ele>
      </trkpt>
      <trkpt lat="34.4107199460268" lon="-119.69066994264722">
        <ele>2.72</ele>
      </trkpt>
      <trkpt lat="34.41079999320209" lon="-119.69053993932903">
        <ele>2.68</ele>
      </trkpt>
      <trkpt lat="34.41087995655835" lon="-119.69040993601084">
        <ele>2.64</ele>
      </trkpt>
      <trkpt lat="34.41097995266318" lon="-119.6902599837631">
        <ele>2.61</ele>
      </trkpt>
      <trkpt lat="34.41100995987654" lon="-119.69022997654974">
        <ele>2.59</ele>
      </trkpt>
      <trkpt lat="34.4110999815166" lon="-119.69009997323155">
        <ele>2.57</ele>
      </trkpt>
      <trkpt lat="34.411199977621436" lon="-119.68998991884291">
        <ele>2.56</ele>
      </trkpt>
      <trkpt lat="34.41131992265582" lon="-119.68984994105995">
        <ele>2.55</ele>
      </trkpt>
      <trkpt lat="34.41140994429588" lon="-119.68974994495511">
        <ele>2.56</ele>
      </trkpt>
      <trkpt lat="34.41154992207885" lon="-119.68959999270737">
        <ele>2.59</ele>
      </trkpt>
      <trkpt lat="34.411629969254136" lon="-119.68951994553208">
        <ele>2.61</ele>
      </trkpt>
      <trkpt lat="34.41165997646749" lon="-119.68946998938918">
        <ele>2.62</ele>
      </trkpt>
      <trkpt lat="34.411689983680844" lon="-119.68941994942725">
        <ele>2.64</ele>
      </trkpt>
      <trkpt lat="34.41172996535897" lon="-119.68926999717951">
        <ele>2.66</ele>
      </trkpt>
      <trkpt lat="34.4117699470371" lon="-119.68910998664796">
        <ele>2.68</ele>
      </trkpt>
      <trkpt lat="34.41178997978568" lon="-119.68905994668603">
        <ele>2.71</ele>
      </trkpt>
      <trkpt lat="34.411799954250455" lon="-119.68900999054313">
        <ele>2.74</ele>
      </trkpt>
      <trkpt lat="34.411819986999035" lon="-119.68898995779455">
        <ele>2.77</ele>
      </trkpt>
      <trkpt lat="34.41182996146381" lon="-119.68896992504597">
        <ele>2.81</ele>
      </trkpt>
      <trkpt lat="34.41185996867716" lon="-119.68892994336784">
        <ele>2.84</ele>
      </trkpt>
      <trkpt lat="34.41187991760671" lon="-119.68889993615448">
        <ele>2.88</ele>
      </trkpt>
      <trkpt lat="34.411929957568645" lon="-119.68883992172778">
        <ele>2.92</ele>
      </trkpt>
      <trkpt lat="34.412039928138256" lon="-119.68873992562294">
        <ele>2.96</ele>
      </trkpt>
      <trkpt lat="34.41204998642206" lon="-119.68873992562294">
        <ele>3.0</ele>
      </trkpt>
      <trkpt lat="34.41206993535161" lon="-119.68870991840959">
        <ele>3.04</ele>
      </trkpt>
      <trkpt lat="34.41210991702974" lon="-119.68866993673146">
        <ele>3.08</ele>
      </trkpt>
      <trkpt lat="34.4121499825269" lon="-119.68864998780191">
        <ele>3.13</ele>
      </trkpt>
      <trkpt lat="34.41217998974025" lon="-119.68864998780191">
        <ele>3.17</ele>
      </trkpt>
      <trkpt lat="34.41231996752322" lon="-119.68860992230475">
        <ele>3.22</ele>
      </trkpt>
      <trkpt lat="34.41240998916328" lon="-119.68859994783998">
        <ele>3.27</ele>
      </trkpt>
      <trkpt lat="34.41244997084141" lon="-119.68857999891043">
        <ele>3.32</ele>
      </trkpt>
      <trkpt lat="34.41247997805476" lon="-119.68856994062662">
        <ele>3.35</ele>
      </trkpt>
      <trkpt lat="34.412489952519536" lon="-119.68856994062662">
        <ele>3.38</ele>
      </trkpt>
      <trkpt lat="34.41249992698431" lon="-119.68855996616185">
        <ele>3.41</ele>
      </trkpt>
      <trkpt lat="34.41272992640734" lon="-119.68832996673882">
        <ele>3.44</ele>
      </trkpt>
      <trkpt lat="34.41275993362069" lon="-119.68827992677689">
        <ele>3.46</ele>
      </trkpt>
      <trkpt lat="34.41277996636927" lon="-119.68824991956353">
        <ele>3.48</ele>
      </trkpt>
      <trkpt lat="34.412830006331205" lon="-119.68803458847106">
        <ele>3.5</ele>
      </trkpt>
      <trkpt lat="34.41287996247411" lon="-119.68781992793083">
        <ele>3.5</ele>
      </trkpt>
      <trkpt lat="34.41289999522269" lon="-119.68774993903935">
        <ele>3.52</ele>
      </trkpt>
      <trkpt lat="34.412939976900816" lon="-119.68764994293451">
        <ele>3.53</ele>
      </trkpt>
      <trkpt lat="34.4130599219352" lon="-119.68735992908478">
        <ele>3.53</ele>
      </trkpt>
      <trkpt lat="34.41314005292952" lon="-119.68717980198562">
        <ele>3.54</ele>
      </trkpt>
      <trkpt lat="34.413219932466745" lon="-119.68699992634356">
        <ele>3.55</ele>
      </trkpt>
      <trkpt lat="34.4132499396801" lon="-119.68693999573588">
        <ele>3.54</ele>
      </trkpt>
      <trkpt lat="34.41339511424303" lon="-119.6866146940738">
        <ele>3.54</ele>
      </trkpt>
      <trkpt lat="34.413539953529835" lon="-119.68628997914493">
        <ele>3.53</ele>
      </trkpt>
      <trkpt lat="34.41362000070512" lon="-119.68610976822674">
        <ele>3.52</ele>
      </trkpt>
      <trkpt lat="34.41369996406138" lon="-119.68592997640371">
        <ele>3.53</ele>
      </trkpt>
      <trkpt lat="34.41374992020428" lon="-119.68581992201507">
        <ele>3.51</ele>
      </trkpt>
      <trkpt lat="34.413799960166216" lon="-119.68570995144546">
        <ele>3.49</ele>
      </trkpt>
      <trkpt lat="34.41380993463099" lon="-119.68565999530256">
        <ele>3.48</ele>
      </trkpt>
      <trkpt lat="34.4138699490577" lon="-119.68545991927385">
        <ele>3.47</ele>
      </trkpt>
      <trkpt lat="34.41388998180628" lon="-119.6853799559176">
        <ele>3.46</ele>
      </trkpt>
      <trkpt lat="34.41394999623299" lon="-119.68508994206786">
        <ele>3.46</ele>
      </trkpt>
      <trkpt lat="34.41401998512447" lon="-119.68471996486187">
        <ele>3.44</ele>
      </trkpt>
      <trkpt lat="34.41407999955118" lon="-119.68439994379878">
        <ele>3.41</ele>
      </trkpt>
      <trkpt lat="34.41413993015885" lon="-119.6840899810195">
        <ele>3.4</ele>
      </trkpt>
      <trkpt lat="34.414209919050336" lon="-119.68375998549163">
        <ele>3.38</ele>
      </trkpt>
      <trkpt lat="34.41423992626369" lon="-119.68357994221151">
        <ele>3.36</ele>
      </trkpt>
      <trkpt lat="34.41427999176085" lon="-119.68338464386761">
        <ele>3.34</ele>
      </trkpt>
      <trkpt lat="34.41431997343898" lon="-119.68318993225694">
        <ele>3.32</ele>
      </trkpt>
      <trkpt lat="34.41433992236853" lon="-119.6830899361521">
        <ele>3.3</ele>
      </trkpt>
      <trkpt lat="34.414359955117106" lon="-119.68302992172539">
        <ele>3.28</ele>
      </trkpt>
      <trkpt lat="34.414379987865686" lon="-119.68298994004726">
        <ele>3.26</ele>
      </trkpt>
      <trkpt lat="34.414399936795235" lon="-119.68295993283391">
        <ele>3.24</ele>
      </trkpt>
      <trkpt lat="34.41444997675717" lon="-119.68291995115578">
        <ele>3.22</ele>
      </trkpt>
      <trkpt lat="34.41455994732678" lon="-119.68281995505095">
        <ele>3.2</ele>
      </trkpt>
      <trkpt lat="34.41464996896684" lon="-119.68274996615946">
        <ele>3.18</ele>
      </trkpt>
      <trkpt lat="34.414739990606904" lon="-119.6826599445194">
        <ele>3.16</ele>
      </trkpt>
      <trkpt lat="34.41476999782026" lon="-119.68261996284127">
        <ele>3.13</ele>
      </trkpt>
      <trkpt lat="34.41477997228503" lon="-119.68258995562792">
        <ele>3.11</ele>
      </trkpt>
      <trkpt lat="34.414789946749806" lon="-119.68254997394979">
        <ele>3.09</ele>
      </trkpt>
      <trkpt lat="34.414809979498386" lon="-119.68244997784495">
        <ele>3.06</ele>
      </trkpt>
      <trkpt lat="34.41481995396316" lon="-119.68230991624296">
        <ele>3.04</ele>
      </trkpt>
      <trkpt lat="34.41483998671174" lon="-119.68215996399522">
        <ele>3.01</ele>
      </trkpt>
      <trkpt lat="34.414849961176515" lon="-119.68204999342561">
        <ele>2.98</ele>
      </trkpt>
      <trkpt lat="34.414869993925095" lon="-119.68189995735884">
        <ele>2.96</ele>
      </trkpt>
      <trkpt lat="34.41489991731942" lon="-119.68169996514916">
        <ele>2.93</ele>
      </trkpt>
      <trkpt lat="34.41489991731942" lon="-119.6816099435091">
        <ele>2.9</ele>
      </trkpt>
      <trkpt lat="34.41490997560322" lon="-119.68148999847472">
        <ele>2.87</ele>
      </trkpt>
      <trkpt lat="34.414919950068" lon="-119.6811799518764">
        <ele>2.84</ele>
      </trkpt>
      <trkpt lat="34.41492992453277" lon="-119.68095992691815">
        <ele>2.81</ele>
      </trkpt>
      <trkpt lat="34.41493998281658" lon="-119.68073998577893">
        <ele>2.78</ele>
      </trkpt>
      <trkpt lat="34.41494995728135" lon="-119.68057997524738">
        <ele>2.75</ele>
      </trkpt>
      <trkpt lat="34.41494995728135" lon="-119.68048995360732">
        <ele>2.71</ele>
      </trkpt>
      <trkpt lat="34.41496999002993" lon="-119.68034997582436">
        <ele>2.68</ele>
      </trkpt>
      <trkpt lat="34.41498993895948" lon="-119.68021997250617">
        <ele>2.64</ele>
      </trkpt>
      <trkpt lat="34.41500997170806" lon="-119.68013992533088">
        <ele>2.61</ele>
      </trkpt>
      <trkpt lat="34.41501994617283" lon="-119.68005996197462">
        <ele>2.57</ele>
      </trkpt>
      <trkpt lat="34.41505992785096" lon="-119.6798899769783">
        <ele>2.52</ele>
      </trkpt>
      <trkpt lat="34.41506998613477" lon="-119.6798299625516">
        <ele>2.48</ele>
      </trkpt>
      <trkpt lat="34.41507996059954" lon="-119.67978998087347">
        <ele>2.45</ele>
      </trkpt>
      <trkpt lat="34.41507996059954" lon="-119.67975997366011">
        <ele>2.41</ele>
      </trkpt>
      <trkpt lat="34.41506998613477" lon="-119.67971999198198">
        <ele>2.37</ele>
      </trkpt>
      <trkpt lat="34.41505992785096" lon="-119.6796999592334">
        <ele>2.34</ele>
      </trkpt>
      <trkpt lat="34.41505992785096" lon="-119.67965997755527">
        <ele>2.3</ele>
      </trkpt>
      <trkpt lat="34.41505992785096" lon="-119.67962997034192">
        <ele>2.27</ele>
      </trkpt>
      <trkpt lat="34.41505992785096" lon="-119.67959996312857">
        <ele>2.24</ele>
      </trkpt>
      <trkpt lat="34.41509999334812" lon="-119.67940994538367">
        <ele>2.21</ele>
      </trkpt>
      <trkpt lat="34.41513997502625" lon="-119.67916997149587">
        <ele>2.18</ele>
      </trkpt>
      <trkpt lat="34.41517995670438" lon="-119.6789699792862">
        <ele>2.16</ele>
      </trkpt>
      <trkpt lat="34.41518993116915" lon="-119.67892999760807">
        <ele>2.13</ele>
      </trkpt>
      <trkpt lat="34.41519998945296" lon="-119.67889999039471">
        <ele>2.1</ele>
      </trkpt>
      <trkpt lat="34.415259920060635" lon="-119.67856999486685">
        <ele>2.06</ele>
      </trkpt>
      <trkpt lat="34.415299985557795" lon="-119.67837997712195">
        <ele>2.03</ele>
      </trkpt>
      <trkpt lat="34.41531993448734" lon="-119.67825994826853">
        <ele>2.01</ele>
      </trkpt>
      <trkpt lat="34.41532999277115" lon="-119.67814997769892">
        <ele>1.99</ele>
      </trkpt>
      <trkpt lat="34.4153499417007" lon="-119.67800999991596">
        <ele>1.97</ele>
      </trkpt>
      <trkpt lat="34.41536997444928" lon="-119.67788997106254">
        <ele>1.96</ele>
      </trkpt>
      <trkpt lat="34.41536997444928" lon="-119.67785996384919">
        <ele>1.95</ele>
      </trkpt>
      <trkpt lat="34.41537994891405" lon="-119.6777899749577">
        <ele>1.94</ele>
      </trkpt>
      <trkpt lat="34.41541993059218" lon="-119.6775999572128">
        <ele>1.94</ele>
      </trkpt>
      <trkpt lat="34.41545505076647" lon="-119.67740960419178">
        <ele>1.94</ele>
      </trkpt>
      <trkpt lat="34.41548991948366" lon="-119.67721992172301">
        <ele>1.94</ele>
      </trkpt>
      <trkpt lat="34.41549997776747" lon="-119.67718999832869">
        <ele>1.95</ele>
      </trkpt>
      <trkpt lat="34.41554004326463" lon="-119.67698464170098">
        <ele>1.96</ele>
      </trkpt>
      <trkpt lat="34.415579941123724" lon="-119.67677995562553">
        <ele>1.98</ele>
      </trkpt>
      <trkpt lat="34.41565009765327" lon="-119.67640930786729">
        <ele>1.98</ele>
      </trkpt>
      <trkpt lat="34.41571991890669" lon="-119.67603991739452">
        <ele>2.0</ele>
      </trkpt>
      <trkpt lat="34.41576006822288" lon="-119.67579952441156">
        <ele>2.02</ele>
      </trkpt>
      <trkpt lat="34.41579996608198" lon="-119.67555996961892">
        <ele>2.05</ele>
      </trkpt>
      <trkpt lat="34.41584003157914" lon="-119.67535461299121">
        <ele>2.08</ele>
      </trkpt>
      <trkpt lat="34.41587992943823" lon="-119.67514992691576">
        <ele>2.12</ele>
      </trkpt>
      <trkpt lat="34.41591999493539" lon="-119.67494993470609">
        <ele>2.16</ele>
      </trkpt>
      <trkpt lat="34.41595997661352" lon="-119.67468992806971">
        <ele>2.18</ele>
      </trkpt>
      <trkpt lat="34.41599995829165" lon="-119.67449999414384">
        <ele>2.21</ele>
      </trkpt>
      <trkpt lat="34.41603993996978" lon="-119.67430997639894">
        <ele>2.26</ele>
      </trkpt>
      <trkpt lat="34.41610992886126" lon="-119.67396992258728">
        <ele>2.31</ele>
      </trkpt>
      <trkpt lat="34.416159968823195" lon="-119.67370999976993">
        <ele>2.36</ele>
      </trkpt>
      <trkpt lat="34.4162199832499" lon="-119.67339995317161">
        <ele>2.42</ele>
      </trkpt>
      <trkpt lat="34.416269939392805" lon="-119.67311999760568">
        <ele>2.47</ele>
      </trkpt>
      <trkpt lat="34.41627999767661" lon="-119.67308999039233">
        <ele>2.53</ele>
      </trkpt>
      <trkpt lat="34.41629994660616" lon="-119.67293995432556">
        <ele>2.58</ele>
      </trkpt>
      <trkpt lat="34.41632995381951" lon="-119.67277994379401">
        <ele>2.64</ele>
      </trkpt>
      <trkpt lat="34.41636993549764" lon="-119.67258992604911">
        <ele>2.7</ele>
      </trkpt>
      <trkpt lat="34.41638996824622" lon="-119.6724799554795">
        <ele>2.76</ele>
      </trkpt>
      <trkpt lat="34.41640991717577" lon="-119.67238993383944">
        <ele>2.82</ele>
      </trkpt>
      <trkpt lat="34.41642994992435" lon="-119.67230997048318">
        <ele>2.89</ele>
      </trkpt>
      <trkpt lat="34.41642994992435" lon="-119.67226998880506">
        <ele>2.94</ele>
      </trkpt>
      <trkpt lat="34.416439924389124" lon="-119.6722399815917">
        <ele>3.0</ele>
      </trkpt>
      <trkpt lat="34.416459957137704" lon="-119.67220997437835">
        <ele>3.06</ele>
      </trkpt>
      <trkpt lat="34.416479989886284" lon="-119.67218994162977">
        <ele>3.13</ele>
      </trkpt>
      <trkpt lat="34.41648996435106" lon="-119.67216999270022">
        <ele>3.18</ele>
      </trkpt>
      <trkpt lat="34.41649993881583" lon="-119.67215993441641">
        <ele>3.24</ele>
      </trkpt>
      <trkpt lat="34.416529946029186" lon="-119.67213998548687">
        <ele>3.31</ele>
      </trkpt>
      <trkpt lat="34.416549978777766" lon="-119.67213998548687">
        <ele>3.37</ele>
      </trkpt>
      <trkpt lat="34.416569927707314" lon="-119.67212992720306">
        <ele>3.43</ele>
      </trkpt>
      <trkpt lat="34.416609993204474" lon="-119.67213998548687">
        <ele>3.49</ele>
      </trkpt>
      <trkpt lat="34.41667998209596" lon="-119.67215993441641">
        <ele>3.54</ele>
      </trkpt>
      <trkpt lat="34.41667704842985" lon="-119.67215976677835">
        <ele>3.6</ele>
      </trkpt>
      <trkpt lat="34.41667998209596" lon="-119.67212992720306">
        <ele>3.65</ele>
      </trkpt>
      <trkpt lat="34.41667998209596" lon="-119.67210997827351">
        <ele>3.71</ele>
      </trkpt>
      <trkpt lat="34.41666992381215" lon="-119.67210997827351">
        <ele>3.76</ele>
      </trkpt>
      <trkpt lat="34.41665994934738" lon="-119.6720999199897">
        <ele>3.82</ele>
      </trkpt>
      <trkpt lat="34.41659993492067" lon="-119.67207997106016">
        <ele>3.87</ele>
      </trkpt>
      <trkpt lat="34.41657998599112" lon="-119.67206999659538">
        <ele>3.92</ele>
      </trkpt>
      <trkpt lat="34.416569927707314" lon="-119.67206999659538">
        <ele>3.97</ele>
      </trkpt>
      <trkpt lat="34.416569927707314" lon="-119.67205993831158">
        <ele>4.02</ele>
      </trkpt>
      <trkpt lat="34.416569927707314" lon="-119.6720499638468">
        <ele>4.08</ele>
      </trkpt>
      <trkpt lat="34.416569927707314" lon="-119.67203998938203">
        <ele>4.13</ele>
      </trkpt>
      <trkpt lat="34.416609993204474" lon="-119.67175274156034">
        <ele>4.2</ele>
      </trkpt>
      <trkpt lat="34.416650142520666" lon="-119.67146557755768">
        <ele>4.25</ele>
      </trkpt>
      <trkpt lat="34.41668995656073" lon="-119.6711799222976">
        <ele>4.28</ele>
      </trkpt>
      <trkpt lat="34.41672993823886" lon="-119.67083995230496">
        <ele>4.34</ele>
      </trkpt>
      <trkpt lat="34.41673127934337" lon="-119.67084405943751">
        <ele>4.4</ele>
      </trkpt>
      <trkpt lat="34.4168399926275" lon="-119.67085998505354">
        <ele>4.48</ele>
      </trkpt>
      <trkpt lat="34.416979970410466" lon="-119.67090994119644">
        <ele>4.55</ele>
      </trkpt>
      <trkpt lat="34.41705993376672" lon="-119.67092997394502">
        <ele>4.63</ele>
      </trkpt>
      <trkpt lat="34.41711994819343" lon="-119.6709399484098">
        <ele>4.69</ele>
      </trkpt>
      <trkpt lat="34.417259925976396" lon="-119.67097993008792">
        <ele>4.76</ele>
      </trkpt>
      <trkpt lat="34.41726068034768" lon="-119.67098328284919">
        <ele>4.82</ele>
      </trkpt>
      <trkpt lat="34.41728993318975" lon="-119.67071992345154">
        <ele>4.88</ele>
      </trkpt>
      <trkpt lat="34.41732999868691" lon="-119.67039998620749">
        <ele>4.94</ele>
      </trkpt>
      <trkpt lat="34.41736998036504" lon="-119.67011994682252">
        <ele>5.0</ele>
      </trkpt>
      <trkpt lat="34.41736998036504" lon="-119.67010997235775">
        <ele>5.05</ele>
      </trkpt>
      <trkpt lat="34.41739998757839" lon="-119.66981995850801">
        <ele>5.11</ele>
      </trkpt>
      <trkpt lat="34.417429994791746" lon="-119.6696045435965">
        <ele>5.17</ele>
      </trkpt>
      <trkpt lat="34.41745991818607" lon="-119.66938996687531">
        <ele>5.22</ele>
      </trkpt>
      <trkpt lat="34.41745991818607" lon="-119.66937999241054">
        <ele>5.28</ele>
      </trkpt>
      <trkpt lat="34.41748498007655" lon="-119.66916457749903">
        <ele>5.33</ele>
      </trkpt>
      <trkpt lat="34.417509958148" lon="-119.66894991695881">
        <ele>5.39</ele>
      </trkpt>
      <trkpt lat="34.417509958148" lon="-119.66892996802926">
        <ele>5.44</ele>
      </trkpt>
      <trkpt lat="34.41754993982613" lon="-119.6686599869281">
        <ele>5.49</ele>
      </trkpt>
      <trkpt lat="34.41754993982613" lon="-119.66861992143095">
        <ele>5.54</ele>
      </trkpt>
      <trkpt lat="34.417579947039485" lon="-119.66836997307837">
        <ele>5.61</ele>
      </trkpt>
      <trkpt lat="34.417599979788065" lon="-119.66827995143831">
        <ele>5.65</ele>
      </trkpt>
      <trkpt lat="34.41760995425284" lon="-119.6681699808687">
        <ele>5.69</ele>
      </trkpt>
      <trkpt lat="34.41761992871761" lon="-119.66811994090676">
        <ele>5.73</ele>
      </trkpt>
      <trkpt lat="34.41761992871761" lon="-119.66810996644199">
        <ele>5.76</ele>
      </trkpt>
      <trkpt lat="34.41761992871761" lon="-119.66809999197721">
        <ele>5.8</ele>
      </trkpt>
      <trkpt lat="34.41760995425284" lon="-119.66808993369341">
        <ele>5.83</ele>
      </trkpt>
      <trkpt lat="34.41760995425284" lon="-119.66807995922863">
        <ele>5.86</ele>
      </trkpt>
      <trkpt lat="34.417579947039485" lon="-119.66805992648005">
        <ele>5.89</ele>
      </trkpt>
      <trkpt lat="34.41757625900209" lon="-119.6680629439652">
        <ele>5.92</ele>
      </trkpt>
      <trkpt lat="34.417579947039485" lon="-119.6680399775505">
        <ele>5.94</ele>
      </trkpt>
      <trkpt lat="34.41758992150426" lon="-119.66801994480193">
        <ele>5.96</ele>
      </trkpt>
      <trkpt lat="34.41758992150426" lon="-119.66798993758857">
        <ele>5.98</ele>
      </trkpt>
      <trkpt lat="34.41758992150426" lon="-119.66795993037522">
        <ele>6.0</ele>
      </trkpt>
      <trkpt lat="34.41758992150426" lon="-119.66793998144567">
        <ele>6.02</ele>
      </trkpt>
      <trkpt lat="34.417579947039485" lon="-119.66790997423232">
        <ele>6.04</ele>
      </trkpt>
      <trkpt lat="34.417579947039485" lon="-119.66789999976754">
        <ele>6.05</ele>
      </trkpt>
      <trkpt lat="34.417579947039485" lon="-119.66787996701896">
        <ele>6.07</ele>
      </trkpt>
      <trkpt lat="34.417579947039485" lon="-119.66784995980561">
        <ele>6.08</ele>
      </trkpt>
      <trkpt lat="34.417579947039485" lon="-119.66783998534083">
        <ele>6.1</ele>
      </trkpt>
      <trkpt lat="34.417579947039485" lon="-119.66781995259225">
        <ele>6.11</ele>
      </trkpt>
      <trkpt lat="34.417599979788065" lon="-119.6677899453789">
        <ele>6.13</ele>
      </trkpt>
      <trkpt lat="34.41760995425284" lon="-119.66776999644935">
        <ele>6.15</ele>
      </trkpt>
      <trkpt lat="34.41764993593097" lon="-119.66771995648742">
        <ele>6.16</ele>
      </trkpt>
      <trkpt lat="34.417653791606426" lon="-119.66772004030645">
        <ele>6.18</ele>
      </trkpt>
      <trkpt lat="34.41766996867955" lon="-119.66767997480929">
        <ele>6.19</ele>
      </trkpt>
      <trkpt lat="34.41767994314432" lon="-119.66764996759593">
        <ele>6.21</ele>
      </trkpt>
      <trkpt lat="34.41767994314432" lon="-119.66762993484735">
        <ele>6.23</ele>
      </trkpt>
      <trkpt lat="34.41767994314432" lon="-119.6676099859178">
        <ele>6.24</ele>
      </trkpt>
      <trkpt lat="34.41766996867955" lon="-119.667599927634">
        <ele>6.25</ele>
      </trkpt>
      <trkpt lat="34.41765999421477" lon="-119.66757997870445">
        <ele>6.27</ele>
      </trkpt>
      <trkpt lat="34.41762998700142" lon="-119.6675499714911">
        <ele>6.28</ele>
      </trkpt>
      <trkpt lat="34.41754993982613" lon="-119.66747998259962">
        <ele>6.3</ele>
      </trkpt>
      <trkpt lat="34.417509958148" lon="-119.66744997538626">
        <ele>6.32</ele>
      </trkpt>
      <trkpt lat="34.417469976469874" lon="-119.66741996817291">
        <ele>6.35</ele>
      </trkpt>
      <trkpt lat="34.417429994791746" lon="-119.66739993542433">
        <ele>6.39</ele>
      </trkpt>
      <trkpt lat="34.41743393428624" lon="-119.66739767231047">
        <ele>6.42</ele>
      </trkpt>
      <trkpt lat="34.41741993650794" lon="-119.66738996095955">
        <ele>6.46</ele>
      </trkpt>
      <trkpt lat="34.417409962043166" lon="-119.66737998649478">
        <ele>6.5</ele>
      </trkpt>
      <trkpt lat="34.417409962043166" lon="-119.66736992821097">
        <ele>6.54</ele>
      </trkpt>
      <trkpt lat="34.41739998757839" lon="-119.66732994653285">
        <ele>6.59</ele>
      </trkpt>
      <trkpt lat="34.417389929294586" lon="-119.66729993931949">
        <ele>6.65</ele>
      </trkpt>
      <trkpt lat="34.417389929294586" lon="-119.66724998317659">
        <ele>6.71</ele>
      </trkpt>
      <trkpt lat="34.417389929294586" lon="-119.66718996874988">
        <ele>6.77</ele>
      </trkpt>
      <trkpt lat="34.417389929294586" lon="-119.6671199798584">
        <ele>6.83</ele>
      </trkpt>
      <trkpt lat="34.417389929294586" lon="-119.66703993268311">
        <ele>6.91</ele>
      </trkpt>
      <trkpt lat="34.41739998757839" lon="-119.66696994379163">
        <ele>6.98</ele>
      </trkpt>
      <trkpt lat="34.417409962043166" lon="-119.6669299621135">
        <ele>7.07</ele>
      </trkpt>
      <trkpt lat="34.41741993650794" lon="-119.66690992936492">
        <ele>7.15</ele>
      </trkpt>
      <trkpt lat="34.417429994791746" lon="-119.66688998043537">
        <ele>7.25</ele>
      </trkpt>
      <trkpt lat="34.41745991818607" lon="-119.66682996600866">
        <ele>7.35</ele>
      </trkpt>
      <trkpt lat="34.417469976469874" lon="-119.66679995879531">
        <ele>7.45</ele>
      </trkpt>
      <trkpt lat="34.41747995093465" lon="-119.66676995158195">
        <ele>7.57</ele>
      </trkpt>
      <trkpt lat="34.41748992539942" lon="-119.6667399443686">
        <ele>7.68</ele>
      </trkpt>
      <trkpt lat="34.41749998368323" lon="-119.66662997379899">
        <ele>7.81</ele>
      </trkpt>
      <trkpt lat="34.417509958148" lon="-119.66656995937228">
        <ele>7.93</ele>
      </trkpt>
      <trkpt lat="34.41752999089658" lon="-119.66644993051887">
        <ele>8.07</ele>
      </trkpt>
      <trkpt lat="34.41752999089658" lon="-119.66636996716261">
        <ele>8.21</ele>
      </trkpt>
      <trkpt lat="34.41753996536136" lon="-119.66634993441403">
        <ele>8.35</ele>
      </trkpt>
      <trkpt lat="34.41754993982613" lon="-119.66627994552255">
        <ele>8.5</ele>
      </trkpt>
      <trkpt lat="34.41755999810994" lon="-119.66620995663106">
        <ele>8.66</ele>
      </trkpt>
      <trkpt lat="34.417599979788065" lon="-119.66594994999468">
        <ele>8.83</ele>
      </trkpt>
      <trkpt lat="34.41764993593097" lon="-119.66570997610688">
        <ele>8.99</ele>
      </trkpt>
      <trkpt lat="34.41766996867955" lon="-119.6656399872154">
        <ele>9.14</ele>
      </trkpt>
      <trkpt lat="34.417689917609096" lon="-119.66551995836198">
        <ele>9.32</ele>
      </trkpt>
      <trkpt lat="34.417689917609096" lon="-119.6654999256134">
        <ele>9.47</ele>
      </trkpt>
      <trkpt lat="34.41773995757103" lon="-119.66528995893896">
        <ele>9.65</ele>
      </trkpt>
      <trkpt lat="34.41775999031961" lon="-119.66515995562077">
        <ele>9.8</ele>
      </trkpt>
      <trkpt lat="34.41777993924916" lon="-119.66505995951593">
        <ele>9.96</ele>
      </trkpt>
      <trkpt lat="34.417789997532964" lon="-119.66502995230258">
        <ele>10.11</ele>
      </trkpt>
      <trkpt lat="34.417789997532964" lon="-119.66492995619774">
        <ele>10.25</ele>
      </trkpt>
      <trkpt lat="34.41779997199774" lon="-119.66484999284148">
        <ele>10.39</ele>
      </trkpt>
      <trkpt lat="34.417819920927286" lon="-119.66474999673665">
        <ele>10.53</ele>
      </trkpt>
      <trkpt lat="34.417839953675866" lon="-119.66465997509658">
        <ele>10.66</ele>
      </trkpt>
      <trkpt lat="34.417859986424446" lon="-119.66454992070794">
        <ele>10.79</ele>
      </trkpt>
      <trkpt lat="34.4178899936378" lon="-119.66438999399543">
        <ele>10.91</ele>
      </trkpt>
      <trkpt lat="34.41792997531593" lon="-119.66419997625053">
        <ele>11.04</ele>
      </trkpt>
      <trkpt lat="34.41794992424548" lon="-119.66412998735905">
        <ele>11.15</ele>
      </trkpt>
      <trkpt lat="34.41796995699406" lon="-119.66407994739711">
        <ele>11.25</ele>
      </trkpt>
      <trkpt lat="34.41799996420741" lon="-119.66402999125421">
        <ele>11.35</ele>
      </trkpt>
      <trkpt lat="34.418029971420765" lon="-119.6639699768275">
        <ele>11.44</ele>
      </trkpt>
      <trkpt lat="34.41803994588554" lon="-119.66392999514937">
        <ele>11.51</ele>
      </trkpt>
      <trkpt lat="34.41804992035031" lon="-119.66379999183118">
        <ele>11.56</ele>
      </trkpt>
      <trkpt lat="34.41806995309889" lon="-119.66363998129964">
        <ele>11.6</ele>
      </trkpt>
      <trkpt lat="34.41808998584747" lon="-119.663529926911">
        <ele>11.65</ele>
      </trkpt>
      <trkpt lat="34.41810993477702" lon="-119.66341995634139">
        <ele>11.7</ele>
      </trkpt>
      <trkpt lat="34.41814991645515" lon="-119.66322993859649">
        <ele>11.74</ele>
      </trkpt>
      <trkpt lat="34.41816994920373" lon="-119.663159949705">
        <ele>11.77</ele>
      </trkpt>
      <trkpt lat="34.41818998195231" lon="-119.66307998634875">
        <ele>11.81</ele>
      </trkpt>
      <trkpt lat="34.41820993088186" lon="-119.66301997192204">
        <ele>11.83</ele>
      </trkpt>
      <trkpt lat="34.418219989165664" lon="-119.66298996470869">
        <ele>11.85</ele>
      </trkpt>
      <trkpt lat="34.41823993809521" lon="-119.66295995749533">
        <ele>11.86</ele>
      </trkpt>
      <trkpt lat="34.418269945308566" lon="-119.66289994306862">
        <ele>11.87</ele>
      </trkpt>
      <trkpt lat="34.418309926986694" lon="-119.66284998692572">
        <ele>11.87</ele>
      </trkpt>
      <trkpt lat="34.418349992483854" lon="-119.66281997971237">
        <ele>11.86</ele>
      </trkpt>
      <trkpt lat="34.41839994862676" lon="-119.66275996528566">
        <ele>11.85</ele>
      </trkpt>
      <trkpt lat="34.418459963053465" lon="-119.66270992532372">
        <ele>11.84</ele>
      </trkpt>
      <trkpt lat="34.41848997026682" lon="-119.66268997639418">
        <ele>11.81</ele>
      </trkpt>
      <trkpt lat="34.41852995194495" lon="-119.6626699436456">
        <ele>11.78</ele>
      </trkpt>
      <trkpt lat="34.418649980798364" lon="-119.66258998028934">
        <ele>11.75</ele>
      </trkpt>
      <trkpt lat="34.418699936941266" lon="-119.66255997307599">
        <ele>11.71</ele>
      </trkpt>
      <trkpt lat="34.41881996579468" lon="-119.66250993311405">
        <ele>11.66</ele>
      </trkpt>
      <trkpt lat="34.418909987434745" lon="-119.66246995143592">
        <ele>11.6</ele>
      </trkpt>
      <trkpt lat="34.419059939682484" lon="-119.66240993700922">
        <ele>11.52</ele>
      </trkpt>
      <trkpt lat="34.41925993189216" lon="-119.6622999664396">
        <ele>11.47</ele>
      </trkpt>
      <trkpt lat="34.41932992078364" lon="-119.66225998476148">
        <ele>11.42</ele>
      </trkpt>
      <trkpt lat="34.41939999349415" lon="-119.66219997033477">
        <ele>11.38</ele>
      </trkpt>
      <trkpt lat="34.41953997127712" lon="-119.66207994148135">
        <ele>11.34</ele>
      </trkpt>
      <trkpt lat="34.4196599163115" lon="-119.66194993816316">
        <ele>11.3</ele>
      </trkpt>
      <trkpt lat="34.41972998902202" lon="-119.66187994927168">
        <ele>11.26</ele>
      </trkpt>
      <trkpt lat="34.41978991962969" lon="-119.6618099603802">
        <ele>11.22</ele>
      </trkpt>
      <trkpt lat="34.41985999234021" lon="-119.66173997148871">
        <ele>11.19</ele>
      </trkpt>
      <trkpt lat="34.419899974018335" lon="-119.66169998981059">
        <ele>11.17</ele>
      </trkpt>
      <trkpt lat="34.41992998123169" lon="-119.66164994984865">
        <ele>11.15</ele>
      </trkpt>
      <trkpt lat="34.419959988445044" lon="-119.66160996817052">
        <ele>11.13</ele>
      </trkpt>
      <trkpt lat="34.41997993737459" lon="-119.6615699864924">
        <ele>11.12</ele>
      </trkpt>
      <trkpt lat="34.41999997012317" lon="-119.66153997927904">
        <ele>11.12</ele>
      </trkpt>
      <trkpt lat="34.42001991905272" lon="-119.66148993931711">
        <ele>11.12</ele>
      </trkpt>
      <trkpt lat="34.420029977336526" lon="-119.66145993210375">
        <ele>11.13</ele>
      </trkpt>
      <trkpt lat="34.4200399518013" lon="-119.6614299248904">
        <ele>11.15</ele>
      </trkpt>
      <trkpt lat="34.420049926266074" lon="-119.66140997596085">
        <ele>11.18</ele>
      </trkpt>
      <trkpt lat="34.42005998454988" lon="-119.6613799687475">
        <ele>11.21</ele>
      </trkpt>
      <trkpt lat="34.420089991763234" lon="-119.66129992157221">
        <ele>11.25</ele>
      </trkpt>
      <trkpt lat="34.42009996622801" lon="-119.66123999096453">
        <ele>11.3</ele>
      </trkpt>
      <trkpt lat="34.42010994069278" lon="-119.6611899510026">
        <ele>11.35</ele>
      </trkpt>
      <trkpt lat="34.42011999897659" lon="-119.66114996932447">
        <ele>11.42</ele>
      </trkpt>
      <trkpt lat="34.42011999897659" lon="-119.66108995489776">
        <ele>11.49</ele>
      </trkpt>
      <trkpt lat="34.42012997344136" lon="-119.66090999543667">
        <ele>11.57</ele>
      </trkpt>
      <trkpt lat="34.42013994790614" lon="-119.66074998490512">
        <ele>11.65</ele>
      </trkpt>
      <trkpt lat="34.42014992237091" lon="-119.66053993441164">
        <ele>11.76</ele>
      </trkpt>
      <trkpt lat="34.42016995511949" lon="-119.66029996052384">
        <ele>11.85</ele>
      </trkpt>
      <trkpt lat="34.42018998786807" lon="-119.66014992445707">
        <ele>11.96</ele>
      </trkpt>
      <trkpt lat="34.420199962332845" lon="-119.65996996499598">
        <ele>12.07</ele>
      </trkpt>
      <trkpt lat="34.42020993679762" lon="-119.65974994003773">
        <ele>12.19</ele>
      </trkpt>
      <trkpt lat="34.420219995081425" lon="-119.6594699844718">
        <ele>12.35</ele>
      </trkpt>
      <trkpt lat="34.4202299695462" lon="-119.65929999947548">
        <ele>12.49</ele>
      </trkpt>
      <trkpt lat="34.42023994401097" lon="-119.65918994508684">
        <ele>12.63</ele>
      </trkpt>
      <trkpt lat="34.42023994401097" lon="-119.65912993066013">
        <ele>12.77</ele>
      </trkpt>
      <trkpt lat="34.42025997675955" lon="-119.65893999673426">
        <ele>12.92</ele>
      </trkpt>
      <trkpt lat="34.42026995122433" lon="-119.65875995345414">
        <ele>13.05</ele>
      </trkpt>
      <trkpt lat="34.42026995122433" lon="-119.65871997177601">
        <ele>13.18</ele>
      </trkpt>
      <trkpt lat="34.42028998397291" lon="-119.65857999399304">
        <ele>13.31</ele>
      </trkpt>
      <trkpt lat="34.42028998397291" lon="-119.65853992849588">
        <ele>13.45</ele>
      </trkpt>
      <trkpt lat="34.42029995843768" lon="-119.65842995792627">
        <ele>13.59</ele>
      </trkpt>
      <trkpt lat="34.420309932902455" lon="-119.65831998735666">
        <ele>13.72</ele>
      </trkpt>
      <trkpt lat="34.42031999118626" lon="-119.65829995460808">
        <ele>13.85</ele>
      </trkpt>
      <trkpt lat="34.42033994011581" lon="-119.65817992575467">
        <ele>13.96</ele>
      </trkpt>
      <trkpt lat="34.420349998399615" lon="-119.65810993686318">
        <ele>14.08</ele>
      </trkpt>
      <trkpt lat="34.420349998399615" lon="-119.65808998793364">
        <ele>14.2</ele>
      </trkpt>
      <trkpt lat="34.42039995454252" lon="-119.65790994465351">
        <ele>14.32</ele>
      </trkpt>
      <trkpt lat="34.42044999450445" lon="-119.65768991969526">
        <ele>14.44</ele>
      </trkpt>
      <trkpt lat="34.420469943434" lon="-119.65764993801713">
        <ele>14.54</ele>
      </trkpt>
      <trkpt lat="34.42050992511213" lon="-119.65750996023417">
        <ele>14.64</ele>
      </trkpt>
      <trkpt lat="34.42053993232548" lon="-119.6574199385941">
        <ele>14.72</ele>
      </trkpt>
      <trkpt lat="34.42055996507406" lon="-119.65733997523785">
        <ele>14.8</ele>
      </trkpt>
      <trkpt lat="34.42058997228742" lon="-119.65728993527591">
        <ele>14.88</ele>
      </trkpt>
      <trkpt lat="34.420609921216965" lon="-119.65724995359778">
        <ele>14.96</ele>
      </trkpt>
      <trkpt lat="34.420649986714125" lon="-119.6571799647063">
        <ele>15.04</ele>
      </trkpt>
      <trkpt lat="34.42069994285703" lon="-119.65710997581482">
        <ele>15.11</ele>
      </trkpt>
      <trkpt lat="34.420739924535155" lon="-119.65705993585289">
        <ele>15.17</ele>
      </trkpt>
      <trkpt lat="34.42079993896186" lon="-119.65697997249663">
        <ele>15.22</ele>
      </trkpt>
      <trkpt lat="34.42085995338857" lon="-119.65689992532134">
        <ele>15.27</ele>
      </trkpt>
      <trkpt lat="34.42093991674483" lon="-119.65681996196508">
        <ele>15.31</ele>
      </trkpt>
      <trkpt lat="34.42102993838489" lon="-119.6567499730736">
        <ele>15.35</ele>
      </trkpt>
      <trkpt lat="34.42113999277353" lon="-119.65666992589831">
        <ele>15.37</ele>
      </trkpt>
      <trkpt lat="34.42115994170308" lon="-119.65665995143354">
        <ele>15.4</ele>
      </trkpt>
      <trkpt lat="34.42117997445166" lon="-119.65663991868496">
        <ele>15.42</ele>
      </trkpt>
      <trkpt lat="34.42119992338121" lon="-119.65663991868496">
        <ele>15.44</ele>
      </trkpt>
      <trkpt lat="34.42121995612979" lon="-119.65662994422019">
        <ele>15.45</ele>
      </trkpt>
      <trkpt lat="34.42124996334314" lon="-119.65662994422019">
        <ele>15.46</ele>
      </trkpt>
      <trkpt lat="34.42125993780792" lon="-119.65662994422019">
        <ele>15.46</ele>
      </trkpt>
      <trkpt lat="34.42126999609172" lon="-119.65662994422019">
        <ele>15.47</ele>
      </trkpt>
      <trkpt lat="34.4212746899575" lon="-119.65663229115307">
        <ele>15.46</ele>
      </trkpt>
      <trkpt lat="34.42128994502127" lon="-119.6565599553287">
        <ele>15.46</ele>
      </trkpt>
      <trkpt lat="34.421293046325445" lon="-119.65655542910099">
        <ele>15.44</ele>
      </trkpt>
      <trkpt lat="34.4212799705565" lon="-119.65654998086393">
        <ele>15.43</ele>
      </trkpt>
      <trkpt lat="34.42125993780792" lon="-119.65652994811535">
        <ele>15.42</ele>
      </trkpt>
      <trkpt lat="34.42123998887837" lon="-119.656499940902">
        <ele>15.4</ele>
      </trkpt>
      <trkpt lat="34.42121995612979" lon="-119.65646993368864">
        <ele>15.38</ele>
      </trkpt>
      <trkpt lat="34.42121995612979" lon="-119.65645995922387">
        <ele>15.35</ele>
      </trkpt>
      <trkpt lat="34.421209981665015" lon="-119.65642995201051">
        <ele>15.33</ele>
      </trkpt>
      <trkpt lat="34.421209981665015" lon="-119.65639994479716">
        <ele>15.3</ele>
      </trkpt>
      <trkpt lat="34.421209981665015" lon="-119.65635996311903">
        <ele>15.27</ele>
      </trkpt>
      <trkpt lat="34.42121995612979" lon="-119.65632995590568">
        <ele>15.24</ele>
      </trkpt>
      <trkpt lat="34.42123998887837" lon="-119.65628997422755">
        <ele>15.21</ele>
      </trkpt>
      <trkpt lat="34.42125993780792" lon="-119.65626994147897">
        <ele>15.18</ele>
      </trkpt>
      <trkpt lat="34.4212799705565" lon="-119.65623993426561">
        <ele>15.14</ele>
      </trkpt>
      <trkpt lat="34.42130997776985" lon="-119.65622995980084">
        <ele>15.11</ele>
      </trkpt>
      <trkpt lat="34.421339984983206" lon="-119.65621998533607">
        <ele>15.07</ele>
      </trkpt>
      <trkpt lat="34.42134995944798" lon="-119.65621998533607">
        <ele>15.04</ele>
      </trkpt>
      <trkpt lat="34.42136999219656" lon="-119.65621998533607">
        <ele>15.0</ele>
      </trkpt>
      <trkpt lat="34.421399999409914" lon="-119.65622995980084">
        <ele>14.97</ele>
      </trkpt>
      <trkpt lat="34.421429922804236" lon="-119.65623993426561">
        <ele>14.93</ele>
      </trkpt>
      <trkpt lat="34.421449955552816" lon="-119.65626994147897">
        <ele>14.9</ele>
      </trkpt>
      <trkpt lat="34.421469988301396" lon="-119.65628997422755">
        <ele>14.86</ele>
      </trkpt>
      <trkpt lat="34.421489937230945" lon="-119.6563199814409">
        <ele>14.83</ele>
      </trkpt>
      <trkpt lat="34.421639973297715" lon="-119.6561799198389">
        <ele>14.8</ele>
      </trkpt>
      <trkpt lat="34.42167995497584" lon="-119.65614999644458">
        <ele>14.77</ele>
      </trkpt>
      <trkpt lat="34.4217599183321" lon="-119.65607992373407">
        <ele>14.74</ele>
      </trkpt>
      <trkpt lat="34.42186997272074" lon="-119.65595997869968">
        <ele>14.71</ele>
      </trkpt>
      <trkpt lat="34.42190995439887" lon="-119.65591999702156">
        <ele>14.68</ele>
      </trkpt>
      <trkpt lat="34.42192998714745" lon="-119.6558899898082">
        <ele>14.65</ele>
      </trkpt>
      <trkpt lat="34.42199997603893" lon="-119.65577993541956">
        <ele>14.63</ele>
      </trkpt>
      <trkpt lat="34.42207993939519" lon="-119.65564993210137">
        <ele>14.61</ele>
      </trkpt>
      <trkpt lat="34.42209997214377" lon="-119.65561992488801">
        <ele>14.59</ele>
      </trkpt>
      <trkpt lat="34.422220000997186" lon="-119.65539487078786">
        <ele>14.57</ele>
      </trkpt>
      <trkpt lat="34.42233994603157" lon="-119.65516998432577">
        <ele>14.56</ele>
      </trkpt>
      <trkpt lat="34.422369953244925" lon="-119.65511994436383">
        <ele>14.55</ele>
      </trkpt>
      <trkpt lat="34.422369953244925" lon="-119.65510996989906">
        <ele>14.54</ele>
      </trkpt>
      <trkpt lat="34.42246994934976" lon="-119.6548899449408">
        <ele>14.53</ele>
      </trkpt>
      <trkpt lat="34.42255997098982" lon="-119.65466991998255">
        <ele>14.53</ele>
      </trkpt>
      <trkpt lat="34.42267999984324" lon="-119.65443992055953">
        <ele>14.55</ele>
      </trkpt>
      <trkpt lat="34.42276993766427" lon="-119.65424998663366">
        <ele>14.58</ele>
      </trkpt>
      <trkpt lat="34.4228099193424" lon="-119.65416993945837">
        <ele>14.59</ele>
      </trkpt>
      <trkpt lat="34.42285995930433" lon="-119.65405996888876">
        <ele>14.61</ele>
      </trkpt>
      <trkpt lat="34.42285945639014" lon="-119.6540563646704">
        <ele>14.63</ele>
      </trkpt>
      <trkpt lat="34.42285995930433" lon="-119.65393994003534">
        <ele>14.65</ele>
      </trkpt>
      <trkpt lat="34.42285995930433" lon="-119.65389995835721">
        <ele>14.68</ele>
      </trkpt>
      <trkpt lat="34.42285995930433" lon="-119.65382996946573">
        <ele>14.71</ele>
      </trkpt>
      <trkpt lat="34.42284998483956" lon="-119.65375998057425">
        <ele>14.76</ele>
      </trkpt>
      <trkpt lat="34.42283992655575" lon="-119.65371999889612">
        <ele>14.8</ele>
      </trkpt>
      <trkpt lat="34.42283992655575" lon="-119.65368999168277">
        <ele>14.86</ele>
      </trkpt>
      <trkpt lat="34.422819977626204" lon="-119.65363995172083">
        <ele>14.92</ele>
      </trkpt>
      <trkpt lat="34.4228099193424" lon="-119.65357993729413">
        <ele>14.98</ele>
      </trkpt>
      <trkpt lat="34.42271998152137" lon="-119.6534099522978">
        <ele>15.06</ele>
      </trkpt>
      <trkpt lat="34.42263993434608" lon="-119.65324994176626">
        <ele>15.14</ele>
      </trkpt>
      <trkpt lat="34.42258997820318" lon="-119.6531599201262">
        <ele>15.24</ele>
      </trkpt>
      <trkpt lat="34.42258997820318" lon="-119.65314994566143">
        <ele>15.34</ele>
      </trkpt>
      <trkpt lat="34.42254999652505" lon="-119.65308993123472">
        <ele>15.45</ele>
      </trkpt>
      <trkpt lat="34.42252996377647" lon="-119.65302991680801">
        <ele>15.58</ele>
      </trkpt>
      <trkpt lat="34.422519989311695" lon="-119.65298993512988">
        <ele>15.71</ele>
      </trkpt>
      <trkpt lat="34.422519989311695" lon="-119.65295992791653">
        <ele>15.86</ele>
      </trkpt>
      <trkpt lat="34.422519989311695" lon="-119.65292992070317">
        <ele>16.01</ele>
      </trkpt>
      <trkpt lat="34.422519989311695" lon="-119.65288993902504">
        <ele>16.18</ele>
      </trkpt>
      <trkpt lat="34.42252996377647" lon="-119.65281995013356">
        <ele>16.36</ele>
      </trkpt>
      <trkpt lat="34.42253993824124" lon="-119.65277996845543">
        <ele>16.54</ele>
      </trkpt>
      <trkpt lat="34.42254999652505" lon="-119.65274996124208">
        <ele>16.74</ele>
      </trkpt>
      <trkpt lat="34.42254806868732" lon="-119.65275113470852">
        <ele>16.94</ele>
      </trkpt>
      <trkpt lat="34.422349920496345" lon="-119.65247998014092">
        <ele>17.2</ele>
      </trkpt>
      <trkpt lat="34.422309938818216" lon="-119.65241996571422">
        <ele>17.44</ele>
      </trkpt>
      <trkpt lat="34.422239949926734" lon="-119.65226992964745">
        <ele>17.68</ele>
      </trkpt>
      <trkpt lat="34.422219917178154" lon="-119.65221997350454">
        <ele>17.94</ele>
      </trkpt>
      <trkpt lat="34.422094859182835" lon="-119.6519597992301">
        <ele>18.22</ele>
      </trkpt>
      <trkpt lat="34.42196996882558" lon="-119.65169996023178">
        <ele>18.47</ele>
      </trkpt>
      <trkpt lat="34.421939961612225" lon="-119.65161999687552">
        <ele>18.76</ele>
      </trkpt>
      <trkpt lat="34.42186997272074" lon="-119.65145998634398">
        <ele>19.06</ele>
      </trkpt>
      <trkpt lat="34.421789925545454" lon="-119.6512499358505">
        <ele>19.37</ele>
      </trkpt>
      <trkpt lat="34.4217599183321" lon="-119.65117994695902">
        <ele>19.69</ele>
      </trkpt>
      <trkpt lat="34.42171993665397" lon="-119.65107995085418">
        <ele>20.0</ele>
      </trkpt>
      <trkpt lat="34.42169998772442" lon="-119.65099998749793">
        <ele>20.33</ele>
      </trkpt>
      <trkpt lat="34.42168992944062" lon="-119.65098992921412">
        <ele>20.66</ele>
      </trkpt>
      <trkpt lat="34.42162999883294" lon="-119.65079999528825">
        <ele>21.02</ele>
      </trkpt>
      <trkpt lat="34.42157995887101" lon="-119.65060997754335">
        <ele>21.4</ele>
      </trkpt>
      <trkpt lat="34.4215199444443" lon="-119.65031996369362">
        <ele>21.76</ele>
      </trkpt>
      <trkpt lat="34.421469988301396" lon="-119.6500099170953">
        <ele>22.13</ele>
      </trkpt>
      <trkpt lat="34.421469988301396" lon="-119.64976952411234">
        <ele>22.47</ele>
      </trkpt>
      <trkpt lat="34.421469988301396" lon="-119.6495299693197">
        <ele>22.82</ele>
      </trkpt>
      <trkpt lat="34.42145993001759" lon="-119.64915999211371">
        <ele>23.12</ele>
      </trkpt>
      <trkpt lat="34.42145993001759" lon="-119.64879428967834">
        <ele>23.42</ele>
      </trkpt>
      <trkpt lat="34.42145993001759" lon="-119.64842992834747">
        <ele>23.73</ele>
      </trkpt>
      <trkpt lat="34.42145993001759" lon="-119.64832993224263">
        <ele>24.09</ele>
      </trkpt>
      <trkpt lat="34.42145993001759" lon="-119.64809448458254">
        <ele>24.44</ele>
      </trkpt>
      <trkpt lat="34.42145993001759" lon="-119.6478599589318">
        <ele>24.84</ele>
      </trkpt>
      <trkpt lat="34.42145993001759" lon="-119.6477499883622">
        <ele>25.21</ele>
      </trkpt>
      <trkpt lat="34.42143998108804" lon="-119.64752996340394">
        <ele>25.56</ele>
      </trkpt>
      <trkpt lat="34.42143998108804" lon="-119.64746994897723">
        <ele>25.89</ele>
      </trkpt>
      <trkpt lat="34.421429922804236" lon="-119.64739996008575">
        <ele>26.22</ele>
      </trkpt>
      <trkpt lat="34.42141994833946" lon="-119.6473199967295">
        <ele>26.53</ele>
      </trkpt>
      <trkpt lat="34.42141994833946" lon="-119.64730993844569">
        <ele>26.83</ele>
      </trkpt>
      <trkpt lat="34.42138994112611" lon="-119.6471799351275">
        <ele>27.11</ele>
      </trkpt>
      <trkpt lat="34.42134995944798" lon="-119.64701992459595">
        <ele>27.4</ele>
      </trkpt>
      <trkpt lat="34.421299919486046" lon="-119.64679998345673">
        <ele>27.64</ele>
      </trkpt>
      <trkpt lat="34.4212799705565" lon="-119.64666998013854">
        <ele>27.89</ele>
      </trkpt>
      <trkpt lat="34.42125993780792" lon="-119.64658993296325">
        <ele>28.1</ele>
      </trkpt>
      <trkpt lat="34.42121995612979" lon="-119.64639999903738">
        <ele>28.29</ele>
      </trkpt>
      <trkpt lat="34.421209981665015" lon="-119.6462699957192">
        <ele>28.47</ele>
      </trkpt>
      <trkpt lat="34.421189948916435" lon="-119.6461299341172">
        <ele>28.62</ele>
      </trkpt>
      <trkpt lat="34.421189948916435" lon="-119.64601996354759">
        <ele>28.76</ele>
      </trkpt>
      <trkpt lat="34.42117997445166" lon="-119.64583992026746">
        <ele>28.86</ele>
      </trkpt>
      <trkpt lat="34.42116999998689" lon="-119.64579993858933">
        <ele>28.94</ele>
      </trkpt>
      <trkpt lat="34.42115994170308" lon="-119.64543993584812">
        <ele>29.03</ele>
      </trkpt>
      <trkpt lat="34.42114996723831" lon="-119.64520993642509">
        <ele>29.07</ele>
      </trkpt>
      <trkpt lat="34.42112993448973" lon="-119.64491992257535">
        <ele>29.09</ele>
      </trkpt>
      <trkpt lat="34.42111996002495" lon="-119.64475999586284">
        <ele>29.08</ele>
      </trkpt>
      <trkpt lat="34.42110663279891" lon="-119.64450283907354">
        <ele>29.03</ele>
      </trkpt>
      <trkpt lat="34.421093221753836" lon="-119.64424568228424">
        <ele>28.98</ele>
      </trkpt>
      <trkpt lat="34.421079978346825" lon="-119.64398995041847">
        <ele>28.91</ele>
      </trkpt>
      <trkpt lat="34.42106992006302" lon="-119.64382993988693">
        <ele>28.77</ele>
      </trkpt>
      <trkpt lat="34.42104997113347" lon="-119.64355995878577">
        <ele>28.61</ele>
      </trkpt>
      <trkpt lat="34.42104997113347" lon="-119.643549984321">
        <ele>28.42</ele>
      </trkpt>
      <trkpt lat="34.42104997113347" lon="-119.64348996989429">
        <ele>28.19</ele>
      </trkpt>
      <trkpt lat="34.42104997113347" lon="-119.64334999211133">
        <ele>27.94</ele>
      </trkpt>
      <trkpt lat="34.42104997113347" lon="-119.64332995936275">
        <ele>27.66</ele>
      </trkpt>
      <trkpt lat="34.42104997113347" lon="-119.64328997768462">
        <ele>27.34</ele>
      </trkpt>
      <trkpt lat="34.421059945598245" lon="-119.64312996715307">
        <ele>27.0</ele>
      </trkpt>
      <trkpt lat="34.421059945598245" lon="-119.64305997826159">
        <ele>26.62</ele>
      </trkpt>
      <trkpt lat="34.4210899528116" lon="-119.64287993498147">
        <ele>26.24</ele>
      </trkpt>
      <trkpt lat="34.42111996002495" lon="-119.64269997552037">
        <ele>25.8</ele>
      </trkpt>
      <trkpt lat="34.42113999277353" lon="-119.64260995388031">
        <ele>25.34</ele>
      </trkpt>
      <trkpt lat="34.42115994170308" lon="-119.64251993224025">
        <ele>24.86</ele>
      </trkpt>
      <trkpt lat="34.42117997445166" lon="-119.64243996888399">
        <ele>24.36</ele>
      </trkpt>
      <trkpt lat="34.42124996334314" lon="-119.64219999499619">
        <ele>23.76</ele>
      </trkpt>
      <trkpt lat="34.421299919486046" lon="-119.64202992618084">
        <ele>23.17</ele>
      </trkpt>
      <trkpt lat="34.421319952234626" lon="-119.64194996282458">
        <ele>22.63</ele>
      </trkpt>
      <trkpt lat="34.421359933912754" lon="-119.64182993397117">
        <ele>22.06</ele>
      </trkpt>
      <trkpt lat="34.421429922804236" lon="-119.64161996729672">
        <ele>21.47</ele>
      </trkpt>
      <trkpt lat="34.42143998108804" lon="-119.64155995287001">
        <ele>20.96</ele>
      </trkpt>
      <trkpt lat="34.421469988301396" lon="-119.64145995676517">
        <ele>20.44</ele>
      </trkpt>
      <trkpt lat="34.42149999551475" lon="-119.64132995344698">
        <ele>19.94</ele>
      </trkpt>
      <trkpt lat="34.4215199444443" lon="-119.6411999501288">
        <ele>19.47</ele>
      </trkpt>
      <trkpt lat="34.42152991890907" lon="-119.64117991738021">
        <ele>19.02</ele>
      </trkpt>
      <trkpt lat="34.42153997719288" lon="-119.64109995402396">
        <ele>18.58</ele>
      </trkpt>
      <trkpt lat="34.42153997719288" lon="-119.64107992127538">
        <ele>18.16</ele>
      </trkpt>
      <trkpt lat="34.42153997719288" lon="-119.64083994738758">
        <ele>17.76</ele>
      </trkpt>
      <trkpt lat="34.42153997719288" lon="-119.64074992574751">
        <ele>17.39</ele>
      </trkpt>
      <trkpt lat="34.42149999551475" lon="-119.64069996960461">
        <ele>17.04</ele>
      </trkpt>
      <trkpt lat="34.42149999551475" lon="-119.64068999513984">
        <ele>16.72</ele>
      </trkpt>
      <trkpt lat="34.42149999551475" lon="-119.64055999182165">
        <ele>16.42</ele>
      </trkpt>
      <trkpt lat="34.421509969979525" lon="-119.64040995575488">
        <ele>16.15</ele>
      </trkpt>
      <trkpt lat="34.421509969979525" lon="-119.64032999239862">
        <ele>15.91</ele>
      </trkpt>
      <trkpt lat="34.4215199444443" lon="-119.64027995243669">
        <ele>15.69</ele>
      </trkpt>
      <trkpt lat="34.4215199444443" lon="-119.64026997797191">
        <ele>15.5</ele>
      </trkpt>
      <trkpt lat="34.42152991890907" lon="-119.64023997075856">
        <ele>15.33</ele>
      </trkpt>
      <trkpt lat="34.42152991890907" lon="-119.64017995633185">
        <ele>15.19</ele>
      </trkpt>
      <trkpt lat="34.42152991890907" lon="-119.64015992358327">
        <ele>15.07</ele>
      </trkpt>
      <trkpt lat="34.42152991890907" lon="-119.64013997465372">
        <ele>14.97</ele>
      </trkpt>
      <trkpt lat="34.4215199444443" lon="-119.64010996744037">
        <ele>14.9</ele>
      </trkpt>
      <trkpt lat="34.4215199444443" lon="-119.64007996022701">
        <ele>14.84</ele>
      </trkpt>
      <trkpt lat="34.421489937230945" lon="-119.63998993858695">
        <ele>14.82</ele>
      </trkpt>
      <trkpt lat="34.42149085924029" lon="-119.639987424016">
        <ele>14.8</ele>
      </trkpt>
      <trkpt lat="34.421469988301396" lon="-119.6399699896574">
        <ele>14.8</ele>
      </trkpt>
      <trkpt lat="34.421469988301396" lon="-119.6399599313736">
        <ele>14.82</ele>
      </trkpt>
      <trkpt lat="34.42145993001759" lon="-119.63994995690882">
        <ele>14.85</ele>
      </trkpt>
      <trkpt lat="34.421449955552816" lon="-119.63993998244405">
        <ele>14.9</ele>
      </trkpt>
      <trkpt lat="34.42143998108804" lon="-119.63992992416024">
        <ele>14.97</ele>
      </trkpt>
      <trkpt lat="34.421429922804236" lon="-119.63991994969547">
        <ele>15.04</ele>
      </trkpt>
      <trkpt lat="34.421429922804236" lon="-119.6399099752307">
        <ele>15.13</ele>
      </trkpt>
      <trkpt lat="34.42141994833946" lon="-119.63988994248211">
        <ele>15.22</ele>
      </trkpt>
      <trkpt lat="34.42141994833946" lon="-119.63987996801734">
        <ele>15.33</ele>
      </trkpt>
      <trkpt lat="34.42140997387469" lon="-119.63984996080399">
        <ele>15.44</ele>
      </trkpt>
      <trkpt lat="34.42140997387469" lon="-119.63983998633921">
        <ele>15.56</ele>
      </trkpt>
      <trkpt lat="34.42140997387469" lon="-119.6398299280554">
        <ele>15.68</ele>
      </trkpt>
      <trkpt lat="34.42140997387469" lon="-119.63980997912586">
        <ele>15.81</ele>
      </trkpt>
      <trkpt lat="34.42140997387469" lon="-119.63979992084205">
        <ele>15.93</ele>
      </trkpt>
      <trkpt lat="34.42140997387469" lon="-119.6397799719125">
        <ele>16.07</ele>
      </trkpt>
      <trkpt lat="34.42141994833946" lon="-119.63976999744773">
        <ele>16.2</ele>
      </trkpt>
      <trkpt lat="34.42141994833946" lon="-119.63975993916392">
        <ele>16.33</ele>
      </trkpt>
      <trkpt lat="34.421429922804236" lon="-119.63972993195057">
        <ele>16.46</ele>
      </trkpt>
      <trkpt lat="34.42143998108804" lon="-119.63970998302102">
        <ele>16.58</ele>
      </trkpt>
      <trkpt lat="34.421449955552816" lon="-119.63968995027244">
        <ele>16.71</ele>
      </trkpt>
      <trkpt lat="34.421469988301396" lon="-119.63966991752386">
        <ele>16.83</ele>
      </trkpt>
      <trkpt lat="34.421489937230945" lon="-119.63964996859431">
        <ele>16.94</ele>
      </trkpt>
      <trkpt lat="34.421509969979525" lon="-119.63962993584573">
        <ele>17.05</ele>
      </trkpt>
      <trkpt lat="34.42152991890907" lon="-119.63961996138096">
        <ele>17.15</ele>
      </trkpt>
      <trkpt lat="34.42154995165765" lon="-119.63961996138096">
        <ele>17.25</ele>
      </trkpt>
      <trkpt lat="34.42157995887101" lon="-119.63961996138096">
        <ele>17.33</ele>
      </trkpt>
      <trkpt lat="34.42159999161959" lon="-119.63961996138096">
        <ele>17.41</ele>
      </trkpt>
      <trkpt lat="34.42160996608436" lon="-119.63961996138096">
        <ele>17.47</ele>
      </trkpt>
      <trkpt lat="34.421619940549135" lon="-119.63961996138096">
        <ele>17.53</ele>
      </trkpt>
      <trkpt lat="34.42164994776249" lon="-119.63962993584573">
        <ele>17.58</ele>
      </trkpt>
      <trkpt lat="34.421749943867326" lon="-119.63948995806277">
        <ele>17.64</ele>
      </trkpt>
      <trkpt lat="34.42181993275881" lon="-119.63935995474458">
        <ele>17.68</ele>
      </trkpt>
      <trkpt lat="34.421829991042614" lon="-119.63935995474458">
        <ele>17.7</ele>
      </trkpt>
      <trkpt lat="34.42186997272074" lon="-119.63930999860168">
        <ele>17.72</ele>
      </trkpt>
      <trkpt lat="34.421959994360805" lon="-119.63900992646813">
        <ele>17.73</ele>
      </trkpt>
      <trkpt lat="34.42196996882558" lon="-119.63896994479">
        <ele>17.72</ele>
      </trkpt>
      <trkpt lat="34.42200995050371" lon="-119.63879995979369">
        <ele>17.7</ele>
      </trkpt>
      <trkpt lat="34.42203995771706" lon="-119.63867993094027">
        <ele>17.67</ele>
      </trkpt>
      <trkpt lat="34.422069964930415" lon="-119.63854992762208">
        <ele>17.62</ele>
      </trkpt>
      <trkpt lat="34.42210994660854" lon="-119.63837994262576">
        <ele>17.56</ele>
      </trkpt>
      <trkpt lat="34.4221399538219" lon="-119.6382999792695">
        <ele>17.49</ele>
      </trkpt>
      <trkpt lat="34.42216996103525" lon="-119.63813996873796">
        <ele>17.4</ele>
      </trkpt>
      <trkpt lat="34.42224992439151" lon="-119.63782992213964">
        <ele>17.29</ele>
      </trkpt>
      <trkpt lat="34.42226995714009" lon="-119.63771995157003">
        <ele>17.2</ele>
      </trkpt>
      <trkpt lat="34.42228998988867" lon="-119.63763998821378">
        <ele>17.1</ele>
      </trkpt>
      <trkpt lat="34.42231999710202" lon="-119.63751995936036">
        <ele>17.01</ele>
      </trkpt>
      <trkpt lat="34.42237506620586" lon="-119.63730965740979">
        <ele>16.92</ele>
      </trkpt>
      <trkpt lat="34.42242996767163" lon="-119.63709994219244">
        <ele>16.81</ele>
      </trkpt>
      <trkpt lat="34.42248000763357" lon="-119.63689466938376">
        <ele>16.72</ele>
      </trkpt>
      <trkpt lat="34.42252996377647" lon="-119.63668998330832">
        <ele>16.63</ele>
      </trkpt>
      <trkpt lat="34.42253993824124" lon="-119.63667992502451">
        <ele>16.55</ele>
      </trkpt>
      <trkpt lat="34.422609927132726" lon="-119.63640994392335">
        <ele>16.45</ele>
      </trkpt>
      <trkpt lat="34.42265996709466" lon="-119.63620995171368">
        <ele>16.38</ele>
      </trkpt>
      <trkpt lat="34.42270992323756" lon="-119.63601993396878">
        <ele>16.31</ele>
      </trkpt>
      <trkpt lat="34.42272995598614" lon="-119.63591993786395">
        <ele>16.24</ele>
      </trkpt>
      <trkpt lat="34.422739930450916" lon="-119.63584994897246">
        <ele>16.17</ele>
      </trkpt>
      <trkpt lat="34.422759963199496" lon="-119.63576998561621">
        <ele>16.11</ele>
      </trkpt>
      <trkpt lat="34.422779995948076" lon="-119.63567996397614">
        <ele>16.05</ele>
      </trkpt>
      <trkpt lat="34.42278997041285" lon="-119.63559991680086">
        <ele>15.99</ele>
      </trkpt>
      <trkpt lat="34.4228099193424" lon="-119.63543999008834">
        <ele>15.94</ele>
      </trkpt>
      <trkpt lat="34.4228099193424" lon="-119.63539992459118">
        <ele>15.9</ele>
      </trkpt>
      <trkpt lat="34.42282995209098" lon="-119.63520999066532">
        <ele>15.87</ele>
      </trkpt>
      <trkpt lat="34.422860043123364" lon="-119.63486935012043">
        <ele>15.84</ele>
      </trkpt>
      <trkpt lat="34.42288996651769" lon="-119.63452996686101">
        <ele>15.81</ele>
      </trkpt>
      <trkpt lat="34.42290999926627" lon="-119.63430994190276">
        <ele>15.79</ele>
      </trkpt>
      <trkpt lat="34.42293992266059" lon="-119.63396997191012">
        <ele>15.77</ele>
      </trkpt>
      <trkpt lat="34.42296992987394" lon="-119.63363997638226">
        <ele>15.75</ele>
      </trkpt>
      <trkpt lat="34.42298501729965" lon="-119.63338449597359">
        <ele>15.73</ele>
      </trkpt>
      <trkpt lat="34.4229999370873" lon="-119.63312993757427">
        <ele>15.72</ele>
      </trkpt>
      <trkpt lat="34.42301996983588" lon="-119.6328794863075">
        <ele>15.71</ele>
      </trkpt>
      <trkpt lat="34.423039918765426" lon="-119.63262995705009">
        <ele>15.7</ele>
      </trkpt>
      <trkpt lat="34.42307000979781" lon="-119.6324045676738">
        <ele>15.69</ele>
      </trkpt>
      <trkpt lat="34.423099933192134" lon="-119.6321799326688">
        <ele>15.69</ele>
      </trkpt>
      <trkpt lat="34.423119965940714" lon="-119.63199997320771">
        <ele>15.68</ele>
      </trkpt>
      <trkpt lat="34.42311929538846" lon="-119.63199854828417">
        <ele>15.68</ele>
      </trkpt>
      <trkpt lat="34.42308995872736" lon="-119.63196996599436">
        <ele>15.66</ele>
      </trkpt>
      <trkpt lat="34.42306992597878" lon="-119.631939958781">
        <ele>15.65</ele>
      </trkpt>
      <trkpt lat="34.423039918765426" lon="-119.63186996988952">
        <ele>15.65</ele>
      </trkpt>
      <trkpt lat="34.4229999370873" lon="-119.63178992271423">
        <ele>15.64</ele>
      </trkpt>
      <trkpt lat="34.42299566231668" lon="-119.63178564794362">
        <ele>15.63</ele>
      </trkpt>
      <trkpt lat="34.42296992987394" lon="-119.63177994824946">
        <ele>15.62</ele>
      </trkpt>
      <trkpt lat="34.42293992266059" lon="-119.63177994824946">
        <ele>15.61</ele>
      </trkpt>
      <trkpt lat="34.42291997373104" lon="-119.63176997378469">
        <ele>15.6</ele>
      </trkpt>
      <trkpt lat="34.42288996651769" lon="-119.63175999931991">
        <ele>15.59</ele>
      </trkpt>
      <trkpt lat="34.42286993376911" lon="-119.63173996657133">
        <ele>15.57</ele>
      </trkpt>
      <trkpt lat="34.42284998483956" lon="-119.63172999210656">
        <ele>15.56</ele>
      </trkpt>
      <trkpt lat="34.42282995209098" lon="-119.63170995935798">
        <ele>15.54</ele>
      </trkpt>
      <trkpt lat="34.4228099193424" lon="-119.63167995214462">
        <ele>15.52</ele>
      </trkpt>
      <trkpt lat="34.422799944877625" lon="-119.63165991939604">
        <ele>15.5</ele>
      </trkpt>
      <trkpt lat="34.422779995948076" lon="-119.63162999600172">
        <ele>15.48</ele>
      </trkpt>
      <trkpt lat="34.42276993766427" lon="-119.63158993050456">
        <ele>15.45</ele>
      </trkpt>
      <trkpt lat="34.422759963199496" lon="-119.63157995603979">
        <ele>15.43</ele>
      </trkpt>
      <trkpt lat="34.422759963199496" lon="-119.63156998157501">
        <ele>15.4</ele>
      </trkpt>
      <trkpt lat="34.422759963199496" lon="-119.6315599232912">
        <ele>15.38</ele>
      </trkpt>
      <trkpt lat="34.422759963199496" lon="-119.63154994882643">
        <ele>15.35</ele>
      </trkpt>
      <trkpt lat="34.42274998873472" lon="-119.63153997436166">
        <ele>15.31</ele>
      </trkpt>
      <trkpt lat="34.42274998873472" lon="-119.63152999989688">
        <ele>15.28</ele>
      </trkpt>
      <trkpt lat="34.42274998873472" lon="-119.63151994161308">
        <ele>15.24</ele>
      </trkpt>
      <trkpt lat="34.42274998873472" lon="-119.6315099671483">
        <ele>15.2</ele>
      </trkpt>
      <trkpt lat="34.42274998873472" lon="-119.63149999268353">
        <ele>15.15</ele>
      </trkpt>
      <trkpt lat="34.42274998873472" lon="-119.63148993439972">
        <ele>15.1</ele>
      </trkpt>
      <trkpt lat="34.42274998873472" lon="-119.63147995993495">
        <ele>15.05</ele>
      </trkpt>
      <trkpt lat="34.422759963199496" lon="-119.63145992718637">
        <ele>14.99</ele>
      </trkpt>
      <trkpt lat="34.422759963199496" lon="-119.6314499527216">
        <ele>14.92</ele>
      </trkpt>
      <trkpt lat="34.422759963199496" lon="-119.63143997825682">
        <ele>14.85</ele>
      </trkpt>
      <trkpt lat="34.42276993766427" lon="-119.63142991997302">
        <ele>14.77</ele>
      </trkpt>
      <trkpt lat="34.422779995948076" lon="-119.63141994550824">
        <ele>14.69</ele>
      </trkpt>
      <trkpt lat="34.422779995948076" lon="-119.63140997104347">
        <ele>14.59</ele>
      </trkpt>
      <trkpt lat="34.42278997041285" lon="-119.6313999965787">
        <ele>14.5</ele>
      </trkpt>
      <trkpt lat="34.422799944877625" lon="-119.63138993829489">
        <ele>14.39</ele>
      </trkpt>
      <trkpt lat="34.422799944877625" lon="-119.63137996383011">
        <ele>14.27</ele>
      </trkpt>
      <trkpt lat="34.4228099193424" lon="-119.63137996383011">
        <ele>14.15</ele>
      </trkpt>
      <trkpt lat="34.422819977626204" lon="-119.63136998936534">
        <ele>14.02</ele>
      </trkpt>
      <trkpt lat="34.42282995209098" lon="-119.63135993108153">
        <ele>13.88</ele>
      </trkpt>
      <trkpt lat="34.42283992655575" lon="-119.63135993108153">
        <ele>13.73</ele>
      </trkpt>
      <trkpt lat="34.42284998483956" lon="-119.63134995661676">
        <ele>13.57</ele>
      </trkpt>
      <trkpt lat="34.42285995930433" lon="-119.63133998215199">
        <ele>13.39</ele>
      </trkpt>
      <trkpt lat="34.42285995930433" lon="-119.63122992776334">
        <ele>13.2</ele>
      </trkpt>
      <trkpt lat="34.42286993376911" lon="-119.63116999715567">
        <ele>13.0</ele>
      </trkpt>
      <trkpt lat="34.42287999205291" lon="-119.63110998272896">
        <ele>12.8</ele>
      </trkpt>
      <trkpt lat="34.42285995930433" lon="-119.6310799755156">
        <ele>12.58</ele>
      </trkpt>
      <trkpt lat="34.422799944877625" lon="-119.63096992112696">
        <ele>12.37</ele>
      </trkpt>
      <trkpt lat="34.422779995948076" lon="-119.63093999773264">
        <ele>12.14</ele>
      </trkpt>
      <trkpt lat="34.42272995598614" lon="-119.63085995055735">
        <ele>11.9</ele>
      </trkpt>
      <trkpt lat="34.42267999984324" lon="-119.63075995445251">
        <ele>11.64</ele>
      </trkpt>
      <trkpt lat="34.422649992629886" lon="-119.63070999830961">
        <ele>11.39</ele>
      </trkpt>
      <trkpt lat="34.42258997820318" lon="-119.63057999499142">
        <ele>11.13</ele>
      </trkpt>
      <trkpt lat="34.42249484360218" lon="-119.6303547732532">
        <ele>10.84</ele>
      </trkpt>
      <trkpt lat="34.42239996045828" lon="-119.63012997061014">
        <ele>10.58</ele>
      </trkpt>
      <trkpt lat="34.422329971566796" lon="-119.62993995286524">
        <ele>10.28</ele>
      </trkpt>
      <trkpt lat="34.42221480421722" lon="-119.62965463288128">
        <ele>9.99</ele>
      </trkpt>
      <trkpt lat="34.42209997214377" lon="-119.62936998344958">
        <ele>9.7</ele>
      </trkpt>
      <trkpt lat="34.42205999046564" lon="-119.62926998734474">
        <ele>9.43</ele>
      </trkpt>
      <trkpt lat="34.42200995050371" lon="-119.62913998402655">
        <ele>9.16</ele>
      </trkpt>
      <trkpt lat="34.42188992165029" lon="-119.62884997017682">
        <ele>8.85</ele>
      </trkpt>
      <trkpt lat="34.421829991042614" lon="-119.62869993411005">
        <ele>8.58</ele>
      </trkpt>
      <trkpt lat="34.42179998382926" lon="-119.62860999628901">
        <ele>8.32</ele>
      </trkpt>
      <trkpt lat="34.42173996940255" lon="-119.62846993468702">
        <ele>8.06</ele>
      </trkpt>
      <trkpt lat="34.42166998051107" lon="-119.6282499935478">
        <ele>7.79</ele>
      </trkpt>
      <trkpt lat="34.42158993333578" lon="-119.62802996858954">
        <ele>7.51</ele>
      </trkpt>
      <trkpt lat="34.4215199444443" lon="-119.62778999470174">
        <ele>7.26</ele>
      </trkpt>
      <trkpt lat="34.421469988301396" lon="-119.62763995863497">
        <ele>7.02</ele>
      </trkpt>
      <trkpt lat="34.42145993001759" lon="-119.62758991867304">
        <ele>6.79</ele>
      </trkpt>
      <trkpt lat="34.42140997387469" lon="-119.62738992646337">
        <ele>6.57</ele>
      </trkpt>
      <trkpt lat="34.42136999219656" lon="-119.6271999925375">
        <ele>6.34</ele>
      </trkpt>
      <trkpt lat="34.42130997776985" lon="-119.62690997868776">
        <ele>6.11</ele>
      </trkpt>
      <trkpt lat="34.42126999609172" lon="-119.62666992098093">
        <ele>5.88</ele>
      </trkpt>
      <trkpt lat="34.42123998887837" lon="-119.62646992877126">
        <ele>5.69</ele>
      </trkpt>
      <trkpt lat="34.421189948916435" lon="-119.62627999484539">
        <ele>5.5</ele>
      </trkpt>
      <trkpt lat="34.42117997445166" lon="-119.62612995877862">
        <ele>5.32</ele>
      </trkpt>
      <trkpt lat="34.42116999998689" lon="-119.62599995546043">
        <ele>5.16</ele>
      </trkpt>
      <trkpt lat="34.42115994170308" lon="-119.62578998878598">
        <ele>5.0</ele>
      </trkpt>
      <trkpt lat="34.42115994170308" lon="-119.62572997435927">
        <ele>4.85</ele>
      </trkpt>
      <trkpt lat="34.42115994170308" lon="-119.62555998936296">
        <ele>4.71</ele>
      </trkpt>
      <trkpt lat="34.42114996723831" lon="-119.62534457445145">
        <ele>4.59</ele>
      </trkpt>
      <trkpt lat="34.42113999277353" lon="-119.62512999773026">
        <ele>4.47</ele>
      </trkpt>
      <trkpt lat="34.42112993448973" lon="-119.6249395608902">
        <ele>4.35</ele>
      </trkpt>
      <trkpt lat="34.42111996002495" lon="-119.62474996224046">
        <ele>4.23</ele>
      </trkpt>
      <trkpt lat="34.42110998556018" lon="-119.62439993396401">
        <ele>4.15</ele>
      </trkpt>
      <trkpt lat="34.42109992727637" lon="-119.62430999614298">
        <ele>4.08</ele>
      </trkpt>
      <trkpt lat="34.4210899528116" lon="-119.62405996397138">
        <ele>4.02</ele>
      </trkpt>
      <trkpt lat="34.421079978346825" lon="-119.62380993179977">
        <ele>3.97</ele>
      </trkpt>
      <trkpt lat="34.42106992006302" lon="-119.62362997233868">
        <ele>3.93</ele>
      </trkpt>
      <trkpt lat="34.42106992006302" lon="-119.62339997291565">
        <ele>3.91</ele>
      </trkpt>
      <trkpt lat="34.421059945598245" lon="-119.62325999513268">
        <ele>3.89</ele>
      </trkpt>
      <trkpt lat="34.42106992006302" lon="-119.62289999239147">
        <ele>3.89</ele>
      </trkpt>
      <trkpt lat="34.42108500748873" lon="-119.62265951558948">
        <ele>3.93</ele>
      </trkpt>
      <trkpt lat="34.42109992727637" lon="-119.62241996079683">
        <ele>3.96</ele>
      </trkpt>
      <trkpt lat="34.421122474595904" lon="-119.6221193857491">
        <ele>3.99</ele>
      </trkpt>
      <trkpt lat="34.421145021915436" lon="-119.62181881070137">
        <ele>4.07</ele>
      </trkpt>
      <trkpt lat="34.42116756923497" lon="-119.62151823565364">
        <ele>4.13</ele>
      </trkpt>
      <trkpt lat="34.421189948916435" lon="-119.62121992371976">
        <ele>4.2</ele>
      </trkpt>
      <trkpt lat="34.421209981665015" lon="-119.62099998258054">
        <ele>4.28</ele>
      </trkpt>
      <trkpt lat="34.42121995612979" lon="-119.62079999037087">
        <ele>4.38</ele>
      </trkpt>
      <trkpt lat="34.42124996334314" lon="-119.62048994377255">
        <ele>4.5</ele>
      </trkpt>
      <trkpt lat="34.42125993780792" lon="-119.62035994045436">
        <ele>4.61</ele>
      </trkpt>
      <trkpt lat="34.42125993780792" lon="-119.62034996598959">
        <ele>4.74</ele>
      </trkpt>
      <trkpt lat="34.4212849996984" lon="-119.62015458382666">
        <ele>4.9</ele>
      </trkpt>
      <trkpt lat="34.42130997776985" lon="-119.61995995603502">
        <ele>5.05</ele>
      </trkpt>
      <trkpt lat="34.421339984983206" lon="-119.61971998214722">
        <ele>5.22</ele>
      </trkpt>
      <trkpt lat="34.421339984983206" lon="-119.61970992386341">
        <ele>5.39</ele>
      </trkpt>
      <trkpt lat="34.42134995944798" lon="-119.6195999532938">
        <ele>5.58</ele>
      </trkpt>
      <trkpt lat="34.421359933912754" lon="-119.61949995718896">
        <ele>5.78</ele>
      </trkpt>
      <trkpt lat="34.42139337770641" lon="-119.61922276765108">
        <ele>6.0</ele>
      </trkpt>
      <trkpt lat="34.42142673768103" lon="-119.61894566193223">
        <ele>6.2</ele>
      </trkpt>
      <trkpt lat="34.42145993001759" lon="-119.61866998113692">
        <ele>6.46</ele>
      </trkpt>
      <trkpt lat="34.42145993001759" lon="-119.61863997392356">
        <ele>6.73</ele>
      </trkpt>
      <trkpt lat="34.421469988301396" lon="-119.61862999945879">
        <ele>7.02</ele>
      </trkpt>
      <trkpt lat="34.42149496637285" lon="-119.61841458454728">
        <ele>7.31</ele>
      </trkpt>
      <trkpt lat="34.4215199444443" lon="-119.61819992400706">
        <ele>7.64</ele>
      </trkpt>
      <trkpt lat="34.421554980799556" lon="-119.61789943277836">
        <ele>8.0</ele>
      </trkpt>
      <trkpt lat="34.42158993333578" lon="-119.61759994737804">
        <ele>8.41</ele>
      </trkpt>
      <trkpt lat="34.421619940549135" lon="-119.61731999181211">
        <ele>8.82</ele>
      </trkpt>
      <trkpt lat="34.42167995497584" lon="-119.61694993078709">
        <ele>9.32</ele>
      </trkpt>
      <trkpt lat="34.42172999493778" lon="-119.61669998243451">
        <ele>9.8</ele>
      </trkpt>
      <trkpt lat="34.42179998382926" lon="-119.61643997579813">
        <ele>10.31</ele>
      </trkpt>
      <trkpt lat="34.4218550529331" lon="-119.61624970659614">
        <ele>10.81</ele>
      </trkpt>
      <trkpt lat="34.42190995439887" lon="-119.61605994030833">
        <ele>11.34</ele>
      </trkpt>
      <trkpt lat="34.421949936077" lon="-119.6159099880606">
        <ele>11.88</ele>
      </trkpt>
      <trkpt lat="34.42203509621322" lon="-119.61558443494141">
        <ele>12.43</ele>
      </trkpt>
      <trkpt lat="34.42211992107332" lon="-119.61525997146964">
        <ele>13.01</ele>
      </trkpt>
      <trkpt lat="34.422179935500026" lon="-119.61503994651139">
        <ele>13.62</ele>
      </trkpt>
      <trkpt lat="34.42220994271338" lon="-119.6149099431932">
        <ele>14.24</ele>
      </trkpt>
      <trkpt lat="34.42227993160486" lon="-119.61470995098352">
        <ele>14.88</ele>
      </trkpt>
      <trkpt lat="34.42228998988867" lon="-119.61463996209204">
        <ele>15.55</ele>
      </trkpt>
      <trkpt lat="34.42231999710202" lon="-119.61452999152243">
        <ele>16.24</ele>
      </trkpt>
      <trkpt lat="34.422369953244925" lon="-119.61433997377753">
        <ele>16.98</ele>
      </trkpt>
      <trkpt lat="34.4223799277097" lon="-119.61421994492412">
        <ele>17.75</ele>
      </trkpt>
      <trkpt lat="34.4223799277097" lon="-119.6140499599278">
        <ele>18.55</ele>
      </trkpt>
      <trkpt lat="34.422369953244925" lon="-119.61397997103631">
        <ele>19.36</ele>
      </trkpt>
      <trkpt lat="34.42235997878015" lon="-119.6139199566096">
        <ele>20.2</ele>
      </trkpt>
      <trkpt lat="34.422329971566796" lon="-119.61381996050477">
        <ele>21.07</ele>
      </trkpt>
      <trkpt lat="34.42225486971438" lon="-119.61355961859226">
        <ele>22.0</ele>
      </trkpt>
      <trkpt lat="34.422179935500026" lon="-119.61329994723201">
        <ele>23.0</ele>
      </trkpt>
      <trkpt lat="34.4221399538219" lon="-119.61312996223569">
        <ele>23.99</ele>
      </trkpt>
      <trkpt lat="34.42210994660854" lon="-119.61302996613085">
        <ele>24.99</ele>
      </trkpt>
      <trkpt lat="34.42209997214377" lon="-119.61295997723937">
        <ele>26.0</ele>
      </trkpt>
      <trkpt lat="34.422089997678995" lon="-119.61289996281266">
        <ele>27.05</ele>
      </trkpt>
      <trkpt lat="34.422089997678995" lon="-119.6128099411726">
        <ele>28.12</ele>
      </trkpt>
      <trkpt lat="34.42209997214377" lon="-119.61274992674589">
        <ele>29.21</ele>
      </trkpt>
      <trkpt lat="34.42210994660854" lon="-119.61271991953254">
        <ele>30.3</ele>
      </trkpt>
      <trkpt lat="34.42212997935712" lon="-119.61266996338964">
        <ele>31.42</ele>
      </trkpt>
      <trkpt lat="34.42215998657048" lon="-119.61260994896293">
        <ele>32.56</ele>
      </trkpt>
      <trkpt lat="34.42222997546196" lon="-119.61251992732286">
        <ele>33.73</ele>
      </trkpt>
      <trkpt lat="34.422232657670975" lon="-119.612522944808">
        <ele>34.88</ele>
      </trkpt>
      <trkpt lat="34.42218999378383" lon="-119.61230996064842">
        <ele>36.11</ele>
      </trkpt>
      <trkpt lat="34.42216996103525" lon="-119.612189931795">
        <ele>37.37</ele>
      </trkpt>
      <trkpt lat="34.42218999378383" lon="-119.61208993569016">
        <ele>38.62</ele>
      </trkpt>
      <trkpt lat="34.42222997546196" lon="-119.61199999786913">
        <ele>39.86</ele>
      </trkpt>
      <trkpt lat="34.42223039455712" lon="-119.61200058460236">
        <ele>41.05</ele>
      </trkpt>
      <trkpt lat="34.4221399538219" lon="-119.61191995069385">
        <ele>42.32</ele>
      </trkpt>
      <trkpt lat="34.42197994329035" lon="-119.6117699984461">
        <ele>43.64</ele>
      </trkpt>
      <trkpt lat="34.421949936077" lon="-119.61172993294895">
        <ele>44.84</ele>
      </trkpt>
      <trkpt lat="34.421899979934096" lon="-119.61168995127082">
        <ele>46.03</ele>
      </trkpt>
      <trkpt lat="34.421829991042614" lon="-119.6115699224174">
        <ele>47.22</ele>
      </trkpt>
      <trkpt lat="34.42179998382926" lon="-119.61153999902308">
        <ele>48.34</ele>
      </trkpt>
      <trkpt lat="34.42173996940255" lon="-119.61141997016966">
        <ele>49.44</ele>
      </trkpt>
      <trkpt lat="34.42172999493778" lon="-119.61137998849154">
        <ele>50.49</ele>
      </trkpt>
      <trkpt lat="34.42167995497584" lon="-119.61122995242476">
        <ele>51.53</ele>
      </trkpt>
      <trkpt lat="34.42164994776249" lon="-119.61104999296367">
        <ele>52.55</ele>
      </trkpt>
      <trkpt lat="34.421639973297715" lon="-119.61096994578838">
        <ele>53.51</ele>
      </trkpt>
      <trkpt lat="34.421619940549135" lon="-119.61082996800542">
        <ele>54.45</ele>
      </trkpt>
      <trkpt lat="34.42160996608436" lon="-119.61074992083013">
        <ele>55.31</ele>
      </trkpt>
      <trkpt lat="34.42156998440623" lon="-119.61053995415568">
        <ele>56.16</ele>
      </trkpt>
      <trkpt lat="34.42152991890907" lon="-119.61032998748124">
        <ele>56.96</ele>
      </trkpt>
      <trkpt lat="34.421509969979525" lon="-119.61020995862782">
        <ele>57.66</ele>
      </trkpt>
      <trkpt lat="34.421489937230945" lon="-119.61010996252298">
        <ele>58.31</ele>
      </trkpt>
      <trkpt lat="34.421449955552816" lon="-119.60996998474002">
        <ele>58.88</ele>
      </trkpt>
      <trkpt lat="34.42143998108804" lon="-119.60989999584854">
        <ele>59.36</ele>
      </trkpt>
      <trkpt lat="34.42138994112611" lon="-119.60968994535506">
        <ele>59.79</ele>
      </trkpt>
      <trkpt lat="34.421319952234626" lon="-119.60932994261384">
        <ele>60.15</ele>
      </trkpt>
      <trkpt lat="34.421299919486046" lon="-119.60926992818713">
        <ele>60.42</ele>
      </trkpt>
      <trkpt lat="34.42125993780792" lon="-119.60905996151268">
        <ele>60.65</ele>
      </trkpt>
      <trkpt lat="34.42121987231076" lon="-119.60884957574308">
        <ele>60.81</ele>
      </trkpt>
      <trkpt lat="34.42117997445166" lon="-119.60863994434476">
        <ele>60.9</ele>
      </trkpt>
      <trkpt lat="34.42113999277353" lon="-119.6084199193865">
        <ele>60.89</ele>
      </trkpt>
      <trkpt lat="34.42112993448973" lon="-119.60838999599218">
        <ele>60.8</ele>
      </trkpt>
      <trkpt lat="34.42109992727637" lon="-119.60820995271206">
        <ele>60.66</ele>
      </trkpt>
      <trkpt lat="34.421059945598245" lon="-119.60799998603761">
        <ele>60.43</ele>
      </trkpt>
      <trkpt lat="34.421039996668696" lon="-119.60788993164897">
        <ele>60.13</ele>
      </trkpt>
      <trkpt lat="34.420999931171536" lon="-119.60770997218788">
        <ele>59.77</ele>
      </trkpt>
      <trkpt lat="34.42096992395818" lon="-119.60734996944666">
        <ele>59.35</ele>
      </trkpt>
      <trkpt lat="34.42095994949341" lon="-119.60713991895318">
        <ele>58.89</ele>
      </trkpt>
      <trkpt lat="34.42093991674483" lon="-119.60691997781396">
        <ele>58.35</ele>
      </trkpt>
      <trkpt lat="34.42093991674483" lon="-119.60684998892248">
        <ele>57.75</ele>
      </trkpt>
      <trkpt lat="34.42093991674483" lon="-119.6066999528557">
        <ele>57.09</ele>
      </trkpt>
      <trkpt lat="34.42093991674483" lon="-119.60661998949945">
        <ele>56.38</ele>
      </trkpt>
      <trkpt lat="34.42093991674483" lon="-119.60647992789745">
        <ele>55.62</ele>
      </trkpt>
      <trkpt lat="34.420949975028634" lon="-119.606269961223">
        <ele>54.71</ele>
      </trkpt>
      <trkpt lat="34.420949975028634" lon="-119.60614993236959">
        <ele>53.85</ele>
      </trkpt>
      <trkpt lat="34.42095994949341" lon="-119.60593996569514">
        <ele>52.89</ele>
      </trkpt>
      <trkpt lat="34.42098501138389" lon="-119.60573460906744">
        <ele>51.96</ele>
      </trkpt>
      <trkpt lat="34.42100998945534" lon="-119.60552992299199">
        <ele>51.02</ele>
      </trkpt>
      <trkpt lat="34.42102993838489" lon="-119.60532993078232">
        <ele>50.09</ele>
      </trkpt>
      <trkpt lat="34.421080062165856" lon="-119.60506447590888">
        <ele>49.17</ele>
      </trkpt>
      <trkpt lat="34.42112993448973" lon="-119.60479994304478">
        <ele>48.23</ele>
      </trkpt>
      <trkpt lat="34.42116999998689" lon="-119.60458964109421">
        <ele>47.33</ele>
      </trkpt>
      <trkpt lat="34.421209981665015" lon="-119.60437992587686">
        <ele>46.45</ele>
      </trkpt>
      <trkpt lat="34.42123998887837" lon="-119.60424992255867">
        <ele>45.59</ele>
      </trkpt>
      <trkpt lat="34.42123998887837" lon="-119.60419996641576">
        <ele>44.74</ele>
      </trkpt>
      <trkpt lat="34.42124996334314" lon="-119.60414992645383">
        <ele>43.92</ele>
      </trkpt>
      <trkpt lat="34.4212799705565" lon="-119.60406996309757">
        <ele>43.13</ele>
      </trkpt>
      <trkpt lat="34.421319952234626" lon="-119.60399997420609">
        <ele>42.36</ele>
      </trkpt>
      <trkpt lat="34.42136999219656" lon="-119.60394993424416">
        <ele>41.6</ele>
      </trkpt>
      <trkpt lat="34.421449955552816" lon="-119.60389997810125">
        <ele>40.89</ele>
      </trkpt>
      <trkpt lat="34.42158993333578" lon="-119.60385999642313">
        <ele>40.21</ele>
      </trkpt>
      <trkpt lat="34.42164994776249" lon="-119.60385999642313">
        <ele>39.53</ele>
      </trkpt>
      <trkpt lat="34.421646762639284" lon="-119.60385949350893">
        <ele>38.84</ele>
      </trkpt>
      <trkpt lat="34.42158993333578" lon="-119.60364994592965">
        <ele>38.14</ele>
      </trkpt>
      <trkpt lat="34.42153997719288" lon="-119.6034299209714">
        <ele>37.5</ele>
      </trkpt>
      <trkpt lat="34.421489937230945" lon="-119.60316999815404">
        <ele>36.81</ele>
      </trkpt>
      <trkpt lat="34.421469988301396" lon="-119.6030599437654">
        <ele>36.19</ele>
      </trkpt>
      <trkpt lat="34.421469988301396" lon="-119.6029999293387">
        <ele>35.6</ele>
      </trkpt>
      <trkpt lat="34.42145993001759" lon="-119.60293999873102">
        <ele>35.02</ele>
      </trkpt>
      <trkpt lat="34.42145993001759" lon="-119.60292994044721">
        <ele>34.48</ele>
      </trkpt>
      <trkpt lat="34.42145993001759" lon="-119.60285995155573">
        <ele>33.96</ele>
      </trkpt>
      <trkpt lat="34.421449955552816" lon="-119.60277998819947">
        <ele>33.44</ele>
      </trkpt>
      <trkpt lat="34.42145993001759" lon="-119.60268996655941">
        <ele>32.93</ele>
      </trkpt>
      <trkpt lat="34.421469988301396" lon="-119.60255996324122">
        <ele>32.44</ele>
      </trkpt>
      <trkpt lat="34.42147996276617" lon="-119.60249994881451">
        <ele>32.0</ele>
      </trkpt>
      <trkpt lat="34.42152991890907" lon="-119.60226994939148">
        <ele>31.55</ele>
      </trkpt>
      <trkpt lat="34.42156998440623" lon="-119.60209996439517">
        <ele>31.17</ele>
      </trkpt>
      <trkpt lat="34.42159999161959" lon="-119.6019599866122">
        <ele>30.81</ele>
      </trkpt>
      <trkpt lat="34.42162999883294" lon="-119.60182998329401">
        <ele>30.47</ele>
      </trkpt>
      <trkpt lat="34.421639973297715" lon="-119.60175999440253">
        <ele>30.15</ele>
      </trkpt>
      <trkpt lat="34.42167995497584" lon="-119.60154994390905">
        <ele>29.85</ele>
      </trkpt>
      <trkpt lat="34.42169998772442" lon="-119.6013299189508">
        <ele>29.56</ele>
      </trkpt>
      <trkpt lat="34.4217099621892" lon="-119.60117996670306">
        <ele>29.31</ele>
      </trkpt>
      <trkpt lat="34.4217099621892" lon="-119.60109991952777">
        <ele>29.11</ele>
      </trkpt>
      <trkpt lat="34.42171993665397" lon="-119.60103998892009">
        <ele>28.93</ele>
      </trkpt>
      <trkpt lat="34.42171993665397" lon="-119.60098994895816">
        <ele>28.77</ele>
      </trkpt>
      <trkpt lat="34.42171993665397" lon="-119.60085994563997">
        <ele>28.62</ele>
      </trkpt>
      <trkpt lat="34.42171993665397" lon="-119.60078995674849">
        <ele>28.52</ele>
      </trkpt>
      <trkpt lat="34.42171993665397" lon="-119.60066992789507">
        <ele>28.42</ele>
      </trkpt>
      <trkpt lat="34.4217099621892" lon="-119.60048996843398">
        <ele>28.36</ele>
      </trkpt>
      <trkpt lat="34.4217099621892" lon="-119.60045996122062">
        <ele>28.3</ele>
      </trkpt>
      <trkpt lat="34.42169998772442" lon="-119.60037999786437">
        <ele>28.25</ele>
      </trkpt>
      <trkpt lat="34.42168992944062" lon="-119.6002899762243">
        <ele>28.22</ele>
      </trkpt>
      <trkpt lat="34.42169009707868" lon="-119.60028746165335">
        <ele>28.2</ele>
      </trkpt>
      <trkpt lat="34.42167995497584" lon="-119.60020992904902">
        <ele>28.19</ele>
      </trkpt>
      <trkpt lat="34.42167995497584" lon="-119.60018998011947">
        <ele>28.2</ele>
      </trkpt>
      <trkpt lat="34.42166998051107" lon="-119.60012996569276">
        <ele>28.21</ele>
      </trkpt>
      <trkpt lat="34.42165992222726" lon="-119.60007992573082">
        <ele>28.22</ele>
      </trkpt>
      <trkpt lat="34.42164994776249" lon="-119.60001999512315">
        <ele>28.25</ele>
      </trkpt>
      <trkpt lat="34.421639973297715" lon="-119.59991999901831">
        <ele>28.27</ele>
      </trkpt>
      <trkpt lat="34.42160996608436" lon="-119.59978999570012">
        <ele>28.3</ele>
      </trkpt>
      <trkpt lat="34.42159999161959" lon="-119.59974993020296">
        <ele>28.32</ele>
      </trkpt>
      <trkpt lat="34.42156998440623" lon="-119.59961992688477">
        <ele>28.34</ele>
      </trkpt>
      <trkpt lat="34.42156998440623" lon="-119.59959997795522">
        <ele>28.36</ele>
      </trkpt>
      <trkpt lat="34.42153997719288" lon="-119.59948992356658">
        <ele>28.36</ele>
      </trkpt>
      <trkpt lat="34.4215199444443" lon="-119.59943996742368">
        <ele>28.36</ele>
      </trkpt>
      <trkpt lat="34.421489937230945" lon="-119.59932999685407">
        <ele>28.35</ele>
      </trkpt>
      <trkpt lat="34.42145993001759" lon="-119.5992299169302">
        <ele>28.34</ele>
      </trkpt>
      <trkpt lat="34.42141994833946" lon="-119.59910997189581">
        <ele>28.31</ele>
      </trkpt>
      <trkpt lat="34.42140997387469" lon="-119.59908993914723">
        <ele>28.26</ele>
      </trkpt>
      <trkpt lat="34.421359933912754" lon="-119.5989399868995">
        <ele>28.19</ele>
      </trkpt>
      <trkpt lat="34.42130997776985" lon="-119.59881995804608">
        <ele>28.13</ele>
      </trkpt>
      <trkpt lat="34.42122993059456" lon="-119.59864997304976">
        <ele>28.07</ele>
      </trkpt>
      <trkpt lat="34.42113999277353" lon="-119.59841997362673">
        <ele>28.0</ele>
      </trkpt>
      <trkpt lat="34.421039996668696" lon="-119.59816994145513">
        <ele>27.91</ele>
      </trkpt>
      <trkpt lat="34.42095986567438" lon="-119.59796978160739">
        <ele>27.82</ele>
      </trkpt>
      <trkpt lat="34.42087998613715" lon="-119.59776995703578">
        <ele>27.69</ele>
      </trkpt>
      <trkpt lat="34.42079482600093" lon="-119.59754473529756">
        <ele>27.55</ele>
      </trkpt>
      <trkpt lat="34.4207099173218" lon="-119.5973199326545">
        <ele>27.41</ele>
      </trkpt>
      <trkpt lat="34.42061997950077" lon="-119.59711994044483">
        <ele>27.25</ele>
      </trkpt>
      <trkpt lat="34.42054999060929" lon="-119.59697996266186">
        <ele>27.08</ele>
      </trkpt>
      <trkpt lat="34.42048997618258" lon="-119.59680997766554">
        <ele>26.89</ele>
      </trkpt>
      <trkpt lat="34.420359805226326" lon="-119.59648962132633">
        <ele>26.66</ele>
      </trkpt>
      <trkpt lat="34.4202299695462" lon="-119.59616993553936">
        <ele>26.47</ele>
      </trkpt>
      <trkpt lat="34.42012997344136" lon="-119.59591998718679">
        <ele>26.25</ele>
      </trkpt>
      <trkpt lat="34.420009944587946" lon="-119.59561999887228">
        <ele>26.06</ele>
      </trkpt>
      <trkpt lat="34.41996996290982" lon="-119.59551991894841">
        <ele>25.87</ele>
      </trkpt>
      <trkpt lat="34.419899974018335" lon="-119.59533995948732">
        <ele>25.67</ele>
      </trkpt>
      <trkpt lat="34.41988999955356" lon="-119.59529997780919">
        <ele>25.47</ele>
      </trkpt>
      <trkpt lat="34.41986996680498" lon="-119.5952199306339">
        <ele>25.27</ele>
      </trkpt>
      <trkpt lat="34.4198499340564" lon="-119.5951599162072">
        <ele>25.07</ele>
      </trkpt>
      <trkpt lat="34.41978991962969" lon="-119.59492991678417">
        <ele>24.86</ele>
      </trkpt>
      <trkpt lat="34.419769970700145" lon="-119.59479999728501">
        <ele>24.66</ele>
      </trkpt>
      <trkpt lat="34.41973996348679" lon="-119.59467996843159">
        <ele>24.46</ele>
      </trkpt>
      <trkpt lat="34.419689839705825" lon="-119.59441954270005">
        <ele>24.28</ele>
      </trkpt>
      <trkpt lat="34.419639967381954" lon="-119.59415995515883">
        <ele>24.07</ele>
      </trkpt>
      <trkpt lat="34.419579952955246" lon="-119.59383993409574">
        <ele>23.88</ele>
      </trkpt>
      <trkpt lat="34.41951993852854" lon="-119.59352997131646">
        <ele>23.7</ele>
      </trkpt>
      <trkpt lat="34.419469982385635" lon="-119.59326996468008">
        <ele>23.55</ele>
      </trkpt>
      <trkpt lat="34.41943997517228" lon="-119.59309997968376">
        <ele>23.42</ele>
      </trkpt>
      <trkpt lat="34.419429916888475" lon="-119.5930699724704">
        <ele>23.28</ele>
      </trkpt>
      <trkpt lat="34.419429916888475" lon="-119.59305999800563">
        <ele>23.14</ele>
      </trkpt>
      <trkpt lat="34.41937987692654" lon="-119.59281960502267">
        <ele>23.04</ele>
      </trkpt>
      <trkpt lat="34.41932992078364" lon="-119.592579966411">
        <ele>22.87</ele>
      </trkpt>
      <trkpt lat="34.41929999738932" lon="-119.59239992313087">
        <ele>22.71</ele>
      </trkpt>
      <trkpt lat="34.41925993189216" lon="-119.592209989205">
        <ele>22.56</ele>
      </trkpt>
      <trkpt lat="34.4192299246788" lon="-119.59202994592488">
        <ele>22.44</ele>
      </trkpt>
      <trkpt lat="34.41921995021403" lon="-119.59199993871152">
        <ele>22.38</ele>
      </trkpt>
      <trkpt lat="34.419189943000674" lon="-119.59181997925043">
        <ele>22.31</ele>
      </trkpt>
      <trkpt lat="34.41913998685777" lon="-119.59159995429218">
        <ele>22.28</ele>
      </trkpt>
      <trkpt lat="34.419129928573966" lon="-119.5915299654007">
        <ele>22.28</ele>
      </trkpt>
      <trkpt lat="34.41909992136061" lon="-119.59142996929586">
        <ele>22.31</ele>
      </trkpt>
      <trkpt lat="34.419059939682484" lon="-119.5912899915129">
        <ele>22.37</ele>
      </trkpt>
      <trkpt lat="34.419019958004355" lon="-119.59116996265948">
        <ele>22.45</ele>
      </trkpt>
      <trkpt lat="34.41895994357765" lon="-119.59099997766316">
        <ele>22.57</ele>
      </trkpt>
      <trkpt lat="34.418889954686165" lon="-119.59082999266684">
        <ele>22.73</ele>
      </trkpt>
      <trkpt lat="34.41881996579468" lon="-119.59065992385149">
        <ele>22.88</ele>
      </trkpt>
      <trkpt lat="34.41873488947749" lon="-119.59046982228756">
        <ele>23.07</ele>
      </trkpt>
      <trkpt lat="34.418649980798364" lon="-119.59027997218072">
        <ele>23.25</ele>
      </trkpt>
      <trkpt lat="34.418629948049784" lon="-119.59022993221879">
        <ele>23.41</ele>
      </trkpt>
      <trkpt lat="34.418589966371655" lon="-119.59013999439776">
        <ele>23.59</ele>
      </trkpt>
      <trkpt lat="34.41854998469353" lon="-119.59002994000912">
        <ele>23.79</ele>
      </trkpt>
      <trkpt lat="34.418459963053465" lon="-119.58983992226422">
        <ele>23.99</ele>
      </trkpt>
      <trkpt lat="34.41842995584011" lon="-119.58975995890796">
        <ele>24.2</ele>
      </trkpt>
      <trkpt lat="34.41837999969721" lon="-119.58964998833835">
        <ele>24.4</ele>
      </trkpt>
      <trkpt lat="34.41823650151491" lon="-119.58931630477309">
        <ele>24.62</ele>
      </trkpt>
      <trkpt lat="34.418093003332615" lon="-119.58898270502687">
        <ele>24.84</ele>
      </trkpt>
      <trkpt lat="34.41794992424548" lon="-119.58864994347095">
        <ele>25.04</ele>
      </trkpt>
      <trkpt lat="34.41795193590224" lon="-119.5886529609561">
        <ele>25.28</ele>
      </trkpt>
      <trkpt lat="34.417859986424446" lon="-119.58840996958315">
        <ele>25.48</ele>
      </trkpt>
      <trkpt lat="34.41780994646251" lon="-119.58827996626496">
        <ele>25.72</ele>
      </trkpt>
      <trkpt lat="34.417769964784384" lon="-119.58816999569535">
        <ele>25.98</ele>
      </trkpt>
      <trkpt lat="34.417729983106256" lon="-119.58802993409336">
        <ele>26.25</ele>
      </trkpt>
      <trkpt lat="34.41767994314432" lon="-119.58788995631039">
        <ele>26.5</ele>
      </trkpt>
      <trkpt lat="34.41763996146619" lon="-119.58772994577885">
        <ele>26.78</ele>
      </trkpt>
      <trkpt lat="34.417599979788065" lon="-119.58759994246066">
        <ele>27.06</ele>
      </trkpt>
      <trkpt lat="34.417579947039485" lon="-119.58748997189105">
        <ele>27.33</ele>
      </trkpt>
      <trkpt lat="34.41751993261278" lon="-119.58723993971944">
        <ele>27.64</ele>
      </trkpt>
      <trkpt lat="34.41748992539942" lon="-119.5870899874717">
        <ele>27.92</ele>
      </trkpt>
      <trkpt lat="34.41745991818607" lon="-119.58692997694016">
        <ele>28.19</ele>
      </trkpt>
      <trkpt lat="34.417449943721294" lon="-119.58680994808674">
        <ele>28.46</ele>
      </trkpt>
      <trkpt lat="34.417429994791746" lon="-119.5867099519819">
        <ele>28.72</ele>
      </trkpt>
      <trkpt lat="34.41741993650794" lon="-119.58655999973416">
        <ele>28.97</ele>
      </trkpt>
      <trkpt lat="34.41739998757839" lon="-119.58636998198926">
        <ele>29.23</ele>
      </trkpt>
      <trkpt lat="34.417389929294586" lon="-119.58626998588443">
        <ele>29.5</ele>
      </trkpt>
      <trkpt lat="34.41737995482981" lon="-119.58616998977959">
        <ele>29.78</ele>
      </trkpt>
      <trkpt lat="34.41737995482981" lon="-119.58605993539095">
        <ele>30.06</ele>
      </trkpt>
      <trkpt lat="34.41736998036504" lon="-119.5858999248594">
        <ele>30.34</ele>
      </trkpt>
      <trkpt lat="34.41736998036504" lon="-119.58579992875457">
        <ele>30.62</ele>
      </trkpt>
      <trkpt lat="34.41736998036504" lon="-119.58574997261167">
        <ele>30.9</ele>
      </trkpt>
      <trkpt lat="34.41736998036504" lon="-119.58558996208012">
        <ele>31.18</ele>
      </trkpt>
      <trkpt lat="34.41736998036504" lon="-119.58549994044006">
        <ele>31.47</ele>
      </trkpt>
      <trkpt lat="34.41737995482981" lon="-119.58532995544374">
        <ele>31.76</ele>
      </trkpt>
      <trkpt lat="34.41737995482981" lon="-119.5851699449122">
        <ele>32.05</ele>
      </trkpt>
      <trkpt lat="34.41739998757839" lon="-119.58499995991588">
        <ele>32.34</ele>
      </trkpt>
      <trkpt lat="34.41739998757839" lon="-119.5849299710244">
        <ele>32.63</ele>
      </trkpt>
      <trkpt lat="34.417409962043166" lon="-119.58485998213291">
        <ele>32.91</ele>
      </trkpt>
      <trkpt lat="34.417429994791746" lon="-119.58470994606614">
        <ele>33.2</ele>
      </trkpt>
      <trkpt lat="34.417449943721294" lon="-119.58453996106982">
        <ele>33.49</ele>
      </trkpt>
      <trkpt lat="34.417509958148" lon="-119.5841799583286">
        <ele>33.76</ele>
      </trkpt>
      <trkpt lat="34.41755999810994" lon="-119.58385993726552">
        <ele>34.1</ele>
      </trkpt>
      <trkpt lat="34.41758992150426" lon="-119.58365994505584">
        <ele>34.36</ele>
      </trkpt>
      <trkpt lat="34.41758992150426" lon="-119.5836399961263">
        <ele>34.58</ele>
      </trkpt>
      <trkpt lat="34.41760995425284" lon="-119.5835099928081">
        <ele>34.79</ele>
      </trkpt>
      <trkpt lat="34.41762998700142" lon="-119.58339993841946">
        <ele>34.98</ele>
      </trkpt>
      <trkpt lat="34.41763996146619" lon="-119.58329994231462">
        <ele>35.14</ele>
      </trkpt>
      <trkpt lat="34.41763996146619" lon="-119.58328996784985">
        <ele>35.26</ele>
      </trkpt>
      <trkpt lat="34.41763996146619" lon="-119.58318997174501">
        <ele>35.37</ele>
      </trkpt>
      <trkpt lat="34.41763996146619" lon="-119.58308997564018">
        <ele>35.43</ele>
      </trkpt>
      <trkpt lat="34.41763996146619" lon="-119.58299995400012">
        <ele>35.45</ele>
      </trkpt>
      <trkpt lat="34.41762998700142" lon="-119.58285997621715">
        <ele>35.44</ele>
      </trkpt>
      <trkpt lat="34.41761992871761" lon="-119.58281999453902">
        <ele>35.4</ele>
      </trkpt>
      <trkpt lat="34.417599979788065" lon="-119.58270994015038">
        <ele>35.33</ele>
      </trkpt>
      <trkpt lat="34.41758992150426" lon="-119.58264992572367">
        <ele>35.23</ele>
      </trkpt>
      <trkpt lat="34.417579947039485" lon="-119.582589995116">
        <ele>35.08</ele>
      </trkpt>
      <trkpt lat="34.41755999810994" lon="-119.58249997347593">
        <ele>34.89</ele>
      </trkpt>
      <trkpt lat="34.41754993982613" lon="-119.582449933514">
        <ele>34.68</ele>
      </trkpt>
      <trkpt lat="34.41753996536136" lon="-119.5823999773711">
        <ele>34.45</ele>
      </trkpt>
      <trkpt lat="34.417509958148" lon="-119.58231993019581">
        <ele>34.17</ele>
      </trkpt>
      <trkpt lat="34.41747995093465" lon="-119.58222999237478">
        <ele>33.85</ele>
      </trkpt>
      <trkpt lat="34.417469976469874" lon="-119.5822099596262">
        <ele>33.5</ele>
      </trkpt>
      <trkpt lat="34.417409962043166" lon="-119.58205992355943">
        <ele>33.12</ele>
      </trkpt>
      <trkpt lat="34.41734994761646" lon="-119.58191994577646">
        <ele>32.68</ele>
      </trkpt>
      <trkpt lat="34.417279958724976" lon="-119.5817799679935">
        <ele>32.21</ele>
      </trkpt>
      <trkpt lat="34.41721994429827" lon="-119.58165993914008">
        <ele>31.72</ele>
      </trkpt>
      <trkpt lat="34.41720996983349" lon="-119.58163999021053">
        <ele>31.19</ele>
      </trkpt>
      <trkpt lat="34.4171248935163" lon="-119.58145977929235">
        <ele>30.63</ele>
      </trkpt>
      <trkpt lat="34.417039984837174" lon="-119.58127998746932">
        <ele>30.01</ele>
      </trkpt>
      <trkpt lat="34.41700997762382" lon="-119.58119994029403">
        <ele>29.39</ele>
      </trkpt>
      <trkpt lat="34.416869999840856" lon="-119.58092995919287">
        <ele>28.71</ele>
      </trkpt>
      <trkpt lat="34.41679992713034" lon="-119.58074999973178">
        <ele>28.01</ele>
      </trkpt>
      <trkpt lat="34.41674997098744" lon="-119.58063994534314">
        <ele>27.3</ele>
      </trkpt>
      <trkpt lat="34.41667998209596" lon="-119.58046996034682">
        <ele>26.55</ele>
      </trkpt>
      <trkpt lat="34.41662994213402" lon="-119.58030994981527">
        <ele>25.78</ele>
      </trkpt>
      <trkpt lat="34.416549978777766" lon="-119.58007995039225">
        <ele>24.97</ele>
      </trkpt>
      <trkpt lat="34.41650999709964" lon="-119.57993997260928">
        <ele>24.19</ele>
      </trkpt>
      <trkpt lat="34.41648996435106" lon="-119.57988993264735">
        <ele>23.43</ele>
      </trkpt>
      <trkpt lat="34.416479989886284" lon="-119.57983997650445">
        <ele>22.67</ele>
      </trkpt>
      <trkpt lat="34.416399942710996" lon="-119.57958994433284">
        <ele>21.87</ele>
      </trkpt>
      <trkpt lat="34.416323164477944" lon="-119.57933630794287">
        <ele>21.07</ele>
      </trkpt>
      <trkpt lat="34.41624638624489" lon="-119.57908258773386">
        <ele>20.27</ele>
      </trkpt>
      <trkpt lat="34.41616994328797" lon="-119.57882995717227">
        <ele>19.51</ele>
      </trkpt>
      <trkpt lat="34.416079921647906" lon="-119.57852996885777">
        <ele>18.74</ele>
      </trkpt>
      <trkpt lat="34.41603993996978" lon="-119.57835998386145">
        <ele>18.04</ele>
      </trkpt>
      <trkpt lat="34.415989983826876" lon="-119.57814993336797">
        <ele>17.35</ele>
      </trkpt>
      <trkpt lat="34.415949918329716" lon="-119.5779499411583">
        <ele>16.72</ele>
      </trkpt>
      <trkpt lat="34.41592996940017" lon="-119.57780996337533">
        <ele>16.11</ele>
      </trkpt>
      <trkpt lat="34.41590993665159" lon="-119.57767996005714">
        <ele>15.54</ele>
      </trkpt>
      <trkpt lat="34.41590993665159" lon="-119.57765992730856">
        <ele>14.99</ele>
      </trkpt>
      <trkpt lat="34.41590993665159" lon="-119.57759999670088">
        <ele>14.47</ele>
      </trkpt>
      <trkpt lat="34.41589996218681" lon="-119.57747996784747">
        <ele>13.98</ele>
      </trkpt>
      <trkpt lat="34.41587992943823" lon="-119.57726991735399">
        <ele>13.53</ele>
      </trkpt>
      <trkpt lat="34.41586995497346" lon="-119.57711996510625">
        <ele>13.1</ele>
      </trkpt>
      <trkpt lat="34.415859980508685" lon="-119.57710999064147">
        <ele>12.7</ele>
      </trkpt>
      <trkpt lat="34.41584992222488" lon="-119.5768499840051">
        <ele>12.32</ele>
      </trkpt>
      <trkpt lat="34.415839947760105" lon="-119.57673992961645">
        <ele>11.99</ele>
      </trkpt>
      <trkpt lat="34.415839947760105" lon="-119.57667999900877">
        <ele>11.7</ele>
      </trkpt>
      <trkpt lat="34.41582997329533" lon="-119.57659995183349">
        <ele>11.43</ele>
      </trkpt>
      <trkpt lat="34.415839947760105" lon="-119.57645997405052">
        <ele>11.2</ele>
      </trkpt>
      <trkpt lat="34.415839947760105" lon="-119.57643994130194">
        <ele>11.0</ele>
      </trkpt>
      <trkpt lat="34.415839947760105" lon="-119.5762799307704">
        <ele>10.82</ele>
      </trkpt>
      <trkpt lat="34.41584992222488" lon="-119.57616996020079">
        <ele>10.67</ele>
      </trkpt>
      <trkpt lat="34.415859980508685" lon="-119.57606996409595">
        <ele>10.56</ele>
      </trkpt>
      <trkpt lat="34.41587992943823" lon="-119.57596996799111">
        <ele>10.47</ele>
      </trkpt>
      <trkpt lat="34.41590993665159" lon="-119.57580995745957">
        <ele>10.4</ele>
      </trkpt>
      <trkpt lat="34.41595997661352" lon="-119.5756599213928">
        <ele>10.35</ele>
      </trkpt>
      <trkpt lat="34.41601999104023" lon="-119.57544995471835">
        <ele>10.33</ele>
      </trkpt>
      <trkpt lat="34.41605997271836" lon="-119.57530997693539">
        <ele>10.32</ele>
      </trkpt>
      <trkpt lat="34.41608997993171" lon="-119.57519992254674">
        <ele>10.32</ele>
      </trkpt>
      <trkpt lat="34.41610992886126" lon="-119.57511995919049">
        <ele>10.34</ele>
      </trkpt>
      <trkpt lat="34.41612996160984" lon="-119.57501996308565">
        <ele>10.38</ele>
      </trkpt>
      <trkpt lat="34.416159968823195" lon="-119.57478996366262">
        <ele>10.42</ele>
      </trkpt>
      <trkpt lat="34.41619995050132" lon="-119.57453993149102">
        <ele>10.48</ele>
      </trkpt>
      <trkpt lat="34.4162099249661" lon="-119.57446994259953">
        <ele>10.55</ele>
      </trkpt>
      <trkpt lat="34.416245045140386" lon="-119.57421949133277">
        <ele>10.62</ele>
      </trkpt>
      <trkpt lat="34.41627999767661" lon="-119.57396996207535">
        <ele>10.7</ele>
      </trkpt>
      <trkpt lat="34.41631997935474" lon="-119.5737599954009">
        <ele>10.79</ele>
      </trkpt>
      <trkpt lat="34.41637999378145" lon="-119.5735099632293">
        <ele>10.89</ele>
      </trkpt>
      <trkpt lat="34.416419975459576" lon="-119.57335992716253">
        <ele>10.99</ele>
      </trkpt>
      <trkpt lat="34.416439924389124" lon="-119.57322992384434">
        <ele>11.09</ele>
      </trkpt>
      <trkpt lat="34.416479989886284" lon="-119.57300956360996">
        <ele>11.19</ele>
      </trkpt>
      <trkpt lat="34.41651997156441" lon="-119.57278995774686">
        <ele>11.28</ele>
      </trkpt>
      <trkpt lat="34.41656003706157" lon="-119.57248938269913">
        <ele>11.39</ele>
      </trkpt>
      <trkpt lat="34.41659993492067" lon="-119.57218998111784">
        <ele>11.49</ele>
      </trkpt>
      <trkpt lat="34.4166499748826" lon="-119.57181992009282">
        <ele>11.6</ele>
      </trkpt>
      <trkpt lat="34.41665994934738" lon="-119.57165999338031">
        <ele>11.7</ele>
      </trkpt>
      <trkpt lat="34.41665994934738" lon="-119.57153996452689">
        <ele>11.79</ele>
      </trkpt>
      <trkpt lat="34.41665994934738" lon="-119.57147995010018">
        <ele>11.88</ele>
      </trkpt>
      <trkpt lat="34.4166499748826" lon="-119.5714099612087">
        <ele>11.96</ele>
      </trkpt>
      <trkpt lat="34.416609993204474" lon="-119.57110997289419">
        <ele>12.04</ele>
      </trkpt>
      <trkpt lat="34.41657998599112" lon="-119.57092992961407">
        <ele>12.11</ele>
      </trkpt>
      <trkpt lat="34.41657998599112" lon="-119.57090998068452">
        <ele>12.18</ele>
      </trkpt>
      <trkpt lat="34.41655995324254" lon="-119.57075994461775">
        <ele>12.24</ele>
      </trkpt>
      <trkpt lat="34.416549978777766" lon="-119.57068995572627">
        <ele>12.3</ele>
      </trkpt>
      <trkpt lat="34.416549978777766" lon="-119.57060999237001">
        <ele>12.35</ele>
      </trkpt>
      <trkpt lat="34.41653992049396" lon="-119.57046993076801">
        <ele>12.4</ele>
      </trkpt>
      <trkpt lat="34.416549978777766" lon="-119.57034998573363">
        <ele>12.44</ele>
      </trkpt>
      <trkpt lat="34.416569927707314" lon="-119.57012996077538">
        <ele>12.48</ele>
      </trkpt>
      <trkpt lat="34.41659993492067" lon="-119.56987992860377">
        <ele>12.51</ele>
      </trkpt>
      <trkpt lat="34.4166399165988" lon="-119.56955999135971">
        <ele>12.51</ele>
      </trkpt>
      <trkpt lat="34.41666992381215" lon="-119.56938992254436">
        <ele>12.53</ele>
      </trkpt>
      <trkpt lat="34.416715018451214" lon="-119.56906939856708">
        <ele>12.55</ele>
      </trkpt>
      <trkpt lat="34.41675994545221" lon="-119.56874996423721">
        <ele>12.56</ele>
      </trkpt>
      <trkpt lat="34.41677997820079" lon="-119.56864996813238">
        <ele>12.57</ele>
      </trkpt>
      <trkpt lat="34.41681995987892" lon="-119.56831997260451">
        <ele>12.55</ele>
      </trkpt>
      <trkpt lat="34.416849967092276" lon="-119.56816993653774">
        <ele>12.54</ele>
      </trkpt>
      <trkpt lat="34.41685994155705" lon="-119.56810992211103">
        <ele>12.54</ele>
      </trkpt>
      <trkpt lat="34.416869999840856" lon="-119.56799995154142">
        <ele>12.52</ele>
      </trkpt>
      <trkpt lat="34.41687997430563" lon="-119.56794999539852">
        <ele>12.51</ele>
      </trkpt>
      <trkpt lat="34.41689992323518" lon="-119.5677699521184">
        <ele>12.49</ele>
      </trkpt>
      <trkpt lat="34.41693998873234" lon="-119.56749997101724">
        <ele>12.47</ele>
      </trkpt>
      <trkpt lat="34.41694996319711" lon="-119.56737994216383">
        <ele>12.45</ele>
      </trkpt>
      <trkpt lat="34.416959937661886" lon="-119.56727994605899">
        <ele>12.42</ele>
      </trkpt>
      <trkpt lat="34.41698994487524" lon="-119.56699999049306">
        <ele>12.4</ele>
      </trkpt>
      <trkpt lat="34.41698994487524" lon="-119.56691994331777">
        <ele>12.37</ele>
      </trkpt>
      <trkpt lat="34.416999919340014" lon="-119.56678993999958">
        <ele>12.34</ele>
      </trkpt>
      <trkpt lat="34.41700997762382" lon="-119.56655994057655">
        <ele>12.31</ele>
      </trkpt>
      <trkpt lat="34.416999919340014" lon="-119.56640998832881">
        <ele>12.27</ele>
      </trkpt>
      <trkpt lat="34.416999919340014" lon="-119.56631996668875">
        <ele>12.24</ele>
      </trkpt>
      <trkpt lat="34.416999919340014" lon="-119.56617998890579">
        <ele>12.21</ele>
      </trkpt>
      <trkpt lat="34.41698994487524" lon="-119.56599994562566">
        <ele>12.17</ele>
      </trkpt>
      <trkpt lat="34.416979970410466" lon="-119.56579995341599">
        <ele>12.14</ele>
      </trkpt>
      <trkpt lat="34.41696999594569" lon="-119.56571999005973">
        <ele>12.1</ele>
      </trkpt>
      <trkpt lat="34.41694996319711" lon="-119.56549996510148">
        <ele>12.07</ele>
      </trkpt>
      <trkpt lat="34.41692993044853" lon="-119.56528999842703">
        <ele>12.03</ele>
      </trkpt>
      <trkpt lat="34.416909981518984" lon="-119.56509998068213">
        <ele>12.0</ele>
      </trkpt>
      <trkpt lat="34.41687737591565" lon="-119.56476436927915">
        <ele>11.96</ele>
      </trkpt>
      <trkpt lat="34.41684485413134" lon="-119.56442875787616">
        <ele>11.93</ele>
      </trkpt>
      <trkpt lat="34.416812248528004" lon="-119.56409306265414">
        <ele>11.89</ele>
      </trkpt>
      <trkpt lat="34.41677997820079" lon="-119.5637599658221">
        <ele>11.86</ele>
      </trkpt>
      <trkpt lat="34.41674997098744" lon="-119.56352996639907">
        <ele>11.83</ele>
      </trkpt>
      <trkpt lat="34.416719963774085" lon="-119.56324992701411">
        <ele>11.8</ele>
      </trkpt>
      <trkpt lat="34.41669322550297" lon="-119.56298279576004">
        <ele>11.77</ele>
      </trkpt>
      <trkpt lat="34.41666648723185" lon="-119.56271566450596">
        <ele>11.74</ele>
      </trkpt>
      <trkpt lat="34.4166399165988" lon="-119.56244995817542">
        <ele>11.72</ele>
      </trkpt>
      <trkpt lat="34.41661996766925" lon="-119.56220998428762">
        <ele>11.69</ele>
      </trkpt>
      <trkpt lat="34.416586523875594" lon="-119.56189272925258">
        <ele>11.68</ele>
      </trkpt>
      <trkpt lat="34.41655316390097" lon="-119.56157547421753">
        <ele>11.68</ele>
      </trkpt>
      <trkpt lat="34.41651997156441" lon="-119.56125997938216">
        <ele>11.67</ele>
      </trkpt>
      <trkpt lat="34.41650999709964" lon="-119.56114992499352">
        <ele>11.66</ele>
      </trkpt>
      <trkpt lat="34.41650999709964" lon="-119.56109996885061">
        <ele>11.64</ele>
      </trkpt>
      <trkpt lat="34.41646993160248" lon="-119.56072999164462">
        <ele>11.63</ele>
      </trkpt>
      <trkpt lat="34.41644998267293" lon="-119.56052999943495">
        <ele>11.64</ele>
      </trkpt>
      <trkpt lat="34.416419975459576" lon="-119.56038993783295">
        <ele>11.63</ele>
      </trkpt>
      <trkpt lat="34.41638996824622" lon="-119.56024996004999">
        <ele>11.62</ele>
      </trkpt>
      <trkpt lat="34.41635996103287" lon="-119.56016999669373">
        <ele>11.62</ele>
      </trkpt>
      <trkpt lat="34.41632995381951" lon="-119.56003999337554">
        <ele>11.61</ele>
      </trkpt>
      <trkpt lat="34.41624999046326" lon="-119.55980999395251">
        <ele>11.6</ele>
      </trkpt>
      <trkpt lat="34.4162099249661" lon="-119.55970999784768">
        <ele>11.59</ele>
      </trkpt>
      <trkpt lat="34.41619995050132" lon="-119.55965995788574">
        <ele>11.59</ele>
      </trkpt>
      <trkpt lat="34.416139936074615" lon="-119.55953992903233">
        <ele>11.58</ele>
      </trkpt>
      <trkpt lat="34.41603993996978" lon="-119.5593199878931">
        <ele>11.57</ele>
      </trkpt>
      <trkpt lat="34.41595997661352" lon="-119.55914991907775">
        <ele>11.57</ele>
      </trkpt>
      <trkpt lat="34.415859980508685" lon="-119.55895998515189">
        <ele>11.56</ele>
      </trkpt>
      <trkpt lat="34.4157799333334" lon="-119.55880994908512">
        <ele>11.55</ele>
      </trkpt>
      <trkpt lat="34.41574992612004" lon="-119.55876996740699">
        <ele>11.55</ele>
      </trkpt>
      <trkpt lat="34.41569996997714" lon="-119.55867994576693">
        <ele>11.54</ele>
      </trkpt>
      <trkpt lat="34.41560994833708" lon="-119.55852999351919">
        <ele>11.53</ele>
      </trkpt>
      <trkpt lat="34.415539959445596" lon="-119.55842999741435">
        <ele>11.52</ele>
      </trkpt>
      <trkpt lat="34.41545999608934" lon="-119.55833997577429">
        <ele>11.52</ele>
      </trkpt>
      <trkpt lat="34.41539998166263" lon="-119.55827996134758">
        <ele>11.51</ele>
      </trkpt>
      <trkpt lat="34.4153599999845" lon="-119.55822992138565">
        <ele>11.5</ele>
      </trkpt>
      <trkpt lat="34.415259920060635" lon="-119.55813998356462">
        <ele>11.5</ele>
      </trkpt>
      <trkpt lat="34.41513997502625" lon="-119.55802992917597">
        <ele>11.48</ele>
      </trkpt>
      <trkpt lat="34.41511994227767" lon="-119.55800998024642">
        <ele>11.47</ele>
      </trkpt>
      <trkpt lat="34.41494995728135" lon="-119.55781996250153">
        <ele>11.44</ele>
      </trkpt>
      <trkpt lat="34.41476505249739" lon="-119.55760253593326">
        <ele>11.45</ele>
      </trkpt>
      <trkpt lat="34.41458014771342" lon="-119.55738510936499">
        <ele>11.44</ele>
      </trkpt>
      <trkpt lat="34.41439524292946" lon="-119.55716776661575">
        <ele>11.44</ele>
      </trkpt>
      <trkpt lat="34.414209919050336" lon="-119.55694992095232">
        <ele>11.44</ele>
      </trkpt>
      <trkpt lat="34.41404001787305" lon="-119.55675504170358">
        <ele>11.45</ele>
      </trkpt>
      <trkpt lat="34.4138699490577" lon="-119.55655999481678">
        <ele>11.45</ele>
      </trkpt>
      <trkpt lat="34.41374992020428" lon="-119.55643996596336">
        <ele>11.46</ele>
      </trkpt>
      <trkpt lat="34.41361991688609" lon="-119.55626998096704">
        <ele>11.47</ele>
      </trkpt>
      <trkpt lat="34.41344993188977" lon="-119.55605993047357">
        <ele>11.48</ele>
      </trkpt>
      <trkpt lat="34.413349935784936" lon="-119.5559199526906">
        <ele>11.5</ele>
      </trkpt>
      <trkpt lat="34.413219932466745" lon="-119.55571996048093">
        <ele>11.51</ele>
      </trkpt>
      <trkpt lat="34.41313996911049" lon="-119.55559993162751">
        <ele>11.53</ele>
      </trkpt>
      <trkpt lat="34.41304994747043" lon="-119.55545995384455">
        <ele>11.55</ele>
      </trkpt>
      <trkpt lat="34.412939976900816" lon="-119.5552499871701">
        <ele>11.58</ele>
      </trkpt>
      <trkpt lat="34.41283998079598" lon="-119.55506994388998">
        <ele>11.6</ele>
      </trkpt>
      <trkpt lat="34.41273487173021" lon="-119.55485478043556">
        <ele>11.63</ele>
      </trkpt>
      <trkpt lat="34.4126299303025" lon="-119.55463995225728">
        <ele>11.66</ele>
      </trkpt>
      <trkpt lat="34.412489952519536" lon="-119.55435999669135">
        <ele>11.67</ele>
      </trkpt>
      <trkpt lat="34.41236489452422" lon="-119.55410979688168">
        <ele>11.7</ele>
      </trkpt>
      <trkpt lat="34.41223992034793" lon="-119.55385993234813">
        <ele>11.74</ele>
      </trkpt>
      <trkpt lat="34.41212986595929" lon="-119.55363982357085">
        <ele>11.75</ele>
      </trkpt>
      <trkpt lat="34.41201997920871" lon="-119.55341996625066">
        <ele>11.77</ele>
      </trkpt>
      <trkpt lat="34.41185996867716" lon="-119.55310991965234">
        <ele>11.79</ele>
      </trkpt>
      <trkpt lat="34.41175997257233" lon="-119.55290992744267">
        <ele>11.82</ele>
      </trkpt>
      <trkpt lat="34.41173993982375" lon="-119.55285997129977">
        <ele>11.83</ele>
      </trkpt>
      <trkpt lat="34.411669950932264" lon="-119.5527199935168">
        <ele>11.85</ele>
      </trkpt>
      <trkpt lat="34.41158998757601" lon="-119.55258999019861">
        <ele>11.86</ele>
      </trkpt>
      <trkpt lat="34.41158998757601" lon="-119.5525799319148">
        <ele>11.87</ele>
      </trkpt>
      <trkpt lat="34.411499965935946" lon="-119.55243995413184">
        <ele>11.88</ele>
      </trkpt>
      <trkpt lat="34.41140994429588" lon="-119.55228991806507">
        <ele>11.89</ele>
      </trkpt>
      <trkpt lat="34.4112899992615" lon="-119.55210995860398">
        <ele>11.89</ele>
      </trkpt>
      <trkpt lat="34.411129988729954" lon="-119.55193997360766">
        <ele>11.9</ele>
      </trkpt>
      <trkpt lat="34.41111993044615" lon="-119.55192999914289">
        <ele>11.9</ele>
      </trkpt>
      <trkpt lat="34.410939970985055" lon="-119.55172992311418">
        <ele>11.89</ele>
      </trkpt>
      <trkpt lat="34.41073997877538" lon="-119.55152993090451">
        <ele>11.89</ele>
      </trkpt>
      <trkpt lat="34.410599917173386" lon="-119.55139992758632">
        <ele>11.88</ele>
      </trkpt>
      <trkpt lat="34.41039992496371" lon="-119.55118996091187">
        <ele>11.87</ele>
      </trkpt>
      <trkpt lat="34.410233460366726" lon="-119.55102341249585">
        <ele>11.86</ele>
      </trkpt>
      <trkpt lat="34.41006691195071" lon="-119.55085686407983">
        <ele>11.84</ele>
      </trkpt>
      <trkpt lat="34.40989994443953" lon="-119.55068998038769">
        <ele>11.82</ele>
      </trkpt>
      <trkpt lat="34.40972509793937" lon="-119.55051513388753">
        <ele>11.8</ele>
      </trkpt>
      <trkpt lat="34.40954999998212" lon="-119.55033995211124">
        <ele>11.78</ele>
      </trkpt>
      <trkpt lat="34.409479927271605" lon="-119.55025998875499">
        <ele>11.75</ele>
      </trkpt>
      <trkpt lat="34.40941999666393" lon="-119.55019997432828">
        <ele>11.72</ele>
      </trkpt>
      <trkpt lat="34.40939996391535" lon="-119.5501799415797">
        <ele>11.69</ele>
      </trkpt>
      <trkpt lat="34.40921673551202" lon="-119.5499967969954">
        <ele>11.66</ele>
      </trkpt>
      <trkpt lat="34.40903359092772" lon="-119.54981356859207">
        <ele>11.62</ele>
      </trkpt>
      <trkpt lat="34.40884994342923" lon="-119.54962992109358">
        <ele>11.57</ele>
      </trkpt>
      <trkpt lat="34.40867995843291" lon="-119.54945993609726">
        <ele>11.54</ele>
      </trkpt>
      <trkpt lat="34.4085699878633" lon="-119.54933999106288">
        <ele>11.49</ele>
      </trkpt>
      <trkpt lat="34.40845993347466" lon="-119.54920998774469">
        <ele>11.45</ele>
      </trkpt>
      <trkpt lat="34.408319955691695" lon="-119.54903991892934">
        <ele>11.42</ele>
      </trkpt>
      <trkpt lat="34.408209985122085" lon="-119.5488899666816">
        <ele>11.38</ele>
      </trkpt>
      <trkpt lat="34.40808995626867" lon="-119.54872995615005">
        <ele>11.34</ele>
      </trkpt>
      <trkpt lat="34.408019967377186" lon="-119.54863993450999">
        <ele>11.31</ele>
      </trkpt>
      <trkpt lat="34.407873284071684" lon="-119.54843332059681">
        <ele>11.27</ele>
      </trkpt>
      <trkpt lat="34.40772660076618" lon="-119.5482266228646">
        <ele>11.24</ele>
      </trkpt>
      <trkpt lat="34.40757991746068" lon="-119.5480199251324">
        <ele>11.21</ele>
      </trkpt>
      <trkpt lat="34.40747992135584" lon="-119.54787994734943">
        <ele>11.17</ele>
      </trkpt>
      <trkpt lat="34.40741999074817" lon="-119.54779998399317">
        <ele>11.14</ele>
      </trkpt>
      <trkpt lat="34.40734991803765" lon="-119.54768992960453">
        <ele>11.11</ele>
      </trkpt>
      <trkpt lat="34.40723994746804" lon="-119.54750997014344">
        <ele>11.08</ele>
      </trkpt>
      <trkpt lat="34.407119918614626" lon="-119.54729991964996">
        <ele>11.06</ele>
      </trkpt>
      <trkpt lat="34.40701992250979" lon="-119.54710998572409">
        <ele>11.03</ele>
      </trkpt>
      <trkpt lat="34.40693493001163" lon="-119.54692985862494">
        <ele>11.01</ele>
      </trkpt>
      <trkpt lat="34.40684993751347" lon="-119.54674998298287">
        <ele>10.98</ele>
      </trkpt>
      <trkpt lat="34.406749941408634" lon="-119.54652995802462">
        <ele>10.96</ele>
      </trkpt>
      <trkpt lat="34.406689926981926" lon="-119.54634999856353">
        <ele>10.94</ele>
      </trkpt>
      <trkpt lat="34.406639970839024" lon="-119.54620993696153">
        <ele>10.92</ele>
      </trkpt>
      <trkpt lat="34.406559923663735" lon="-119.54594993032515">
        <ele>10.91</ele>
      </trkpt>
      <trkpt lat="34.40647996030748" lon="-119.54565991647542">
        <ele>10.89</ele>
      </trkpt>
      <trkpt lat="34.40641994588077" lon="-119.5454399753362">
        <ele>10.88</ele>
      </trkpt>
      <trkpt lat="34.40637996420264" lon="-119.54521995037794">
        <ele>10.87</ele>
      </trkpt>
      <trkpt lat="34.406339982524514" lon="-119.54498995095491">
        <ele>10.86</ele>
      </trkpt>
      <trkpt lat="34.40628994256258" lon="-119.54464998096228">
        <ele>10.85</ele>
      </trkpt>
      <trkpt lat="34.406259935349226" lon="-119.54441998153925">
        <ele>10.84</ele>
      </trkpt>
      <trkpt lat="34.40623998641968" lon="-119.54428997822106">
        <ele>10.83</ele>
      </trkpt>
      <trkpt lat="34.40622992813587" lon="-119.54418998211622">
        <ele>10.83</ele>
      </trkpt>
      <trkpt lat="34.4062199536711" lon="-119.5440699532628">
        <ele>10.82</ele>
      </trkpt>
      <trkpt lat="34.406209979206324" lon="-119.54380944371223">
        <ele>10.82</ele>
      </trkpt>
      <trkpt lat="34.40619992092252" lon="-119.54354993999004">
        <ele>10.82</ele>
      </trkpt>
      <trkpt lat="34.40619329921901" lon="-119.54323939047754">
        <ele>10.82</ele>
      </trkpt>
      <trkpt lat="34.406186593696475" lon="-119.542928757146">
        <ele>10.82</ele>
      </trkpt>
      <trkpt lat="34.40617997199297" lon="-119.54261996783316">
        <ele>10.83</ele>
      </trkpt>
      <trkpt lat="34.40617494285107" lon="-119.54225929453969">
        <ele>10.83</ele>
      </trkpt>
      <trkpt lat="34.406169997528195" lon="-119.54189996235073">
        <ele>10.84</ele>
      </trkpt>
      <trkpt lat="34.40616496838629" lon="-119.54154926352203">
        <ele>10.84</ele>
      </trkpt>
      <trkpt lat="34.40615993924439" lon="-119.54119998961687">
        <ele>10.85</ele>
      </trkpt>
      <trkpt lat="34.40615491010249" lon="-119.54096948727965">
        <ele>10.86</ele>
      </trkpt>
      <trkpt lat="34.406149964779615" lon="-119.54073999077082">
        <ele>10.87</ele>
      </trkpt>
      <trkpt lat="34.40614493563771" lon="-119.54052952118218">
        <ele>10.88</ele>
      </trkpt>
      <trkpt lat="34.40613999031484" lon="-119.54031997360289">
        <ele>10.89</ele>
      </trkpt>
      <trkpt lat="34.40613999031484" lon="-119.54014998860657">
        <ele>10.91</ele>
      </trkpt>
      <trkpt lat="34.40611995756626" lon="-119.5399499963969">
        <ele>10.92</ele>
      </trkpt>
      <trkpt lat="34.40607997588813" lon="-119.53981999307871">
        <ele>10.93</ele>
      </trkpt>
      <trkpt lat="34.406019961461425" lon="-119.53947993926704">
        <ele>10.95</ele>
      </trkpt>
      <trkpt lat="34.40598995424807" lon="-119.53933996148407">
        <ele>10.97</ele>
      </trkpt>
      <trkpt lat="34.40594997256994" lon="-119.53915991820395">
        <ele>10.98</ele>
      </trkpt>
      <trkpt lat="34.40591996535659" lon="-119.53899999149144">
        <ele>11.0</ele>
      </trkpt>
      <trkpt lat="34.405869925394654" lon="-119.53873998485506">
        <ele>11.02</ele>
      </trkpt>
      <trkpt lat="34.40581996925175" lon="-119.53852993436158">
        <ele>11.05</ele>
      </trkpt>
      <trkpt lat="34.405784932896495" lon="-119.53832960687578">
        <ele>11.06</ele>
      </trkpt>
      <trkpt lat="34.40574998036027" lon="-119.53812994994223">
        <ele>11.08</ele>
      </trkpt>
      <trkpt lat="34.40568988211453" lon="-119.53782945871353">
        <ele>11.13</ele>
      </trkpt>
      <trkpt lat="34.40562995150685" lon="-119.53752997331321">
        <ele>11.14</ele>
      </trkpt>
      <trkpt lat="34.40557999536395" lon="-119.5372299849987">
        <ele>11.15</ele>
      </trkpt>
      <trkpt lat="34.4055999442935" lon="-119.53714993782341">
        <ele>11.18</ele>
      </trkpt>
      <trkpt lat="34.405534816905856" lon="-119.53684944659472">
        <ele>11.23</ele>
      </trkpt>
      <trkpt lat="34.40546994097531" lon="-119.5365499611944">
        <ele>11.24</ele>
      </trkpt>
      <trkpt lat="34.405419984832406" lon="-119.53627998009324">
        <ele>11.26</ele>
      </trkpt>
      <trkpt lat="34.4054099265486" lon="-119.53627998009324">
        <ele>11.28</ele>
      </trkpt>
      <trkpt lat="34.40537489019334" lon="-119.53608962707222">
        <ele>11.3</ele>
      </trkpt>
      <trkpt lat="34.40533993765712" lon="-119.53589994460344">
        <ele>11.31</ele>
      </trkpt>
      <trkpt lat="34.40531998872757" lon="-119.5357499923557">
        <ele>11.33</ele>
      </trkpt>
      <trkpt lat="34.405309930443764" lon="-119.53569995239377">
        <ele>11.36</ele>
      </trkpt>
      <trkpt lat="34.40524488687515" lon="-119.5353844575584">
        <ele>11.37</ele>
      </trkpt>
      <trkpt lat="34.40517992712557" lon="-119.5350699685514">
        <ele>11.42</ele>
      </trkpt>
      <trkpt lat="34.405139945447445" lon="-119.53483996912837">
        <ele>11.44</ele>
      </trkpt>
      <trkpt lat="34.40509996376932" lon="-119.53462991863489">
        <ele>11.46</ele>
      </trkpt>
      <trkpt lat="34.40509996376932" lon="-119.53460996970534">
        <ele>11.49</ele>
      </trkpt>
      <trkpt lat="34.40503994934261" lon="-119.53431995585561">
        <ele>11.51</ele>
      </trkpt>
      <trkpt lat="34.404989993199706" lon="-119.5340199675411">
        <ele>11.53</ele>
      </trkpt>
      <trkpt lat="34.40495998598635" lon="-119.53387998975813">
        <ele>11.55</ele>
      </trkpt>
      <trkpt lat="34.40492486581206" lon="-119.5336846075952">
        <ele>11.58</ele>
      </trkpt>
      <trkpt lat="34.40488999709487" lon="-119.53348997980356">
        <ele>11.63</ele>
      </trkpt>
      <trkpt lat="34.404839957132936" lon="-119.5332099404186">
        <ele>11.66</ele>
      </trkpt>
      <trkpt lat="34.40482998266816" lon="-119.53316995874047">
        <ele>11.7</ele>
      </trkpt>
      <trkpt lat="34.40479997545481" lon="-119.5330199226737">
        <ele>11.72</ele>
      </trkpt>
      <trkpt lat="34.404789917171" lon="-119.53293995931745">
        <ele>11.76</ele>
      </trkpt>
      <trkpt lat="34.404789917171" lon="-119.53291992656887">
        <ele>11.79</ele>
      </trkpt>
      <trkpt lat="34.40474993549287" lon="-119.53268992714584">
        <ele>11.82</ele>
      </trkpt>
      <trkpt lat="34.404689921066165" lon="-119.53239999711514">
        <ele>11.88</ele>
      </trkpt>
      <trkpt lat="34.40462999045849" lon="-119.53206991776824">
        <ele>11.92</ele>
      </trkpt>
      <trkpt lat="34.40462999045849" lon="-119.53204996883869">
        <ele>11.95</ele>
      </trkpt>
      <trkpt lat="34.404599983245134" lon="-119.53187998384237">
        <ele>11.99</ele>
      </trkpt>
      <trkpt lat="34.40458992496133" lon="-119.53183991834521">
        <ele>12.02</ele>
      </trkpt>
      <trkpt lat="34.404579950496554" lon="-119.53173992224038">
        <ele>12.06</ele>
      </trkpt>
      <trkpt lat="34.404559917747974" lon="-119.53160991892219">
        <ele>12.09</ele>
      </trkpt>
      <trkpt lat="34.404539968818426" lon="-119.53147999942303">
        <ele>12.13</ele>
      </trkpt>
      <trkpt lat="34.404539968818426" lon="-119.53143993392587">
        <ele>12.16</ele>
      </trkpt>
      <trkpt lat="34.40452999435365" lon="-119.53139995224774">
        <ele>12.19</ele>
      </trkpt>
      <trkpt lat="34.40452999435365" lon="-119.53131998889148">
        <ele>12.23</ele>
      </trkpt>
      <trkpt lat="34.40452999435365" lon="-119.53121999278665">
        <ele>12.26</ele>
      </trkpt>
      <trkpt lat="34.404539968818426" lon="-119.53118998557329">
        <ele>12.29</ele>
      </trkpt>
      <trkpt lat="34.404539968818426" lon="-119.53113994561136">
        <ele>12.32</ele>
      </trkpt>
      <trkpt lat="34.4045499432832" lon="-119.53107993118465">
        <ele>12.34</ele>
      </trkpt>
      <trkpt lat="34.404559917747974" lon="-119.5310499239713">
        <ele>12.37</ele>
      </trkpt>
      <trkpt lat="34.40456997603178" lon="-119.53094992786646">
        <ele>12.4</ele>
      </trkpt>
      <trkpt lat="34.404579950496554" lon="-119.53087993897498">
        <ele>12.42</ele>
      </trkpt>
      <trkpt lat="34.40458992496133" lon="-119.53083995729685">
        <ele>12.44</ele>
      </trkpt>
      <trkpt lat="34.40460995770991" lon="-119.53073996119201">
        <ele>12.46</ele>
      </trkpt>
      <trkpt lat="34.40462999045849" lon="-119.5306299906224">
        <ele>12.48</ele>
      </trkpt>
      <trkpt lat="34.404689921066165" lon="-119.53033997677267">
        <ele>12.49</ele>
      </trkpt>
      <trkpt lat="34.404709953814745" lon="-119.53022992238402">
        <ele>12.51</ele>
      </trkpt>
      <trkpt lat="34.40475999377668" lon="-119.52992993406951">
        <ele>12.53</ele>
      </trkpt>
      <trkpt lat="34.40475999377668" lon="-119.52991995960474">
        <ele>12.53</ele>
      </trkpt>
      <trkpt lat="34.40476996824145" lon="-119.5298199634999">
        <ele>12.54</ele>
      </trkpt>
      <trkpt lat="34.40476996824145" lon="-119.52976992353797">
        <ele>12.54</ele>
      </trkpt>
      <trkpt lat="34.40477994270623" lon="-119.52971996739507">
        <ele>12.53</ele>
      </trkpt>
      <trkpt lat="34.404789917171" lon="-119.52959993854165">
        <ele>12.53</ele>
      </trkpt>
      <trkpt lat="34.404789917171" lon="-119.52954998239875">
        <ele>12.52</ele>
      </trkpt>
      <trkpt lat="34.404789917171" lon="-119.52950991690159">
        <ele>12.5</ele>
      </trkpt>
      <trkpt lat="34.404789917171" lon="-119.52939994633198">
        <ele>12.48</ele>
      </trkpt>
      <trkpt lat="34.404789917171" lon="-119.52930992469192">
        <ele>12.46</ele>
      </trkpt>
      <trkpt lat="34.404789917171" lon="-119.52921998687088">
        <ele>12.43</ele>
      </trkpt>
      <trkpt lat="34.40477994270623" lon="-119.52911999076605">
        <ele>12.39</ele>
      </trkpt>
      <trkpt lat="34.40477994270623" lon="-119.52910993248224">
        <ele>12.36</ele>
      </trkpt>
      <trkpt lat="34.40476996824145" lon="-119.52901999466121">
        <ele>12.31</ele>
      </trkpt>
      <trkpt lat="34.4047399610281" lon="-119.52882997691631">
        <ele>12.27</ele>
      </trkpt>
      <trkpt lat="34.40471992827952" lon="-119.52868999913335">
        <ele>12.22</ele>
      </trkpt>
      <trkpt lat="34.404709953814745" lon="-119.52860995195806">
        <ele>12.17</ele>
      </trkpt>
      <trkpt lat="34.40467994660139" lon="-119.52830996364355">
        <ele>12.11</ele>
      </trkpt>
      <trkpt lat="34.40465999767184" lon="-119.52821994200349">
        <ele>12.05</ele>
      </trkpt>
      <trkpt lat="34.40462655387819" lon="-119.52794945798814">
        <ele>11.99</ele>
      </trkpt>
      <trkpt lat="34.404593193903565" lon="-119.5276789739728">
        <ele>11.92</ele>
      </trkpt>
      <trkpt lat="34.404559917747974" lon="-119.52740999870002">
        <ele>11.85</ele>
      </trkpt>
      <trkpt lat="34.40452488139272" lon="-119.52715954743326">
        <ele>11.78</ele>
      </trkpt>
      <trkpt lat="34.40448992885649" lon="-119.52690993435681">
        <ele>11.7</ele>
      </trkpt>
      <trkpt lat="34.404469979926944" lon="-119.52673994936049">
        <ele>11.62</ele>
      </trkpt>
      <trkpt lat="34.40445992164314" lon="-119.52664992772043">
        <ele>11.54</ele>
      </trkpt>
      <trkpt lat="34.404459251090884" lon="-119.52664674259722">
        <ele>11.45</ele>
      </trkpt>
      <trkpt lat="34.404169991612434" lon="-119.52663995325565">
        <ele>11.34</ele>
      </trkpt>
      <trkpt lat="34.40415993332863" lon="-119.52663995325565">
        <ele>11.25</ele>
      </trkpt>
      <trkpt lat="34.404019955545664" lon="-119.52663995325565">
        <ele>11.15</ele>
      </trkpt>
      <trkpt lat="34.403979973867536" lon="-119.52663995325565">
        <ele>11.06</ele>
      </trkpt>
      <trkpt lat="34.40377998165786" lon="-119.52661992050707">
        <ele>10.97</ele>
      </trkpt>
      <trkpt lat="34.40372994169593" lon="-119.52661992050707">
        <ele>10.87</ele>
      </trkpt>
      <trkpt lat="34.403589963912964" lon="-119.5266099460423">
        <ele>10.78</ele>
      </trkpt>
      <trkpt lat="34.40341545268893" lon="-119.52659502625465">
        <ele>10.69</ele>
      </trkpt>
      <trkpt lat="34.40323993563652" lon="-119.52657993882895">
        <ele>10.59</ele>
      </trkpt>
      <trkpt lat="34.40318997949362" lon="-119.52657993882895">
        <ele>10.49</ele>
      </trkpt>
      <trkpt lat="34.40305997617543" lon="-119.52656996436417">
        <ele>10.39</ele>
      </trkpt>
      <trkpt lat="34.40278999507427" lon="-119.52654993161559">
        <ele>10.29</ele>
      </trkpt>
      <trkpt lat="34.40260995179415" lon="-119.52652998268604">
        <ele>10.21</ele>
      </trkpt>
      <trkpt lat="34.40252998843789" lon="-119.52652998268604">
        <ele>10.13</ele>
      </trkpt>
      <trkpt lat="34.40245999954641" lon="-119.52651992440224">
        <ele>10.05</ele>
      </trkpt>
      <trkpt lat="34.40229043364525" lon="-119.52650994993746">
        <ele>9.97</ele>
      </trkpt>
      <trkpt lat="34.40211994573474" lon="-119.52649997547269">
        <ele>9.89</ele>
      </trkpt>
      <trkpt lat="34.40209999680519" lon="-119.52648991718888">
        <ele>9.82</ele>
      </trkpt>
      <trkpt lat="34.40198994241655" lon="-119.52648991718888">
        <ele>9.74</ele>
      </trkpt>
      <trkpt lat="34.401919953525066" lon="-119.52647994272411">
        <ele>9.67</ele>
      </trkpt>
      <trkpt lat="34.4017799757421" lon="-119.52646996825933">
        <ele>9.61</ele>
      </trkpt>
      <trkpt lat="34.40178249031305" lon="-119.52646887861192">
        <ele>9.56</ele>
      </trkpt>
      <trkpt lat="34.40177117474377" lon="-119.5262539666146">
        <ele>9.52</ele>
      </trkpt>
      <trkpt lat="34.40175994299352" lon="-119.52603997662663">
        <ele>9.48</ele>
      </trkpt>
      <trkpt lat="34.40174996852875" lon="-119.52591994777322">
        <ele>9.44</ele>
      </trkpt>
      <trkpt lat="34.40172993578017" lon="-119.52565943822265">
        <ele>9.42</ele>
      </trkpt>
      <trkpt lat="34.40170998685062" lon="-119.52539993450046">
        <ele>9.39</ele>
      </trkpt>
      <trkpt lat="34.40169992856681" lon="-119.52532994560897">
        <ele>9.37</ele>
      </trkpt>
      <trkpt lat="34.40169992856681" lon="-119.52529993839562">
        <ele>9.35</ele>
      </trkpt>
      <trkpt lat="34.401684924960136" lon="-119.52501939609647">
        <ele>9.33</ele>
      </trkpt>
      <trkpt lat="34.40166992135346" lon="-119.52473994344473">
        <ele>9.32</ele>
      </trkpt>
      <trkpt lat="34.401659946888685" lon="-119.52466995455325">
        <ele>9.31</ele>
      </trkpt>
      <trkpt lat="34.40164997242391" lon="-119.5244599878788">
        <ele>9.34</ele>
      </trkpt>
      <trkpt lat="34.40162993967533" lon="-119.52415999956429">
        <ele>9.33</ele>
      </trkpt>
      <trkpt lat="34.40161996521056" lon="-119.52404994517565">
        <ele>9.33</ele>
      </trkpt>
      <trkpt lat="34.40160999074578" lon="-119.5238899346441">
        <ele>9.34</ele>
      </trkpt>
      <trkpt lat="34.4015899579972" lon="-119.5235899463296">
        <ele>9.34</ele>
      </trkpt>
      <trkpt lat="34.401574954390526" lon="-119.52331946231425">
        <ele>9.34</ele>
      </trkpt>
      <trkpt lat="34.40155995078385" lon="-119.52304998412728">
        <ele>9.35</ele>
      </trkpt>
      <trkpt lat="34.40153991803527" lon="-119.52287999913096">
        <ele>9.36</ele>
      </trkpt>
      <trkpt lat="34.40153991803527" lon="-119.5228399336338">
        <ele>9.37</ele>
      </trkpt>
      <trkpt lat="34.401529943570495" lon="-119.52268998138607">
        <ele>9.38</ele>
      </trkpt>
      <trkpt lat="34.40151996910572" lon="-119.52262996695936">
        <ele>9.39</ele>
      </trkpt>
      <trkpt lat="34.401509994640946" lon="-119.52255997806787">
        <ele>9.41</ele>
      </trkpt>
      <trkpt lat="34.401489961892366" lon="-119.52242997474968">
        <ele>9.42</ele>
      </trkpt>
      <trkpt lat="34.40145995467901" lon="-119.52225998975337">
        <ele>9.43</ele>
      </trkpt>
      <trkpt lat="34.40145995467901" lon="-119.52224993146956">
        <ele>9.44</ele>
      </trkpt>
      <trkpt lat="34.401419973000884" lon="-119.52207994647324">
        <ele>9.46</ele>
      </trkpt>
      <trkpt lat="34.40138996578753" lon="-119.52193996869028">
        <ele>9.47</ele>
      </trkpt>
      <trkpt lat="34.401359958574176" lon="-119.52181993983686">
        <ele>9.48</ele>
      </trkpt>
      <trkpt lat="34.4013499841094" lon="-119.52181993983686">
        <ele>9.5</ele>
      </trkpt>
      <trkpt lat="34.40128996968269" lon="-119.52161994762719">
        <ele>9.51</ele>
      </trkpt>
      <trkpt lat="34.40126993693411" lon="-119.5215499587357">
        <ele>9.52</ele>
      </trkpt>
      <trkpt lat="34.401209922507405" lon="-119.52139992266893">
        <ele>9.54</ele>
      </trkpt>
      <trkpt lat="34.40112995915115" lon="-119.52120998874307">
        <ele>9.55</ele>
      </trkpt>
      <trkpt lat="34.401059970259666" lon="-119.52106992714107">
        <ele>9.57</ele>
      </trkpt>
      <trkpt lat="34.401059970259666" lon="-119.5210599526763">
        <ele>9.58</ele>
      </trkpt>
      <trkpt lat="34.40097992308438" lon="-119.52091997489333">
        <ele>9.59</ele>
      </trkpt>
      <trkpt lat="34.40095997415483" lon="-119.5208799932152">
        <ele>9.61</ele>
      </trkpt>
      <trkpt lat="34.400929966941476" lon="-119.5208199787885">
        <ele>9.64</ele>
      </trkpt>
      <trkpt lat="34.40088998526335" lon="-119.52074998989701">
        <ele>9.65</ele>
      </trkpt>
      <trkpt lat="34.40075998194516" lon="-119.52056994661689">
        <ele>9.67</ele>
      </trkpt>
      <trkpt lat="34.40070994198322" lon="-119.52047992497683">
        <ele>9.7</ele>
      </trkpt>
      <trkpt lat="34.40059997141361" lon="-119.52034992165864">
        <ele>9.72</ele>
      </trkpt>
      <trkpt lat="34.40044499002397" lon="-119.52017004601657">
        <ele>9.74</ele>
      </trkpt>
      <trkpt lat="34.4002899248153" lon="-119.51998991891742">
        <ele>9.74</ele>
      </trkpt>
      <trkpt lat="34.40018992871046" lon="-119.5198799483478">
        <ele>9.78</ele>
      </trkpt>
      <trkpt lat="34.40005003474653" lon="-119.51971004717052">
        <ele>9.83</ele>
      </trkpt>
      <trkpt lat="34.39990997314453" lon="-119.51953997835517">
        <ele>9.85</ele>
      </trkpt>
      <trkpt lat="34.399809977039695" lon="-119.51941994950175">
        <ele>9.89</ele>
      </trkpt>
      <trkpt lat="34.399679973721504" lon="-119.51924996450543">
        <ele>9.93</ele>
      </trkpt>
      <trkpt lat="34.39956991933286" lon="-119.51911996118724">
        <ele>9.97</ele>
      </trkpt>
      <trkpt lat="34.39939993433654" lon="-119.51891996897757">
        <ele>10.01</ele>
      </trkpt>
      <trkpt lat="34.399339919909835" lon="-119.51884998008609">
        <ele>10.05</ele>
      </trkpt>
      <trkpt lat="34.39925995655358" lon="-119.51875995844603">
        <ele>10.1</ele>
      </trkpt>
      <trkpt lat="34.39909500069916" lon="-119.51857002452016">
        <ele>10.15</ele>
      </trkpt>
      <trkpt lat="34.398929961025715" lon="-119.51837992295623">
        <ele>10.2</ele>
      </trkpt>
      <trkpt lat="34.39874991774559" lon="-119.518159981817">
        <ele>10.25</ele>
      </trkpt>
      <trkpt lat="34.39871999435127" lon="-119.51811991631985">
        <ele>10.31</ele>
      </trkpt>
      <trkpt lat="34.3985699582845" lon="-119.51794993132353">
        <ele>10.36</ele>
      </trkpt>
      <trkpt lat="34.39851991832256" lon="-119.51787994243205">
        <ele>10.42</ele>
      </trkpt>
      <trkpt lat="34.3983799405396" lon="-119.51770995743573">
        <ele>10.49</ele>
      </trkpt>
      <trkpt lat="34.39827994443476" lon="-119.51759998686612">
        <ele>10.55</ele>
      </trkpt>
      <trkpt lat="34.398154970258474" lon="-119.51745003461838">
        <ele>10.62</ele>
      </trkpt>
      <trkpt lat="34.39802999608219" lon="-119.51729999855161">
        <ele>10.71</ele>
      </trkpt>
      <trkpt lat="34.39798993058503" lon="-119.51724995858967">
        <ele>10.79</ele>
      </trkpt>
      <trkpt lat="34.397939974442124" lon="-119.51719991862774">
        <ele>10.85</ele>
      </trkpt>
      <trkpt lat="34.39773000776768" lon="-119.5169500540942">
        <ele>10.93</ele>
      </trkpt>
      <trkpt lat="34.3975199572742" lon="-119.51669993810356">
        <ele>11.0</ele>
      </trkpt>
      <trkpt lat="34.39743999391794" lon="-119.5166099164635">
        <ele>11.07</ele>
      </trkpt>
      <trkpt lat="34.39734997227788" lon="-119.51649994589388">
        <ele>11.14</ele>
      </trkpt>
      <trkpt lat="34.39717998728156" lon="-119.51628997921944">
        <ele>11.21</ele>
      </trkpt>
      <trkpt lat="34.397079991176724" lon="-119.5161799248308">
        <ele>11.28</ele>
      </trkpt>
      <trkpt lat="34.39698996953666" lon="-119.51606995426118">
        <ele>11.36</ele>
      </trkpt>
      <trkpt lat="34.39687496982515" lon="-119.51593500562012">
        <ele>11.44</ele>
      </trkpt>
      <trkpt lat="34.396759970113635" lon="-119.51579997316003">
        <ele>11.52</ele>
      </trkpt>
      <trkpt lat="34.396649999544024" lon="-119.51565999537706">
        <ele>11.58</ele>
      </trkpt>
      <trkpt lat="34.39652997069061" lon="-119.51552999205887">
        <ele>11.65</ele>
      </trkpt>
      <trkpt lat="34.39640499651432" lon="-119.51538003981113">
        <ele>11.71</ele>
      </trkpt>
      <trkpt lat="34.396279938519" lon="-119.51522991992533">
        <ele>11.76</ele>
      </trkpt>
      <trkpt lat="34.396069971844554" lon="-119.51495993882418">
        <ele>11.82</ele>
      </trkpt>
      <trkpt lat="34.39591993577778" lon="-119.51477997936308">
        <ele>11.87</ele>
      </trkpt>
      <trkpt lat="34.39581993967295" lon="-119.51466992497444">
        <ele>11.92</ele>
      </trkpt>
      <trkpt lat="34.39567501656711" lon="-119.51450002379715">
        <ele>11.97</ele>
      </trkpt>
      <trkpt lat="34.39552992582321" lon="-119.5143299549818">
        <ele>12.01</ele>
      </trkpt>
      <trkpt lat="34.39537997357547" lon="-119.51415996998549">
        <ele>12.05</ele>
      </trkpt>
      <trkpt lat="34.39519993029535" lon="-119.513949919492">
        <ele>12.12</ele>
      </trkpt>
      <trkpt lat="34.39507998526096" lon="-119.51380994170904">
        <ele>12.16</ele>
      </trkpt>
      <trkpt lat="34.39500999636948" lon="-119.51372997835279">
        <ele>12.19</ele>
      </trkpt>
      <trkpt lat="34.39489994198084" lon="-119.5135999750346">
        <ele>12.22</ele>
      </trkpt>
      <trkpt lat="34.39472995698452" lon="-119.51339998282492">
        <ele>12.25</ele>
      </trkpt>
      <trkpt lat="34.39461998641491" lon="-119.51326997950673">
        <ele>12.27</ele>
      </trkpt>
      <trkpt lat="34.39447992481291" lon="-119.5130899362266">
        <ele>12.29</ele>
      </trkpt>
      <trkpt lat="34.39433500170708" lon="-119.51290997676551">
        <ele>12.31</ele>
      </trkpt>
      <trkpt lat="34.39418999478221" lon="-119.51272993348539">
        <ele>12.33</ele>
      </trkpt>
      <trkpt lat="34.39405999146402" lon="-119.51257998123765">
        <ele>12.34</ele>
      </trkpt>
      <trkpt lat="34.39392998814583" lon="-119.51242994517088">
        <ele>12.35</ele>
      </trkpt>
      <trkpt lat="34.39388992264867" lon="-119.51238996349275">
        <ele>12.37</ele>
      </trkpt>
      <trkpt lat="34.39377500675619" lon="-119.51224998570979">
        <ele>12.38</ele>
      </trkpt>
      <trkpt lat="34.39365992322564" lon="-119.51210992410779">
        <ele>12.39</ele>
      </trkpt>
      <trkpt lat="34.39348004758358" lon="-119.51190004125237">
        <ele>12.41</ele>
      </trkpt>
      <trkpt lat="34.393299920484424" lon="-119.5116899907589">
        <ele>12.42</ele>
      </trkpt>
      <trkpt lat="34.39317997545004" lon="-119.51153995469213">
        <ele>12.44</ele>
      </trkpt>
      <trkpt lat="34.393019964918494" lon="-119.51134993694723">
        <ele>12.46</ele>
      </trkpt>
      <trkpt lat="34.39292994327843" lon="-119.51123996637762">
        <ele>12.48</ele>
      </trkpt>
      <trkpt lat="34.392889961600304" lon="-119.51118992641568">
        <ele>12.5</ele>
      </trkpt>
      <trkpt lat="34.39287998713553" lon="-119.51117995195091">
        <ele>12.53</ele>
      </trkpt>
      <trkpt lat="34.392829947173595" lon="-119.511129995808">
        <ele>12.56</ele>
      </trkpt>
      <trkpt lat="34.39279993996024" lon="-119.51108993031085">
        <ele>12.6</ele>
      </trkpt>
      <trkpt lat="34.39270991832018" lon="-119.51096998527646">
        <ele>12.64</ele>
      </trkpt>
      <trkpt lat="34.39266993664205" lon="-119.51091994531453">
        <ele>12.69</ele>
      </trkpt>
      <trkpt lat="34.39248997718096" lon="-119.51064996421337">
        <ele>12.75</ele>
      </trkpt>
      <trkpt lat="34.392419988289475" lon="-119.51053999364376">
        <ele>12.81</ele>
      </trkpt>
      <trkpt lat="34.39238998107612" lon="-119.51047997921705">
        <ele>12.88</ele>
      </trkpt>
      <trkpt lat="34.392289984971285" lon="-119.51031996868551">
        <ele>12.97</ele>
      </trkpt>
      <trkpt lat="34.392249919474125" lon="-119.51024997979403">
        <ele>13.07</ele>
      </trkpt>
      <trkpt lat="34.39216995611787" lon="-119.51008996926248">
        <ele>13.17</ele>
      </trkpt>
      <trkpt lat="34.39206996001303" lon="-119.50986994430423">
        <ele>13.28</ele>
      </trkpt>
      <trkpt lat="34.392029978334904" lon="-119.50977992266417">
        <ele>13.39</ele>
      </trkpt>
      <trkpt lat="34.39199997112155" lon="-119.50972996652126">
        <ele>13.51</ele>
      </trkpt>
      <trkpt lat="34.391969963908195" lon="-119.50962997041643">
        <ele>13.64</ele>
      </trkpt>
      <trkpt lat="34.39186996780336" lon="-119.50935998931527">
        <ele>13.8</ele>
      </trkpt>
      <trkpt lat="34.39179997891188" lon="-119.50916997157037">
        <ele>13.97</ele>
      </trkpt>
      <trkpt lat="34.39173996448517" lon="-119.50897995382547">
        <ele>14.13</ele>
      </trkpt>
      <trkpt lat="34.39169998280704" lon="-119.50885992497206">
        <ele>14.3</ele>
      </trkpt>
      <trkpt lat="34.39162999391556" lon="-119.50865993276238">
        <ele>14.49</ele>
      </trkpt>
      <trkpt lat="34.39150996506214" lon="-119.50830998830497">
        <ele>14.7</ele>
      </trkpt>
      <trkpt lat="34.39142991788685" lon="-119.5080999378115">
        <ele>14.91</ele>
      </trkpt>
      <trkpt lat="34.39141994342208" lon="-119.50805995613337">
        <ele>15.13</ele>
      </trkpt>
      <trkpt lat="34.391279965639114" lon="-119.50773993507028">
        <ele>15.36</ele>
      </trkpt>
      <trkpt lat="34.39124995842576" lon="-119.50767992064357">
        <ele>15.6</ele>
      </trkpt>
      <trkpt lat="34.391199918463826" lon="-119.50757992453873">
        <ele>15.85</ele>
      </trkpt>
      <trkpt lat="34.3911599367857" lon="-119.50749996118248">
        <ele>16.12</ele>
      </trkpt>
      <trkpt lat="34.39109992235899" lon="-119.50737993232906">
        <ele>16.38</ele>
      </trkpt>
      <trkpt lat="34.39099992625415" lon="-119.50718999840319">
        <ele>16.65</ele>
      </trkpt>
      <trkpt lat="34.39088995568454" lon="-119.50695999898016">
        <ele>16.93</ele>
      </trkpt>
      <trkpt lat="34.390829941257834" lon="-119.50682999566197">
        <ele>17.23</ele>
      </trkpt>
      <trkpt lat="34.390789959579706" lon="-119.50673997402191">
        <ele>17.53</ele>
      </trkpt>
      <trkpt lat="34.39068996347487" lon="-119.50653998181224">
        <ele>17.85</ele>
      </trkpt>
      <trkpt lat="34.39057999290526" lon="-119.50630998238921">
        <ele>18.16</ele>
      </trkpt>
      <trkpt lat="34.3904899712652" lon="-119.50612993910909">
        <ele>18.51</ele>
      </trkpt>
      <trkpt lat="34.39042995683849" lon="-119.505949979648">
        <ele>18.86</ele>
      </trkpt>
      <trkpt lat="34.39040992408991" lon="-119.50588996522129">
        <ele>19.21</ele>
      </trkpt>
      <trkpt lat="34.390379916876554" lon="-119.50579994358122">
        <ele>19.56</ele>
      </trkpt>
      <trkpt lat="34.39032996073365" lon="-119.50564999133348">
        <ele>19.91</ele>
      </trkpt>
      <trkpt lat="34.39032996073365" lon="-119.5056299585849">
        <ele>20.27</ele>
      </trkpt>
      <trkpt lat="34.3902999535203" lon="-119.50550992973149">
        <ele>20.65</ele>
      </trkpt>
      <trkpt lat="34.39027992077172" lon="-119.5053899846971">
        <ele>21.03</ele>
      </trkpt>
      <trkpt lat="34.390249997377396" lon="-119.5051999669522">
        <ele>21.42</ele>
      </trkpt>
      <trkpt lat="34.390209931880236" lon="-119.50503995642066">
        <ele>21.81</ele>
      </trkpt>
      <trkpt lat="34.39016995020211" lon="-119.50485999695957">
        <ele>22.2</ele>
      </trkpt>
      <trkpt lat="34.39012996852398" lon="-119.50468992814422">
        <ele>22.59</ele>
      </trkpt>
      <trkpt lat="34.39006995409727" lon="-119.50447996146977">
        <ele>22.98</ele>
      </trkpt>
      <trkpt lat="34.39000993967056" lon="-119.50424996204674">
        <ele>23.36</ele>
      </trkpt>
      <trkpt lat="34.38993995077908" lon="-119.50400998815894">
        <ele>23.73</ele>
      </trkpt>
      <trkpt lat="34.389833165332675" lon="-119.50367286801338">
        <ele>24.07</ele>
      </trkpt>
      <trkpt lat="34.38972637988627" lon="-119.50333574786782">
        <ele>24.45</ele>
      </trkpt>
      <trkpt lat="34.38961992971599" lon="-119.50299996882677">
        <ele>24.82</ele>
      </trkpt>
      <trkpt lat="34.389533177018166" lon="-119.50272629968822">
        <ele>25.14</ele>
      </trkpt>
      <trkpt lat="34.38944642432034" lon="-119.50245254673064">
        <ele>25.48</ele>
      </trkpt>
      <trkpt lat="34.38935992307961" lon="-119.5021799672395">
        <ele>25.78</ele>
      </trkpt>
      <trkpt lat="34.38927995972335" lon="-119.50194996781647">
        <ele>26.06</ele>
      </trkpt>
      <trkpt lat="34.38920997083187" lon="-119.50172994285822">
        <ele>26.35</ele>
      </trkpt>
      <trkpt lat="34.38916998915374" lon="-119.50163992121816">
        <ele>26.62</ele>
      </trkpt>
      <trkpt lat="34.38914995640516" lon="-119.50158996507525">
        <ele>26.87</ele>
      </trkpt>
      <trkpt lat="34.389109974727035" lon="-119.50149994343519">
        <ele>27.1</ele>
      </trkpt>
      <trkpt lat="34.389089941978455" lon="-119.50144998729229">
        <ele>27.32</ele>
      </trkpt>
      <trkpt lat="34.38907996751368" lon="-119.50143992900848">
        <ele>27.52</ele>
      </trkpt>
      <trkpt lat="34.38907996751368" lon="-119.50142995454371">
        <ele>27.71</ele>
      </trkpt>
      <trkpt lat="34.38899992033839" lon="-119.50125996954739">
        <ele>27.9</ele>
      </trkpt>
      <trkpt lat="34.38898994587362" lon="-119.50122996233404">
        <ele>28.07</ele>
      </trkpt>
      <trkpt lat="34.38890998251736" lon="-119.50106995180249">
        <ele>28.23</ele>
      </trkpt>
      <trkpt lat="34.3888699170202" lon="-119.50099996291101">
        <ele>28.37</ele>
      </trkpt>
      <trkpt lat="34.388809986412525" lon="-119.5008899923414">
        <ele>28.5</ele>
      </trkpt>
      <trkpt lat="34.38879992812872" lon="-119.50086995959282">
        <ele>28.61</ele>
      </trkpt>
      <trkpt lat="34.38877997919917" lon="-119.50082997791469">
        <ele>28.72</ele>
      </trkpt>
      <trkpt lat="34.38868995755911" lon="-119.50067994184792">
        <ele>28.81</ele>
      </trkpt>
      <trkpt lat="34.388619968667626" lon="-119.50055999681354">
        <ele>28.9</ele>
      </trkpt>
      <trkpt lat="34.388599935919046" lon="-119.50053996406496">
        <ele>28.99</ele>
      </trkpt>
      <trkpt lat="34.38858996145427" lon="-119.5005099568516">
        <ele>29.06</ele>
      </trkpt>
      <trkpt lat="34.38853992149234" lon="-119.5004499424249">
        <ele>29.13</ele>
      </trkpt>
      <trkpt lat="34.38841997645795" lon="-119.5002699829638">
        <ele>29.2</ele>
      </trkpt>
      <trkpt lat="34.38830992206931" lon="-119.50010494329035">
        <ele>29.26</ele>
      </trkpt>
      <trkpt lat="34.3881999514997" lon="-119.49993998743594">
        <ele>29.33</ele>
      </trkpt>
      <trkpt lat="34.388099955394864" lon="-119.49980998411775">
        <ele>29.39</ele>
      </trkpt>
      <trkpt lat="34.38797992654145" lon="-119.49963999912143">
        <ele>29.45</ele>
      </trkpt>
      <trkpt lat="34.387799967080355" lon="-119.49938996694982">
        <ele>29.52</ele>
      </trkpt>
      <trkpt lat="34.387689996510744" lon="-119.4992199819535">
        <ele>29.59</ele>
      </trkpt>
      <trkpt lat="34.387669963762164" lon="-119.49919994920492">
        <ele>29.66</ele>
      </trkpt>
      <trkpt lat="34.38765998929739" lon="-119.49917991645634">
        <ele>29.73</ele>
      </trkpt>
      <trkpt lat="34.38761992380023" lon="-119.49911998584867">
        <ele>29.81</ele>
      </trkpt>
      <trkpt lat="34.38756996765733" lon="-119.4990299642086">
        <ele>29.89</ele>
      </trkpt>
      <trkpt lat="34.38750995323062" lon="-119.49892996810377">
        <ele>29.99</ele>
      </trkpt>
      <trkpt lat="34.38746997155249" lon="-119.49884992092848">
        <ele>30.11</ele>
      </trkpt>
      <trkpt lat="34.38745999708772" lon="-119.49882997199893">
        <ele>30.23</ele>
      </trkpt>
      <trkpt lat="34.38744993880391" lon="-119.49881999753416">
        <ele>30.35</ele>
      </trkpt>
      <trkpt lat="34.38740995712578" lon="-119.4987299758941">
        <ele>30.5</ele>
      </trkpt>
      <trkpt lat="34.387349942699075" lon="-119.49856996536255">
        <ele>30.67</ele>
      </trkpt>
      <trkpt lat="34.38730996102095" lon="-119.49845999479294">
        <ele>30.83</ele>
      </trkpt>
      <trkpt lat="34.387306021526456" lon="-119.49845722876489">
        <ele>30.99</ele>
      </trkpt>
      <trkpt lat="34.38746997155249" lon="-119.49837994761765">
        <ele>31.14</ele>
      </trkpt>
      <trkpt lat="34.38764959573746" lon="-119.49830015189946">
        <ele>31.31</ele>
      </trkpt>
      <trkpt lat="34.38782997429371" lon="-119.4982199370861">
        <ele>31.5</ele>
      </trkpt>
      <trkpt lat="34.38793994486332" lon="-119.4981699809432">
        <ele>31.72</ele>
      </trkpt>
      <trkpt lat="34.38798998482525" lon="-119.49814994819462">
        <ele>31.93</ele>
      </trkpt>
      <trkpt lat="34.388079922646284" lon="-119.4981099665165">
        <ele>32.18</ele>
      </trkpt>
      <trkpt lat="34.38815996982157" lon="-119.49807995930314">
        <ele>32.44</ele>
      </trkpt>
      <trkpt lat="34.38828997313976" lon="-119.49801994487643">
        <ele>32.72</ele>
      </trkpt>
      <trkpt lat="34.38832995481789" lon="-119.49799999594688">
        <ele>32.98</ele>
      </trkpt>
      <trkpt lat="34.388379994779825" lon="-119.4979799631983">
        <ele>33.25</ele>
      </trkpt>
      <trkpt lat="34.38849993981421" lon="-119.49792992323637">
        <ele>33.53</ele>
      </trkpt>
      <trkpt lat="34.388599935919046" lon="-119.49787996709347">
        <ele>33.83</ele>
      </trkpt>
      <trkpt lat="34.38866992481053" lon="-119.49784995988011">
        <ele>34.12</ele>
      </trkpt>
      <trkpt lat="34.38875994645059" lon="-119.49780997820199">
        <ele>34.41</ele>
      </trkpt>
      <trkpt lat="34.38883999362588" lon="-119.49775993824005">
        <ele>34.71</ele>
      </trkpt>
      <trkpt lat="34.38890998251736" lon="-119.49771995656192">
        <ele>34.98</ele>
      </trkpt>
      <trkpt lat="34.38896999694407" lon="-119.49768994934857">
        <ele>35.25</ele>
      </trkpt>
      <trkpt lat="34.38901995308697" lon="-119.49764996767044">
        <ele>35.52</ele>
      </trkpt>
      <trkpt lat="34.38915993086994" lon="-119.4975499715656">
        <ele>35.8</ele>
      </trkpt>
      <trkpt lat="34.38915573991835" lon="-119.49755433015525">
        <ele>36.05</ele>
      </trkpt>
      <trkpt lat="34.38903998583555" lon="-119.49726993218064">
        <ele>36.29</ele>
      </trkpt>
      <trkpt lat="34.38896999694407" lon="-119.49712995439768">
        <ele>36.55</ele>
      </trkpt>
      <trkpt lat="34.388899924233556" lon="-119.49700992554426">
        <ele>36.79</ele>
      </trkpt>
      <trkpt lat="34.38879992812872" lon="-119.49684999883175">
        <ele>37.02</ele>
      </trkpt>
      <trkpt lat="34.38873999752104" lon="-119.49675997719169">
        <ele>37.25</ele>
      </trkpt>
      <trkpt lat="34.3886299431324" lon="-119.49658999219537">
        <ele>37.44</ele>
      </trkpt>
      <trkpt lat="34.388529947027564" lon="-119.49645998887718">
        <ele>37.67</ele>
      </trkpt>
      <trkpt lat="34.38847999088466" lon="-119.49637994170189">
        <ele>37.88</ele>
      </trkpt>
      <trkpt lat="34.38841997645795" lon="-119.49629997834563">
        <ele>38.08</ele>
      </trkpt>
      <trkpt lat="34.388379994779825" lon="-119.49623996391892">
        <ele>38.29</ele>
      </trkpt>
      <trkpt lat="34.38834998756647" lon="-119.49618992395699">
        <ele>38.51</ele>
      </trkpt>
      <trkpt lat="34.38827999867499" lon="-119.4960699789226">
        <ele>38.72</ele>
      </trkpt>
      <trkpt lat="34.388249991461635" lon="-119.49601993896067">
        <ele>38.93</ele>
      </trkpt>
      <trkpt lat="34.38821998424828" lon="-119.49596998281777">
        <ele>39.14</ele>
      </trkpt>
      <trkpt lat="34.388189977034926" lon="-119.49591994285583">
        <ele>39.35</ele>
      </trkpt>
      <trkpt lat="34.38815996982157" lon="-119.49584995396435">
        <ele>39.58</ele>
      </trkpt>
      <trkpt lat="34.388039940968156" lon="-119.4956299290061">
        <ele>39.84</ele>
      </trkpt>
      <trkpt lat="34.38798998482525" lon="-119.49549992568791">
        <ele>40.07</ele>
      </trkpt>
      <trkpt lat="34.38789485022426" lon="-119.49526472948492">
        <ele>40.32</ele>
      </trkpt>
      <trkpt lat="34.387799967080355" lon="-119.49502995237708">
        <ele>40.56</ele>
      </trkpt>
      <trkpt lat="34.387769959867" lon="-119.49493993073702">
        <ele>40.79</ele>
      </trkpt>
      <trkpt lat="34.38767314888537" lon="-119.49468302540481">
        <ele>41.02</ele>
      </trkpt>
      <trkpt lat="34.38757642172277" lon="-119.49442603625357">
        <ele>41.28</ele>
      </trkpt>
      <trkpt lat="34.387479946017265" lon="-119.49416996911168">
        <ele>41.57</ele>
      </trkpt>
      <trkpt lat="34.387414902448654" lon="-119.49396972544491">
        <ele>41.83</ele>
      </trkpt>
      <trkpt lat="34.387349942699075" lon="-119.49376998469234">
        <ele>42.11</ele>
      </trkpt>
      <trkpt lat="34.3873399682343" lon="-119.49373997747898">
        <ele>42.36</ele>
      </trkpt>
      <trkpt lat="34.38727995380759" lon="-119.49356999248266">
        <ele>42.62</ele>
      </trkpt>
      <trkpt lat="34.38720996491611" lon="-119.49336991645396">
        <ele>42.88</ele>
      </trkpt>
      <trkpt lat="34.3871499504894" lon="-119.49316992424428">
        <ele>43.13</ele>
      </trkpt>
      <trkpt lat="34.38707996159792" lon="-119.49295995756984">
        <ele>43.39</ele>
      </trkpt>
      <trkpt lat="34.38701491802931" lon="-119.49276968836784">
        <ele>43.66</ele>
      </trkpt>
      <trkpt lat="34.38694995827973" lon="-119.49257992208004">
        <ele>43.91</ele>
      </trkpt>
      <trkpt lat="34.38686999492347" lon="-119.49234992265701">
        <ele>44.16</ele>
      </trkpt>
      <trkpt lat="34.386809980496764" lon="-119.49214993044734">
        <ele>44.43</ele>
      </trkpt>
      <trkpt lat="34.386729933321476" lon="-119.49187994934618">
        <ele>44.7</ele>
      </trkpt>
      <trkpt lat="34.386679977178574" lon="-119.49173997156322">
        <ele>44.98</ele>
      </trkpt>
      <trkpt lat="34.386619962751865" lon="-119.49153997935355">
        <ele>45.25</ele>
      </trkpt>
      <trkpt lat="34.38654997386038" lon="-119.49132992886007">
        <ele>45.53</ele>
      </trkpt>
      <trkpt lat="34.386489959433675" lon="-119.4911299366504">
        <ele>45.83</ele>
      </trkpt>
      <trkpt lat="34.386469926685095" lon="-119.49108995497227">
        <ele>46.11</ele>
      </trkpt>
      <trkpt lat="34.38641997054219" lon="-119.49091996997595">
        <ele>46.41</ele>
      </trkpt>
      <trkpt lat="34.38632994890213" lon="-119.49060992337763">
        <ele>46.74</ele>
      </trkpt>
      <trkpt lat="34.38630999997258" lon="-119.49053993448615">
        <ele>47.05</ele>
      </trkpt>
      <trkpt lat="34.38626993447542" lon="-119.49039995670319">
        <ele>47.38</ele>
      </trkpt>
      <trkpt lat="34.38619994558394" lon="-119.49019996449351">
        <ele>47.73</ele>
      </trkpt>
      <trkpt lat="34.38613993115723" lon="-119.48998999781907">
        <ele>48.05</ele>
      </trkpt>
      <trkpt lat="34.38611998222768" lon="-119.48992998339236">
        <ele>48.35</ele>
      </trkpt>
      <trkpt lat="34.38603482209146" lon="-119.48965455405414">
        <ele>48.66</ele>
      </trkpt>
      <trkpt lat="34.385949997231364" lon="-119.48937996290624">
        <ele>48.97</ele>
      </trkpt>
      <trkpt lat="34.385889982804656" lon="-119.4891699962318">
        <ele>49.26</ele>
      </trkpt>
      <trkpt lat="34.3858031462878" lon="-119.48887285776436">
        <ele>49.58</ele>
      </trkpt>
      <trkpt lat="34.38571639358997" lon="-119.48857580311596">
        <ele>49.88</ele>
      </trkpt>
      <trkpt lat="34.385629976168275" lon="-119.48827992193401">
        <ele>50.19</ele>
      </trkpt>
      <trkpt lat="34.38556996174157" lon="-119.48804992251098">
        <ele>50.5</ele>
      </trkpt>
      <trkpt lat="34.385479940101504" lon="-119.48772998526692">
        <ele>50.79</ele>
      </trkpt>
      <trkpt lat="34.385419841855764" lon="-119.48753468692303">
        <ele>51.1</ele>
      </trkpt>
      <trkpt lat="34.38535999506712" lon="-119.48733997531235">
        <ele>51.39</ele>
      </trkpt>
      <trkpt lat="34.38529989682138" lon="-119.48713470250368">
        <ele>51.69</ele>
      </trkpt>
      <trkpt lat="34.3852399662137" lon="-119.4869299326092">
        <ele>51.97</ele>
      </trkpt>
      <trkpt lat="34.38518322072923" lon="-119.48663614690304">
        <ele>52.25</ele>
      </trkpt>
      <trkpt lat="34.38512647524476" lon="-119.48634227737784">
        <ele>52.55</ele>
      </trkpt>
      <trkpt lat="34.385069981217384" lon="-119.48604991659522">
        <ele>52.83</ele>
      </trkpt>
      <trkpt lat="34.38499320298433" lon="-119.48568605817854">
        <ele>53.09</ele>
      </trkpt>
      <trkpt lat="34.38491634093225" lon="-119.48532211594284">
        <ele>53.37</ele>
      </trkpt>
      <trkpt lat="34.38483998179436" lon="-119.4849599339068">
        <ele>53.62</ele>
      </trkpt>
      <trkpt lat="34.38477996736765" lon="-119.48470998555422">
        <ele>53.88</ele>
      </trkpt>
      <trkpt lat="34.384714839980006" lon="-119.48440446518362">
        <ele>54.12</ele>
      </trkpt>
      <trkpt lat="34.38464996404946" lon="-119.4840999506414">
        <ele>54.42</ele>
      </trkpt>
      <trkpt lat="34.384619956836104" lon="-119.4839199911803">
        <ele>54.68</ele>
      </trkpt>
      <trkpt lat="34.38458994962275" lon="-119.48361991904676">
        <ele>54.96</ele>
      </trkpt>
      <trkpt lat="34.38457494601607" lon="-119.48338950052857">
        <ele>55.19</ele>
      </trkpt>
      <trkpt lat="34.384559942409396" lon="-119.4831599202007">
        <ele>55.45</ele>
      </trkpt>
      <trkpt lat="34.38456991687417" lon="-119.48287996463478">
        <ele>55.69</ele>
      </trkpt>
      <trkpt lat="34.38456991687417" lon="-119.48281995020807">
        <ele>55.94</ele>
      </trkpt>
      <trkpt lat="34.38456991687417" lon="-119.48268994688988">
        <ele>56.18</ele>
      </trkpt>
      <trkpt lat="34.38459330238402" lon="-119.48239607736468">
        <ele>56.39</ele>
      </trkpt>
      <trkpt lat="34.38461668789387" lon="-119.48210220783949">
        <ele>56.64</ele>
      </trkpt>
      <trkpt lat="34.384639989584684" lon="-119.4818099308759">
        <ele>56.89</ele>
      </trkpt>
      <trkpt lat="34.38464996404946" lon="-119.48177992366254">
        <ele>57.17</ele>
      </trkpt>
      <trkpt lat="34.38469002954662" lon="-119.481456046924">
        <ele>57.45</ele>
      </trkpt>
      <trkpt lat="34.38473009504378" lon="-119.48113208636642">
        <ele>57.77</ele>
      </trkpt>
      <trkpt lat="34.384769992902875" lon="-119.48080996982753">
        <ele>58.08</ele>
      </trkpt>
      <trkpt lat="34.3847999162972" lon="-119.4805799704045">
        <ele>58.41</ele>
      </trkpt>
      <trkpt lat="34.3847999162972" lon="-119.48040998540819">
        <ele>58.76</ele>
      </trkpt>
      <trkpt lat="34.38477996736765" lon="-119.4803299382329">
        <ele>59.1</ele>
      </trkpt>
      <trkpt lat="34.38473998568952" lon="-119.48025994934142">
        <ele>59.45</ele>
      </trkpt>
      <trkpt lat="34.38466999679804" lon="-119.48020999319851">
        <ele>59.81</ele>
      </trkpt>
      <trkpt lat="34.38456991687417" lon="-119.48015995323658">
        <ele>60.23</ele>
      </trkpt>
      <trkpt lat="34.38441996462643" lon="-119.480139920488">
        <ele>60.72</ele>
      </trkpt>
      <trkpt lat="34.38442432321608" lon="-119.4801433570683">
        <ele>61.09</ele>
      </trkpt>
      <trkpt lat="34.38443220220506" lon="-119.47992626577616">
        <ele>61.49</ele>
      </trkpt>
      <trkpt lat="34.38443999737501" lon="-119.4797099288553">
        <ele>61.86</ele>
      </trkpt>
      <trkpt lat="34.38443999737501" lon="-119.47948998771608">
        <ele>62.28</ele>
      </trkpt>
      <trkpt lat="34.38444494269788" lon="-119.47924951091409">
        <ele>62.67</ele>
      </trkpt>
      <trkpt lat="34.384449971839786" lon="-119.47900995612144">
        <ele>63.06</ele>
      </trkpt>
      <trkpt lat="34.38445994630456" lon="-119.47865925729275">
        <ele>63.45</ele>
      </trkpt>
      <trkpt lat="34.384470004588366" lon="-119.47830864228308">
        <ele>63.82</ele>
      </trkpt>
      <trkpt lat="34.38447997905314" lon="-119.47795995511115">
        <ele>64.18</ele>
      </trkpt>
      <trkpt lat="34.38447997905314" lon="-119.47793992236257">
        <ele>64.52</ele>
      </trkpt>
      <trkpt lat="34.384489953517914" lon="-119.47766608558595">
        <ele>64.85</ele>
      </trkpt>
      <trkpt lat="34.38450001180172" lon="-119.47739224880934">
        <ele>65.21</ele>
      </trkpt>
      <trkpt lat="34.384509986266494" lon="-119.4771199207753">
        <ele>65.53</ele>
      </trkpt>
      <trkpt lat="34.384509986266494" lon="-119.47691992856562">
        <ele>65.84</ele>
      </trkpt>
      <trkpt lat="34.38451996073127" lon="-119.47689997963607">
        <ele>66.1</ele>
      </trkpt>
      <trkpt lat="34.38451996073127" lon="-119.47670996189117">
        <ele>66.36</ele>
      </trkpt>
      <trkpt lat="34.38453999347985" lon="-119.47651994414628">
        <ele>66.58</ele>
      </trkpt>
      <trkpt lat="34.384559942409396" lon="-119.47635993361473">
        <ele>66.79</ele>
      </trkpt>
      <trkpt lat="34.384579975157976" lon="-119.47624996304512">
        <ele>66.97</ele>
      </trkpt>
      <trkpt lat="34.384599924087524" lon="-119.47616999968886">
        <ele>67.12</ele>
      </trkpt>
      <trkpt lat="34.38459824770689" lon="-119.47617075406015">
        <ele>67.23</ele>
      </trkpt>
      <trkpt lat="34.384559942409396" lon="-119.47604997083545">
        <ele>67.31</ele>
      </trkpt>
      <trkpt lat="34.38454996794462" lon="-119.47602993808687">
        <ele>67.37</ele>
      </trkpt>
      <trkpt lat="34.38454996794462" lon="-119.47598995640874">
        <ele>67.39</ele>
      </trkpt>
      <trkpt lat="34.38453999347985" lon="-119.47590999305248">
        <ele>67.38</ele>
      </trkpt>
      <trkpt lat="34.38454996794462" lon="-119.47581997141242">
        <ele>67.34</ele>
      </trkpt>
      <trkpt lat="34.38454996794462" lon="-119.47574998252094">
        <ele>67.26</ele>
      </trkpt>
      <trkpt lat="34.384559942409396" lon="-119.4754599686712">
        <ele>67.14</ele>
      </trkpt>
      <trkpt lat="34.384559942409396" lon="-119.47537992149591">
        <ele>66.99</ele>
      </trkpt>
      <trkpt lat="34.38454996794462" lon="-119.4752699509263">
        <ele>66.8</ele>
      </trkpt>
      <trkpt lat="34.38452993519604" lon="-119.47516995482147">
        <ele>66.6</ele>
      </trkpt>
      <trkpt lat="34.38452993519604" lon="-119.47514992207289">
        <ele>66.38</ele>
      </trkpt>
      <trkpt lat="34.38445994630456" lon="-119.47495998814702">
        <ele>66.09</ele>
      </trkpt>
      <trkpt lat="34.384429939091206" lon="-119.47489997372031">
        <ele>65.8</ele>
      </trkpt>
      <trkpt lat="34.38438995741308" lon="-119.47479997761548">
        <ele>65.47</ele>
      </trkpt>
      <trkpt lat="34.38432994298637" lon="-119.47470995597541">
        <ele>65.1</ele>
      </trkpt>
      <trkpt lat="34.38428996130824" lon="-119.47466997429729">
        <ele>64.7</ele>
      </trkpt>
      <trkpt lat="34.38422994688153" lon="-119.47461993433535">
        <ele>64.26</ele>
      </trkpt>
      <trkpt lat="34.384149983525276" lon="-119.47455991990864">
        <ele>63.74</ele>
      </trkpt>
      <trkpt lat="34.384079994633794" lon="-119.47452999651432">
        <ele>63.23</ele>
      </trkpt>
      <trkpt lat="34.38406993634999" lon="-119.47451993823051">
        <ele>62.76</ele>
      </trkpt>
      <trkpt lat="34.38398997299373" lon="-119.47449998930097">
        <ele>62.29</ele>
      </trkpt>
      <trkpt lat="34.38390992581844" lon="-119.47450996376574">
        <ele>61.8</ele>
      </trkpt>
      <trkpt lat="34.38382996246219" lon="-119.47452999651432">
        <ele>61.31</ele>
      </trkpt>
      <trkpt lat="34.38377992250025" lon="-119.47455991990864">
        <ele>60.78</ele>
      </trkpt>
      <trkpt lat="34.383739940822124" lon="-119.474589927122">
        <ele>60.22</ele>
      </trkpt>
      <trkpt lat="34.383699959143996" lon="-119.47460995987058">
        <ele>59.64</ele>
      </trkpt>
      <trkpt lat="34.38361999578774" lon="-119.47471993044019">
        <ele>59.1</ele>
      </trkpt>
      <trkpt lat="34.38348999246955" lon="-119.47485999204218">
        <ele>58.56</ele>
      </trkpt>
      <trkpt lat="34.38340994529426" lon="-119.47492998093367">
        <ele>57.9</ele>
      </trkpt>
      <trkpt lat="34.38333995640278" lon="-119.47497993707657">
        <ele>57.22</ele>
      </trkpt>
      <trkpt lat="34.38322998583317" lon="-119.4750299770385">
        <ele>56.47</ele>
      </trkpt>
      <trkpt lat="34.38314993865788" lon="-119.47503995150328">
        <ele>55.67</ele>
      </trkpt>
      <trkpt lat="34.38310995697975" lon="-119.47504992596805">
        <ele>54.9</ele>
      </trkpt>
      <trkpt lat="34.38297995366156" lon="-119.47504992596805">
        <ele>54.0</ele>
      </trkpt>
      <trkpt lat="34.38296997919679" lon="-119.47503995150328">
        <ele>53.18</ele>
      </trkpt>
      <trkpt lat="34.38290996477008" lon="-119.4750299770385">
        <ele>52.32</ele>
      </trkpt>
      <trkpt lat="34.382899990305305" lon="-119.4750299770385">
        <ele>51.5</ele>
      </trkpt>
      <trkpt lat="34.38280996866524" lon="-119.47499996982515">
        <ele>50.54</ele>
      </trkpt>
      <trkpt lat="34.38271994702518" lon="-119.4749699626118">
        <ele>49.59</ele>
      </trkpt>
      <trkpt lat="34.38265993259847" lon="-119.47494992986321">
        <ele>48.74</ele>
      </trkpt>
      <trkpt lat="34.38256999477744" lon="-119.47493995539844">
        <ele>47.9</ele>
      </trkpt>
      <trkpt lat="34.382409984245896" lon="-119.47492998093367">
        <ele>47.07</ele>
      </trkpt>
      <trkpt lat="34.38228995539248" lon="-119.47491992264986">
        <ele>46.27</ele>
      </trkpt>
      <trkpt lat="34.382259948179126" lon="-119.47489997372031">
        <ele>45.44</ele>
      </trkpt>
      <trkpt lat="34.38219993375242" lon="-119.47487994097173">
        <ele>44.61</ele>
      </trkpt>
      <trkpt lat="34.382129944860935" lon="-119.47481992654502">
        <ele>43.75</ele>
      </trkpt>
      <trkpt lat="34.38209993764758" lon="-119.47479997761548">
        <ele>42.93</ele>
      </trkpt>
      <trkpt lat="34.38206993043423" lon="-119.47476997040212">
        <ele>42.12</ele>
      </trkpt>
      <trkpt lat="34.381979992613196" lon="-119.47465999983251">
        <ele>41.28</ele>
      </trkpt>
      <trkpt lat="34.381869938224554" lon="-119.47450996376574">
        <ele>40.41</ele>
      </trkpt>
      <trkpt lat="34.38177991658449" lon="-119.47442991659045">
        <ele>39.66</ele>
      </trkpt>
      <trkpt lat="34.38173993490636" lon="-119.47439999319613">
        <ele>38.93</ele>
      </trkpt>
      <trkpt lat="34.381679920479655" lon="-119.47435992769897">
        <ele>38.22</ele>
      </trkpt>
      <trkpt lat="34.38161998987198" lon="-119.47432992048562">
        <ele>37.52</ele>
      </trkpt>
      <trkpt lat="34.381569949910045" lon="-119.47430997155607">
        <ele>36.82</ele>
      </trkpt>
      <trkpt lat="34.38149996101856" lon="-119.47427996434271">
        <ele>36.1</ele>
      </trkpt>
      <trkpt lat="34.381399964913726" lon="-119.47425993159413">
        <ele>35.43</ele>
      </trkpt>
      <trkpt lat="34.38132997602224" lon="-119.47424995712936">
        <ele>34.78</ele>
      </trkpt>
      <trkpt lat="34.381249928846955" lon="-119.47422992438078">
        <ele>34.09</ele>
      </trkpt>
      <trkpt lat="34.3812199216336" lon="-119.47422992438078">
        <ele>33.45</ele>
      </trkpt>
      <trkpt lat="34.381159991025925" lon="-119.47422992438078">
        <ele>32.8</ele>
      </trkpt>
      <trkpt lat="34.38103996217251" lon="-119.47422992438078">
        <ele>32.14</ele>
      </trkpt>
      <trkpt lat="34.38101992942393" lon="-119.47422992438078">
        <ele>31.53</ele>
      </trkpt>
      <trkpt lat="34.38093996606767" lon="-119.47423998266459">
        <ele>30.91</ele>
      </trkpt>
      <trkpt lat="34.380859918892384" lon="-119.47424995712936">
        <ele>30.32</ele>
      </trkpt>
      <trkpt lat="34.38080996274948" lon="-119.47425993159413">
        <ele>29.73</ele>
      </trkpt>
      <trkpt lat="34.38062991946936" lon="-119.4742999970913">
        <ele>29.16</ele>
      </trkpt>
      <trkpt lat="34.380519948899746" lon="-119.4743499532342">
        <ele>28.61</ele>
      </trkpt>
      <trkpt lat="34.380449960008264" lon="-119.47438993491232">
        <ele>28.07</ele>
      </trkpt>
      <trkpt lat="34.38039992004633" lon="-119.4744099676609">
        <ele>27.53</ele>
      </trkpt>
      <trkpt lat="34.38018995337188" lon="-119.47455991990864">
        <ele>26.97</ele>
      </trkpt>
      <trkpt lat="34.380010245367885" lon="-119.47469478473067">
        <ele>26.42</ele>
      </trkpt>
      <trkpt lat="34.379829950630665" lon="-119.47482998482883">
        <ele>25.87</ele>
      </trkpt>
      <trkpt lat="34.379679998382926" lon="-119.47494992986321">
        <ele>25.32</ele>
      </trkpt>
      <trkpt lat="34.37953515909612" lon="-119.47505478747189">
        <ele>24.79</ele>
      </trkpt>
      <trkpt lat="34.37938998453319" lon="-119.4751599803567">
        <ele>24.26</ele>
      </trkpt>
      <trkpt lat="34.379249922931194" lon="-119.47525997646153">
        <ele>23.73</ele>
      </trkpt>
      <trkpt lat="34.379139952361584" lon="-119.47534999810159">
        <ele>23.2</ele>
      </trkpt>
      <trkpt lat="34.379099970683455" lon="-119.47538997977972">
        <ele>22.71</ele>
      </trkpt>
      <trkpt lat="34.37908999621868" lon="-119.4753999542445">
        <ele>22.26</ele>
      </trkpt>
      <trkpt lat="34.37903995625675" lon="-119.4754599686712">
        <ele>21.82</ele>
      </trkpt>
      <trkpt lat="34.37900994904339" lon="-119.47554999031126">
        <ele>21.38</ele>
      </trkpt>
      <trkpt lat="34.37900994904339" lon="-119.47556993924081">
        <ele>20.96</ele>
      </trkpt>
      <trkpt lat="34.37899997457862" lon="-119.4756399281323">
        <ele>20.56</ele>
      </trkpt>
      <trkpt lat="34.37899997457862" lon="-119.47571997530758">
        <ele>20.14</ele>
      </trkpt>
      <trkpt lat="34.37899997457862" lon="-119.47577998973429">
        <ele>19.74</ele>
      </trkpt>
      <trkpt lat="34.37899997457862" lon="-119.4758299458772">
        <ele>19.34</ele>
      </trkpt>
      <trkpt lat="34.37901992350817" lon="-119.47599993087351">
        <ele>18.96</ele>
      </trkpt>
      <trkpt lat="34.37903995625675" lon="-119.47616999968886">
        <ele>18.59</ele>
      </trkpt>
      <trkpt lat="34.37903995625675" lon="-119.47621995583177">
        <ele>18.22</ele>
      </trkpt>
      <trkpt lat="34.37904993072152" lon="-119.47642992250621">
        <ele>17.84</ele>
      </trkpt>
      <trkpt lat="34.3790699634701" lon="-119.47667995467782">
        <ele>17.45</ele>
      </trkpt>
      <trkpt lat="34.37905998900533" lon="-119.47677995078266">
        <ele>17.08</ele>
      </trkpt>
      <trkpt lat="34.37904993072152" lon="-119.47686997242272">
        <ele>16.71</ele>
      </trkpt>
      <trkpt lat="34.37901992350817" lon="-119.47696996852756">
        <ele>16.35</ele>
      </trkpt>
      <trkpt lat="34.37897994183004" lon="-119.47706996463239">
        <ele>15.98</ele>
      </trkpt>
      <trkpt lat="34.37897793017328" lon="-119.47706753388047">
        <ele>15.63</ele>
      </trkpt>
      <trkpt lat="34.37891992740333" lon="-119.47716996073723">
        <ele>15.29</ele>
      </trkpt>
      <trkpt lat="34.3788299895823" lon="-119.47728998959064">
        <ele>14.95</ele>
      </trkpt>
      <trkpt lat="34.378799982368946" lon="-119.47732997126877">
        <ele>14.59</ele>
      </trkpt>
      <trkpt lat="34.37873996794224" lon="-119.47739996016026">
        <ele>14.23</ele>
      </trkpt>
      <trkpt lat="34.37869998626411" lon="-119.47743994183838">
        <ele>13.89</ele>
      </trkpt>
      <trkpt lat="34.37865992076695" lon="-119.47748998180032">
        <ele>13.54</ele>
      </trkpt>
      <trkpt lat="34.37860996462405" lon="-119.47753993794322">
        <ele>13.21</ele>
      </trkpt>
      <trkpt lat="34.37855992466211" lon="-119.47756994515657">
        <ele>12.9</ele>
      </trkpt>
      <trkpt lat="34.37847996130586" lon="-119.47763993404806">
        <ele>12.57</ele>
      </trkpt>
      <trkpt lat="34.37845992855728" lon="-119.47765996679664">
        <ele>12.28</ele>
      </trkpt>
      <trkpt lat="34.378409972414374" lon="-119.47768997400999">
        <ele>11.99</ele>
      </trkpt>
      <trkpt lat="34.37831995077431" lon="-119.47775996290147">
        <ele>11.7</ele>
      </trkpt>
      <trkpt lat="34.378259936347604" lon="-119.4777999445796">
        <ele>11.44</ele>
      </trkpt>
      <trkpt lat="34.37815994024277" lon="-119.47783992625773">
        <ele>11.2</ele>
      </trkpt>
      <trkpt lat="34.37813999131322" lon="-119.47784998454154">
        <ele>11.01</ele>
      </trkpt>
      <trkpt lat="34.37796992249787" lon="-119.47790999896824">
        <ele>10.79</ele>
      </trkpt>
      <trkpt lat="34.377959948033094" lon="-119.47790999896824">
        <ele>10.66</ele>
      </trkpt>
      <trkpt lat="34.377789963036776" lon="-119.47793992236257">
        <ele>10.54</ele>
      </trkpt>
      <trkpt lat="34.377779988572" lon="-119.47793992236257">
        <ele>10.47</ele>
      </trkpt>
      <trkpt lat="34.37772994861007" lon="-119.47793992236257">
        <ele>10.42</ele>
      </trkpt>
      <trkpt lat="34.37759994529188" lon="-119.47794998064637">
        <ele>10.42</ele>
      </trkpt>
      <trkpt lat="34.3775899708271" lon="-119.47794998064637">
        <ele>10.43</ele>
      </trkpt>
      <trkpt lat="34.377549989148974" lon="-119.47794998064637">
        <ele>10.48</ele>
      </trkpt>
      <trkpt lat="34.377469941973686" lon="-119.47793992236257">
        <ele>10.57</ele>
      </trkpt>
      <trkpt lat="34.37742996029556" lon="-119.47793992236257">
        <ele>10.67</ele>
      </trkpt>
      <trkpt lat="34.37736994586885" lon="-119.47792994789779">
        <ele>10.81</ele>
      </trkpt>
      <trkpt lat="34.377359971404076" lon="-119.47792994789779">
        <ele>10.97</ele>
      </trkpt>
      <trkpt lat="34.37724991701543" lon="-119.47789994068444">
        <ele>11.16</ele>
      </trkpt>
      <trkpt lat="34.3771599791944" lon="-119.47786993347108">
        <ele>11.38</ele>
      </trkpt>
      <trkpt lat="34.37706995755434" lon="-119.47783992625773">
        <ele>11.64</ele>
      </trkpt>
      <trkpt lat="34.37704992480576" lon="-119.47783992625773">
        <ele>11.9</ele>
      </trkpt>
      <trkpt lat="34.37687993980944" lon="-119.47777999565005">
        <ele>12.22</ele>
      </trkpt>
      <trkpt lat="34.37670995481312" lon="-119.47770992293954">
        <ele>12.55</ele>
      </trkpt>
      <trkpt lat="34.376539969816804" lon="-119.47763993404806">
        <ele>12.89</ele>
      </trkpt>
      <trkpt lat="34.376479955390096" lon="-119.4776099268347">
        <ele>13.23</ele>
      </trkpt>
      <trkpt lat="34.37641994096339" lon="-119.47758997790515">
        <ele>13.56</ele>
      </trkpt>
      <trkpt lat="34.376369984820485" lon="-119.47757991962135">
        <ele>13.9</ele>
      </trkpt>
      <trkpt lat="34.37614995986223" lon="-119.47751998901367">
        <ele>14.25</ele>
      </trkpt>
      <trkpt lat="34.37612992711365" lon="-119.47750993072987">
        <ele>14.62</ele>
      </trkpt>
      <trkpt lat="34.376109978184104" lon="-119.47749995626509">
        <ele>14.99</ele>
      </trkpt>
      <trkpt lat="34.37601995654404" lon="-119.47746994905174">
        <ele>15.38</ele>
      </trkpt>
      <trkpt lat="34.37580546364188" lon="-119.47739015333354">
        <ele>15.85</ele>
      </trkpt>
      <trkpt lat="34.37558996491134" lon="-119.4773099385202">
        <ele>16.26</ele>
      </trkpt>
      <trkpt lat="34.37558728270233" lon="-119.47731253691018">
        <ele>16.64</ele>
      </trkpt>
      <trkpt lat="34.37551997601986" lon="-119.47694993577898">
        <ele>17.05</ele>
      </trkpt>
      <trkpt lat="34.37551997601986" lon="-119.4769399613142">
        <ele>17.42</ele>
      </trkpt>
      <trkpt lat="34.37551997601986" lon="-119.47673996910453">
        <ele>17.82</ele>
      </trkpt>
      <trkpt lat="34.37551662325859" lon="-119.47644936852157">
        <ele>18.24</ele>
      </trkpt>
      <trkpt lat="34.37551327049732" lon="-119.47615885175765">
        <ele>18.63</ele>
      </trkpt>
      <trkpt lat="34.37550991773605" lon="-119.47586992755532">
        <ele>19.0</ele>
      </trkpt>
      <trkpt lat="34.37549994327128" lon="-119.4756499864161">
        <ele>19.29</ele>
      </trkpt>
      <trkpt lat="34.37549994327128" lon="-119.47556993924081">
        <ele>19.56</ele>
      </trkpt>
      <trkpt lat="34.37551997601986" lon="-119.4752099364996">
        <ele>19.84</ele>
      </trkpt>
      <trkpt lat="34.37552995048463" lon="-119.47505998425186">
        <ele>20.07</ele>
      </trkpt>
      <trkpt lat="34.37552995048463" lon="-119.47499996982515">
        <ele>20.27</ele>
      </trkpt>
      <trkpt lat="34.37555995769799" lon="-119.4747799448669">
        <ele>20.48</ele>
      </trkpt>
      <trkpt lat="34.37557999044657" lon="-119.47455991990864">
        <ele>20.62</ele>
      </trkpt>
      <trkpt lat="34.375599939376116" lon="-119.4743499532342">
        <ele>20.72</ele>
      </trkpt>
      <trkpt lat="34.37560999765992" lon="-119.47427996434271">
        <ele>20.83</ele>
      </trkpt>
      <trkpt lat="34.37562994658947" lon="-119.47412992827594">
        <ele>20.89</ele>
      </trkpt>
      <trkpt lat="34.375679986551404" lon="-119.4739199616015">
        <ele>20.95</ele>
      </trkpt>
      <trkpt lat="34.37568996101618" lon="-119.47384997271001">
        <ele>21.0</ele>
      </trkpt>
      <trkpt lat="34.37573505565524" lon="-119.47358451783657">
        <ele>21.03</ele>
      </trkpt>
      <trkpt lat="34.37577998265624" lon="-119.47331998497248">
        <ele>21.02</ele>
      </trkpt>
      <trkpt lat="34.37583999708295" lon="-119.47306995280087">
        <ele>20.99</ele>
      </trkpt>
      <trkpt lat="34.37587997876108" lon="-119.47285998612642">
        <ele>20.94</ele>
      </trkpt>
      <trkpt lat="34.37592993490398" lon="-119.47264993563294">
        <ele>20.89</ele>
      </trkpt>
      <trkpt lat="34.37597997486591" lon="-119.4724399689585">
        <ele>20.82</ele>
      </trkpt>
      <trkpt lat="34.37601995654404" lon="-119.47222991846502">
        <ele>20.71</ele>
      </trkpt>
      <trkpt lat="34.376069996505976" lon="-119.47201961651444">
        <ele>20.63</ele>
      </trkpt>
      <trkpt lat="34.37611995264888" lon="-119.47180998511612">
        <ele>20.53</ele>
      </trkpt>
      <trkpt lat="34.37614501453936" lon="-119.47157453745604">
        <ele>20.42</ele>
      </trkpt>
      <trkpt lat="34.37616999261081" lon="-119.47133992798626">
        <ele>20.32</ele>
      </trkpt>
      <trkpt lat="34.37618499621749" lon="-119.4710844475776">
        <ele>20.18</ele>
      </trkpt>
      <trkpt lat="34.376199999824166" lon="-119.47082997299731">
        <ele>20.06</ele>
      </trkpt>
      <trkpt lat="34.37620494514704" lon="-119.47052939794958">
        <ele>19.92</ele>
      </trkpt>
      <trkpt lat="34.37620997428894" lon="-119.47022999636829">
        <ele>19.74</ele>
      </trkpt>
      <trkpt lat="34.37620997428894" lon="-119.47006998583674">
        <ele>19.57</ele>
      </trkpt>
      <trkpt lat="34.376199916005135" lon="-119.46985457092524">
        <ele>19.37</ele>
      </trkpt>
      <trkpt lat="34.37618994154036" lon="-119.46963999420404">
        <ele>19.21</ele>
      </trkpt>
      <trkpt lat="34.37618994154036" lon="-119.4694799836725">
        <ele>19.06</ele>
      </trkpt>
      <trkpt lat="34.376179967075586" lon="-119.46941996924579">
        <ele>18.9</ele>
      </trkpt>
      <trkpt lat="34.37616496346891" lon="-119.46922458708286">
        <ele>18.72</ele>
      </trkpt>
      <trkpt lat="34.37614995986223" lon="-119.46902995929122">
        <ele>18.55</ele>
      </trkpt>
      <trkpt lat="34.37612489797175" lon="-119.46880951523781">
        <ele>18.37</ele>
      </trkpt>
      <trkpt lat="34.3760999199003" lon="-119.46858999319375">
        <ele>18.21</ele>
      </trkpt>
      <trkpt lat="34.37605490908027" lon="-119.46836963295937">
        <ele>18.0</ele>
      </trkpt>
      <trkpt lat="34.37600998207927" lon="-119.46814994327724">
        <ele>17.8</ele>
      </trkpt>
      <trkpt lat="34.37595994211733" lon="-119.46791994385421">
        <ele>17.62</ele>
      </trkpt>
      <trkpt lat="34.375899927690625" lon="-119.46760998107493">
        <ele>17.46</ele>
      </trkpt>
      <trkpt lat="34.37582482583821" lon="-119.46730194613338">
        <ele>17.26</ele>
      </trkpt>
      <trkpt lat="34.37574972398579" lon="-119.46699399501085">
        <ele>17.09</ele>
      </trkpt>
      <trkpt lat="34.375674622133374" lon="-119.46668604388833">
        <ele>16.88</ele>
      </trkpt>
      <trkpt lat="34.375599939376116" lon="-119.4663799367845">
        <ele>16.73</ele>
      </trkpt>
      <trkpt lat="34.375514863058925" lon="-119.46601607836783">
        <ele>16.56</ele>
      </trkpt>
      <trkpt lat="34.3754297029227" lon="-119.46565213613212">
        <ele>16.37</ele>
      </trkpt>
      <trkpt lat="34.37534454278648" lon="-119.46528827771544">
        <ele>16.19</ele>
      </trkpt>
      <trkpt lat="34.37525946646929" lon="-119.46492433547974">
        <ele>16.05</ele>
      </trkpt>
      <trkpt lat="34.375174306333065" lon="-119.46456039324403">
        <ele>15.81</ele>
      </trkpt>
      <trkpt lat="34.37508998438716" lon="-119.46419997140765">
        <ele>15.6</ele>
      </trkpt>
      <trkpt lat="34.37502988614142" lon="-119.4639646075666">
        <ele>15.41</ele>
      </trkpt>
      <trkpt lat="34.37496995553374" lon="-119.46372999809682">
        <ele>15.2</ele>
      </trkpt>
      <trkpt lat="34.37491999939084" lon="-119.46351994760334">
        <ele>14.99</ele>
      </trkpt>
      <trkpt lat="34.37484481371939" lon="-119.46320445276797">
        <ele>14.81</ele>
      </trkpt>
      <trkpt lat="34.37476996332407" lon="-119.46288996376097">
        <ele>14.62</ele>
      </trkpt>
      <trkpt lat="34.374719839543104" lon="-119.4626796618104">
        <ele>14.41</ele>
      </trkpt>
      <trkpt lat="34.37466996721923" lon="-119.46246994659305">
        <ele>14.14</ele>
      </trkpt>
      <trkpt lat="34.374589920043945" lon="-119.46212997660041">
        <ele>13.85</ele>
      </trkpt>
      <trkpt lat="34.37450995668769" lon="-119.46184993721545">
        <ele>13.56</ele>
      </trkpt>
      <trkpt lat="34.37444994226098" lon="-119.461639970541">
        <ele>13.29</ele>
      </trkpt>
      <trkpt lat="34.37442999333143" lon="-119.46156998164952">
        <ele>13.06</ele>
      </trkpt>
      <trkpt lat="34.37438992783427" lon="-119.46143997833133">
        <ele>12.82</ele>
      </trkpt>
      <trkpt lat="34.37431993894279" lon="-119.46123998612165">
        <ele>12.6</ele>
      </trkpt>
      <trkpt lat="34.37425992451608" lon="-119.46103999391198">
        <ele>12.41</ele>
      </trkpt>
      <trkpt lat="34.374139811843634" lon="-119.46074469946325">
        <ele>12.21</ele>
      </trkpt>
      <trkpt lat="34.37401995062828" lon="-119.46044999174774">
        <ele>11.95</ele>
      </trkpt>
      <trkpt lat="34.373924899846315" lon="-119.46025980636477">
        <ele>11.66</ele>
      </trkpt>
      <trkpt lat="34.37382993288338" lon="-119.46006995625794">
        <ele>11.38</ele>
      </trkpt>
      <trkpt lat="34.373769918456674" lon="-119.45994992740452">
        <ele>11.1</ele>
      </trkpt>
      <trkpt lat="34.373639998957515" lon="-119.45969997905195">
        <ele>10.79</ele>
      </trkpt>
      <trkpt lat="34.373509995639324" lon="-119.45944994688034">
        <ele>10.52</ele>
      </trkpt>
      <trkpt lat="34.37334998510778" lon="-119.4591599330306">
        <ele>10.19</ele>
      </trkpt>
      <trkpt lat="34.37319994904101" lon="-119.45889992639422">
        <ele>9.87</ele>
      </trkpt>
      <trkpt lat="34.3731399346143" lon="-119.4588099885732">
        <ele>9.6</ele>
      </trkpt>
      <trkpt lat="34.373019989579916" lon="-119.45863991975784">
        <ele>9.32</ele>
      </trkpt>
      <trkpt lat="34.37282997183502" lon="-119.45835996419191">
        <ele>9.04</ele>
      </trkpt>
      <trkpt lat="34.372629979625344" lon="-119.45808998309076">
        <ele>8.78</ele>
      </trkpt>
      <trkpt lat="34.37242998741567" lon="-119.45781991817057">
        <ele>8.52</ele>
      </trkpt>
      <trkpt lat="34.37234994024038" lon="-119.45769997313619">
        <ele>8.28</ele>
      </trkpt>
      <trkpt lat="34.372309958562255" lon="-119.45764993317425">
        <ele>8.05</ele>
      </trkpt>
      <trkpt lat="34.372160006314516" lon="-119.45745999924839">
        <ele>7.85</ele>
      </trkpt>
      <trkpt lat="34.37201005406678" lon="-119.45727006532252">
        <ele>7.62</ele>
      </trkpt>
      <trkpt lat="34.371859934180975" lon="-119.45707996375859">
        <ele>7.42</ele>
      </trkpt>
      <trkpt lat="34.371709981933236" lon="-119.4569000042975">
        <ele>7.2</ele>
      </trkpt>
      <trkpt lat="34.371559945866466" lon="-119.45671996101737">
        <ele>7.01</ele>
      </trkpt>
      <trkpt lat="34.37150998972356" lon="-119.45665994659066">
        <ele>6.83</ele>
      </trkpt>
      <trkpt lat="34.3714199680835" lon="-119.4565699249506">
        <ele>6.66</ele>
      </trkpt>
      <trkpt lat="34.37120346352458" lon="-119.45633674040437">
        <ele>6.47</ele>
      </trkpt>
      <trkpt lat="34.37098687514663" lon="-119.45610355585814">
        <ele>6.31</ele>
      </trkpt>
      <trkpt lat="34.37076995149255" lon="-119.45586995221674">
        <ele>6.17</ele>
      </trkpt>
      <trkpt lat="34.370565097779036" lon="-119.45563509128988">
        <ele>6.01</ele>
      </trkpt>
      <trkpt lat="34.37035999260843" lon="-119.45539997890592">
        <ele>5.88</ele>
      </trkpt>
      <trkpt lat="34.370139967650175" lon="-119.45515992119908">
        <ele>5.75</ele>
      </trkpt>
      <trkpt lat="34.369985070079565" lon="-119.45498507469893">
        <ele>5.67</ele>
      </trkpt>
      <trkpt lat="34.36982992105186" lon="-119.45480997674167">
        <ele>5.57</ele>
      </trkpt>
      <trkpt lat="34.36971005983651" lon="-119.45468005724251">
        <ele>5.45</ele>
      </trkpt>
      <trkpt lat="34.36958994716406" lon="-119.45454997010529">
        <ele>5.33</ele>
      </trkpt>
      <trkpt lat="34.369559939950705" lon="-119.45451996289194">
        <ele>5.22</ele>
      </trkpt>
      <trkpt lat="34.369335137307644" lon="-119.45429516024888">
        <ele>5.11</ele>
      </trkpt>
      <trkpt lat="34.369109999388456" lon="-119.45406993851066">
        <ele>5.01</ele>
      </trkpt>
      <trkpt lat="34.36885996721685" lon="-119.45383993908763">
        <ele>4.9</ele>
      </trkpt>
      <trkpt lat="34.36861521564424" lon="-119.45362519472837">
        <ele>4.75</ele>
      </trkpt>
      <trkpt lat="34.36836996115744" lon="-119.45340994745493">
        <ele>4.61</ele>
      </trkpt>
      <trkpt lat="34.368186900392175" lon="-119.45326351560652">
        <ele>4.51</ele>
      </trkpt>
      <trkpt lat="34.36800375580788" lon="-119.45311699993908">
        <ele>4.42</ele>
      </trkpt>
      <trkpt lat="34.367819940671325" lon="-119.45296998135746">
        <ele>4.34</ele>
      </trkpt>
      <trkpt lat="34.36778993345797" lon="-119.45294994860888">
        <ele>4.25</ele>
      </trkpt>
      <trkpt lat="34.36754995957017" lon="-119.45273998193443">
        <ele>4.14</ele>
      </trkpt>
      <trkpt lat="34.367285342887044" lon="-119.45253521203995">
        <ele>4.04</ele>
      </trkpt>
      <trkpt lat="34.36702064238489" lon="-119.4523305259645">
        <ele>3.94</ele>
      </trkpt>
      <trkpt lat="34.36675602570176" lon="-119.45212575607002">
        <ele>3.84</ele>
      </trkpt>
      <trkpt lat="34.3664899840951" lon="-119.45191998034716">
        <ele>3.75</ele>
      </trkpt>
      <trkpt lat="34.36631999909878" lon="-119.45176994428039">
        <ele>3.67</ele>
      </trkpt>
      <trkpt lat="34.36612017452717" lon="-119.45160012692213">
        <ele>3.63</ele>
      </trkpt>
      <trkpt lat="34.3659199308604" lon="-119.45142997428775">
        <ele>3.56</ele>
      </trkpt>
      <trkpt lat="34.3657301645726" lon="-119.45125764235854">
        <ele>3.5</ele>
      </trkpt>
      <trkpt lat="34.36554031446576" lon="-119.45108531042933">
        <ele>3.46</ele>
      </trkpt>
      <trkpt lat="34.36535054817796" lon="-119.45091297850013">
        <ele>3.39</ele>
      </trkpt>
      <trkpt lat="34.36515994369984" lon="-119.45073997601867">
        <ele>3.35</ele>
      </trkpt>
      <trkpt lat="34.36494519934058" lon="-119.45054518058896">
        <ele>3.29</ele>
      </trkpt>
      <trkpt lat="34.36472995206714" lon="-119.4503499660641">
        <ele>3.24</ele>
      </trkpt>
      <trkpt lat="34.36469994485378" lon="-119.45032993331552">
        <ele>3.2</ele>
      </trkpt>
      <trkpt lat="34.364455193281174" lon="-119.45010521449149">
        <ele>3.17</ele>
      </trkpt>
      <trkpt lat="34.364209938794374" lon="-119.44987999275327">
        <ele>3.13</ele>
      </trkpt>
      <trkpt lat="34.364039953798056" lon="-119.44970992393792">
        <ele>3.12</ele>
      </trkpt>
      <trkpt lat="34.364019921049476" lon="-119.44967991672456">
        <ele>3.09</ele>
      </trkpt>
      <trkpt lat="34.3638252094388" lon="-119.44951018318534">
        <ele>3.06</ele>
      </trkpt>
      <trkpt lat="34.363629994913936" lon="-119.44933994673193">
        <ele>3.02</ele>
      </trkpt>
      <trkpt lat="34.363579954952" lon="-119.4492999650538">
        <ele>3.0</ele>
      </trkpt>
      <trkpt lat="34.36355992220342" lon="-119.44926995784044">
        <ele>2.99</ele>
      </trkpt>
      <trkpt lat="34.36337677761912" lon="-119.44910349324346">
        <ele>2.98</ele>
      </trkpt>
      <trkpt lat="34.363193633034825" lon="-119.44893694482744">
        <ele>2.98</ele>
      </trkpt>
      <trkpt lat="34.36300998553634" lon="-119.44876997731626">
        <ele>2.99</ele>
      </trkpt>
      <trkpt lat="34.36298995278776" lon="-119.44874994456768">
        <ele>2.99</ele>
      </trkpt>
      <trkpt lat="34.36285508796573" lon="-119.44863008335233">
        <ele>2.98</ele>
      </trkpt>
      <trkpt lat="34.3627199716866" lon="-119.44850997067988">
        <ele>3.0</ele>
      </trkpt>
      <trkpt lat="34.36269993893802" lon="-119.44847996346653">
        <ele>3.02</ele>
      </trkpt>
      <trkpt lat="34.36251679435372" lon="-119.44831349886954">
        <ele>3.04</ele>
      </trkpt>
      <trkpt lat="34.362333649769425" lon="-119.44814695045352">
        <ele>3.06</ele>
      </trkpt>
      <trkpt lat="34.362149918451905" lon="-119.44797998294234">
        <ele>3.1</ele>
      </trkpt>
      <trkpt lat="34.36212996952236" lon="-119.44795995019376">
        <ele>3.15</ele>
      </trkpt>
      <trkpt lat="34.36200994066894" lon="-119.44784997962415">
        <ele>3.18</ele>
      </trkpt>
      <trkpt lat="34.36183995567262" lon="-119.44768996909261">
        <ele>3.22</ele>
      </trkpt>
      <trkpt lat="34.361719926819205" lon="-119.447579998523">
        <ele>3.29</ele>
      </trkpt>
      <trkpt lat="34.361481880769134" lon="-119.44736014120281">
        <ele>3.38</ele>
      </trkpt>
      <trkpt lat="34.36124375090003" lon="-119.44714036770165">
        <ele>3.46</ele>
      </trkpt>
      <trkpt lat="34.36100570484996" lon="-119.44692059420049">
        <ele>3.54</ele>
      </trkpt>
      <trkpt lat="34.360767574980855" lon="-119.44670082069933">
        <ele>3.68</ele>
      </trkpt>
      <trkpt lat="34.36052944511175" lon="-119.44648104719818">
        <ele>3.81</ele>
      </trkpt>
      <trkpt lat="34.36028997413814" lon="-119.44625993259251">
        <ele>3.95</ele>
      </trkpt>
      <trkpt lat="34.36024999246001" lon="-119.44622992537916">
        <ele>4.08</ele>
      </trkpt>
      <trkpt lat="34.360055113211274" lon="-119.44605013355613">
        <ele>4.23</ele>
      </trkpt>
      <trkpt lat="34.35985998250544" lon="-119.44586992263794">
        <ele>4.4</ele>
      </trkpt>
      <trkpt lat="34.35983994975686" lon="-119.44583999924362">
        <ele>4.56</ele>
      </trkpt>
      <trkpt lat="34.359719920903444" lon="-119.44573991931975">
        <ele>4.71</ele>
      </trkpt>
      <trkpt lat="34.35957508161664" lon="-119.44560505449772">
        <ele>4.9</ele>
      </trkpt>
      <trkpt lat="34.35942999087274" lon="-119.4454699382186">
        <ele>5.07</ele>
      </trkpt>
      <trkpt lat="34.359419932588935" lon="-119.44545996375382">
        <ele>5.26</ele>
      </trkpt>
      <trkpt lat="34.359172666445374" lon="-119.44523264653981">
        <ele>5.46</ele>
      </trkpt>
      <trkpt lat="34.358925484120846" lon="-119.44500541314483">
        <ele>5.69</ele>
      </trkpt>
      <trkpt lat="34.358678217977285" lon="-119.44477809593081">
        <ele>5.91</ele>
      </trkpt>
      <trkpt lat="34.358429946005344" lon="-119.44454994052649">
        <ele>6.13</ele>
      </trkpt>
      <trkpt lat="34.35828510671854" lon="-119.44442010484636">
        <ele>6.36</ele>
      </trkpt>
      <trkpt lat="34.35813993215561" lon="-119.4442899338901">
        <ele>6.59</ele>
      </trkpt>
      <trkpt lat="34.358129957690835" lon="-119.44427995942533">
        <ele>6.83</ele>
      </trkpt>
      <trkpt lat="34.357999954372644" lon="-119.44414995610714">
        <ele>7.07</ele>
      </trkpt>
      <trkpt lat="34.357869951054454" lon="-119.44400997832417">
        <ele>7.32</ele>
      </trkpt>
      <trkpt lat="34.3578399438411" lon="-119.44397997111082">
        <ele>7.57</ele>
      </trkpt>
      <trkpt lat="34.35774992220104" lon="-119.44388994947076">
        <ele>7.84</ele>
      </trkpt>
      <trkpt lat="34.357610028237104" lon="-119.44372499361634">
        <ele>8.11</ele>
      </trkpt>
      <trkpt lat="34.35746996663511" lon="-119.4435599539429">
        <ele>8.39</ele>
      </trkpt>
      <trkpt lat="34.35733996331692" lon="-119.44340991787612">
        <ele>8.64</ele>
      </trkpt>
      <trkpt lat="34.3572199344635" lon="-119.4432399328798">
        <ele>8.89</ele>
      </trkpt>
      <trkpt lat="34.35707492753863" lon="-119.44302996620536">
        <ele>9.13</ele>
      </trkpt>
      <trkpt lat="34.356929920613766" lon="-119.44281999953091">
        <ele>9.37</ele>
      </trkpt>
      <trkpt lat="34.356759851798415" lon="-119.44252487272024">
        <ele>9.64</ele>
      </trkpt>
      <trkpt lat="34.35658995062113" lon="-119.44222999736667">
        <ele>9.87</ele>
      </trkpt>
      <trkpt lat="34.35648995451629" lon="-119.44196999073029">
        <ele>10.08</ele>
      </trkpt>
      <trkpt lat="34.35642994008958" lon="-119.44179992191494">
        <ele>10.28</ele>
      </trkpt>
      <trkpt lat="34.35641996562481" lon="-119.44176999852061">
        <ele>10.45</ele>
      </trkpt>
      <trkpt lat="34.35634997673333" lon="-119.44156992249191">
        <ele>10.61</ele>
      </trkpt>
      <trkpt lat="34.356279987841845" lon="-119.44136993028224">
        <ele>10.73</ele>
      </trkpt>
      <trkpt lat="34.35622994787991" lon="-119.44120991975069">
        <ele>10.84</ele>
      </trkpt>
      <trkpt lat="34.35615995898843" lon="-119.44106994196773">
        <ele>10.93</ele>
      </trkpt>
      <trkpt lat="34.35607999563217" lon="-119.44095997139812">
        <ele>11.0</ele>
      </trkpt>
      <trkpt lat="34.35601998120546" lon="-119.44087992422283">
        <ele>11.04</ele>
      </trkpt>
      <trkpt lat="34.35600992292166" lon="-119.4407899864018">
        <ele>11.07</ele>
      </trkpt>
      <trkpt lat="34.35598997399211" lon="-119.44058999419212">
        <ele>11.09</ele>
      </trkpt>
      <trkpt lat="34.35605996288359" lon="-119.44023996591568">
        <ele>11.1</ele>
      </trkpt>
      <trkpt lat="34.35605493374169" lon="-119.44000451825559">
        <ele>11.08</ele>
      </trkpt>
      <trkpt lat="34.35604998841882" lon="-119.43976999260485">
        <ele>11.02</ele>
      </trkpt>
      <trkpt lat="34.35604998841882" lon="-119.43970997817814">
        <ele>10.95</ele>
      </trkpt>
      <trkpt lat="34.35605493374169" lon="-119.43949456326663">
        <ele>10.84</ele>
      </trkpt>
      <trkpt lat="34.35605996288359" lon="-119.43927998654544">
        <ele>10.72</ele>
      </trkpt>
      <trkpt lat="34.35605996288359" lon="-119.43905996158719">
        <ele>10.58</ele>
      </trkpt>
      <trkpt lat="34.356069937348366" lon="-119.43883993662894">
        <ele>10.43</ele>
      </trkpt>
      <trkpt lat="34.35607999563217" lon="-119.43862996995449">
        <ele>10.26</ele>
      </trkpt>
      <trkpt lat="34.35607999563217" lon="-119.43840994499624">
        <ele>10.07</ele>
      </trkpt>
      <trkpt lat="34.356089970096946" lon="-119.43807994946837">
        <ele>9.86</ele>
      </trkpt>
      <trkpt lat="34.356089970096946" lon="-119.43796997889876">
        <ele>9.62</ele>
      </trkpt>
      <trkpt lat="34.356093322858214" lon="-119.43769278936088">
        <ele>9.37</ele>
      </trkpt>
      <trkpt lat="34.35609667561948" lon="-119.437415599823">
        <ele>9.08</ele>
      </trkpt>
      <trkpt lat="34.35609994456172" lon="-119.43713991902769">
        <ele>8.78</ele>
      </trkpt>
      <trkpt lat="34.35609994456172" lon="-119.43709993734956">
        <ele>8.47</ele>
      </trkpt>
      <trkpt lat="34.35608661733568" lon="-119.43681612610817">
        <ele>8.14</ele>
      </trkpt>
      <trkpt lat="34.3560732062906" lon="-119.43653223104775">
        <ele>7.78</ele>
      </trkpt>
      <trkpt lat="34.35605996288359" lon="-119.43624992854893">
        <ele>7.38</ele>
      </trkpt>
      <trkpt lat="34.35603490099311" lon="-119.43602453917265">
        <ele>6.99</ele>
      </trkpt>
      <trkpt lat="34.35600992292166" lon="-119.43579998798668">
        <ele>6.6</ele>
      </trkpt>
      <trkpt lat="34.3559799157083" lon="-119.43550444208086">
        <ele>6.16</ele>
      </trkpt>
      <trkpt lat="34.35594999231398" lon="-119.43520998582244">
        <ele>5.74</ele>
      </trkpt>
      <trkpt lat="34.35594999231398" lon="-119.43514997139573">
        <ele>5.34</ele>
      </trkpt>
      <trkpt lat="34.35590992681682" lon="-119.43481938913465">
        <ele>4.93</ele>
      </trkpt>
      <trkpt lat="34.35586994513869" lon="-119.43448998034">
        <ele>4.48</ele>
      </trkpt>
      <trkpt lat="34.35582987964153" lon="-119.4342846237123">
        <ele>4.07</ele>
      </trkpt>
      <trkpt lat="34.355789981782436" lon="-119.43407993763685">
        <ele>3.67</ele>
      </trkpt>
      <trkpt lat="34.355749916285276" lon="-119.4338699709624">
        <ele>3.28</ele>
      </trkpt>
      <trkpt lat="34.35570993460715" lon="-119.4336299970746">
        <ele>2.91</ele>
      </trkpt>
      <trkpt lat="34.355659978464246" lon="-119.4334399793297">
        <ele>2.56</ele>
      </trkpt>
      <trkpt lat="34.35560993850231" lon="-119.43322992883623">
        <ele>2.21</ele>
      </trkpt>
      <trkpt lat="34.35555998235941" lon="-119.43302993662655">
        <ele>1.88</ele>
      </trkpt>
      <trkpt lat="34.35553994961083" lon="-119.4329499732703">
        <ele>1.56</ele>
      </trkpt>
      <trkpt lat="34.3554999679327" lon="-119.4328199699521">
        <ele>1.26</ele>
      </trkpt>
      <trkpt lat="34.35542654246092" lon="-119.43256960250437">
        <ele>0.97</ele>
      </trkpt>
      <trkpt lat="34.355353116989136" lon="-119.43231923505664">
        <ele>0.71</ele>
      </trkpt>
      <trkpt lat="34.35527994297445" lon="-119.43206995725632">
        <ele>0.47</ele>
      </trkpt>
      <trkpt lat="34.3552599940449" lon="-119.43199996836483">
        <ele>0.24</ele>
      </trkpt>
      <trkpt lat="34.35518489219248" lon="-119.43179972469807">
        <ele>0.02</ele>
      </trkpt>
      <trkpt lat="34.35510995797813" lon="-119.43159998394549">
        <ele>-0.17</ele>
      </trkpt>
      <trkpt lat="34.35499998740852" lon="-119.43130997009575">
        <ele>-0.34</ele>
      </trkpt>
      <trkpt lat="34.35495992191136" lon="-119.43119999952614">
        <ele>-0.5</ele>
      </trkpt>
      <trkpt lat="34.3548699002713" lon="-119.43096974864602">
        <ele>-0.65</ele>
      </trkpt>
      <trkpt lat="34.354779962450266" lon="-119.43073991686106">
        <ele>-0.77</ele>
      </trkpt>
      <trkpt lat="34.35472992248833" lon="-119.43061997182667">
        <ele>-0.87</ele>
      </trkpt>
      <trkpt lat="34.3546399846673" lon="-119.43042995408177">
        <ele>-0.97</ele>
      </trkpt>
      <trkpt lat="34.35455993749201" lon="-119.4302299618721">
        <ele>-1.05</ele>
      </trkpt>
      <trkpt lat="34.35454996302724" lon="-119.4302299618721">
        <ele>-1.1</ele>
      </trkpt>
      <trkpt lat="34.35441987589002" lon="-119.43000323139131">
        <ele>-1.14</ele>
      </trkpt>
      <trkpt lat="34.354289872571826" lon="-119.42977641709149">
        <ele>-1.16</ele>
      </trkpt>
      <trkpt lat="34.35415995307267" lon="-119.4295499380678">
        <ele>-1.16</ele>
      </trkpt>
      <trkpt lat="34.35414997860789" lon="-119.42951993085444">
        <ele>-1.16</ele>
      </trkpt>
      <trkpt lat="34.354044953361154" lon="-119.42933988757432">
        <ele>-1.14</ele>
      </trkpt>
      <trkpt lat="34.353939928114414" lon="-119.42915992811322">
        <ele>-1.12</ele>
      </trkpt>
      <trkpt lat="34.35383993200958" lon="-119.42897996865213">
        <ele>-1.07</ele>
      </trkpt>
      <trkpt lat="34.35373993590474" lon="-119.428799925372">
        <ele>-1.0</ele>
      </trkpt>
      <trkpt lat="34.35371998697519" lon="-119.4287499692291">
        <ele>-0.92</ele>
      </trkpt>
      <trkpt lat="34.35360004194081" lon="-119.42862507887185">
        <ele>-0.88</ele>
      </trkpt>
      <trkpt lat="34.35347992926836" lon="-119.4284999370575">
        <ele>-0.8</ele>
      </trkpt>
      <trkpt lat="34.353359984233975" lon="-119.42833992652595">
        <ele>-0.7</ele>
      </trkpt>
      <trkpt lat="34.35323995538056" lon="-119.42817999981344">
        <ele>-0.59</ele>
      </trkpt>
      <trkpt lat="34.35317994095385" lon="-119.42809995263815">
        <ele>-0.45</ele>
      </trkpt>
      <trkpt lat="34.35310995206237" lon="-119.42802996374667">
        <ele>-0.35</ele>
      </trkpt>
      <trkpt lat="34.35297994874418" lon="-119.4278799276799">
        <ele>-0.23</ele>
      </trkpt>
      <trkpt lat="34.352840054780245" lon="-119.42774003371596">
        <ele>-0.1</ele>
      </trkpt>
      <trkpt lat="34.35269999317825" lon="-119.42759997211397">
        <ele>0.02</ele>
      </trkpt>
      <trkpt lat="34.35255507007241" lon="-119.42747005261481">
        <ele>0.16</ele>
      </trkpt>
      <trkpt lat="34.35240997932851" lon="-119.42733996547759">
        <ele>0.32</ele>
      </trkpt>
      <trkpt lat="34.352349964901805" lon="-119.42727995105088">
        <ele>0.52</ele>
      </trkpt>
      <trkpt lat="34.35216992162168" lon="-119.42714994773269">
        <ele>0.68</ele>
      </trkpt>
      <trkpt lat="34.3521723523736" lon="-119.42715246230364">
        <ele>0.87</ele>
      </trkpt>
      <trkpt lat="34.35193992219865" lon="-119.42689999938011">
        <ele>1.07</ele>
      </trkpt>
      <trkpt lat="34.351729955524206" lon="-119.42672993056476">
        <ele>1.3</ele>
      </trkpt>
      <trkpt lat="34.35158997774124" lon="-119.42659992724657">
        <ele>1.51</ele>
      </trkpt>
      <trkpt lat="34.35156994499266" lon="-119.42657997831702">
        <ele>1.75</ele>
      </trkpt>
      <trkpt lat="34.35136525891721" lon="-119.42642516456544">
        <ele>2.0</ele>
      </trkpt>
      <trkpt lat="34.35115998610854" lon="-119.4262699317187">
        <ele>2.26</ele>
      </trkpt>
      <trkpt lat="34.35098991729319" lon="-119.42610992118716">
        <ele>2.51</ele>
      </trkpt>
      <trkpt lat="34.35099419206381" lon="-119.42610916681588">
        <ele>2.78</ele>
      </trkpt>
      <trkpt lat="34.351059990003705" lon="-119.42597991786897">
        <ele>3.08</ele>
      </trkpt>
      <trkpt lat="34.35108999721706" lon="-119.4259199872613">
        <ele>3.38</ele>
      </trkpt>
      <trkpt lat="34.35109997168183" lon="-119.42590992897749">
        <ele>3.67</ele>
      </trkpt>
      <trkpt lat="34.35110994614661" lon="-119.42587992176414">
        <ele>3.97</ele>
      </trkpt>
      <trkpt lat="34.35112997889519" lon="-119.42584999836981">
        <ele>4.27</ele>
      </trkpt>
      <trkpt lat="34.35113995335996" lon="-119.42581999115646">
        <ele>4.57</ele>
      </trkpt>
      <trkpt lat="34.351189993321896" lon="-119.42573994398117">
        <ele>4.9</ele>
      </trkpt>
      <trkpt lat="34.351189993321896" lon="-119.42571999505162">
        <ele>5.2</ele>
      </trkpt>
      <trkpt lat="34.351229975000024" lon="-119.42565998062491">
        <ele>5.52</ele>
      </trkpt>
      <trkpt lat="34.35126995667815" lon="-119.42557993344963">
        <ele>5.84</ele>
      </trkpt>
      <trkpt lat="34.35128998942673" lon="-119.4255399517715">
        <ele>6.13</ele>
      </trkpt>
      <trkpt lat="34.35134992003441" lon="-119.42542998120189">
        <ele>6.43</ele>
      </trkpt>
      <trkpt lat="34.35138998553157" lon="-119.4253599923104">
        <ele>6.7</ele>
      </trkpt>
      <trkpt lat="34.3514799233526" lon="-119.4251699745655">
        <ele>7.01</ele>
      </trkpt>
      <trkpt lat="34.35148444958031" lon="-119.42517215386033">
        <ele>7.21</ele>
      </trkpt>
      <trkpt lat="34.35140993446112" lon="-119.42509998567402">
        <ele>7.4</ele>
      </trkpt>
      <trkpt lat="34.35134992003441" lon="-119.42502999678254">
        <ele>7.55</ele>
      </trkpt>
      <trkpt lat="34.351209942251444" lon="-119.42488993518054">
        <ele>7.66</ele>
      </trkpt>
      <trkpt lat="34.35110994614661" lon="-119.42478993907571">
        <ele>7.76</ele>
      </trkpt>
      <trkpt lat="34.350955048576" lon="-119.42463009618223">
        <ele>7.84</ele>
      </trkpt>
      <trkpt lat="34.350799983367324" lon="-119.42446991801262">
        <ele>7.93</ele>
      </trkpt>
      <trkpt lat="34.350600158795714" lon="-119.42426808178425">
        <ele>8.0</ele>
      </trkpt>
      <trkpt lat="34.35040025040507" lon="-119.42406624555588">
        <ele>8.03</ele>
      </trkpt>
      <trkpt lat="34.350200425833464" lon="-119.4238644093275">
        <ele>8.02</ele>
      </trkpt>
      <trkpt lat="34.350000601261854" lon="-119.42366257309914">
        <ele>8.04</ele>
      </trkpt>
      <trkpt lat="34.34979993849993" lon="-119.42345998249948">
        <ele>7.99</ele>
      </trkpt>
      <trkpt lat="34.349680077284575" lon="-119.42333500832319">
        <ele>7.95</ele>
      </trkpt>
      <trkpt lat="34.349559964612126" lon="-119.42320995032787">
        <ele>7.9</ele>
      </trkpt>
      <trkpt lat="34.34941998682916" lon="-119.42306997254491">
        <ele>7.84</ele>
      </trkpt>
      <trkpt lat="34.349295096471906" lon="-119.42295002751052">
        <ele>7.77</ele>
      </trkpt>
      <trkpt lat="34.349169954657555" lon="-119.42282999865711">
        <ele>7.68</ele>
      </trkpt>
      <trkpt lat="34.3491399474442" lon="-119.42278993315995">
        <ele>7.59</ele>
      </trkpt>
      <trkpt lat="34.34897339902818" lon="-119.42261341027915">
        <ele>7.47</ele>
      </trkpt>
      <trkpt lat="34.34880685061216" lon="-119.42243688739836">
        <ele>7.36</ele>
      </trkpt>
      <trkpt lat="34.34863996692002" lon="-119.42225994542241">
        <ele>7.17</ele>
      </trkpt>
      <trkpt lat="34.34845011681318" lon="-119.42206506617367">
        <ele>7.0</ele>
      </trkpt>
      <trkpt lat="34.34825993143022" lon="-119.42186993546784">
        <ele>6.9</ele>
      </trkpt>
      <trkpt lat="34.348119953647256" lon="-119.42172995768487">
        <ele>6.78</ele>
      </trkpt>
      <trkpt lat="34.347985005006194" lon="-119.42158503457904">
        <ele>6.62</ele>
      </trkpt>
      <trkpt lat="34.3478499725461" lon="-119.42143994383514">
        <ele>6.47</ele>
      </trkpt>
      <trkpt lat="34.34771007858217" lon="-119.4213000498712">
        <ele>6.32</ele>
      </trkpt>
      <trkpt lat="34.34756993316114" lon="-119.42115998826921">
        <ele>6.18</ele>
      </trkpt>
      <trkpt lat="34.347429955378175" lon="-119.42101992666721">
        <ele>6.02</ele>
      </trkpt>
      <trkpt lat="34.347300035879016" lon="-119.42089009098709">
        <ele>5.86</ele>
      </trkpt>
      <trkpt lat="34.347169948741794" lon="-119.42075992003083">
        <ele>5.7</ele>
      </trkpt>
      <trkpt lat="34.34715997427702" lon="-119.42073997110128">
        <ele>5.56</ele>
      </trkpt>
      <trkpt lat="34.347019996494055" lon="-119.42059999331832">
        <ele>5.43</ele>
      </trkpt>
      <trkpt lat="34.34681514278054" lon="-119.4203901104629">
        <ele>5.3</ele>
      </trkpt>
      <trkpt lat="34.3466099537909" lon="-119.4201799761504">
        <ele>5.17</ele>
      </trkpt>
      <trkpt lat="34.34638012200594" lon="-119.41995014436543">
        <ele>5.05</ele>
      </trkpt>
      <trkpt lat="34.34614995494485" lon="-119.41971997730434">
        <ele>4.93</ele>
      </trkpt>
      <trkpt lat="34.345915177837014" lon="-119.41948511637747">
        <ele>4.82</ele>
      </trkpt>
      <trkpt lat="34.34567998163402" lon="-119.41924992017448">
        <ele>4.73</ele>
      </trkpt>
      <trkpt lat="34.345499938353896" lon="-119.41905998624861">
        <ele>4.66</ele>
      </trkpt>
      <trkpt lat="34.34549918398261" lon="-119.41906317137182">
        <ele>4.57</ele>
      </trkpt>
      <trkpt lat="34.345429949462414" lon="-119.41897993907332">
        <ele>4.49</ele>
      </trkpt>
      <trkpt lat="34.34524999000132" lon="-119.41878992132843">
        <ele>4.42</ele>
      </trkpt>
      <trkpt lat="34.34511504136026" lon="-119.41865002736449">
        <ele>4.35</ele>
      </trkpt>
      <trkpt lat="34.344979925081134" lon="-119.4185099657625">
        <ele>4.25</ele>
      </trkpt>
      <trkpt lat="34.344809940084815" lon="-119.41832992248237">
        <ele>4.18</ele>
      </trkpt>
      <trkpt lat="34.34478999115527" lon="-119.41832992248237">
        <ele>4.13</ele>
      </trkpt>
      <trkpt lat="34.34476995840669" lon="-119.41832992248237">
        <ele>4.09</ele>
      </trkpt>
      <trkpt lat="34.34475998394191" lon="-119.4183199480176">
        <ele>4.06</ele>
      </trkpt>
      <trkpt lat="34.34472997672856" lon="-119.41828994080424">
        <ele>4.04</ele>
      </trkpt>
      <trkpt lat="34.3446000572294" lon="-119.41817007958889">
        <ele>4.04</ele>
      </trkpt>
      <trkpt lat="34.34446997009218" lon="-119.41804996691644">
        <ele>4.05</ele>
      </trkpt>
      <trkpt lat="34.34440995566547" lon="-119.41798995248973">
        <ele>4.06</ele>
      </trkpt>
      <trkpt lat="34.34423997066915" lon="-119.41782994195819">
        <ele>4.07</ele>
      </trkpt>
      <trkpt lat="34.34407006949186" lon="-119.4176534190774">
        <ele>4.08</ele>
      </trkpt>
      <trkpt lat="34.343900168314576" lon="-119.4174768961966">
        <ele>4.1</ele>
      </trkpt>
      <trkpt lat="34.34372993186116" lon="-119.41729995422065">
        <ele>4.13</ele>
      </trkpt>
      <trkpt lat="34.34363999404013" lon="-119.4172199908644">
        <ele>4.16</ele>
      </trkpt>
      <trkpt lat="34.34357997961342" lon="-119.41716995090246">
        <ele>4.19</ele>
      </trkpt>
      <trkpt lat="34.34344997629523" lon="-119.41701999865472">
        <ele>4.24</ele>
      </trkpt>
      <trkpt lat="34.34330999851227" lon="-119.41687993705273">
        <ele>4.29</ele>
      </trkpt>
      <trkpt lat="34.34316993691027" lon="-119.41673995926976">
        <ele>4.34</ele>
      </trkpt>
      <trkpt lat="34.34297011233866" lon="-119.41652513109148">
        <ele>4.4</ele>
      </trkpt>
      <trkpt lat="34.342769952490926" lon="-119.41630996763706">
        <ele>4.47</ele>
      </trkpt>
      <trkpt lat="34.34267993085086" lon="-119.41622992046177">
        <ele>4.54</ele>
      </trkpt>
      <trkpt lat="34.34251505881548" lon="-119.41606010310352">
        <ele>4.62</ele>
      </trkpt>
      <trkpt lat="34.342349935323" lon="-119.41588995046914">
        <ele>4.7</ele>
      </trkpt>
      <trkpt lat="34.34214994311333" lon="-119.41568995825946">
        <ele>4.79</ele>
      </trkpt>
      <trkpt lat="34.34195992536843" lon="-119.41549994051456">
        <ele>4.88</ele>
      </trkpt>
      <trkpt lat="34.34178994037211" lon="-119.41531998105347">
        <ele>4.97</ele>
      </trkpt>
      <trkpt lat="34.34158994816244" lon="-119.41507992334664">
        <ele>5.06</ele>
      </trkpt>
      <trkpt lat="34.34150998480618" lon="-119.4149799272418">
        <ele>5.15</ele>
      </trkpt>
      <trkpt lat="34.34130999259651" lon="-119.41477993503213">
        <ele>5.26</ele>
      </trkpt>
      <trkpt lat="34.34125995263457" lon="-119.41470994614065">
        <ele>5.38</ele>
      </trkpt>
      <trkpt lat="34.34117998927832" lon="-119.41458991728723">
        <ele>5.5</ele>
      </trkpt>
      <trkpt lat="34.34103992767632" lon="-119.41443996503949">
        <ele>5.63</ele>
      </trkpt>
      <trkpt lat="34.341009920462966" lon="-119.41440995782614">
        <ele>5.75</ele>
      </trkpt>
      <trkpt lat="34.340850077569485" lon="-119.41425011493266">
        <ele>5.9</ele>
      </trkpt>
      <trkpt lat="34.34068998321891" lon="-119.41408993676305">
        <ele>6.02</ele>
      </trkpt>
      <trkpt lat="34.34056006371975" lon="-119.41396504640579">
        <ele>6.17</ele>
      </trkpt>
      <trkpt lat="34.34042997658253" lon="-119.41383998841047">
        <ele>6.29</ele>
      </trkpt>
      <trkpt lat="34.34022009372711" lon="-119.41361510194838">
        <ele>6.43</ele>
      </trkpt>
      <trkpt lat="34.3400099594146" lon="-119.4133899640292">
        <ele>6.59</ele>
      </trkpt>
      <trkpt lat="34.33988003991544" lon="-119.41325501538813">
        <ele>6.75</ele>
      </trkpt>
      <trkpt lat="34.33974995277822" lon="-119.41311998292804">
        <ele>6.9</ele>
      </trkpt>
      <trkpt lat="34.3395799677819" lon="-119.41293993964791">
        <ele>7.07</ele>
      </trkpt>
      <trkpt lat="34.33942993171513" lon="-119.41277992911637">
        <ele>7.22</ele>
      </trkpt>
      <trkpt lat="34.33939992450178" lon="-119.41274992190301">
        <ele>7.36</ele>
      </trkpt>
      <trkpt lat="34.33927503414452" lon="-119.41260499879718">
        <ele>7.49</ele>
      </trkpt>
      <trkpt lat="34.3391499761492" lon="-119.41245999187231">
        <ele>7.62</ele>
      </trkpt>
      <trkpt lat="34.339004969224334" lon="-119.41228003241122">
        <ele>7.74</ele>
      </trkpt>
      <trkpt lat="34.338859962299466" lon="-119.4120999891311">
        <ele>7.85</ele>
      </trkpt>
      <trkpt lat="34.33873993344605" lon="-119.41194995306432">
        <ele>7.96</ele>
      </trkpt>
      <trkpt lat="34.33863993734121" lon="-119.4118299242109">
        <ele>8.06</ele>
      </trkpt>
      <trkpt lat="34.33849995955825" lon="-119.41164996474981">
        <ele>8.16</ele>
      </trkpt>
      <trkpt lat="34.338359981775284" lon="-119.41148995421827">
        <ele>8.25</ele>
      </trkpt>
      <trkpt lat="34.3382899928838" lon="-119.41142993979156">
        <ele>8.32</ele>
      </trkpt>
      <trkpt lat="34.3380899168551" lon="-119.4111599586904">
        <ele>8.36</ele>
      </trkpt>
      <trkpt lat="34.337929990142584" lon="-119.41093993373215">
        <ele>8.43</ele>
      </trkpt>
      <trkpt lat="34.33787995018065" lon="-119.41087991930544">
        <ele>8.49</ele>
      </trkpt>
      <trkpt lat="34.337849942967296" lon="-119.41082996316254">
        <ele>8.54</ele>
      </trkpt>
      <trkpt lat="34.3377149105072" lon="-119.41062997095287">
        <ele>8.59</ele>
      </trkpt>
      <trkpt lat="34.33757996186614" lon="-119.4104299787432">
        <ele>8.62</ele>
      </trkpt>
      <trkpt lat="34.337549954652786" lon="-119.41036996431649">
        <ele>8.65</ele>
      </trkpt>
      <trkpt lat="34.33753998018801" lon="-119.41035998985171">
        <ele>8.67</ele>
      </trkpt>
      <trkpt lat="34.33743495494127" lon="-119.41019989550114">
        <ele>8.68</ele>
      </trkpt>
      <trkpt lat="34.33732992969453" lon="-119.41003996878862">
        <ele>8.65</ele>
      </trkpt>
      <trkpt lat="34.33715491555631" lon="-119.40974987111986">
        <ele>8.67</ele>
      </trkpt>
      <trkpt lat="34.33697998523712" lon="-119.40945994108915">
        <ele>8.62</ele>
      </trkpt>
      <trkpt lat="34.336859956383705" lon="-119.40925986506045">
        <ele>8.61</ele>
      </trkpt>
      <trkpt lat="34.33673992753029" lon="-119.40905995666981">
        <ele>8.57</ele>
      </trkpt>
      <trkpt lat="34.33671997860074" lon="-119.40902994945645">
        <ele>8.54</ele>
      </trkpt>
      <trkpt lat="34.33663993142545" lon="-119.40888997167349">
        <ele>8.53</ele>
      </trkpt>
      <trkpt lat="34.336579916998744" lon="-119.4087599683553">
        <ele>8.53</ele>
      </trkpt>
      <trkpt lat="34.33641496114433" lon="-119.40849736332893">
        <ele>8.51</ele>
      </trkpt>
      <trkpt lat="34.33624992147088" lon="-119.4082348421216">
        <ele>8.47</ele>
      </trkpt>
      <trkpt lat="34.33608488179743" lon="-119.40797223709524">
        <ele>8.41</ele>
      </trkpt>
      <trkpt lat="34.33591992594302" lon="-119.407709967345">
        <ele>8.33</ele>
      </trkpt>
      <trkpt lat="34.3358049262315" lon="-119.40751986578107">
        <ele>8.26</ele>
      </trkpt>
      <trkpt lat="34.33568992651999" lon="-119.4073299318552">
        <ele>8.2</ele>
      </trkpt>
      <trkpt lat="34.33553595095873" lon="-119.40708794631064">
        <ele>8.14</ele>
      </trkpt>
      <trkpt lat="34.335381891578436" lon="-119.40684587694705">
        <ele>8.09</ele>
      </trkpt>
      <trkpt lat="34.33522783219814" lon="-119.40660380758345">
        <ele>8.04</ele>
      </trkpt>
      <trkpt lat="34.33507385663688" lon="-119.40636173821986">
        <ele>7.99</ele>
      </trkpt>
      <trkpt lat="34.33491996489465" lon="-119.40611992031336">
        <ele>7.94</ele>
      </trkpt>
      <trkpt lat="34.33486992493272" lon="-119.40602998249233">
        <ele>7.89</ele>
      </trkpt>
      <trkpt lat="34.334819968789816" lon="-119.40594993531704">
        <ele>7.83</ele>
      </trkpt>
      <trkpt lat="34.334669932723045" lon="-119.40571993589401">
        <ele>7.77</ele>
      </trkpt>
      <trkpt lat="34.33451998047531" lon="-119.40548993647099">
        <ele>7.73</ele>
      </trkpt>
      <trkpt lat="34.33433993719518" lon="-119.40519992262125">
        <ele>7.69</ele>
      </trkpt>
      <trkpt lat="34.33415997773409" lon="-119.40490999259055">
        <ele>7.63</ele>
      </trkpt>
      <trkpt lat="34.33411999605596" lon="-119.40484997816384">
        <ele>7.6</ele>
      </trkpt>
      <trkpt lat="34.333959901705384" lon="-119.40459994599223">
        <ele>7.57</ele>
      </trkpt>
      <trkpt lat="34.33379989117384" lon="-119.40434983000159">
        <ele>7.55</ele>
      </trkpt>
      <trkpt lat="34.33363996446133" lon="-119.40409996546805">
        <ele>7.53</ele>
      </trkpt>
      <trkpt lat="34.333569975569844" lon="-119.40398999489844">
        <ele>7.52</ele>
      </trkpt>
      <trkpt lat="34.33338490314782" lon="-119.40369989722967">
        <ele>7.52</ele>
      </trkpt>
      <trkpt lat="34.33319999836385" lon="-119.40340996719897">
        <ele>7.52</ele>
      </trkpt>
      <trkpt lat="34.33308994397521" lon="-119.40322992391884">
        <ele>7.54</ele>
      </trkpt>
      <trkpt lat="34.3329799734056" lon="-119.40305993892252">
        <ele>7.54</ele>
      </trkpt>
      <trkpt lat="34.33286991901696" lon="-119.4028798956424">
        <ele>7.51</ele>
      </trkpt>
      <trkpt lat="34.33275994844735" lon="-119.4026999361813">
        <ele>7.5</ele>
      </trkpt>
      <trkpt lat="34.332649977877736" lon="-119.40252995118499">
        <ele>7.46</ele>
      </trkpt>
      <trkpt lat="34.332539923489094" lon="-119.40235996618867">
        <ele>7.45</ele>
      </trkpt>
      <trkpt lat="34.3324099201709" lon="-119.402159973979">
        <ele>7.49</ele>
      </trkpt>
      <trkpt lat="34.33230992406607" lon="-119.40198998898268">
        <ele>7.53</ele>
      </trkpt>
      <trkpt lat="34.332179920747876" lon="-119.401789996773">
        <ele>7.57</ele>
      </trkpt>
      <trkpt lat="34.33207497932017" lon="-119.40162990242243">
        <ele>7.59</ele>
      </trkpt>
      <trkpt lat="34.33196995407343" lon="-119.40146997570992">
        <ele>7.63</ele>
      </trkpt>
      <trkpt lat="34.33186995796859" lon="-119.40132999792695">
        <ele>7.6</ele>
      </trkpt>
      <trkpt lat="34.33185998350382" lon="-119.40130996517837">
        <ele>7.6</ele>
      </trkpt>
      <trkpt lat="34.33175998739898" lon="-119.40117996186018">
        <ele>7.63</ele>
      </trkpt>
      <trkpt lat="34.33162998408079" lon="-119.40101995132864">
        <ele>7.6</ele>
      </trkpt>
      <trkpt lat="34.33151992969215" lon="-119.40087997354567">
        <ele>7.6</ele>
      </trkpt>
      <trkpt lat="34.331359919160604" lon="-119.40068995580077">
        <ele>7.63</ele>
      </trkpt>
      <trkpt lat="34.33121994137764" lon="-119.4005499780178">
        <ele>7.61</ele>
      </trkpt>
      <trkpt lat="34.33108004741371" lon="-119.40041511319578">
        <ele>7.6</ele>
      </trkpt>
      <trkpt lat="34.33093998581171" lon="-119.40027999691665">
        <ele>7.55</ele>
      </trkpt>
      <trkpt lat="34.330929927527905" lon="-119.40026993863285">
        <ele>7.52</ele>
      </trkpt>
      <trkpt lat="34.33076991699636" lon="-119.4001199863851">
        <ele>7.46</ele>
      </trkpt>
      <trkpt lat="34.33058023452759" lon="-119.39996517263353">
        <ele>7.39</ele>
      </trkpt>
      <trkpt lat="34.330389965325594" lon="-119.39980993978679">
        <ele>7.33</ele>
      </trkpt>
      <trkpt lat="34.33022014796734" lon="-119.39966510049999">
        <ele>7.28</ele>
      </trkpt>
      <trkpt lat="34.330049995332956" lon="-119.39951992593706">
        <ele>7.24</ele>
      </trkpt>
      <trkpt lat="34.330009929835796" lon="-119.3994899187237">
        <ele>7.19</ele>
      </trkpt>
      <trkpt lat="34.32977993041277" lon="-119.39930995926261">
        <ele>7.13</ele>
      </trkpt>
      <trkpt lat="34.32962017133832" lon="-119.39918012358248">
        <ele>7.06</ele>
      </trkpt>
      <trkpt lat="34.32945999316871" lon="-119.39904995262623">
        <ele>7.03</ele>
      </trkpt>
      <trkpt lat="34.329290175810456" lon="-119.39891014248133">
        <ele>6.99</ele>
      </trkpt>
      <trkpt lat="34.32911993935704" lon="-119.3987699970603">
        <ele>6.93</ele>
      </trkpt>
      <trkpt lat="34.32887996546924" lon="-119.39855994656682">
        <ele>6.91</ele>
      </trkpt>
      <trkpt lat="34.32885993272066" lon="-119.39853999763727">
        <ele>6.88</ele>
      </trkpt>
      <trkpt lat="34.32870998047292" lon="-119.39841996878386">
        <ele>6.85</ele>
      </trkpt>
      <trkpt lat="34.3285299371928" lon="-119.39826993271708">
        <ele>6.8</ele>
      </trkpt>
      <trkpt lat="34.32829029858112" lon="-119.39808016642928">
        <ele>6.77</ele>
      </trkpt>
      <trkpt lat="34.328049989417195" lon="-119.39788998104632">
        <ele>6.77</ele>
      </trkpt>
      <trkpt lat="34.32795996777713" lon="-119.39781999215484">
        <ele>6.74</ele>
      </trkpt>
      <trkpt lat="34.32780993171036" lon="-119.39769996330142">
        <ele>6.75</ele>
      </trkpt>
      <trkpt lat="34.327659979462624" lon="-119.39756995998323">
        <ele>6.76</ele>
      </trkpt>
      <trkpt lat="34.32760993950069" lon="-119.3975299783051">
        <ele>6.76</ele>
      </trkpt>
      <trkpt lat="34.32747515849769" lon="-119.39742009155452">
        <ele>6.76</ele>
      </trkpt>
      <trkpt lat="34.327339958399534" lon="-119.39730995334685">
        <ele>6.79</ele>
      </trkpt>
      <trkpt lat="34.3271035887301" lon="-119.39712018705904">
        <ele>6.81</ele>
      </trkpt>
      <trkpt lat="34.32686721906066" lon="-119.39693042077124">
        <ele>6.82</ele>
      </trkpt>
      <trkpt lat="34.32662992738187" lon="-119.39673998393118">
        <ele>6.88</ele>
      </trkpt>
      <trkpt lat="34.32644996792078" lon="-119.39659992232919">
        <ele>6.93</ele>
      </trkpt>
      <trkpt lat="34.32620697654784" lon="-119.39641350880265">
        <ele>6.98</ele>
      </trkpt>
      <trkpt lat="34.325963985174894" lon="-119.39622709527612">
        <ele>7.03</ele>
      </trkpt>
      <trkpt lat="34.32571998797357" lon="-119.3960399273783">
        <ele>7.08</ele>
      </trkpt>
      <trkpt lat="34.325550170615315" lon="-119.3959051463753">
        <ele>7.17</ele>
      </trkpt>
      <trkpt lat="34.3253799341619" lon="-119.39576994627714">
        <ele>7.25</ele>
      </trkpt>
      <trkpt lat="34.325155299156904" lon="-119.39560021273792">
        <ele>7.35</ele>
      </trkpt>
      <trkpt lat="34.32492999359965" lon="-119.3954299762845">
        <ele>7.39</ele>
      </trkpt>
      <trkpt lat="34.32471625506878" lon="-119.39526418223977">
        <ele>7.46</ele>
      </trkpt>
      <trkpt lat="34.324502516537905" lon="-119.39509838819504">
        <ele>7.53</ele>
      </trkpt>
      <trkpt lat="34.32428886182606" lon="-119.3949325941503">
        <ele>7.59</ele>
      </trkpt>
      <trkpt lat="34.32407512329519" lon="-119.3947668839246">
        <ele>7.67</ele>
      </trkpt>
      <trkpt lat="34.323859959840775" lon="-119.39459991641343">
        <ele>7.76</ele>
      </trkpt>
      <trkpt lat="34.32372014969587" lon="-119.39449514262378">
        <ele>7.86</ele>
      </trkpt>
      <trkpt lat="34.32357992045581" lon="-119.39438994973898">
        <ele>7.94</ele>
      </trkpt>
      <trkpt lat="34.32334531098604" lon="-119.39420772716403">
        <ele>8.06</ele>
      </trkpt>
      <trkpt lat="34.32311061769724" lon="-119.39402542077005">
        <ele>8.16</ele>
      </trkpt>
      <trkpt lat="34.322875924408436" lon="-119.3938431981951">
        <ele>8.25</ele>
      </trkpt>
      <trkpt lat="34.32263997383416" lon="-119.39365996979177">
        <ele>8.32</ele>
      </trkpt>
      <trkpt lat="34.322399999946356" lon="-119.39346995204687">
        <ele>8.4</ele>
      </trkpt>
      <trkpt lat="34.32223521173" lon="-119.39334011636674">
        <ele>8.48</ele>
      </trkpt>
      <trkpt lat="34.32206992059946" lon="-119.39320994541049">
        <ele>8.58</ele>
      </trkpt>
      <trkpt lat="34.32186992838979" lon="-119.39304993487895">
        <ele>8.71</ele>
      </trkpt>
      <trkpt lat="34.32163992896676" lon="-119.39287994988263">
        <ele>8.84</ele>
      </trkpt>
      <trkpt lat="34.32161998003721" lon="-119.39285991713405">
        <ele>8.94</ele>
      </trkpt>
      <trkpt lat="34.32148997671902" lon="-119.39275992102921">
        <ele>9.04</ele>
      </trkpt>
      <trkpt lat="34.32146994397044" lon="-119.39273997209966">
        <ele>9.13</ele>
      </trkpt>
      <trkpt lat="34.32133994065225" lon="-119.39263997599483">
        <ele>9.22</ele>
      </trkpt>
      <trkpt lat="34.32113994844258" lon="-119.39247996546328">
        <ele>9.29</ele>
      </trkpt>
      <trkpt lat="34.32090994901955" lon="-119.39230998046696">
        <ele>9.36</ele>
      </trkpt>
      <trkpt lat="34.320659916847944" lon="-119.39210998825729">
        <ele>9.46</ele>
      </trkpt>
      <trkpt lat="34.32042991742492" lon="-119.39193991944194">
        <ele>9.52</ele>
      </trkpt>
      <trkpt lat="34.32032992132008" lon="-119.39185995608568">
        <ele>9.6</ele>
      </trkpt>
      <trkpt lat="34.320139987394214" lon="-119.39169994555414">
        <ele>9.67</ele>
      </trkpt>
      <trkpt lat="34.31991996243596" lon="-119.39148997887969">
        <ele>9.76</ele>
      </trkpt>
      <trkpt lat="34.31985994800925" lon="-119.39147992059588">
        <ele>9.81</ele>
      </trkpt>
      <trkpt lat="34.31984997354448" lon="-119.39146994613111">
        <ele>9.87</ele>
      </trkpt>
      <trkpt lat="34.3198299407959" lon="-119.39144999720156">
        <ele>9.93</ele>
      </trkpt>
      <trkpt lat="34.319639923051" lon="-119.39124992117286">
        <ele>9.97</ele>
      </trkpt>
      <trkpt lat="34.31950991973281" lon="-119.39109996892512">
        <ele>10.03</ele>
      </trkpt>
      <trkpt lat="34.31940992362797" lon="-119.3909799400717">
        <ele>10.09</ele>
      </trkpt>
      <trkpt lat="34.31937991641462" lon="-119.39093995839357">
        <ele>10.15</ele>
      </trkpt>
      <trkpt lat="34.31935996748507" lon="-119.390919925645">
        <ele>10.2</ele>
      </trkpt>
      <trkpt lat="34.31933993473649" lon="-119.39088991843164">
        <ele>10.24</ele>
      </trkpt>
      <trkpt lat="34.31929995305836" lon="-119.39082998782396">
        <ele>10.28</ele>
      </trkpt>
      <trkpt lat="34.319199956953526" lon="-119.39067995175719">
        <ele>10.36</ele>
      </trkpt>
      <trkpt lat="34.3191599752754" lon="-119.39060996286571">
        <ele>10.4</ele>
      </trkpt>
      <trkpt lat="34.31911999359727" lon="-119.390549948439">
        <ele>10.43</ele>
      </trkpt>
      <trkpt lat="34.319089986383915" lon="-119.3904999922961">
        <ele>10.46</ele>
      </trkpt>
      <trkpt lat="34.31900993920863" lon="-119.39032992348075">
        <ele>10.49</ele>
      </trkpt>
      <trkpt lat="34.318939950317144" lon="-119.39020997844636">
        <ele>10.49</ele>
      </trkpt>
      <trkpt lat="34.31883995421231" lon="-119.38997997902334">
        <ele>10.51</ele>
      </trkpt>
      <trkpt lat="34.3187799397856" lon="-119.38978996127844">
        <ele>10.51</ele>
      </trkpt>
      <trkpt lat="34.31873995810747" lon="-119.38966993242502">
        <ele>10.49</ele>
      </trkpt>
      <trkpt lat="34.31869997642934" lon="-119.38954998739064">
        <ele>10.44</ele>
      </trkpt>
      <trkpt lat="34.31866996921599" lon="-119.38940992578864">
        <ele>10.41</ele>
      </trkpt>
      <trkpt lat="34.318639962002635" lon="-119.38929995521903">
        <ele>10.36</ele>
      </trkpt>
      <trkpt lat="34.31859998032451" lon="-119.38908998854458">
        <ele>10.29</ele>
      </trkpt>
      <trkpt lat="34.31859998032451" lon="-119.38907993026078">
        <ele>10.23</ele>
      </trkpt>
      <trkpt lat="34.31856997311115" lon="-119.38892997801304">
        <ele>10.15</ele>
      </trkpt>
      <trkpt lat="34.31855999864638" lon="-119.38874993473291">
        <ele>10.07</ele>
      </trkpt>
      <trkpt lat="34.3185399658978" lon="-119.38860995694995">
        <ele>9.97</ele>
      </trkpt>
      <trkpt lat="34.3185399658978" lon="-119.38850996084511">
        <ele>9.88</ele>
      </trkpt>
      <trkpt lat="34.3185399658978" lon="-119.38843997195363">
        <ele>9.78</ele>
      </trkpt>
      <trkpt lat="34.3185399658978" lon="-119.38834995031357">
        <ele>9.67</ele>
      </trkpt>
      <trkpt lat="34.318529991433024" lon="-119.38816999085248">
        <ele>9.54</ele>
      </trkpt>
      <trkpt lat="34.318529991433024" lon="-119.3880199547857">
        <ele>9.41</ele>
      </trkpt>
      <trkpt lat="34.3185399658978" lon="-119.38789992593229">
        <ele>9.28</ele>
      </trkpt>
      <trkpt lat="34.31854994036257" lon="-119.38774997368455">
        <ele>9.15</ele>
      </trkpt>
      <trkpt lat="34.31857994757593" lon="-119.38749994151294">
        <ele>9.03</ele>
      </trkpt>
      <trkpt lat="34.31860995478928" lon="-119.38732995651662">
        <ele>8.88</ele>
      </trkpt>
      <trkpt lat="34.318619929254055" lon="-119.38723993487656">
        <ele>8.74</ele>
      </trkpt>
      <trkpt lat="34.318639962002635" lon="-119.38717992044985">
        <ele>8.6</ele>
      </trkpt>
      <trkpt lat="34.31866996921599" lon="-119.38704991713166">
        <ele>8.45</ele>
      </trkpt>
      <trkpt lat="34.31870995089412" lon="-119.38686995767057">
        <ele>8.29</ele>
      </trkpt>
      <trkpt lat="34.31873995810747" lon="-119.38675998710096">
        <ele>8.15</ele>
      </trkpt>
      <trkpt lat="34.318789998069406" lon="-119.3865399621427">
        <ele>8.0</ele>
      </trkpt>
      <trkpt lat="34.31883995421231" lon="-119.38632999546826">
        <ele>7.88</ele>
      </trkpt>
      <trkpt lat="34.318879935890436" lon="-119.38614995218813">
        <ele>7.74</ele>
      </trkpt>
      <trkpt lat="34.318940034136176" lon="-119.38592967577279">
        <ele>7.62</ele>
      </trkpt>
      <trkpt lat="34.31899996474385" lon="-119.38570998609066">
        <ele>7.51</ele>
      </trkpt>
      <trkpt lat="34.319069953635335" lon="-119.38539993949234">
        <ele>7.38</ele>
      </trkpt>
      <trkpt lat="34.3191599752754" lon="-119.38514999113977">
        <ele>7.28</ele>
      </trkpt>
      <trkpt lat="34.31921001523733" lon="-119.38495963811874">
        <ele>7.17</ele>
      </trkpt>
      <trkpt lat="34.319259971380234" lon="-119.38476995564997">
        <ele>7.06</ele>
      </trkpt>
      <trkpt lat="34.31931504048407" lon="-119.38458974473178">
        <ele>6.97</ele>
      </trkpt>
      <trkpt lat="34.319369941949844" lon="-119.38440995290875">
        <ele>6.88</ele>
      </trkpt>
      <trkpt lat="34.31937991641462" lon="-119.38433996401727">
        <ele>6.8</ele>
      </trkpt>
      <trkpt lat="34.319389974698424" lon="-119.38430995680392">
        <ele>6.72</ele>
      </trkpt>
      <trkpt lat="34.31943993084133" lon="-119.38421993516386">
        <ele>6.65</ele>
      </trkpt>
      <trkpt lat="34.31951008737087" lon="-119.38396956771612">
        <ele>6.57</ele>
      </trkpt>
      <trkpt lat="34.31957999244332" lon="-119.38371995463967">
        <ele>6.47</ele>
      </trkpt>
      <trkpt lat="34.31965509429574" lon="-119.38345458358526">
        <ele>6.41</ele>
      </trkpt>
      <trkpt lat="34.31972994469106" lon="-119.38318996690214">
        <ele>6.37</ele>
      </trkpt>
      <trkpt lat="34.319739919155836" lon="-119.38312995247543">
        <ele>6.34</ele>
      </trkpt>
      <trkpt lat="34.31981007568538" lon="-119.38288293778896">
        <ele>6.31</ele>
      </trkpt>
      <trkpt lat="34.319880148395896" lon="-119.3826359231025">
        <ele>6.29</ele>
      </trkpt>
      <trkpt lat="34.319949969649315" lon="-119.38238999806345">
        <ele>6.26</ele>
      </trkpt>
      <trkpt lat="34.32003999128938" lon="-119.38207995146513">
        <ele>6.26</ele>
      </trkpt>
      <trkpt lat="34.32010998018086" lon="-119.3817999958992">
        <ele>6.28</ele>
      </trkpt>
      <trkpt lat="34.320200085639954" lon="-119.38146949745715">
        <ele>6.3</ele>
      </trkpt>
      <trkpt lat="34.32029019109905" lon="-119.38113899901509">
        <ele>6.29</ele>
      </trkpt>
      <trkpt lat="34.320379961282015" lon="-119.38080992549658">
        <ele>6.28</ele>
      </trkpt>
      <trkpt lat="34.32046671397984" lon="-119.38048948533833">
        <ele>6.29</ele>
      </trkpt>
      <trkpt lat="34.3205535504967" lon="-119.38016904518008">
        <ele>6.31</ele>
      </trkpt>
      <trkpt lat="34.320639967918396" lon="-119.37984994612634">
        <ele>6.3</ele>
      </trkpt>
      <trkpt lat="34.32072504423559" lon="-119.37952447682619">
        <ele>6.31</ele>
      </trkpt>
      <trkpt lat="34.320809952914715" lon="-119.37919992953539">
        <ele>6.32</ele>
      </trkpt>
      <trkpt lat="34.32089511305094" lon="-119.37888451851904">
        <ele>6.34</ele>
      </trkpt>
      <trkpt lat="34.320979937911034" lon="-119.37856994569302">
        <ele>6.4</ele>
      </trkpt>
      <trkpt lat="34.321049926802516" lon="-119.37827993184328">
        <ele>6.46</ele>
      </trkpt>
      <trkpt lat="34.321089992299676" lon="-119.37813995406032">
        <ele>6.52</ele>
      </trkpt>
      <trkpt lat="34.32114992290735" lon="-119.37786997295916">
        <ele>6.61</ele>
      </trkpt>
      <trkpt lat="34.32118998840451" lon="-119.37764994800091">
        <ele>6.63</ele>
      </trkpt>
      <trkpt lat="34.32122997008264" lon="-119.3774099741131">
        <ele>6.59</ele>
      </trkpt>
      <trkpt lat="34.32126995176077" lon="-119.37714996747673">
        <ele>6.52</ele>
      </trkpt>
      <trkpt lat="34.3213099334389" lon="-119.37681997194886">
        <ele>6.38</ele>
      </trkpt>
      <trkpt lat="34.32133994065225" lon="-119.3765399325639">
        <ele>6.3</ele>
      </trkpt>
      <trkpt lat="34.32135997340083" lon="-119.37624991871417">
        <ele>6.23</ele>
      </trkpt>
      <trkpt lat="34.32137992233038" lon="-119.37593995593488">
        <ele>6.18</ele>
      </trkpt>
      <trkpt lat="34.32137992233038" lon="-119.37569998204708">
        <ele>6.14</ele>
      </trkpt>
      <trkpt lat="34.32137992233038" lon="-119.37538993544877">
        <ele>6.15</ele>
      </trkpt>
      <trkpt lat="34.321369947865605" lon="-119.37511995434761">
        <ele>6.15</ele>
      </trkpt>
      <trkpt lat="34.32134999893606" lon="-119.37474997714162">
        <ele>6.16</ele>
      </trkpt>
      <trkpt lat="34.3213199917227" lon="-119.37440992332995">
        <ele>6.16</ele>
      </trkpt>
      <trkpt lat="34.32129995897412" lon="-119.37422996386886">
        <ele>6.12</ele>
      </trkpt>
      <trkpt lat="34.32126995176077" lon="-119.3740099389106">
        <ele>6.06</ele>
      </trkpt>
      <trkpt lat="34.32122997008264" lon="-119.3737699650228">
        <ele>6.0</ele>
      </trkpt>
      <trkpt lat="34.32118998840451" lon="-119.37354994006455">
        <ele>5.94</ele>
      </trkpt>
      <trkpt lat="34.32113994844258" lon="-119.37329999171197">
        <ele>5.89</ele>
      </trkpt>
      <trkpt lat="34.321089992299676" lon="-119.37305993400514">
        <ele>5.85</ele>
      </trkpt>
      <trkpt lat="34.32105998508632" lon="-119.37291995622218">
        <ele>5.78</ele>
      </trkpt>
      <trkpt lat="34.32101991958916" lon="-119.37278995290399">
        <ele>5.71</ele>
      </trkpt>
      <trkpt lat="34.320979937911034" lon="-119.37263991683722">
        <ele>5.65</ele>
      </trkpt>
      <trkpt lat="34.32094993069768" lon="-119.37251997180283">
        <ele>5.58</ele>
      </trkpt>
      <trkpt lat="34.32090994901955" lon="-119.37239994294941">
        <ele>5.52</ele>
      </trkpt>
      <trkpt lat="34.32085999287665" lon="-119.37221998348832">
        <ele>5.46</ele>
      </trkpt>
      <trkpt lat="34.320809952914715" lon="-119.37207992188632">
        <ele>5.38</ele>
      </trkpt>
      <trkpt lat="34.32073996402323" lon="-119.37187992967665">
        <ele>5.3</ele>
      </trkpt>
      <trkpt lat="34.32066997513175" lon="-119.37169997021556">
        <ele>5.25</ele>
      </trkpt>
      <trkpt lat="34.32058489881456" lon="-119.37148975208402">
        <ele>5.18</ele>
      </trkpt>
      <trkpt lat="34.32049999013543" lon="-119.37127995304763">
        <ele>5.13</ele>
      </trkpt>
      <trkpt lat="34.320404855534434" lon="-119.371074764058">
        <ele>5.08</ele>
      </trkpt>
      <trkpt lat="34.32030997239053" lon="-119.37086999416351">
        <ele>5.03</ele>
      </trkpt>
      <trkpt lat="34.32030997239053" lon="-119.37084996141493">
        <ele>4.97</ele>
      </trkpt>
      <trkpt lat="34.320209976285696" lon="-119.37064996920526">
        <ele>4.9</ele>
      </trkpt>
      <trkpt lat="34.32010998018086" lon="-119.37044997699559">
        <ele>4.85</ele>
      </trkpt>
      <trkpt lat="34.320014929398894" lon="-119.37027990818024">
        <ele>4.79</ele>
      </trkpt>
      <trkpt lat="34.31991996243596" lon="-119.37010992318392">
        <ele>4.75</ele>
      </trkpt>
      <trkpt lat="34.3198299407959" lon="-119.37004999257624">
        <ele>4.7</ele>
      </trkpt>
      <trkpt lat="34.31980999186635" lon="-119.37001998536289">
        <ele>4.66</ele>
      </trkpt>
      <trkpt lat="34.319779984652996" lon="-119.36997991986573">
        <ele>4.62</ele>
      </trkpt>
      <trkpt lat="34.31971997022629" lon="-119.36985997483134">
        <ele>4.6</ele>
      </trkpt>
      <trkpt lat="34.31955995969474" lon="-119.36956996098161">
        <ele>4.56</ele>
      </trkpt>
      <trkpt lat="34.31941998191178" lon="-119.36931992881">
        <ele>4.54</ele>
      </trkpt>
      <trkpt lat="34.31933993473649" lon="-119.36916997656226">
        <ele>4.53</ele>
      </trkpt>
      <trkpt lat="34.319244883954525" lon="-119.36900988221169">
        <ele>4.54</ele>
      </trkpt>
      <trkpt lat="34.31914991699159" lon="-119.36884995549917">
        <ele>4.56</ele>
      </trkpt>
      <trkpt lat="34.31911999359727" lon="-119.36878994107246">
        <ele>4.58</ele>
      </trkpt>
      <trkpt lat="34.31898999027908" lon="-119.36857997439802">
        <ele>4.58</ele>
      </trkpt>
      <trkpt lat="34.31885487399995" lon="-119.36834486201406">
        <ele>4.62</ele>
      </trkpt>
      <trkpt lat="34.31871992535889" lon="-119.36810991726816">
        <ele>4.67</ele>
      </trkpt>
      <trkpt lat="34.31853661313653" lon="-119.36781990341842">
        <ele>4.73</ele>
      </trkpt>
      <trkpt lat="34.31835321709514" lon="-119.36752980574965">
        <ele>4.76</ele>
      </trkpt>
      <trkpt lat="34.31816998869181" lon="-119.36723995953798">
        <ele>4.81</ele>
      </trkpt>
      <trkpt lat="34.31806999258697" lon="-119.36706997454166">
        <ele>4.88</ele>
      </trkpt>
      <trkpt lat="34.31790495291352" lon="-119.36680485494435">
        <ele>4.95</ele>
      </trkpt>
      <trkpt lat="34.31773999705911" lon="-119.36653998680413">
        <ele>5.01</ele>
      </trkpt>
      <trkpt lat="34.31759993545711" lon="-119.36629984527826">
        <ele>5.09</ele>
      </trkpt>
      <trkpt lat="34.317459957674146" lon="-119.3660599552095">
        <ele>5.18</ele>
      </trkpt>
      <trkpt lat="34.31727488525212" lon="-119.36575485393405">
        <ele>5.25</ele>
      </trkpt>
      <trkpt lat="34.317089980468154" lon="-119.36544992029667">
        <ele>5.33</ele>
      </trkpt>
      <trkpt lat="34.31697992607951" lon="-119.36527993530035">
        <ele>5.42</ele>
      </trkpt>
      <trkpt lat="34.31685998104513" lon="-119.36509997583926">
        <ele>5.52</ele>
      </trkpt>
      <trkpt lat="34.31679996661842" lon="-119.3650099541992">
        <ele>5.6</ele>
      </trkpt>
      <trkpt lat="34.31666996330023" lon="-119.36480996198952">
        <ele>5.72</ele>
      </trkpt>
      <trkpt lat="34.31655999273062" lon="-119.36465992592275">
        <ele>5.78</ele>
      </trkpt>
      <trkpt lat="34.31645999662578" lon="-119.36450997367501">
        <ele>5.91</ele>
      </trkpt>
      <trkpt lat="34.316319935023785" lon="-119.36432993039489">
        <ele>5.98</ele>
      </trkpt>
      <trkpt lat="34.3162499461323" lon="-119.36422993429005">
        <ele>6.06</ele>
      </trkpt>
      <trkpt lat="34.316189931705594" lon="-119.36404997482896">
        <ele>6.16</ele>
      </trkpt>
      <trkpt lat="34.31605003774166" lon="-119.36387504450977">
        <ele>6.23</ele>
      </trkpt>
      <trkpt lat="34.315909976139665" lon="-119.36369994655252">
        <ele>6.32</ele>
      </trkpt>
      <trkpt lat="34.31574502028525" lon="-119.3634850345552">
        <ele>6.34</ele>
      </trkpt>
      <trkpt lat="34.3155799806118" lon="-119.36326995491982">
        <ele>6.42</ele>
      </trkpt>
      <trkpt lat="34.31551996618509" lon="-119.36323994770646">
        <ele>6.46</ele>
      </trkpt>
      <trkpt lat="34.31548995897174" lon="-119.36321999877691">
        <ele>6.51</ele>
      </trkpt>
      <trkpt lat="34.31546992622316" lon="-119.36318999156356">
        <ele>6.55</ele>
      </trkpt>
      <trkpt lat="34.31539993733168" lon="-119.36310994438827">
        <ele>6.57</ele>
      </trkpt>
      <trkpt lat="34.31521494872868" lon="-119.36285329051316">
        <ele>6.63</ele>
      </trkpt>
      <trkpt lat="34.315029960125685" lon="-119.36259663663805">
        <ele>6.69</ele>
      </trkpt>
      <trkpt lat="34.31484497152269" lon="-119.36233998276293">
        <ele>6.7</ele>
      </trkpt>
      <trkpt lat="34.31465998291969" lon="-119.36208332888782">
        <ele>6.75</ele>
      </trkpt>
      <trkpt lat="34.3144749943167" lon="-119.36182667501271">
        <ele>6.78</ele>
      </trkpt>
      <trkpt lat="34.31428992189467" lon="-119.36156993731856">
        <ele>6.8</ele>
      </trkpt>
      <trkpt lat="34.314169976860285" lon="-119.36137991957366">
        <ele>6.84</ele>
      </trkpt>
      <trkpt lat="34.31396663188934" lon="-119.36111002229154">
        <ele>6.81</ele>
      </trkpt>
      <trkpt lat="34.31376337073743" lon="-119.36084004119039">
        <ele>6.77</ele>
      </trkpt>
      <trkpt lat="34.31355994194746" lon="-119.3605699762702">
        <ele>6.78</ele>
      </trkpt>
      <trkpt lat="34.31353999301791" lon="-119.36053996905684">
        <ele>6.78</ele>
      </trkpt>
      <trkpt lat="34.31336003355682" lon="-119.36030334793031">
        <ele>6.79</ele>
      </trkpt>
      <trkpt lat="34.313179990276694" lon="-119.36006672680378">
        <ele>6.8</ele>
      </trkpt>
      <trkpt lat="34.31299994699657" lon="-119.35982993803918">
        <ele>6.81</ele>
      </trkpt>
      <trkpt lat="34.31282996200025" lon="-119.35960999689996">
        <ele>6.82</ele>
      </trkpt>
      <trkpt lat="34.312709933146834" lon="-119.35944998636842">
        <ele>6.82</ele>
      </trkpt>
      <trkpt lat="34.312535002827644" lon="-119.35921495780349">
        <ele>6.84</ele>
      </trkpt>
      <trkpt lat="34.31235998868942" lon="-119.35897992923856">
        <ele>6.82</ele>
      </trkpt>
      <trkpt lat="34.31233995594084" lon="-119.35895998030901">
        <ele>6.81</ele>
      </trkpt>
      <trkpt lat="34.31230994872749" lon="-119.3589499220252">
        <ele>6.8</ele>
      </trkpt>
      <trkpt lat="34.312299974262714" lon="-119.35893994756043">
        <ele>6.79</ele>
      </trkpt>
      <trkpt lat="34.312279941514134" lon="-119.35892997309566">
        <ele>6.78</ele>
      </trkpt>
      <trkpt lat="34.312259992584586" lon="-119.35890994034708">
        <ele>6.77</ele>
      </trkpt>
      <trkpt lat="34.31211498565972" lon="-119.35872998088598">
        <ele>6.77</ele>
      </trkpt>
      <trkpt lat="34.31196997873485" lon="-119.35854993760586">
        <ele>6.78</ele>
      </trkpt>
      <trkpt lat="34.31185497902334" lon="-119.35840501450002">
        <ele>6.78</ele>
      </trkpt>
      <trkpt lat="34.311739979311824" lon="-119.35825992375612">
        <ele>6.78</ele>
      </trkpt>
      <trkpt lat="34.31163000874221" lon="-119.35812002979219">
        <ele>6.85</ele>
      </trkpt>
      <trkpt lat="34.31151995435357" lon="-119.3579799681902">
        <ele>6.87</ele>
      </trkpt>
      <trkpt lat="34.31138995103538" lon="-119.35779992491007">
        <ele>6.93</ele>
      </trkpt>
      <trkpt lat="34.311270006000996" lon="-119.35763999819756">
        <ele>6.93</ele>
      </trkpt>
      <trkpt lat="34.31114997714758" lon="-119.35747998766601">
        <ele>6.94</ele>
      </trkpt>
      <trkpt lat="34.3110799882561" lon="-119.35738996602595">
        <ele>6.95</ele>
      </trkpt>
      <trkpt lat="34.31089994497597" lon="-119.35715996660292">
        <ele>6.92</ele>
      </trkpt>
      <trkpt lat="34.31076499633491" lon="-119.35697497799993">
        <ele>6.91</ele>
      </trkpt>
      <trkpt lat="34.31062996387482" lon="-119.35678998939693">
        <ele>6.92</ele>
      </trkpt>
      <trkpt lat="34.310495015233755" lon="-119.3566099461168">
        <ele>6.94</ele>
      </trkpt>
      <trkpt lat="34.31035998277366" lon="-119.35642998665571">
        <ele>6.99</ele>
      </trkpt>
      <trkpt lat="34.31028999388218" lon="-119.35632999055088">
        <ele>7.06</ele>
      </trkpt>
      <trkpt lat="34.3102699611336" lon="-119.35628992505372">
        <ele>7.13</ele>
      </trkpt>
      <trkpt lat="34.31024992838502" lon="-119.35624994337559">
        <ele>7.21</ele>
      </trkpt>
      <trkpt lat="34.310219921171665" lon="-119.35614994727075">
        <ele>7.29</ele>
      </trkpt>
      <trkpt lat="34.31004163809121" lon="-119.35591164976358">
        <ele>7.38</ele>
      </trkpt>
      <trkpt lat="34.30986335501075" lon="-119.35567335225642">
        <ele>7.48</ele>
      </trkpt>
      <trkpt lat="34.30968507193029" lon="-119.35543505474925">
        <ele>7.59</ele>
      </trkpt>
      <trkpt lat="34.3095067050308" lon="-119.35519675724208">
        <ele>7.73</ele>
      </trkpt>
      <trkpt lat="34.30932842195034" lon="-119.35495845973492">
        <ele>7.89</ele>
      </trkpt>
      <trkpt lat="34.30914997123182" lon="-119.35471999458969">
        <ele>8.02</ele>
      </trkpt>
      <trkpt lat="34.3089850153774" lon="-119.35450499877334">
        <ele>8.19</ele>
      </trkpt>
      <trkpt lat="34.308819975703955" lon="-119.35428991913795">
        <ele>8.37</ele>
      </trkpt>
      <trkpt lat="34.30877999402583" lon="-119.35423996299505">
        <ele>8.57</ele>
      </trkpt>
      <trkpt lat="34.308649990707636" lon="-119.35406494885683">
        <ele>8.77</ele>
      </trkpt>
      <trkpt lat="34.308519987389445" lon="-119.35388993471861">
        <ele>8.99</ele>
      </trkpt>
      <trkpt lat="34.30839995853603" lon="-119.3537300080061">
        <ele>9.19</ele>
      </trkpt>
      <trkpt lat="34.30827992968261" lon="-119.35356999747455">
        <ele>9.39</ele>
      </trkpt>
      <trkpt lat="34.30809997022152" lon="-119.35332993976772">
        <ele>9.62</ele>
      </trkpt>
      <trkpt lat="34.307955047115684" lon="-119.35314998030663">
        <ele>9.83</ele>
      </trkpt>
      <trkpt lat="34.307809956371784" lon="-119.3529699370265">
        <ele>10.03</ele>
      </trkpt>
      <trkpt lat="34.30764500051737" lon="-119.35276499949396">
        <ele>10.25</ele>
      </trkpt>
      <trkpt lat="34.30747996084392" lon="-119.35255997814238">
        <ele>10.53</ele>
      </trkpt>
      <trkpt lat="34.30727996863425" lon="-119.35231992043555">
        <ele>10.81</ele>
      </trkpt>
      <trkpt lat="34.30714996531606" lon="-119.35216996818781">
        <ele>11.03</ele>
      </trkpt>
      <trkpt lat="34.30702993646264" lon="-119.35201993212104">
        <ele>11.27</ele>
      </trkpt>
      <trkpt lat="34.30690001696348" lon="-119.35186000540853">
        <ele>11.44</ele>
      </trkpt>
      <trkpt lat="34.30676992982626" lon="-119.35169999487698">
        <ele>11.65</ele>
      </trkpt>
      <trkpt lat="34.306649984791875" lon="-119.35154995881021">
        <ele>11.76</ele>
      </trkpt>
      <trkpt lat="34.30649667978287" lon="-119.35136337764561">
        <ele>11.89</ele>
      </trkpt>
      <trkpt lat="34.30634337477386" lon="-119.35117679648101">
        <ele>12.01</ele>
      </trkpt>
      <trkpt lat="34.30618998594582" lon="-119.35098996385932">
        <ele>12.08</ele>
      </trkpt>
      <trkpt lat="34.30602335371077" lon="-119.35078670270741">
        <ele>12.09</ele>
      </trkpt>
      <trkpt lat="34.30585672147572" lon="-119.3505834415555">
        <ele>12.16</ele>
      </trkpt>
      <trkpt lat="34.30568992160261" lon="-119.3503799289465">
        <ele>12.09</ele>
      </trkpt>
      <trkpt lat="34.30562999099493" lon="-119.35030994005501">
        <ele>12.1</ele>
      </trkpt>
      <trkpt lat="34.305509962141514" lon="-119.35015998780727">
        <ele>12.01</ele>
      </trkpt>
      <trkpt lat="34.30537501350045" lon="-119.34999000281096">
        <ele>11.95</ele>
      </trkpt>
      <trkpt lat="34.30523998104036" lon="-119.3498199339956">
        <ele>11.8</ele>
      </trkpt>
      <trkpt lat="34.305079970508814" lon="-119.3496299162507">
        <ele>11.55</ele>
      </trkpt>
      <trkpt lat="34.3049200437963" lon="-119.34944006614387">
        <ele>11.29</ele>
      </trkpt>
      <trkpt lat="34.304759949445724" lon="-119.34924996457994">
        <ele>11.13</ele>
      </trkpt>
      <trkpt lat="34.30455509573221" lon="-119.34901510365307">
        <ele>10.87</ele>
      </trkpt>
      <trkpt lat="34.304349990561604" lon="-119.34877999126911">
        <ele>10.65</ele>
      </trkpt>
      <trkpt lat="34.30414010770619" lon="-119.34855007566512">
        <ele>10.44</ele>
      </trkpt>
      <trkpt lat="34.30392997339368" lon="-119.34831999242306">
        <ele>10.26</ele>
      </trkpt>
      <trkpt lat="34.303725119680166" lon="-119.34809510596097">
        <ele>10.09</ele>
      </trkpt>
      <trkpt lat="34.30351993069053" lon="-119.34786996804178">
        <ele>9.87</ele>
      </trkpt>
      <trkpt lat="34.303290182724595" lon="-119.34764013625681">
        <ele>9.62</ele>
      </trkpt>
      <trkpt lat="34.30305993184447" lon="-119.34740996919572">
        <ele>9.3</ele>
      </trkpt>
      <trkpt lat="34.30294996127486" lon="-119.3472899403423">
        <ele>8.94</ele>
      </trkpt>
      <trkpt lat="34.302800092846155" lon="-119.3471400719136">
        <ele>8.64</ele>
      </trkpt>
      <trkpt lat="34.30264997296035" lon="-119.3469899520278">
        <ele>8.35</ele>
      </trkpt>
      <trkpt lat="34.302520053461194" lon="-119.34686506167054">
        <ele>8.07</ele>
      </trkpt>
      <trkpt lat="34.30238996632397" lon="-119.34673991985619">
        <ele>7.8</ele>
      </trkpt>
      <trkpt lat="34.3022399302572" lon="-119.346609916538">
        <ele>7.55</ele>
      </trkpt>
      <trkpt lat="34.30209995247424" lon="-119.34647999703884">
        <ele>7.3</ele>
      </trkpt>
      <trkpt lat="34.301965087652206" lon="-119.34635007753968">
        <ele>7.03</ele>
      </trkpt>
      <trkpt lat="34.30182997137308" lon="-119.34621999040246">
        <ele>6.78</ele>
      </trkpt>
      <trkpt lat="34.30160516873002" lon="-119.34602016583085">
        <ele>6.56</ele>
      </trkpt>
      <trkpt lat="34.3013799469918" lon="-119.34581992216408">
        <ele>6.33</ele>
      </trkpt>
      <trkpt lat="34.30123996920884" lon="-119.3456999771297">
        <ele>6.11</ele>
      </trkpt>
      <trkpt lat="34.301129998639226" lon="-119.34560995548964">
        <ele>5.9</ele>
      </trkpt>
      <trkpt lat="34.30091994814575" lon="-119.34542999602854">
        <ele>5.7</ele>
      </trkpt>
      <trkpt lat="34.30079991929233" lon="-119.3453199416399">
        <ele>5.52</ele>
      </trkpt>
      <trkpt lat="34.300625156611204" lon="-119.345180131495">
        <ele>5.34</ele>
      </trkpt>
      <trkpt lat="34.30044997483492" lon="-119.34503998607397">
        <ele>5.17</ele>
      </trkpt>
      <trkpt lat="34.30025023408234" lon="-119.34488014318049">
        <ele>5.04</ele>
      </trkpt>
      <trkpt lat="34.30004999041557" lon="-119.34471996501088">
        <ele>4.9</ele>
      </trkpt>
      <trkpt lat="34.30002995766699" lon="-119.3446999322623">
        <ele>4.77</ele>
      </trkpt>
      <trkpt lat="34.29983683861792" lon="-119.34454352594912">
        <ele>4.66</ele>
      </trkpt>
      <trkpt lat="34.29964380338788" lon="-119.34438703581691">
        <ele>4.57</ele>
      </trkpt>
      <trkpt lat="34.29944992996752" lon="-119.34422995895147">
        <ele>4.48</ele>
      </trkpt>
      <trkpt lat="34.29943995550275" lon="-119.3442199844867">
        <ele>4.39</ele>
      </trkpt>
      <trkpt lat="34.299389999359846" lon="-119.34417991898954">
        <ele>4.32</ele>
      </trkpt>
      <trkpt lat="34.299299977719784" lon="-119.34410993009806">
        <ele>4.25</ele>
      </trkpt>
      <trkpt lat="34.299075258895755" lon="-119.34393265284598">
        <ele>4.2</ele>
      </trkpt>
      <trkpt lat="34.298850540071726" lon="-119.34375545941293">
        <ele>4.16</ele>
      </trkpt>
      <trkpt lat="34.2986258212477" lon="-119.34357818216085">
        <ele>4.15</ele>
      </trkpt>
      <trkpt lat="34.298399928957224" lon="-119.34339998289943">
        <ele>4.19</ele>
      </trkpt>
      <trkpt lat="34.298249976709485" lon="-119.34327995404601">
        <ele>4.12</ele>
      </trkpt>
      <trkpt lat="34.29804998449981" lon="-119.34312991797924">
        <ele>4.16</ele>
      </trkpt>
      <trkpt lat="34.297799952328205" lon="-119.3429199513048">
        <ele>4.12</ele>
      </trkpt>
      <trkpt lat="34.29778997786343" lon="-119.3429199513048">
        <ele>4.1</ele>
      </trkpt>
      <trkpt lat="34.29763994179666" lon="-119.34279992245138">
        <ele>4.09</ele>
      </trkpt>
      <trkpt lat="34.29756995290518" lon="-119.3427399918437">
        <ele>4.1</ele>
      </trkpt>
      <trkpt lat="34.29734028875828" lon="-119.34255517087877">
        <ele>4.09</ele>
      </trkpt>
      <trkpt lat="34.297109954059124" lon="-119.34236993081868">
        <ele>4.09</ele>
      </trkpt>
      <trkpt lat="34.29686696268618" lon="-119.34217689558864">
        <ele>4.1</ele>
      </trkpt>
      <trkpt lat="34.296623887494206" lon="-119.34198377653956">
        <ele>4.09</ele>
      </trkpt>
      <trkpt lat="34.296379974111915" lon="-119.34178998693824">
        <ele>4.09</ele>
      </trkpt>
      <trkpt lat="34.29623018950224" lon="-119.34167515486479">
        <ele>4.11</ele>
      </trkpt>
      <trkpt lat="34.296079985797405" lon="-119.34155998751521">
        <ele>4.14</ele>
      </trkpt>
      <trkpt lat="34.29600999690592" lon="-119.3414999730885">
        <ele>4.18</ele>
      </trkpt>
      <trkpt lat="34.29595995694399" lon="-119.34145999141037">
        <ele>4.23</ele>
      </trkpt>
      <trkpt lat="34.295799946412444" lon="-119.34132998809218">
        <ele>4.29</ele>
      </trkpt>
      <trkpt lat="34.29561998695135" lon="-119.341199984774">
        <ele>4.35</ele>
      </trkpt>
      <trkpt lat="34.295609928667545" lon="-119.34118992649019">
        <ele>4.42</ele>
      </trkpt>
      <trkpt lat="34.29546995088458" lon="-119.34108993038535">
        <ele>4.52</ele>
      </trkpt>
      <trkpt lat="34.29535998031497" lon="-119.34099999256432">
        <ele>4.61</ele>
      </trkpt>
      <trkpt lat="34.29524992592633" lon="-119.3409299198538">
        <ele>4.69</ele>
      </trkpt>
      <trkpt lat="34.29509997367859" lon="-119.34082992374897">
        <ele>4.8</ele>
      </trkpt>
      <trkpt lat="34.29494029842317" lon="-119.34074509888887">
        <ele>4.89</ele>
      </trkpt>
      <trkpt lat="34.2947799526155" lon="-119.34065993875265">
        <ele>4.98</ele>
      </trkpt>
      <trkpt lat="34.29470996372402" lon="-119.3406299315393">
        <ele>5.09</ele>
      </trkpt>
      <trkpt lat="34.29466998204589" lon="-119.34060998260975">
        <ele>5.23</ele>
      </trkpt>
      <trkpt lat="34.29452992044389" lon="-119.34052993543446">
        <ele>5.37</ele>
      </trkpt>
      <trkpt lat="34.29430997930467" lon="-119.34039993211627">
        <ele>5.5</ele>
      </trkpt>
      <trkpt lat="34.29428994655609" lon="-119.3403899576515">
        <ele>5.65</ele>
      </trkpt>
      <trkpt lat="34.29406992159784" lon="-119.34024997986853">
        <ele>5.83</ele>
      </trkpt>
      <trkpt lat="34.29400999099016" lon="-119.3401999399066">
        <ele>6.02</ele>
      </trkpt>
      <trkpt lat="34.293779991567135" lon="-119.3400199804455">
        <ele>6.2</ele>
      </trkpt>
      <trkpt lat="34.29361998103559" lon="-119.33986994437873">
        <ele>6.42</ele>
      </trkpt>
      <trkpt lat="34.2935399338603" lon="-119.33978998102248">
        <ele>6.63</ele>
      </trkpt>
      <trkpt lat="34.293499952182174" lon="-119.33974999934435">
        <ele>6.85</ele>
      </trkpt>
      <trkpt lat="34.29340993054211" lon="-119.33964991942048">
        <ele>7.08</ele>
      </trkpt>
      <trkpt lat="34.293349999934435" lon="-119.3395899888128">
        <ele>7.33</ele>
      </trkpt>
      <trkpt lat="34.29327992722392" lon="-119.33949996717274">
        <ele>7.6</ele>
      </trkpt>
      <trkpt lat="34.29316995665431" lon="-119.33936996385455">
        <ele>7.87</ele>
      </trkpt>
      <trkpt lat="34.293159982189536" lon="-119.3393399566412">
        <ele>8.15</ele>
      </trkpt>
      <trkpt lat="34.29314992390573" lon="-119.33932998217642">
        <ele>8.42</ele>
      </trkpt>
      <trkpt lat="34.293089993298054" lon="-119.33923996053636">
        <ele>8.7</ele>
      </trkpt>
      <trkpt lat="34.29303995333612" lon="-119.33916997164488">
        <ele>8.99</ele>
      </trkpt>
      <trkpt lat="34.29299997165799" lon="-119.33910995721817">
        <ele>9.29</ele>
      </trkpt>
      <trkpt lat="34.29284993559122" lon="-119.33885992504656">
        <ele>9.64</ele>
      </trkpt>
      <trkpt lat="34.29273996502161" lon="-119.3386699911207">
        <ele>9.94</ele>
      </trkpt>
      <trkpt lat="34.292709957808256" lon="-119.33862992562354">
        <ele>10.23</ele>
      </trkpt>
      <trkpt lat="34.29258992895484" lon="-119.33842993341386">
        <ele>10.56</ele>
      </trkpt>
      <trkpt lat="34.29240996949375" lon="-119.33812994509935">
        <ele>10.89</ele>
      </trkpt>
      <trkpt lat="34.29238993674517" lon="-119.338099937886">
        <ele>11.18</ele>
      </trkpt>
      <trkpt lat="34.292319947853684" lon="-119.33799994178116">
        <ele>11.46</ele>
      </trkpt>
      <trkpt lat="34.29226999171078" lon="-119.33794998563826">
        <ele>11.73</ele>
      </trkpt>
      <trkpt lat="34.29222992621362" lon="-119.33788997121155">
        <ele>12.01</ele>
      </trkpt>
      <trkpt lat="34.29217997007072" lon="-119.33782995678484">
        <ele>12.26</ele>
      </trkpt>
      <trkpt lat="34.29213998839259" lon="-119.33779994957149">
        <ele>12.47</ele>
      </trkpt>
      <trkpt lat="34.2920599412173" lon="-119.33769995346665">
        <ele>12.68</ele>
      </trkpt>
      <trkpt lat="34.291849974542856" lon="-119.3374799285084">
        <ele>12.95</ele>
      </trkpt>
      <trkpt lat="34.29167998954654" lon="-119.33730994351208">
        <ele>13.23</ele>
      </trkpt>
      <trkpt lat="34.2914851102978" lon="-119.33711011894047">
        <ele>13.38</ele>
      </trkpt>
      <trkpt lat="34.291289979591966" lon="-119.33690995909274">
        <ele>13.56</ele>
      </trkpt>
      <trkpt lat="34.29113005287945" lon="-119.33672505430877">
        <ele>13.82</ele>
      </trkpt>
      <trkpt lat="34.290969958528876" lon="-119.33653998188674">
        <ele>13.83</ele>
      </trkpt>
      <trkpt lat="34.29085495881736" lon="-119.336390029639">
        <ele>13.94</ele>
      </trkpt>
      <trkpt lat="34.29073995910585" lon="-119.33623999357224">
        <ele>13.91</ele>
      </trkpt>
      <trkpt lat="34.290689919143915" lon="-119.33616992086172">
        <ele>13.96</ele>
      </trkpt>
      <trkpt lat="34.2905299924314" lon="-119.3359399214387">
        <ele>13.96</ele>
      </trkpt>
      <trkpt lat="34.29035992361605" lon="-119.33567999862134">
        <ele>13.94</ele>
      </trkpt>
      <trkpt lat="34.29028993472457" lon="-119.33554999530315">
        <ele>13.95</ele>
      </trkpt>
      <trkpt lat="34.290259927511215" lon="-119.33553993701935">
        <ele>13.91</ele>
      </trkpt>
      <trkpt lat="34.29024995304644" lon="-119.33552996255457">
        <ele>13.87</ele>
      </trkpt>
      <trkpt lat="34.29022992029786" lon="-119.335509929806">
        <ele>13.81</ele>
      </trkpt>
      <trkpt lat="34.29020997136831" lon="-119.33547992259264">
        <ele>13.75</ele>
      </trkpt>
      <trkpt lat="34.29018993861973" lon="-119.33545997366309">
        <ele>13.67</ele>
      </trkpt>
      <trkpt lat="34.290089942514896" lon="-119.33526995591819">
        <ele>13.58</ele>
      </trkpt>
      <trkpt lat="34.290092876181006" lon="-119.33527481742203">
        <ele>13.49</ele>
      </trkpt>
      <trkpt lat="34.290039986371994" lon="-119.33526995591819">
        <ele>13.39</ele>
      </trkpt>
      <trkpt lat="34.289999920874834" lon="-119.33524992316961">
        <ele>13.28</ele>
      </trkpt>
      <trkpt lat="34.289959939196706" lon="-119.33521999977529">
        <ele>13.16</ele>
      </trkpt>
      <trkpt lat="34.28991995751858" lon="-119.33516995981336">
        <ele>13.05</ele>
      </trkpt>
      <trkpt lat="34.28989992477" lon="-119.3351399526">
        <ele>12.95</ele>
      </trkpt>
      <trkpt lat="34.28986991755664" lon="-119.33509997092187">
        <ele>12.85</ele>
      </trkpt>
      <trkpt lat="34.289849968627095" lon="-119.33504993095994">
        <ele>12.75</ele>
      </trkpt>
      <trkpt lat="34.28980998694897" lon="-119.33496996760368">
        <ele>12.67</ele>
      </trkpt>
      <trkpt lat="34.28975994698703" lon="-119.33487994596362">
        <ele>12.58</ele>
      </trkpt>
      <trkpt lat="34.28975994698703" lon="-119.33486997149885">
        <ele>12.48</ele>
      </trkpt>
      <trkpt lat="34.289739998057485" lon="-119.33481993153691">
        <ele>12.4</ele>
      </trkpt>
      <trkpt lat="34.28966992534697" lon="-119.33468992821872">
        <ele>12.31</ele>
      </trkpt>
      <trkpt lat="34.28958493284881" lon="-119.33451483026147">
        <ele>12.23</ele>
      </trkpt>
      <trkpt lat="34.28949994035065" lon="-119.33433998376131">
        <ele>12.16</ele>
      </trkpt>
      <trkpt lat="34.28948996588588" lon="-119.33430997654796">
        <ele>12.09</ele>
      </trkpt>
      <trkpt lat="34.289399944245815" lon="-119.33412993326783">
        <ele>12.03</ele>
      </trkpt>
      <trkpt lat="34.28935996256769" lon="-119.33405994437635">
        <ele>11.97</ele>
      </trkpt>
      <trkpt lat="34.28930992260575" lon="-119.33393999934196">
        <ele>11.91</ele>
      </trkpt>
      <trkpt lat="34.28930992260575" lon="-119.33392994105816">
        <ele>11.86</ele>
      </trkpt>
      <trkpt lat="34.2892299592495" lon="-119.33374998159707">
        <ele>11.82</ele>
      </trkpt>
      <trkpt lat="34.2892299592495" lon="-119.33373992331326">
        <ele>11.78</ele>
      </trkpt>
      <trkpt lat="34.28914999589324" lon="-119.3335499893874">
        <ele>11.77</ele>
      </trkpt>
      <trkpt lat="34.28914999589324" lon="-119.33353993110359">
        <ele>11.74</ele>
      </trkpt>
      <trkpt lat="34.28908998146653" lon="-119.33338997885585">
        <ele>11.71</ele>
      </trkpt>
      <trkpt lat="34.28906994871795" lon="-119.33334999717772">
        <ele>11.69</ele>
      </trkpt>
      <trkpt lat="34.28899995982647" lon="-119.33314992114902">
        <ele>11.67</ele>
      </trkpt>
      <trkpt lat="34.28893994539976" lon="-119.33300994336605">
        <ele>11.68</ele>
      </trkpt>
      <trkpt lat="34.28885486908257" lon="-119.33280978351831">
        <ele>11.69</ele>
      </trkpt>
      <trkpt lat="34.28876996040344" lon="-119.3326099589467">
        <ele>11.7</ele>
      </trkpt>
      <trkpt lat="34.28875998593867" lon="-119.33256997726858">
        <ele>11.73</ele>
      </trkpt>
      <trkpt lat="34.28875998593867" lon="-119.33255991898477">
        <ele>11.77</ele>
      </trkpt>
      <trkpt lat="34.28867993876338" lon="-119.33237995952368">
        <ele>11.82</ele>
      </trkpt>
      <trkpt lat="34.28867993876338" lon="-119.3323699850589">
        <ele>11.88</ele>
      </trkpt>
      <trkpt lat="34.288599975407124" lon="-119.332179967314">
        <ele>11.96</ele>
      </trkpt>
      <trkpt lat="34.28858991712332" lon="-119.332179967314">
        <ele>12.03</ele>
      </trkpt>
      <trkpt lat="34.28850995376706" lon="-119.33197997510433">
        <ele>12.1</ele>
      </trkpt>
      <trkpt lat="34.28850995376706" lon="-119.33196991682053">
        <ele>12.19</ele>
      </trkpt>
      <trkpt lat="34.28843996487558" lon="-119.33178995735943">
        <ele>12.28</ele>
      </trkpt>
      <trkpt lat="34.28834994323552" lon="-119.33157999068499">
        <ele>12.37</ele>
      </trkpt>
      <trkpt lat="34.288279954344034" lon="-119.3313099257648">
        <ele>12.53</ele>
      </trkpt>
      <trkpt lat="34.28820996545255" lon="-119.33108998462558">
        <ele>12.65</ele>
      </trkpt>
      <trkpt lat="34.2881799582392" lon="-119.33097993023694">
        <ele>12.79</ele>
      </trkpt>
      <trkpt lat="34.288169983774424" lon="-119.33097993023694">
        <ele>12.9</ele>
      </trkpt>
      <trkpt lat="34.28809999488294" lon="-119.33076996356249">
        <ele>13.07</ele>
      </trkpt>
      <trkpt lat="34.28802992217243" lon="-119.33056997135282">
        <ele>13.27</ele>
      </trkpt>
      <trkpt lat="34.28791995160282" lon="-119.33024995028973">
        <ele>13.35</ele>
      </trkpt>
      <trkpt lat="34.28788994438946" lon="-119.33017996139824">
        <ele>13.47</ele>
      </trkpt>
      <trkpt lat="34.287809981033206" lon="-119.32997996918857">
        <ele>13.59</ele>
      </trkpt>
      <trkpt lat="34.287789948284626" lon="-119.32990998029709">
        <ele>13.71</ele>
      </trkpt>
      <trkpt lat="34.287739992141724" lon="-119.3297799769789">
        <ele>13.83</ele>
      </trkpt>
      <trkpt lat="34.287659944966435" lon="-119.329589959234">
        <ele>13.93</ele>
      </trkpt>
      <trkpt lat="34.287659944966435" lon="-119.32957998476923">
        <ele>14.07</ele>
      </trkpt>
      <trkpt lat="34.28751996718347" lon="-119.32926993817091">
        <ele>14.26</ele>
      </trkpt>
      <trkpt lat="34.28748995997012" lon="-119.32919994927943">
        <ele>14.38</ele>
      </trkpt>
      <trkpt lat="34.28742994554341" lon="-119.32905997149646">
        <ele>14.46</ele>
      </trkpt>
      <trkpt lat="34.28740999661386" lon="-119.32900993153453">
        <ele>14.59</ele>
      </trkpt>
      <trkpt lat="34.28732994943857" lon="-119.32880993932486">
        <ele>14.73</ele>
      </trkpt>
      <trkpt lat="34.28730991668999" lon="-119.32874992489815">
        <ele>14.89</ele>
      </trkpt>
      <trkpt lat="34.28725996054709" lon="-119.32860994711518">
        <ele>15.07</ele>
      </trkpt>
      <trkpt lat="34.28721997886896" lon="-119.32849997654557">
        <ele>15.2</ele>
      </trkpt>
      <trkpt lat="34.28717999719083" lon="-119.32841992937028">
        <ele>15.35</ele>
      </trkpt>
      <trkpt lat="34.287099950015545" lon="-119.32822999544442">
        <ele>15.47</ele>
      </trkpt>
      <trkpt lat="34.28708997555077" lon="-119.32821993716061">
        <ele>15.63</ele>
      </trkpt>
      <trkpt lat="34.28702996112406" lon="-119.32807995937765">
        <ele>15.85</ele>
      </trkpt>
      <trkpt lat="34.286949997767806" lon="-119.3279199488461">
        <ele>16.05</ele>
      </trkpt>
      <trkpt lat="34.2868899833411" lon="-119.32780997827649">
        <ele>16.22</ele>
      </trkpt>
      <trkpt lat="34.286839943379164" lon="-119.32771995663643">
        <ele>16.34</ele>
      </trkpt>
      <trkpt lat="34.28680993616581" lon="-119.3276699166745">
        <ele>16.51</ele>
      </trkpt>
      <trkpt lat="34.28676995448768" lon="-119.32757997885346">
        <ele>16.72</ele>
      </trkpt>
      <trkpt lat="34.28672997280955" lon="-119.32747998274863">
        <ele>16.93</ele>
      </trkpt>
      <trkpt lat="34.286689991131425" lon="-119.32739993557334">
        <ele>17.08</ele>
      </trkpt>
      <trkpt lat="34.286649925634265" lon="-119.32727999053895">
        <ele>17.31</ele>
      </trkpt>
      <trkpt lat="34.28656996227801" lon="-119.32708997279406">
        <ele>17.44</ele>
      </trkpt>
      <trkpt lat="34.28656996227801" lon="-119.32707999832928">
        <ele>17.63</ele>
      </trkpt>
      <trkpt lat="34.286559987813234" lon="-119.3270599655807">
        <ele>17.81</ele>
      </trkpt>
      <trkpt lat="34.28648999892175" lon="-119.32688998058438">
        <ele>18.03</ele>
      </trkpt>
      <trkpt lat="34.286409951746464" lon="-119.32668998837471">
        <ele>18.33</ele>
      </trkpt>
      <trkpt lat="34.28633996285498" lon="-119.32649997062981">
        <ele>18.52</ele>
      </trkpt>
      <trkpt lat="34.28628992289305" lon="-119.32636996731162">
        <ele>18.61</ele>
      </trkpt>
      <trkpt lat="34.28617995232344" lon="-119.32609998621047">
        <ele>18.81</ele>
      </trkpt>
      <trkpt lat="34.286109963431954" lon="-119.32590996846557">
        <ele>18.97</ele>
      </trkpt>
      <trkpt lat="34.28609998896718" lon="-119.32590996846557">
        <ele>19.14</ele>
      </trkpt>
      <trkpt lat="34.286029916256666" lon="-119.3257099762559">
        <ele>19.32</ele>
      </trkpt>
      <trkpt lat="34.285979960113764" lon="-119.32559992186725">
        <ele>19.49</ele>
      </trkpt>
      <trkpt lat="34.28588985465467" lon="-119.32535969652236">
        <ele>19.81</ele>
      </trkpt>
      <trkpt lat="34.28579991683364" lon="-119.32511997409165">
        <ele>20.05</ele>
      </trkpt>
      <trkpt lat="34.28571995347738" lon="-119.32492995634675">
        <ele>20.01</ele>
      </trkpt>
      <trkpt lat="34.28571995347738" lon="-119.32491998188198">
        <ele>20.14</ele>
      </trkpt>
      <trkpt lat="34.285639990121126" lon="-119.32472996413708">
        <ele>20.37</ele>
      </trkpt>
      <trkpt lat="34.285639990121126" lon="-119.3247199896723">
        <ele>20.47</ele>
      </trkpt>
      <trkpt lat="34.28555994294584" lon="-119.3245299719274">
        <ele>20.57</ele>
      </trkpt>
      <trkpt lat="34.285459946841" lon="-119.32426996529102">
        <ele>20.51</ele>
      </trkpt>
      <trkpt lat="34.2854099906981" lon="-119.32413996197283">
        <ele>20.58</ele>
      </trkpt>
      <trkpt lat="34.28532985970378" lon="-119.32394474744797">
        <ele>20.77</ele>
      </trkpt>
      <trkpt lat="34.285249980166554" lon="-119.32374995201826">
        <ele>20.72</ele>
      </trkpt>
      <trkpt lat="34.285169932991266" lon="-119.32354995980859">
        <ele>20.59</ele>
      </trkpt>
      <trkpt lat="34.28508996963501" lon="-119.32335994206369">
        <ele>20.64</ele>
      </trkpt>
      <trkpt lat="34.28500992245972" lon="-119.32315994985402">
        <ele>20.61</ele>
      </trkpt>
      <trkpt lat="34.28493993356824" lon="-119.32295995764434">
        <ele>20.49</ele>
      </trkpt>
      <trkpt lat="34.28485997021198" lon="-119.32276993989944">
        <ele>20.44</ele>
      </trkpt>
      <trkpt lat="34.2848399374634" lon="-119.32271998375654">
        <ele>20.34</ele>
      </trkpt>
      <trkpt lat="34.284779923036695" lon="-119.32256994768977">
        <ele>20.17</ele>
      </trkpt>
      <trkpt lat="34.284739941358566" lon="-119.32247992604971">
        <ele>19.94</ele>
      </trkpt>
      <trkpt lat="34.28461999632418" lon="-119.3221799377352">
        <ele>19.44</ele>
      </trkpt>
      <trkpt lat="34.28453994914889" lon="-119.32197994552553">
        <ele>19.25</ele>
      </trkpt>
      <trkpt lat="34.28445998579264" lon="-119.32178992778063">
        <ele>19.09</ele>
      </trkpt>
      <trkpt lat="34.28443995304406" lon="-119.32172999717295">
        <ele>18.9</ele>
      </trkpt>
      <trkpt lat="34.2843599896878" lon="-119.32151994667947">
        <ele>18.56</ele>
      </trkpt>
      <trkpt lat="34.284309949725866" lon="-119.32139991782606">
        <ele>18.25</ele>
      </trkpt>
      <trkpt lat="34.28429997526109" lon="-119.32138994336128">
        <ele>17.93</ele>
      </trkpt>
      <trkpt lat="34.284239960834384" lon="-119.32123999111354">
        <ele>17.61</ele>
      </trkpt>
      <trkpt lat="34.28409998305142" lon="-119.32097998447716">
        <ele>17.13</ele>
      </trkpt>
      <trkpt lat="34.2839299980551" lon="-119.32065996341407">
        <ele>16.8</ele>
      </trkpt>
      <trkpt lat="34.283809969201684" lon="-119.32044999673963">
        <ele>16.35</ele>
      </trkpt>
      <trkpt lat="34.283729922026396" lon="-119.32029996067286">
        <ele>15.92</ele>
      </trkpt>
      <trkpt lat="34.283639984205365" lon="-119.32014992460608">
        <ele>15.52</ele>
      </trkpt>
      <trkpt lat="34.283619951456785" lon="-119.32011991739273">
        <ele>15.13</ele>
      </trkpt>
      <trkpt lat="34.283509980887175" lon="-119.31994993239641">
        <ele>14.71</ele>
      </trkpt>
      <trkpt lat="34.283469999209046" lon="-119.31986996904016">
        <ele>14.32</ele>
      </trkpt>
      <trkpt lat="34.283449966460466" lon="-119.31982998736203">
        <ele>13.93</ele>
      </trkpt>
      <trkpt lat="34.283429933711886" lon="-119.31975999847054">
        <ele>13.55</ele>
      </trkpt>
      <trkpt lat="34.28340998478234" lon="-119.31966997683048">
        <ele>13.17</ele>
      </trkpt>
      <trkpt lat="34.28336991928518" lon="-119.31955992244184">
        <ele>12.8</ele>
      </trkpt>
      <trkpt lat="34.28336991928518" lon="-119.31954994797707">
        <ele>12.44</ele>
      </trkpt>
      <trkpt lat="34.283339995890856" lon="-119.31948993355036">
        <ele>12.07</ele>
      </trkpt>
      <trkpt lat="34.2833099886775" lon="-119.31942991912365">
        <ele>11.71</ele>
      </trkpt>
      <trkpt lat="34.28326992318034" lon="-119.31936998851597">
        <ele>11.34</ele>
      </trkpt>
      <trkpt lat="34.28322994150221" lon="-119.31932992301881">
        <ele>10.99</ele>
      </trkpt>
      <trkpt lat="34.282999942079186" lon="-119.31907997466624">
        <ele>10.67</ele>
      </trkpt>
      <trkpt lat="34.28291997872293" lon="-119.31899992749095">
        <ele>10.36</ele>
      </trkpt>
      <trkpt lat="34.28278662264347" lon="-119.31880328804255">
        <ele>10.06</ele>
      </trkpt>
      <trkpt lat="34.28265326656401" lon="-119.31860656477511">
        <ele>9.76</ele>
      </trkpt>
      <trkpt lat="34.282519994303584" lon="-119.3184099253267">
        <ele>9.49</ele>
      </trkpt>
      <trkpt lat="34.28240993991494" lon="-119.31824991479516">
        <ele>9.22</ele>
      </trkpt>
      <trkpt lat="34.28229996934533" lon="-119.31808998808265">
        <ele>8.96</ele>
      </trkpt>
      <trkpt lat="34.2822599876672" lon="-119.31801999919116">
        <ele>8.73</ele>
      </trkpt>
      <trkpt lat="34.28215999156237" lon="-119.3178699631244">
        <ele>8.51</ele>
      </trkpt>
      <trkpt lat="34.28208991885185" lon="-119.31774993427098">
        <ele>8.3</ele>
      </trkpt>
      <trkpt lat="34.28205999545753" lon="-119.31766997091472">
        <ele>8.11</ele>
      </trkpt>
      <trkpt lat="34.28203996270895" lon="-119.31752999313176">
        <ele>7.95</ele>
      </trkpt>
      <trkpt lat="34.28201992996037" lon="-119.31745992042124">
        <ele>7.81</ele>
      </trkpt>
      <trkpt lat="34.28197994828224" lon="-119.31708994321525">
        <ele>7.65</ele>
      </trkpt>
      <trkpt lat="34.281959999352694" lon="-119.31699992157519">
        <ele>7.52</ele>
      </trkpt>
      <trkpt lat="34.28192999213934" lon="-119.31682993657887">
        <ele>7.39</ele>
      </trkpt>
      <trkpt lat="34.28192999213934" lon="-119.31672994047403">
        <ele>7.29</ele>
      </trkpt>
      <trkpt lat="34.281939966604114" lon="-119.31663991883397">
        <ele>7.2</ele>
      </trkpt>
      <trkpt lat="34.281959999352694" lon="-119.31658996269107">
        <ele>7.12</ele>
      </trkpt>
      <trkpt lat="34.28197994828224" lon="-119.31654998101294">
        <ele>7.06</ele>
      </trkpt>
      <trkpt lat="34.28209997713566" lon="-119.3164399266243">
        <ele>7.02</ele>
      </trkpt>
      <trkpt lat="34.28216996602714" lon="-119.31628997437656">
        <ele>6.96</ele>
      </trkpt>
      <trkpt lat="34.28218999877572" lon="-119.31620992720127">
        <ele>6.92</ele>
      </trkpt>
      <trkpt lat="34.28221992217004" lon="-119.31598998606205">
        <ele>6.89</ele>
      </trkpt>
      <trkpt lat="34.28221992217004" lon="-119.31597992777824">
        <ele>6.86</ele>
      </trkpt>
      <trkpt lat="34.28223995491862" lon="-119.31577993556857">
        <ele>6.84</ele>
      </trkpt>
      <trkpt lat="34.28226996213198" lon="-119.31555999442935">
        <ele>6.81</ele>
      </trkpt>
      <trkpt lat="34.28228999488056" lon="-119.31534994393587">
        <ele>6.8</ele>
      </trkpt>
      <trkpt lat="34.28228999488056" lon="-119.31532999500632">
        <ele>6.8</ele>
      </trkpt>
      <trkpt lat="34.282329976558685" lon="-119.31507996283472">
        <ele>6.79</ele>
      </trkpt>
      <trkpt lat="34.28233995102346" lon="-119.31503998115659">
        <ele>6.8</ele>
      </trkpt>
      <trkpt lat="34.28235998377204" lon="-119.31500997394323">
        <ele>6.81</ele>
      </trkpt>
      <trkpt lat="34.28238999098539" lon="-119.31498994119465">
        <ele>6.82</ele>
      </trkpt>
      <trkpt lat="34.28239015862346" lon="-119.31499488651752">
        <ele>6.84</ele>
      </trkpt>
      <trkpt lat="34.28238999098539" lon="-119.31489991955459">
        <ele>6.85</ele>
      </trkpt>
      <trkpt lat="34.28237993270159" lon="-119.31480998173356">
        <ele>6.87</ele>
      </trkpt>
      <trkpt lat="34.282349925488234" lon="-119.31470998562872">
        <ele>6.89</ele>
      </trkpt>
      <trkpt lat="34.282309943810105" lon="-119.31459993124008">
        <ele>6.9</ele>
      </trkpt>
      <trkpt lat="34.28227993659675" lon="-119.31451996788383">
        <ele>6.91</ele>
      </trkpt>
      <trkpt lat="34.28222998045385" lon="-119.31438996456563">
        <ele>6.92</ele>
      </trkpt>
      <trkpt lat="34.28222998045385" lon="-119.31437999010086">
        <ele>6.94</ele>
      </trkpt>
      <trkpt lat="34.28221992217004" lon="-119.31435995735228">
        <ele>6.96</ele>
      </trkpt>
      <trkpt lat="34.28220994770527" lon="-119.31430991739035">
        <ele>6.99</ele>
      </trkpt>
      <trkpt lat="34.28220994770527" lon="-119.31425996124744">
        <ele>7.01</ele>
      </trkpt>
      <trkpt lat="34.28222998045385" lon="-119.31419994682074">
        <ele>7.03</ele>
      </trkpt>
      <trkpt lat="34.2822599876672" lon="-119.31416993960738">
        <ele>7.06</ele>
      </trkpt>
      <trkpt lat="34.282309943810105" lon="-119.31412995792925">
        <ele>7.08</ele>
      </trkpt>
      <trkpt lat="34.28240993991494" lon="-119.3140999507159">
        <ele>7.1</ele>
      </trkpt>
      <trkpt lat="34.282499961555004" lon="-119.31407991796732">
        <ele>7.13</ele>
      </trkpt>
      <trkpt lat="34.282649997621775" lon="-119.31403993628919">
        <ele>7.17</ele>
      </trkpt>
      <trkpt lat="34.28265259601176" lon="-119.3140378408134">
        <ele>7.19</ele>
      </trkpt>
      <trkpt lat="34.282629964873195" lon="-119.31386995129287">
        <ele>7.2</ele>
      </trkpt>
      <trkpt lat="34.282609932124615" lon="-119.31372997350991">
        <ele>7.2</ele>
      </trkpt>
      <trkpt lat="34.282609932124615" lon="-119.3136699590832">
        <ele>7.21</ele>
      </trkpt>
      <trkpt lat="34.28259995765984" lon="-119.31363995186985">
        <ele>7.22</ele>
      </trkpt>
      <trkpt lat="34.28255989216268" lon="-119.31331439875066">
        <ele>7.22</ele>
      </trkpt>
      <trkpt lat="34.282519994303584" lon="-119.31298993527889">
        <ele>7.21</ele>
      </trkpt>
      <trkpt lat="34.28247984498739" lon="-119.31266941130161">
        <ele>7.21</ele>
      </trkpt>
      <trkpt lat="34.282439947128296" lon="-119.31234997697175">
        <ele>7.19</ele>
      </trkpt>
      <trkpt lat="34.28240491077304" lon="-119.31202936917543">
        <ele>7.19</ele>
      </trkpt>
      <trkpt lat="34.28236995823681" lon="-119.31170993484557">
        <ele>7.18</ele>
      </trkpt>
      <trkpt lat="34.28235998377204" lon="-119.31162997148931">
        <ele>7.17</ele>
      </trkpt>
      <trkpt lat="34.28236291743815" lon="-119.31163013912737">
        <ele>7.16</ele>
      </trkpt>
      <trkpt lat="34.282329976558685" lon="-119.31162997148931">
        <ele>7.15</ele>
      </trkpt>
      <trkpt lat="34.282309943810105" lon="-119.31162997148931">
        <ele>7.14</ele>
      </trkpt>
      <trkpt lat="34.28229996934533" lon="-119.31161999702454">
        <ele>7.13</ele>
      </trkpt>
      <trkpt lat="34.28229996934533" lon="-119.31160993874073">
        <ele>7.11</ele>
      </trkpt>
      <trkpt lat="34.28228999488056" lon="-119.31158998981118">
        <ele>7.1</ele>
      </trkpt>
      <trkpt lat="34.28226996213198" lon="-119.31136996485293">
        <ele>7.08</ele>
      </trkpt>
      <trkpt lat="34.28222998045385" lon="-119.31105991825461">
        <ele>7.07</ele>
      </trkpt>
      <trkpt lat="34.28220994770527" lon="-119.31083997711539">
        <ele>7.05</ele>
      </trkpt>
      <trkpt lat="34.28218999877572" lon="-119.3107099737972">
        <ele>7.03</ele>
      </trkpt>
      <trkpt lat="34.282179940491915" lon="-119.31062992662191">
        <ele>7.01</ele>
      </trkpt>
      <trkpt lat="34.28214993327856" lon="-119.31040998548269">
        <ele>6.99</ele>
      </trkpt>
      <trkpt lat="34.28212998434901" lon="-119.31028995662928">
        <ele>6.96</ele>
      </trkpt>
      <trkpt lat="34.28211992606521" lon="-119.31019993498921">
        <ele>6.93</ele>
      </trkpt>
      <trkpt lat="34.28209997713566" lon="-119.30997999384999">
        <ele>6.93</ele>
      </trkpt>
      <trkpt lat="34.28208991885185" lon="-119.3098999466747">
        <ele>6.92</ele>
      </trkpt>
      <trkpt lat="34.28203996270895" lon="-119.30954991839826">
        <ele>6.89</ele>
      </trkpt>
      <trkpt lat="34.28201992996037" lon="-119.30932997725904">
        <ele>6.87</ele>
      </trkpt>
      <trkpt lat="34.281989922747016" lon="-119.30912998504937">
        <ele>6.85</ele>
      </trkpt>
      <trkpt lat="34.281989922747016" lon="-119.30911992676556">
        <ele>6.83</ele>
      </trkpt>
      <trkpt lat="34.281959999352694" lon="-119.30889998562634">
        <ele>6.77</ele>
      </trkpt>
      <trkpt lat="34.281939966604114" lon="-119.30868993513286">
        <ele>6.73</ele>
      </trkpt>
      <trkpt lat="34.28190995939076" lon="-119.30846999399364">
        <ele>6.7</ele>
      </trkpt>
      <trkpt lat="34.281899984925985" lon="-119.3083699978888">
        <ele>6.7</ele>
      </trkpt>
      <trkpt lat="34.281879952177405" lon="-119.30825994350016">
        <ele>6.7</ele>
      </trkpt>
      <trkpt lat="34.28185489028692" lon="-119.30804452858865">
        <ele>6.72</ele>
      </trkpt>
      <trkpt lat="34.2818299960345" lon="-119.30782995186746">
        <ele>6.73</ele>
      </trkpt>
      <trkpt lat="34.2818199377507" lon="-119.30766994133592">
        <ele>6.73</ele>
      </trkpt>
      <trkpt lat="34.28180996328592" lon="-119.30760992690921">
        <ele>6.72</ele>
      </trkpt>
      <trkpt lat="34.28177995607257" lon="-119.30739996023476">
        <ele>6.69</ele>
      </trkpt>
      <trkpt lat="34.28175992332399" lon="-119.30717993527651">
        <ele>6.64</ele>
      </trkpt>
      <trkpt lat="34.28172999992967" lon="-119.30696996860206">
        <ele>6.62</ele>
      </trkpt>
      <trkpt lat="34.28169999271631" lon="-119.30674994364381">
        <ele>6.62</ele>
      </trkpt>
      <trkpt lat="34.28167995996773" lon="-119.30655992589891">
        <ele>6.6</ele>
      </trkpt>
      <trkpt lat="34.28166998550296" lon="-119.30647996254265">
        <ele>6.57</ele>
      </trkpt>
      <trkpt lat="34.28164995275438" lon="-119.30645992979407">
        <ele>6.54</ele>
      </trkpt>
      <trkpt lat="34.2816299200058" lon="-119.30643998086452">
        <ele>6.5</ele>
      </trkpt>
      <trkpt lat="34.281599996611476" lon="-119.30640997365117">
        <ele>6.45</ele>
      </trkpt>
      <trkpt lat="34.28160368464887" lon="-119.30641223676503">
        <ele>6.4</ele>
      </trkpt>
      <trkpt lat="34.28156998939812" lon="-119.30643998086452">
        <ele>6.35</ele>
      </trkpt>
      <trkpt lat="34.28152992390096" lon="-119.30646998807788">
        <ele>6.29</ele>
      </trkpt>
      <trkpt lat="34.28145993500948" lon="-119.30650996975601">
        <ele>6.22</ele>
      </trkpt>
      <trkpt lat="34.28140997886658" lon="-119.30652991868556">
        <ele>6.16</ele>
      </trkpt>
      <trkpt lat="34.28134996443987" lon="-119.30653997696936">
        <ele>6.08</ele>
      </trkpt>
      <trkpt lat="34.28113999776542" lon="-119.30655992589891">
        <ele>6.0</ele>
      </trkpt>
      <trkpt lat="34.28108995780349" lon="-119.30656998418272">
        <ele>5.92</ele>
      </trkpt>
      <trkpt lat="34.28090547211468" lon="-119.30658490397036">
        <ele>5.82</ele>
      </trkpt>
      <trkpt lat="34.280719980597496" lon="-119.30659999139607">
        <ele>5.7</ele>
      </trkpt>
      <trkpt lat="34.28054999560118" lon="-119.30660996586084">
        <ele>5.59</ele>
      </trkpt>
      <trkpt lat="34.28034991957247" lon="-119.30661994032562">
        <ele>5.47</ele>
      </trkpt>
      <trkpt lat="34.28018999285996" lon="-119.3066399730742">
        <ele>5.37</ele>
      </trkpt>
      <trkpt lat="34.280010452494025" lon="-119.30665489286184">
        <ele>5.25</ele>
      </trkpt>
      <trkpt lat="34.27982999011874" lon="-119.30666998028755">
        <ele>5.13</ele>
      </trkpt>
      <trkpt lat="34.27979998290539" lon="-119.30666998028755">
        <ele>5.03</ele>
      </trkpt>
      <trkpt lat="34.27964994683862" lon="-119.30667995475233">
        <ele>4.92</ele>
      </trkpt>
      <trkpt lat="34.27950996905565" lon="-119.3066899292171">
        <ele>4.82</ele>
      </trkpt>
      <trkpt lat="34.279469987377524" lon="-119.3066899292171">
        <ele>4.71</ele>
      </trkpt>
      <trkpt lat="34.279299918562174" lon="-119.3066999875009">
        <ele>4.61</ele>
      </trkpt>
      <trkpt lat="34.2792899440974" lon="-119.3066999875009">
        <ele>4.51</ele>
      </trkpt>
      <trkpt lat="34.27911995910108" lon="-119.30671993643045">
        <ele>4.4</ele>
      </trkpt>
      <trkpt lat="34.27893999963999" lon="-119.30673996917903">
        <ele>4.3</ele>
      </trkpt>
      <trkpt lat="34.278760459274054" lon="-119.30675488896668">
        <ele>4.2</ele>
      </trkpt>
      <trkpt lat="34.27857999689877" lon="-119.30676997639239">
        <ele>4.1</ele>
      </trkpt>
      <trkpt lat="34.278399953618646" lon="-119.30677995085716">
        <ele>4.0</ele>
      </trkpt>
      <trkpt lat="34.27821999415755" lon="-119.30678992532194">
        <ele>3.9</ele>
      </trkpt>
      <trkpt lat="34.27803995087743" lon="-119.30680995807052">
        <ele>3.81</ele>
      </trkpt>
      <trkpt lat="34.277859991416335" lon="-119.30681993253529">
        <ele>3.7</ele>
      </trkpt>
      <trkpt lat="34.27767994813621" lon="-119.30683996528387">
        <ele>3.59</ele>
      </trkpt>
      <trkpt lat="34.277669973671436" lon="-119.30683996528387">
        <ele>3.49</ele>
      </trkpt>
      <trkpt lat="34.27749998867512" lon="-119.30684993974864">
        <ele>3.42</ele>
      </trkpt>
      <trkpt lat="34.27733997814357" lon="-119.30685999803245">
        <ele>3.35</ele>
      </trkpt>
      <trkpt lat="34.27731994539499" lon="-119.30685999803245">
        <ele>3.26</ele>
      </trkpt>
      <trkpt lat="34.27700998261571" lon="-119.30688992142677">
        <ele>3.17</ele>
      </trkpt>
      <trkpt lat="34.276959942653775" lon="-119.306879946962">
        <ele>3.08</ele>
      </trkpt>
      <trkpt lat="34.27691996097565" lon="-119.30688992142677">
        <ele>3.0</ele>
      </trkpt>
      <trkpt lat="34.276849972084165" lon="-119.30688992142677">
        <ele>2.91</ele>
      </trkpt>
      <trkpt lat="34.27664553746581" lon="-119.3068849761039">
        <ele>2.83</ele>
      </trkpt>
      <trkpt lat="34.27643992938101" lon="-119.306879946962">
        <ele>2.76</ele>
      </trkpt>
      <trkpt lat="34.27633993327618" lon="-119.306879946962">
        <ele>2.69</ele>
      </trkpt>
      <trkpt lat="34.27612057887018" lon="-119.30687500163913">
        <ele>2.62</ele>
      </trkpt>
      <trkpt lat="34.2758999671787" lon="-119.30686997249722">
        <ele>2.56</ele>
      </trkpt>
      <trkpt lat="34.275819920003414" lon="-119.30685999803245">
        <ele>2.49</ele>
      </trkpt>
      <trkpt lat="34.27571992389858" lon="-119.30685999803245">
        <ele>2.43</ele>
      </trkpt>
      <trkpt lat="34.275539964437485" lon="-119.30685999803245">
        <ele>2.38</ele>
      </trkpt>
      <trkpt lat="34.27535992115736" lon="-119.30685999803245">
        <ele>2.31</ele>
      </trkpt>
      <trkpt lat="34.275089940056205" lon="-119.30685999803245">
        <ele>2.23</ele>
      </trkpt>
      <trkpt lat="34.274979969486594" lon="-119.30684993974864">
        <ele>2.18</ele>
      </trkpt>
      <trkpt lat="34.27488994784653" lon="-119.3068299908191">
        <ele>2.13</ele>
      </trkpt>
      <trkpt lat="34.27479992620647" lon="-119.30677995085716">
        <ele>2.09</ele>
      </trkpt>
      <trkpt lat="34.27469993010163" lon="-119.30671993643045">
        <ele>2.05</ele>
      </trkpt>
      <trkpt lat="34.27466992288828" lon="-119.3066899292171">
        <ele>2.01</ele>
      </trkpt>
      <trkpt lat="34.27462994121015" lon="-119.3066399730742">
        <ele>1.98</ele>
      </trkpt>
      <trkpt lat="34.27455995231867" lon="-119.30654995143414">
        <ele>1.95</ele>
      </trkpt>
      <trkpt lat="34.27453991957009" lon="-119.30652991868556">
        <ele>1.92</ele>
      </trkpt>
      <trkpt lat="34.27449993789196" lon="-119.30643998086452">
        <ele>1.89</ele>
      </trkpt>
      <trkpt lat="34.274469930678606" lon="-119.30634995922446">
        <ele>1.87</ele>
      </trkpt>
      <trkpt lat="34.27445995621383" lon="-119.30633998475969">
        <ele>1.85</ele>
      </trkpt>
      <trkpt lat="34.27444998174906" lon="-119.30629991926253">
        <ele>1.83</ele>
      </trkpt>
      <trkpt lat="34.27442994900048" lon="-119.30621995590627">
        <ele>1.82</ele>
      </trkpt>
      <trkpt lat="34.274419974535704" lon="-119.30613999255002">
        <ele>1.8</ele>
      </trkpt>
      <trkpt lat="34.2744099162519" lon="-119.30612993426621">
        <ele>1.79</ele>
      </trkpt>
      <trkpt lat="34.2744099162519" lon="-119.30611995980144">
        <ele>1.78</ele>
      </trkpt>
      <trkpt lat="34.274359960108995" lon="-119.30591996759176">
        <ele>1.78</ele>
      </trkpt>
      <trkpt lat="34.27434998564422" lon="-119.30588996037841">
        <ele>1.77</ele>
      </trkpt>
      <trkpt lat="34.27429994568229" lon="-119.30574998259544">
        <ele>1.76</ele>
      </trkpt>
      <trkpt lat="34.274209924042225" lon="-119.30552995763719">
        <ele>1.76</ele>
      </trkpt>
      <trkpt lat="34.2741699423641" lon="-119.30543993599713">
        <ele>1.76</ele>
      </trkpt>
      <trkpt lat="34.27406994625926" lon="-119.30523994378746">
        <ele>1.76</ele>
      </trkpt>
      <trkpt lat="34.27399995736778" lon="-119.30499996989965">
        <ele>1.76</ele>
      </trkpt>
      <trkpt lat="34.273989982903004" lon="-119.30493995547295">
        <ele>1.76</ele>
      </trkpt>
      <trkpt lat="34.27395997568965" lon="-119.30482998490334">
        <ele>1.76</ele>
      </trkpt>
      <trkpt lat="34.273949917405844" lon="-119.3047299887985">
        <ele>1.76</ele>
      </trkpt>
      <trkpt lat="34.273949917405844" lon="-119.3047199305147">
        <ele>1.76</ele>
      </trkpt>
      <trkpt lat="34.273949917405844" lon="-119.30470995604992">
        <ele>1.76</ele>
      </trkpt>
      <trkpt lat="34.27393994294107" lon="-119.30462999269366">
        <ele>1.77</ele>
      </trkpt>
      <trkpt lat="34.27393994294107" lon="-119.3045399710536">
        <ele>1.77</ele>
      </trkpt>
      <trkpt lat="34.273929968476295" lon="-119.30445992387831">
        <ele>1.77</ele>
      </trkpt>
      <trkpt lat="34.273929968476295" lon="-119.30438993498683">
        <ele>1.77</ele>
      </trkpt>
      <trkpt lat="34.27393994294107" lon="-119.30430997163057">
        <ele>1.78</ele>
      </trkpt>
      <trkpt lat="34.273949917405844" lon="-119.3041599355638">
        <ele>1.78</ele>
      </trkpt>
      <trkpt lat="34.27395997568965" lon="-119.30407997220755">
        <ele>1.78</ele>
      </trkpt>
      <trkpt lat="34.273969950154424" lon="-119.30402993224561">
        <ele>1.78</ele>
      </trkpt>
      <trkpt lat="34.273989982903004" lon="-119.30388995446265">
        <ele>1.78</ele>
      </trkpt>
      <trkpt lat="34.27400993183255" lon="-119.30376992560923">
        <ele>1.78</ele>
      </trkpt>
      <trkpt lat="34.27401999011636" lon="-119.3036699295044">
        <ele>1.78</ele>
      </trkpt>
      <trkpt lat="34.27401999011636" lon="-119.30364998057485">
        <ele>1.78</ele>
      </trkpt>
      <trkpt lat="34.27401999011636" lon="-119.30363992229104">
        <ele>1.78</ele>
      </trkpt>
      <trkpt lat="34.27400993183255" lon="-119.30362994782627">
        <ele>1.78</ele>
      </trkpt>
      <trkpt lat="34.27400993183255" lon="-119.30361997336149">
        <ele>1.78</ele>
      </trkpt>
      <trkpt lat="34.27400993183255" lon="-119.30360999889672">
        <ele>1.78</ele>
      </trkpt>
      <trkpt lat="34.27399995736778" lon="-119.30360999889672">
        <ele>1.78</ele>
      </trkpt>
      <trkpt lat="34.2739799246192" lon="-119.30359994061291">
        <ele>1.78</ele>
      </trkpt>
      <trkpt lat="34.273969950154424" lon="-119.30358996614814">
        <ele>1.78</ele>
      </trkpt>
      <trkpt lat="34.27393994294107" lon="-119.30358996614814">
        <ele>1.77</ele>
      </trkpt>
      <trkpt lat="34.27391999401152" lon="-119.30357999168336">
        <ele>1.77</ele>
      </trkpt>
      <trkpt lat="34.27388998679817" lon="-119.30357999168336">
        <ele>1.77</ele>
      </trkpt>
      <trkpt lat="34.27386995404959" lon="-119.30357999168336">
        <ele>1.77</ele>
      </trkpt>
      <trkpt lat="34.27385997958481" lon="-119.30357999168336">
        <ele>1.77</ele>
      </trkpt>
      <trkpt lat="34.27384992130101" lon="-119.30356993339956">
        <ele>1.77</ele>
      </trkpt>
      <trkpt lat="34.27382997237146" lon="-119.30355995893478">
        <ele>1.77</ele>
      </trkpt>
      <trkpt lat="34.27382997237146" lon="-119.30354998447001">
        <ele>1.77</ele>
      </trkpt>
      <trkpt lat="34.273819997906685" lon="-119.30354998447001">
        <ele>1.77</ele>
      </trkpt>
      <trkpt lat="34.273819997906685" lon="-119.30352995172143">
        <ele>1.78</ele>
      </trkpt>
      <trkpt lat="34.273819997906685" lon="-119.30351997725666">
        <ele>1.78</ele>
      </trkpt>
      <trkpt lat="34.273819997906685" lon="-119.30349994450808">
        <ele>1.79</ele>
      </trkpt>
      <trkpt lat="34.27382997237146" lon="-119.30347999557853">
        <ele>1.8</ele>
      </trkpt>
      <trkpt lat="34.27383994683623" lon="-119.30344998836517">
        <ele>1.8</ele>
      </trkpt>
      <trkpt lat="34.27384992130101" lon="-119.30341998115182">
        <ele>1.81</ele>
      </trkpt>
      <trkpt lat="34.27384992130101" lon="-119.30339994840324">
        <ele>1.83</ele>
      </trkpt>
      <trkpt lat="34.27385997958481" lon="-119.30338997393847">
        <ele>1.84</ele>
      </trkpt>
      <trkpt lat="34.27385997958481" lon="-119.30332995951176">
        <ele>1.86</ele>
      </trkpt>
      <trkpt lat="34.27387992851436" lon="-119.30317992344499">
        <ele>1.88</ele>
      </trkpt>
      <trkpt lat="34.27389996126294" lon="-119.30297993123531">
        <ele>1.9</ele>
      </trkpt>
      <trkpt lat="34.27391999401152" lon="-119.30281992070377">
        <ele>1.92</ele>
      </trkpt>
      <trkpt lat="34.27391999401152" lon="-119.302809946239">
        <ele>1.95</ele>
      </trkpt>
      <trkpt lat="34.27391999401152" lon="-119.30278999730945">
        <ele>1.98</ele>
      </trkpt>
      <trkpt lat="34.273909935727715" lon="-119.30277993902564">
        <ele>2.01</ele>
      </trkpt>
      <trkpt lat="34.27389996126294" lon="-119.30275999009609">
        <ele>2.05</ele>
      </trkpt>
      <trkpt lat="34.27388998679817" lon="-119.30274993181229">
        <ele>2.08</ele>
      </trkpt>
      <trkpt lat="34.27388998679817" lon="-119.30273995734751">
        <ele>2.12</ele>
      </trkpt>
      <trkpt lat="34.27388998679817" lon="-119.30272998288274">
        <ele>2.17</ele>
      </trkpt>
      <trkpt lat="34.27388998679817" lon="-119.30271992459893">
        <ele>2.21</ele>
      </trkpt>
      <trkpt lat="34.27388998679817" lon="-119.30265999399126">
        <ele>2.26</ele>
      </trkpt>
      <trkpt lat="34.27389996126294" lon="-119.30253996513784">
        <ele>2.32</ele>
      </trkpt>
      <trkpt lat="34.27391999401152" lon="-119.30232999846339">
        <ele>2.37</ele>
      </trkpt>
      <trkpt lat="34.273949917405844" lon="-119.30211994796991">
        <ele>2.43</ele>
      </trkpt>
      <trkpt lat="34.273949917405844" lon="-119.30210997350514">
        <ele>2.49</ele>
      </trkpt>
      <trkpt lat="34.273949917405844" lon="-119.30204995907843">
        <ele>2.55</ele>
      </trkpt>
      <trkpt lat="34.273969950154424" lon="-119.30189992301166">
        <ele>2.61</ele>
      </trkpt>
      <trkpt lat="34.273969950154424" lon="-119.30188994854689">
        <ele>2.68</ele>
      </trkpt>
      <trkpt lat="34.273989982903004" lon="-119.30168995633721">
        <ele>2.77</ele>
      </trkpt>
      <trkpt lat="34.27399995736778" lon="-119.30167998187244">
        <ele>2.84</ele>
      </trkpt>
      <trkpt lat="34.27399995736778" lon="-119.30163991637528">
        <ele>2.91</ele>
      </trkpt>
      <trkpt lat="34.27401999011636" lon="-119.30146993137896">
        <ele>2.99</ele>
      </trkpt>
      <trkpt lat="34.27401999011636" lon="-119.30145995691419">
        <ele>3.06</ele>
      </trkpt>
      <trkpt lat="34.27402996458113" lon="-119.30140991695225">
        <ele>3.13</ele>
      </trkpt>
      <trkpt lat="34.27404999732971" lon="-119.30122995749116">
        <ele>3.21</ele>
      </trkpt>
      <trkpt lat="34.274059971794486" lon="-119.30103993974626">
        <ele>3.3</ele>
      </trkpt>
      <trkpt lat="34.27406994625926" lon="-119.3009499181062">
        <ele>3.37</ele>
      </trkpt>
      <trkpt lat="34.27408997900784" lon="-119.30072997696698">
        <ele>3.44</ele>
      </trkpt>
      <trkpt lat="34.27408997900784" lon="-119.30067993700504">
        <ele>3.5</ele>
      </trkpt>
      <trkpt lat="34.274099953472614" lon="-119.30063995532691">
        <ele>3.56</ele>
      </trkpt>
      <trkpt lat="34.27410992793739" lon="-119.30059997364879">
        <ele>3.61</ele>
      </trkpt>
      <trkpt lat="34.274119986221194" lon="-119.30056996643543">
        <ele>3.67</ele>
      </trkpt>
      <trkpt lat="34.27413993515074" lon="-119.3005299847573">
        <ele>3.72</ele>
      </trkpt>
      <trkpt lat="34.2741699423641" lon="-119.30048991926014">
        <ele>3.77</ele>
      </trkpt>
      <trkpt lat="34.27419994957745" lon="-119.30045999586582">
        <ele>3.81</ele>
      </trkpt>
      <trkpt lat="34.27421998232603" lon="-119.30043996311724">
        <ele>3.85</ele>
      </trkpt>
      <trkpt lat="34.274229956790805" lon="-119.30042998865247">
        <ele>3.89</ele>
      </trkpt>
      <trkpt lat="34.27423993125558" lon="-119.30041993036866">
        <ele>3.92</ele>
      </trkpt>
      <trkpt lat="34.274249989539385" lon="-119.30041993036866">
        <ele>3.95</ele>
      </trkpt>
      <trkpt lat="34.27425996400416" lon="-119.30040995590389">
        <ele>3.98</ele>
      </trkpt>
      <trkpt lat="34.27426993846893" lon="-119.30040995590389">
        <ele>4.0</ele>
      </trkpt>
      <trkpt lat="34.27428997121751" lon="-119.30041993036866">
        <ele>4.02</ele>
      </trkpt>
      <trkpt lat="34.27429994568229" lon="-119.30041993036866">
        <ele>4.04</ele>
      </trkpt>
      <trkpt lat="34.27430992014706" lon="-119.30041993036866">
        <ele>4.05</ele>
      </trkpt>
      <trkpt lat="34.27431997843087" lon="-119.30041993036866">
        <ele>4.06</ele>
      </trkpt>
      <trkpt lat="34.27432995289564" lon="-119.30040995590389">
        <ele>4.07</ele>
      </trkpt>
      <trkpt lat="34.274339927360415" lon="-119.30039998143911">
        <ele>4.08</ele>
      </trkpt>
      <trkpt lat="34.27434998564422" lon="-119.30039998143911">
        <ele>4.08</ele>
      </trkpt>
      <trkpt lat="34.27434998564422" lon="-119.30038992315531">
        <ele>4.08</ele>
      </trkpt>
      <trkpt lat="34.27434998564422" lon="-119.30037994869053">
        <ele>4.08</ele>
      </trkpt>
      <trkpt lat="34.274359960108995" lon="-119.30037994869053">
        <ele>4.07</ele>
      </trkpt>
      <trkpt lat="34.274359960108995" lon="-119.30036997422576">
        <ele>4.06</ele>
      </trkpt>
      <trkpt lat="34.274359960108995" lon="-119.30035999976099">
        <ele>4.06</ele>
      </trkpt>
      <trkpt lat="34.274362390860915" lon="-119.3003560602665">
        <ele>4.05</ele>
      </trkpt>
      <trkpt lat="34.274359960108995" lon="-119.30032999254763">
        <ele>4.04</ele>
      </trkpt>
      <trkpt lat="34.27434998564422" lon="-119.30031993426383">
        <ele>4.02</ele>
      </trkpt>
      <trkpt lat="34.274339927360415" lon="-119.30029998533428">
        <ele>4.01</ele>
      </trkpt>
      <trkpt lat="34.27432995289564" lon="-119.30028992705047">
        <ele>4.0</ele>
      </trkpt>
      <trkpt lat="34.27431997843087" lon="-119.3002799525857">
        <ele>3.98</ele>
      </trkpt>
      <trkpt lat="34.27429994568229" lon="-119.30026997812092">
        <ele>3.97</ele>
      </trkpt>
      <trkpt lat="34.27428997121751" lon="-119.30025991983712">
        <ele>3.95</ele>
      </trkpt>
      <trkpt lat="34.27427999675274" lon="-119.30023997090757">
        <ele>3.94</ele>
      </trkpt>
      <trkpt lat="34.27426993846893" lon="-119.30021993815899">
        <ele>3.93</ele>
      </trkpt>
      <trkpt lat="34.27425996400416" lon="-119.30020996369421">
        <ele>3.91</ele>
      </trkpt>
      <trkpt lat="34.27425996400416" lon="-119.30017995648086">
        <ele>3.9</ele>
      </trkpt>
      <trkpt lat="34.274249989539385" lon="-119.3000999931246">
        <ele>3.89</ele>
      </trkpt>
      <trkpt lat="34.27425996400416" lon="-119.29998993873596">
        <ele>3.88</ele>
      </trkpt>
      <trkpt lat="34.27426993846893" lon="-119.29985993541777">
        <ele>3.88</ele>
      </trkpt>
      <trkpt lat="34.27429994568229" lon="-119.29955994710326">
        <ele>3.87</ele>
      </trkpt>
      <trkpt lat="34.27431997843087" lon="-119.29935459047556">
        <ele>3.87</ele>
      </trkpt>
      <trkpt lat="34.274339927360415" lon="-119.29914998821914">
        <ele>3.87</ele>
      </trkpt>
      <trkpt lat="34.27434998564422" lon="-119.29909994825721">
        <ele>3.87</ele>
      </trkpt>
      <trkpt lat="34.27442994900048" lon="-119.29873994551599">
        <ele>3.87</ele>
      </trkpt>
      <trkpt lat="34.27445995621383" lon="-119.29862997494638">
        <ele>3.88</ele>
      </trkpt>
      <trkpt lat="34.27447998896241" lon="-119.29852997884154">
        <ele>3.89</ele>
      </trkpt>
      <trkpt lat="34.27451997064054" lon="-119.29834993556142">
        <ele>3.9</ele>
      </trkpt>
      <trkpt lat="34.274549977853894" lon="-119.29822999052703">
        <ele>3.92</ele>
      </trkpt>
      <trkpt lat="34.27455995231867" lon="-119.29819998331368">
        <ele>3.94</ele>
      </trkpt>
      <trkpt lat="34.27462994121015" lon="-119.29797995835543">
        <ele>3.96</ele>
      </trkpt>
      <trkpt lat="34.27470998838544" lon="-119.29779999889433">
        <ele>3.99</ele>
      </trkpt>
      <trkpt lat="34.27483999170363" lon="-119.29753999225795">
        <ele>4.02</ele>
      </trkpt>
      <trkpt lat="34.27487997338176" lon="-119.29744997061789">
        <ele>4.06</ele>
      </trkpt>
      <trkpt lat="34.27492992952466" lon="-119.29732994176447">
        <ele>4.1</ele>
      </trkpt>
      <trkpt lat="34.274979969486594" lon="-119.29723992012441">
        <ele>4.14</ele>
      </trkpt>
      <trkpt lat="34.27507996559143" lon="-119.29696993902326">
        <ele>4.18</ele>
      </trkpt>
      <trkpt lat="34.27511994726956" lon="-119.29683993570507">
        <ele>4.23</ele>
      </trkpt>
      <trkpt lat="34.27515992894769" lon="-119.29672996513546">
        <ele>4.29</ele>
      </trkpt>
      <trkpt lat="34.27524995058775" lon="-119.29642997682095">
        <ele>4.35</ele>
      </trkpt>
      <trkpt lat="34.275299990549684" lon="-119.29629997350276">
        <ele>4.41</ele>
      </trkpt>
      <trkpt lat="34.27533997222781" lon="-119.29618991911411">
        <ele>4.47</ele>
      </trkpt>
      <trkpt lat="34.275389928370714" lon="-119.2960299924016">
        <ele>4.54</ele>
      </trkpt>
      <trkpt lat="34.275450026616454" lon="-119.2958246357739">
        <ele>4.61</ele>
      </trkpt>
      <trkpt lat="34.27550995722413" lon="-119.29561994969845">
        <ele>4.69</ele>
      </trkpt>
      <trkpt lat="34.27557994611561" lon="-119.29535994306207">
        <ele>4.76</ele>
      </trkpt>
      <trkpt lat="34.2756599932909" lon="-119.2950299475342">
        <ele>4.86</ele>
      </trkpt>
      <trkpt lat="34.275669967755675" lon="-119.29500999860466">
        <ele>4.94</ele>
      </trkpt>
      <trkpt lat="34.275669967755675" lon="-119.29492995142937">
        <ele>5.02</ele>
      </trkpt>
      <trkpt lat="34.27567994222045" lon="-119.29484998807311">
        <ele>5.09</ele>
      </trkpt>
      <trkpt lat="34.27572998218238" lon="-119.29470992647111">
        <ele>5.17</ele>
      </trkpt>
      <trkpt lat="34.27574993111193" lon="-119.29460993036628">
        <ele>5.24</ele>
      </trkpt>
      <trkpt lat="34.275799971073866" lon="-119.2944099381566">
        <ele>5.35</ele>
      </trkpt>
      <trkpt lat="34.275860069319606" lon="-119.29418966174126">
        <ele>5.44</ele>
      </trkpt>
      <trkpt lat="34.27591999992728" lon="-119.29396997205913">
        <ele>5.53</ele>
      </trkpt>
      <trkpt lat="34.27597993053496" lon="-119.29375992156565">
        <ele>5.61</ele>
      </trkpt>
      <trkpt lat="34.27600993774831" lon="-119.29366998374462">
        <ele>5.69</ele>
      </trkpt>
      <trkpt lat="34.27602997049689" lon="-119.2935499548912">
        <ele>5.76</ele>
      </trkpt>
      <trkpt lat="34.27606995217502" lon="-119.29334996268153">
        <ele>5.84</ele>
      </trkpt>
      <trkpt lat="34.276079926639795" lon="-119.29320998489857">
        <ele>5.92</ele>
      </trkpt>
      <trkpt lat="34.2760899849236" lon="-119.2931199632585">
        <ele>5.98</ele>
      </trkpt>
      <trkpt lat="34.2760899849236" lon="-119.29291997104883">
        <ele>6.03</ele>
      </trkpt>
      <trkpt lat="34.276079926639795" lon="-119.29274998605251">
        <ele>6.04</ele>
      </trkpt>
      <trkpt lat="34.276079926639795" lon="-119.29264998994768">
        <ele>6.07</ele>
      </trkpt>
      <trkpt lat="34.27604991942644" lon="-119.29239995777607">
        <ele>6.07</ele>
      </trkpt>
      <trkpt lat="34.27602997049689" lon="-119.29207993671298">
        <ele>6.1</ele>
      </trkpt>
      <trkpt lat="34.27600993774831" lon="-119.29193995893002">
        <ele>6.14</ele>
      </trkpt>
      <trkpt lat="34.27600993774831" lon="-119.29179998114705">
        <ele>6.18</ele>
      </trkpt>
      <trkpt lat="34.275989988818765" lon="-119.2916399706155">
        <ele>6.19</ele>
      </trkpt>
      <trkpt lat="34.275989988818765" lon="-119.29162999615073">
        <ele>6.2</ele>
      </trkpt>
      <trkpt lat="34.27596492692828" lon="-119.29141961038113">
        <ele>6.22</ele>
      </trkpt>
      <trkpt lat="34.27593994885683" lon="-119.2912099789828">
        <ele>6.23</ele>
      </trkpt>
      <trkpt lat="34.27592997439206" lon="-119.29109992459416">
        <ele>6.23</ele>
      </trkpt>
      <trkpt lat="34.27590994164348" lon="-119.29100998677313">
        <ele>6.22</ele>
      </trkpt>
      <trkpt lat="34.27590994164348" lon="-119.29099992848933">
        <ele>6.2</ele>
      </trkpt>
      <trkpt lat="34.2758999671787" lon="-119.29091996513307">
        <ele>6.19</ele>
      </trkpt>
      <trkpt lat="34.275859985500574" lon="-119.29078996181488">
        <ele>6.16</ele>
      </trkpt>
      <trkpt lat="34.27584992721677" lon="-119.29073992185295">
        <ele>6.13</ele>
      </trkpt>
      <trkpt lat="34.27580994553864" lon="-119.29060991853476">
        <ele>6.1</ele>
      </trkpt>
      <trkpt lat="34.27580994553864" lon="-119.29059994406998">
        <ele>6.07</ele>
      </trkpt>
      <trkpt lat="34.275799971073866" lon="-119.29057999514043">
        <ele>6.04</ele>
      </trkpt>
      <trkpt lat="34.27575998939574" lon="-119.29042995907366">
        <ele>6.0</ele>
      </trkpt>
      <trkpt lat="34.27574993111193" lon="-119.29038997739553">
        <ele>5.97</ele>
      </trkpt>
      <trkpt lat="34.27574993111193" lon="-119.29036994464695">
        <ele>5.94</ele>
      </trkpt>
      <trkpt lat="34.275674829259515" lon="-119.29009954445064">
        <ele>5.91</ele>
      </trkpt>
      <trkpt lat="34.27559997886419" lon="-119.28982998244464">
        <ele>5.87</ele>
      </trkpt>
      <trkpt lat="34.27557994611561" lon="-119.28974993526936">
        <ele>5.83</ele>
      </trkpt>
      <trkpt lat="34.275519931688905" lon="-119.28955991752446">
        <ele>5.8</ele>
      </trkpt>
      <trkpt lat="34.275519931688905" lon="-119.28953996859491">
        <ele>5.76</ele>
      </trkpt>
      <trkpt lat="34.27542982622981" lon="-119.28923453204334">
        <ele>5.72</ele>
      </trkpt>
      <trkpt lat="34.27533997222781" lon="-119.28892993368208">
        <ele>5.68</ele>
      </trkpt>
      <trkpt lat="34.27530996501446" lon="-119.2888099886477">
        <ele>5.65</ele>
      </trkpt>
      <trkpt lat="34.275279957801104" lon="-119.28874997422099">
        <ele>5.62</ele>
      </trkpt>
      <trkpt lat="34.27519999444485" lon="-119.28868995979428">
        <ele>5.58</ele>
      </trkpt>
      <trkpt lat="34.27514995448291" lon="-119.28859993815422">
        <ele>5.54</ele>
      </trkpt>
      <trkpt lat="34.27513998001814" lon="-119.28857998922467">
        <ele>5.51</ele>
      </trkpt>
      <trkpt lat="34.27507996559143" lon="-119.28843992762268">
        <ele>5.48</ele>
      </trkpt>
      <trkpt lat="34.27506999112666" lon="-119.28840992040932">
        <ele>5.46</ele>
      </trkpt>
      <trkpt lat="34.27504995837808" lon="-119.28834998980165">
        <ele>5.44</ele>
      </trkpt>
      <trkpt lat="34.27496999502182" lon="-119.28822996094823">
        <ele>5.42</ele>
      </trkpt>
      <trkpt lat="34.274959936738014" lon="-119.28821998648345">
        <ele>5.4</ele>
      </trkpt>
      <trkpt lat="34.27488994784653" lon="-119.28811999037862">
        <ele>5.38</ele>
      </trkpt>
      <trkpt lat="34.27483999170363" lon="-119.28806995041668">
        <ele>5.35</ele>
      </trkpt>
      <trkpt lat="34.274789951741695" lon="-119.2879999615252">
        <ele>5.33</ele>
      </trkpt>
      <trkpt lat="34.27471996285021" lon="-119.28790993988514">
        <ele>5.31</ele>
      </trkpt>
      <trkpt lat="34.274659948423505" lon="-119.28782997652888">
        <ele>5.3</ele>
      </trkpt>
      <trkpt lat="34.27457998506725" lon="-119.28769997321069">
        <ele>5.3</ele>
      </trkpt>
      <trkpt lat="34.274469930678606" lon="-119.28751992993057">
        <ele>5.3</ele>
      </trkpt>
      <trkpt lat="34.2744099162519" lon="-119.2873799521476">
        <ele>5.31</ele>
      </trkpt>
      <trkpt lat="34.274379992857575" lon="-119.2873199377209">
        <ele>5.3</ele>
      </trkpt>
      <trkpt lat="34.27431997843087" lon="-119.28719999268651">
        <ele>5.31</ele>
      </trkpt>
      <trkpt lat="34.27426993846893" lon="-119.28711994551122">
        <ele>5.3</ele>
      </trkpt>
      <trkpt lat="34.274229956790805" lon="-119.28705993108451">
        <ele>5.29</ele>
      </trkpt>
      <trkpt lat="34.27417991682887" lon="-119.2869999166578">
        <ele>5.28</ele>
      </trkpt>
      <trkpt lat="34.274119986221194" lon="-119.28693998605013">
        <ele>5.26</ele>
      </trkpt>
      <trkpt lat="34.27404999732971" lon="-119.28687997162342">
        <ele>5.25</ele>
      </trkpt>
      <trkpt lat="34.2739799246192" lon="-119.28679992444813">
        <ele>5.24</ele>
      </trkpt>
      <trkpt lat="34.27393994294107" lon="-119.28673999384046">
        <ele>5.23</ele>
      </trkpt>
      <trkpt lat="34.27393994294107" lon="-119.28672993555665">
        <ele>5.23</ele>
      </trkpt>
      <trkpt lat="34.27391999401152" lon="-119.28668995387852">
        <ele>5.22</ele>
      </trkpt>
      <trkpt lat="34.27389996126294" lon="-119.28662993945181">
        <ele>5.21</ele>
      </trkpt>
      <trkpt lat="34.27388998679817" lon="-119.28652994334698">
        <ele>5.19</ele>
      </trkpt>
      <trkpt lat="34.27388998679817" lon="-119.28641997277737">
        <ele>5.19</ele>
      </trkpt>
      <trkpt lat="34.27387992851436" lon="-119.28636993281543">
        <ele>5.18</ele>
      </trkpt>
      <trkpt lat="34.27386995404959" lon="-119.28631997667253">
        <ele>5.16</ele>
      </trkpt>
      <trkpt lat="34.27385997958481" lon="-119.28630991838872">
        <ele>5.14</ele>
      </trkpt>
      <trkpt lat="34.27380993962288" lon="-119.28619994781911">
        <ele>5.14</ele>
      </trkpt>
      <trkpt lat="34.27376995794475" lon="-119.2861399333924">
        <ele>5.1</ele>
      </trkpt>
      <trkpt lat="34.2737399507314" lon="-119.28610992617905">
        <ele>5.07</ele>
      </trkpt>
      <trkpt lat="34.273649929091334" lon="-119.28596994839609">
        <ele>5.05</ele>
      </trkpt>
      <trkpt lat="34.27359997294843" lon="-119.2858999595046">
        <ele>5.04</ele>
      </trkpt>
      <trkpt lat="34.273539958521724" lon="-119.28579996339977">
        <ele>4.98</ele>
      </trkpt>
      <trkpt lat="34.27350995130837" lon="-119.28573994897306">
        <ele>4.93</ele>
      </trkpt>
      <trkpt lat="34.273369973525405" lon="-119.2854699678719">
        <ele>4.86</ele>
      </trkpt>
      <trkpt lat="34.27326989360154" lon="-119.28530492819846">
        <ele>4.77</ele>
      </trkpt>
      <trkpt lat="34.27316998131573" lon="-119.28513997234404">
        <ele>4.7</ele>
      </trkpt>
      <trkpt lat="34.27299999631941" lon="-119.28486999124289">
        <ele>4.65</ele>
      </trkpt>
      <trkpt lat="34.27279992029071" lon="-119.28462993353605">
        <ele>4.57</ele>
      </trkpt>
      <trkpt lat="34.27269992418587" lon="-119.28450998850167">
        <ele>4.55</ele>
      </trkpt>
      <trkpt lat="34.27260998636484" lon="-119.2843599524349">
        <ele>4.49</ele>
      </trkpt>
      <trkpt lat="34.27245995029807" lon="-119.28409994579852">
        <ele>4.46</ele>
      </trkpt>
      <trkpt lat="34.27236992865801" lon="-119.2839299608022">
        <ele>4.4</ele>
      </trkpt>
      <trkpt lat="34.27230999805033" lon="-119.28383993916214">
        <ele>4.35</ele>
      </trkpt>
      <trkpt lat="34.27226993255317" lon="-119.28374991752207">
        <ele>4.3</ele>
      </trkpt>
      <trkpt lat="34.2722599580884" lon="-119.2837399430573">
        <ele>4.26</ele>
      </trkpt>
      <trkpt lat="34.27221997641027" lon="-119.28366995416582">
        <ele>4.22</ele>
      </trkpt>
      <trkpt lat="34.27215996198356" lon="-119.28351991809905">
        <ele>4.17</ele>
      </trkpt>
      <trkpt lat="34.27210992202163" lon="-119.28343995474279">
        <ele>4.13</ele>
      </trkpt>
      <trkpt lat="34.27198997698724" lon="-119.28326996974647">
        <ele>4.12</ele>
      </trkpt>
      <trkpt lat="34.271949995309114" lon="-119.28322998806834">
        <ele>4.09</ele>
      </trkpt>
      <trkpt lat="34.271929962560534" lon="-119.28319998085499">
        <ele>4.07</ele>
      </trkpt>
      <trkpt lat="34.271889980882406" lon="-119.2831299919635">
        <ele>4.04</ele>
      </trkpt>
      <trkpt lat="34.271819991990924" lon="-119.28284995257854">
        <ele>4.02</ele>
      </trkpt>
      <trkpt lat="34.271759893745184" lon="-119.28263462148607">
        <ele>4.0</ele>
      </trkpt>
      <trkpt lat="34.27169996313751" lon="-119.28241996094584">
        <ele>3.98</ele>
      </trkpt>
      <trkpt lat="34.27166995592415" lon="-119.28227998316288">
        <ele>3.96</ele>
      </trkpt>
      <trkpt lat="34.2715899925679" lon="-119.2820199765265">
        <ele>3.95</ele>
      </trkpt>
      <trkpt lat="34.27156995981932" lon="-119.28193992935121">
        <ele>3.93</ele>
      </trkpt>
      <trkpt lat="34.27154992707074" lon="-119.28184999153018">
        <ele>3.92</ele>
      </trkpt>
      <trkpt lat="34.271459989249706" lon="-119.28155997768044">
        <ele>3.91</ele>
      </trkpt>
      <trkpt lat="34.27142998203635" lon="-119.2814499232918">
        <ele>3.91</ele>
      </trkpt>
      <trkpt lat="34.27137994207442" lon="-119.28130994550884">
        <ele>3.9</ele>
      </trkpt>
      <trkpt lat="34.27127994596958" lon="-119.28106997162104">
        <ele>3.9</ele>
      </trkpt>
      <trkpt lat="34.27127994596958" lon="-119.28104993887246">
        <ele>3.89</ele>
      </trkpt>
      <trkpt lat="34.27116997539997" lon="-119.28082999773324">
        <ele>3.89</ele>
      </trkpt>
      <trkpt lat="34.27107986994088" lon="-119.28065984509885">
        <ele>3.89</ele>
      </trkpt>
      <trkpt lat="34.270989932119846" lon="-119.28048994392157">
        <ele>3.89</ele>
      </trkpt>
      <trkpt lat="34.27088993601501" lon="-119.28033496253192">
        <ele>3.89</ele>
      </trkpt>
      <trkpt lat="34.27078993991017" lon="-119.28017998114228">
        <ele>3.89</ele>
      </trkpt>
      <trkpt lat="34.2705899477005" lon="-119.27992994897068">
        <ele>3.89</ele>
      </trkpt>
      <trkpt lat="34.27037998102605" lon="-119.27968997508287">
        <ele>3.89</ele>
      </trkpt>
      <trkpt lat="34.270319966599345" lon="-119.27963993512094">
        <ele>3.89</ele>
      </trkpt>
      <trkpt lat="34.270299933850765" lon="-119.27962996065617">
        <ele>3.89</ele>
      </trkpt>
      <trkpt lat="34.27027998492122" lon="-119.27960992790759">
        <ele>3.89</ele>
      </trkpt>
      <trkpt lat="34.27024997770786" lon="-119.27958997897804">
        <ele>3.89</ele>
      </trkpt>
      <trkpt lat="34.27022994495928" lon="-119.27956994622946">
        <ele>3.89</ele>
      </trkpt>
      <trkpt lat="34.270209996029735" lon="-119.27950993180275">
        <ele>3.89</ele>
      </trkpt>
      <trkpt lat="34.270189963281155" lon="-119.2794899828732">
        <ele>3.89</ele>
      </trkpt>
      <trkpt lat="34.2701599560678" lon="-119.27945997565985">
        <ele>3.89</ele>
      </trkpt>
      <trkpt lat="34.27013992331922" lon="-119.27944991737604">
        <ele>3.88</ele>
      </trkpt>
      <trkpt lat="34.269999945536256" lon="-119.2793499212712">
        <ele>3.88</ele>
      </trkpt>
      <trkpt lat="34.26989994943142" lon="-119.27925998345017">
        <ele>3.87</ele>
      </trkpt>
      <trkpt lat="34.26982996053994" lon="-119.27917993627489">
        <ele>3.87</ele>
      </trkpt>
      <trkpt lat="34.26979995332658" lon="-119.27913995459676">
        <ele>3.86</ele>
      </trkpt>
      <trkpt lat="34.26968998275697" lon="-119.27897994406521">
        <ele>3.85</ele>
      </trkpt>
      <trkpt lat="34.26952997222543" lon="-119.27876997739077">
        <ele>3.84</ele>
      </trkpt>
      <trkpt lat="34.26936996169388" lon="-119.27855992689729">
        <ele>3.83</ele>
      </trkpt>
      <trkpt lat="34.269244987517595" lon="-119.27841500379145">
        <ele>3.82</ele>
      </trkpt>
      <trkpt lat="34.269119929522276" lon="-119.27826999686658">
        <ele>3.81</ele>
      </trkpt>
      <trkpt lat="34.269029991701245" lon="-119.2781899496913">
        <ele>3.8</ele>
      </trkpt>
      <trkpt lat="34.26890996284783" lon="-119.27808995358646">
        <ele>3.78</ele>
      </trkpt>
      <trkpt lat="34.268749952316284" lon="-119.27796992473304">
        <ele>3.77</ele>
      </trkpt>
      <trkpt lat="34.26869999617338" lon="-119.27792994305491">
        <ele>3.75</ele>
      </trkpt>
      <trkpt lat="34.268699660897255" lon="-119.27793136797845">
        <ele>3.73</ele>
      </trkpt>
      <trkpt lat="34.2686799634248" lon="-119.27782994695008">
        <ele>3.7</ele>
      </trkpt>
      <trkpt lat="34.26866998896003" lon="-119.27777999080718">
        <ele>3.67</ele>
      </trkpt>
      <trkpt lat="34.26866998896003" lon="-119.27773992531002">
        <ele>3.65</ele>
      </trkpt>
      <trkpt lat="34.26866998896003" lon="-119.27770991809666">
        <ele>3.63</ele>
      </trkpt>
      <trkpt lat="34.2686799634248" lon="-119.27766993641853">
        <ele>3.6</ele>
      </trkpt>
      <trkpt lat="34.26869999617338" lon="-119.27761998027563">
        <ele>3.58</ele>
      </trkpt>
      <trkpt lat="34.26871994510293" lon="-119.2775799985975">
        <ele>3.57</ele>
      </trkpt>
      <trkpt lat="34.26873997785151" lon="-119.27754999138415">
        <ele>3.55</ele>
      </trkpt>
      <trkpt lat="34.26877995952964" lon="-119.27749995142221">
        <ele>3.54</ele>
      </trkpt>
      <trkpt lat="34.26878993399441" lon="-119.27745996974409">
        <ele>3.53</ele>
      </trkpt>
      <trkpt lat="34.26879999227822" lon="-119.27742996253073">
        <ele>3.51</ele>
      </trkpt>
      <trkpt lat="34.26880996674299" lon="-119.2773899808526">
        <ele>3.49</ele>
      </trkpt>
      <trkpt lat="34.26879999227822" lon="-119.27730993367732">
        <ele>3.48</ele>
      </trkpt>
      <trkpt lat="34.26879999227822" lon="-119.27725997753441">
        <ele>3.46</ele>
      </trkpt>
      <trkpt lat="34.26878993399441" lon="-119.27718998864293">
        <ele>3.44</ele>
      </trkpt>
      <trkpt lat="34.26879286766052" lon="-119.27718982100487">
        <ele>3.42</ele>
      </trkpt>
      <trkpt lat="34.26875992678106" lon="-119.2771999631077">
        <ele>3.4</ele>
      </trkpt>
      <trkpt lat="34.268689937889576" lon="-119.27720993757248">
        <ele>3.37</ele>
      </trkpt>
      <trkpt lat="34.26862992346287" lon="-119.27720993757248">
        <ele>3.34</ele>
      </trkpt>
      <trkpt lat="34.26858994178474" lon="-119.27721999585629">
        <ele>3.32</ele>
      </trkpt>
      <trkpt lat="34.26853998564184" lon="-119.27720993757248">
        <ele>3.29</ele>
      </trkpt>
      <trkpt lat="34.26850997842848" lon="-119.27720993757248">
        <ele>3.27</ele>
      </trkpt>
      <trkpt lat="34.2684899456799" lon="-119.27720993757248">
        <ele>3.26</ele>
      </trkpt>
      <trkpt lat="34.26841995678842" lon="-119.27718998864293">
        <ele>3.24</ele>
      </trkpt>
      <trkpt lat="34.26837997511029" lon="-119.27716995589435">
        <ele>3.23</ele>
      </trkpt>
      <trkpt lat="34.26835994236171" lon="-119.27715998142958">
        <ele>3.22</ele>
      </trkpt>
      <trkpt lat="34.26832993514836" lon="-119.27714992314577">
        <ele>3.22</ele>
      </trkpt>
      <trkpt lat="34.26828995347023" lon="-119.27711999975145">
        <ele>3.21</ele>
      </trkpt>
      <trkpt lat="34.2682499717921" lon="-119.27711999975145">
        <ele>3.21</ele>
      </trkpt>
      <trkpt lat="34.268189957365394" lon="-119.2770899925381">
        <ele>3.21</ele>
      </trkpt>
      <trkpt lat="34.26813991740346" lon="-119.27703995257616">
        <ele>3.21</ele>
      </trkpt>
      <trkpt lat="34.26808996126056" lon="-119.27698999643326">
        <ele>3.21</ele>
      </trkpt>
      <trkpt lat="34.26804997958243" lon="-119.27692998200655">
        <ele>3.22</ele>
      </trkpt>
      <trkpt lat="34.268019972369075" lon="-119.27688991650939">
        <ele>3.23</ele>
      </trkpt>
      <trkpt lat="34.26795995794237" lon="-119.27680995315313">
        <ele>3.24</ele>
      </trkpt>
      <trkpt lat="34.26791997626424" lon="-119.276769971475">
        <ele>3.25</ele>
      </trkpt>
      <trkpt lat="34.26787999458611" lon="-119.2767099570483">
        <ele>3.26</ele>
      </trkpt>
      <trkpt lat="34.267849987372756" lon="-119.27667994983494">
        <ele>3.27</ele>
      </trkpt>
      <trkpt lat="34.267829954624176" lon="-119.27662999369204">
        <ele>3.29</ele>
      </trkpt>
      <trkpt lat="34.267809921875596" lon="-119.27656997926533">
        <ele>3.31</ele>
      </trkpt>
      <trkpt lat="34.26779994741082" lon="-119.27653997205198">
        <ele>3.32</ele>
      </trkpt>
      <trkpt lat="34.267719984054565" lon="-119.27631994709373">
        <ele>3.35</ele>
      </trkpt>
      <trkpt lat="34.267699951305985" lon="-119.27626999095082">
        <ele>3.37</ele>
      </trkpt>
      <trkpt lat="34.26765996962786" lon="-119.27613998763263">
        <ele>3.4</ele>
      </trkpt>
      <trkpt lat="34.267554860562086" lon="-119.27583455108106">
        <ele>3.43</ele>
      </trkpt>
      <trkpt lat="34.26744991913438" lon="-119.27552995271981">
        <ele>3.46</ele>
      </trkpt>
      <trkpt lat="34.267339864745736" lon="-119.27522459998727">
        <ele>3.48</ele>
      </trkpt>
      <trkpt lat="34.26722997799516" lon="-119.27491991780698">
        <ele>3.5</ele>
      </trkpt>
      <trkpt lat="34.26718999631703" lon="-119.27478999830782">
        <ele>3.52</ele>
      </trkpt>
      <trkpt lat="34.267159989103675" lon="-119.27472998388112">
        <ele>3.54</ele>
      </trkpt>
      <trkpt lat="34.267119923606515" lon="-119.27465999498963">
        <ele>3.55</ele>
      </trkpt>
      <trkpt lat="34.26708991639316" lon="-119.2746099550277">
        <ele>3.57</ele>
      </trkpt>
      <trkpt lat="34.26701992750168" lon="-119.27453996613622">
        <ele>3.58</ele>
      </trkpt>
      <trkpt lat="34.266879949718714" lon="-119.27439998835325">
        <ele>3.59</ele>
      </trkpt>
      <trkpt lat="34.26674994640052" lon="-119.27428993396461">
        <ele>3.6</ele>
      </trkpt>
      <trkpt lat="34.26650997251272" lon="-119.27407996729016">
        <ele>3.61</ele>
      </trkpt>
      <trkpt lat="34.26629355177283" lon="-119.2739035282284">
        <ele>3.62</ele>
      </trkpt>
      <trkpt lat="34.266077131032944" lon="-119.27372708916664">
        <ele>3.63</ele>
      </trkpt>
      <trkpt lat="34.26585995592177" lon="-119.27354997955263">
        <ele>3.62</ele>
      </trkpt>
      <trkpt lat="34.26572509109974" lon="-119.27343506366014">
        <ele>3.64</ele>
      </trkpt>
      <trkpt lat="34.265589974820614" lon="-119.2733199801296">
        <ele>3.63</ele>
      </trkpt>
      <trkpt lat="34.26540515385568" lon="-119.27316516637802">
        <ele>3.61</ele>
      </trkpt>
      <trkpt lat="34.26521999761462" lon="-119.27300993353128">
        <ele>3.62</ele>
      </trkpt>
      <trkpt lat="34.26500994712114" lon="-119.27282997407019">
        <ele>3.62</ele>
      </trkpt>
      <trkpt lat="34.26483350805938" lon="-119.27268681116402">
        <ele>3.61</ele>
      </trkpt>
      <trkpt lat="34.26465706899762" lon="-119.27254364825785">
        <ele>3.61</ele>
      </trkpt>
      <trkpt lat="34.26447995938361" lon="-119.27239998243749">
        <ele>3.61</ele>
      </trkpt>
      <trkpt lat="34.26431014202535" lon="-119.27225514315069">
        <ele>3.6</ele>
      </trkpt>
      <trkpt lat="34.26413998939097" lon="-119.27210996858776">
        <ele>3.6</ele>
      </trkpt>
      <trkpt lat="34.264137391000986" lon="-119.27211449481547">
        <ele>3.6</ele>
      </trkpt>
      <trkpt lat="34.26418994553387" lon="-119.27200997248292">
        <ele>3.6</ele>
      </trkpt>
      <trkpt lat="34.26424995996058" lon="-119.27189991809428">
        <ele>3.59</ele>
      </trkpt>
      <trkpt lat="34.26433998160064" lon="-119.27176999859512">
        <ele>3.6</ele>
      </trkpt>
      <trkpt lat="34.2644199449569" lon="-119.27161996252835">
        <ele>3.61</ele>
      </trkpt>
      <trkpt lat="34.26452999934554" lon="-119.27142483182251">
        <ele>3.62</ele>
      </trkpt>
      <trkpt lat="34.26463996991515" lon="-119.27122995257378">
        <ele>3.61</ele>
      </trkpt>
      <trkpt lat="34.264669977128506" lon="-119.27117999643087">
        <ele>3.61</ele>
      </trkpt>
      <trkpt lat="34.26471993327141" lon="-119.27104999311268">
        <ele>3.6</ele>
      </trkpt>
      <trkpt lat="34.26471993327141" lon="-119.27103993482888">
        <ele>3.59</ele>
      </trkpt>
      <trkpt lat="34.26475999876857" lon="-119.27090993151069">
        <ele>3.58</ele>
      </trkpt>
      <trkpt lat="34.264799980446696" lon="-119.27066995762289">
        <ele>3.57</ele>
      </trkpt>
      <trkpt lat="34.264799980446696" lon="-119.2706499248743">
        <ele>3.56</ele>
      </trkpt>
      <trkpt lat="34.264819929376245" lon="-119.27057993598282">
        <ele>3.54</ele>
      </trkpt>
      <trkpt lat="34.264839962124825" lon="-119.27039997652173">
        <ele>3.53</ele>
      </trkpt>
      <trkpt lat="34.26480995491147" lon="-119.27017995156348">
        <ele>3.52</ele>
      </trkpt>
      <trkpt lat="34.264813642948866" lon="-119.27018146030605">
        <ele>3.5</ele>
      </trkpt>
      <trkpt lat="34.26471993327141" lon="-119.2701599188149">
        <ele>3.48</ele>
      </trkpt>
      <trkpt lat="34.26469998434186" lon="-119.2701599188149">
        <ele>3.47</ele>
      </trkpt>
      <trkpt lat="34.2646099627018" lon="-119.27012999542058">
        <ele>3.45</ele>
      </trkpt>
      <trkpt lat="34.26455992273986" lon="-119.270109962672">
        <ele>3.43</ele>
      </trkpt>
      <trkpt lat="34.264539973810315" lon="-119.27008992992342">
        <ele>3.42</ele>
      </trkpt>
      <trkpt lat="34.26450996659696" lon="-119.27006998099387">
        <ele>3.4</ele>
      </trkpt>
      <trkpt lat="34.26446998491883" lon="-119.27003997378051">
        <ele>3.39</ele>
      </trkpt>
      <trkpt lat="34.264389937743545" lon="-119.26996998488903">
        <ele>3.37</ele>
      </trkpt>
      <trkpt lat="34.264349956065416" lon="-119.2699199449271">
        <ele>3.36</ele>
      </trkpt>
      <trkpt lat="34.26430997438729" lon="-119.2698699887842">
        <ele>3.35</ele>
      </trkpt>
      <trkpt lat="34.264299999922514" lon="-119.26984995603561">
        <ele>3.34</ele>
      </trkpt>
      <trkpt lat="34.264279967173934" lon="-119.26982992328703">
        <ele>3.34</ele>
      </trkpt>
      <trkpt lat="34.264239985495806" lon="-119.26977996714413">
        <ele>3.33</ele>
      </trkpt>
      <trkpt lat="34.26420997828245" lon="-119.2697299271822">
        <ele>3.34</ele>
      </trkpt>
      <trkpt lat="34.26416999660432" lon="-119.26965993829072">
        <ele>3.34</ele>
      </trkpt>
      <trkpt lat="34.26413998939097" lon="-119.26958994939923">
        <ele>3.35</ele>
      </trkpt>
      <trkpt lat="34.264109982177615" lon="-119.26951996050775">
        <ele>3.36</ele>
      </trkpt>
      <trkpt lat="34.26401987671852" lon="-119.26930974237621">
        <ele>3.38</ele>
      </trkpt>
      <trkpt lat="34.26392993889749" lon="-119.26909994333982">
        <ele>3.4</ele>
      </trkpt>
      <trkpt lat="34.263899931684136" lon="-119.26903992891312">
        <ele>3.43</ele>
      </trkpt>
      <trkpt lat="34.26387998275459" lon="-119.26897999830544">
        <ele>3.46</ele>
      </trkpt>
      <trkpt lat="34.263789961114526" lon="-119.26878998056054">
        <ele>3.5</ele>
      </trkpt>
      <trkpt lat="34.26371997222304" lon="-119.26861999556422">
        <ele>3.55</ele>
      </trkpt>
      <trkpt lat="34.26357999444008" lon="-119.26831992343068">
        <ele>3.6</ele>
      </trkpt>
      <trkpt lat="34.26344999112189" lon="-119.26804994232953">
        <ele>3.66</ele>
      </trkpt>
      <trkpt lat="34.263419983908534" lon="-119.26799998618662">
        <ele>3.73</ele>
      </trkpt>
      <trkpt lat="34.263339936733246" lon="-119.26787995733321">
        <ele>3.81</ele>
      </trkpt>
      <trkpt lat="34.2633199878037" lon="-119.26783997565508">
        <ele>3.9</ele>
      </trkpt>
      <trkpt lat="34.263249998912215" lon="-119.26766999065876">
        <ele>3.99</ele>
      </trkpt>
      <trkpt lat="34.2631748970598" lon="-119.26749480888247">
        <ele>4.09</ele>
      </trkpt>
      <trkpt lat="34.263099962845445" lon="-119.26731996238232">
        <ele>4.2</ele>
      </trkpt>
      <trkpt lat="34.26303994841874" lon="-119.26718995906413">
        <ele>4.32</ele>
      </trkpt>
      <trkpt lat="34.262989992275834" lon="-119.26705995574594">
        <ele>4.45</ele>
      </trkpt>
      <trkpt lat="34.26295998506248" lon="-119.26698996685445">
        <ele>4.59</ele>
      </trkpt>
      <trkpt lat="34.26287993788719" lon="-119.26679994910955">
        <ele>4.73</ele>
      </trkpt>
      <trkpt lat="34.26278488710523" lon="-119.26654966548085">
        <ele>4.89</ele>
      </trkpt>
      <trkpt lat="34.26268992014229" lon="-119.26629996858537">
        <ele>5.05</ele>
      </trkpt>
      <trkpt lat="34.26259989850223" lon="-119.26605965942144">
        <ele>5.22</ele>
      </trkpt>
      <trkpt lat="34.2625099606812" lon="-119.26581993699074">
        <ele>5.39</ele>
      </trkpt>
      <trkpt lat="34.26242488436401" lon="-119.26558465696871">
        <ele>5.58</ele>
      </trkpt>
      <trkpt lat="34.26233997568488" lon="-119.26534996367991">
        <ele>5.77</ele>
      </trkpt>
      <trkpt lat="34.26229999400675" lon="-119.26524996757507">
        <ele>5.98</ele>
      </trkpt>
      <trkpt lat="34.2622699867934" lon="-119.26516992039979">
        <ele>6.19</ele>
      </trkpt>
      <trkpt lat="34.26218993961811" lon="-119.26499993540347">
        <ele>6.43</ele>
      </trkpt>
      <trkpt lat="34.2621299251914" lon="-119.26487999036908">
        <ele>6.65</ele>
      </trkpt>
      <trkpt lat="34.262049961835146" lon="-119.26474998705089">
        <ele>6.86</ele>
      </trkpt>
      <trkpt lat="34.26198994740844" lon="-119.26463993266225">
        <ele>7.08</ele>
      </trkpt>
      <trkpt lat="34.26194996573031" lon="-119.26457991823554">
        <ele>7.29</ele>
      </trkpt>
      <trkpt lat="34.26192993298173" lon="-119.26454999484122">
        <ele>7.52</ele>
      </trkpt>
      <trkpt lat="34.26190998405218" lon="-119.26451998762786">
        <ele>7.75</ele>
      </trkpt>
      <trkpt lat="34.26177998073399" lon="-119.26434991881251">
        <ele>7.92</ele>
      </trkpt>
      <trkpt lat="34.261679984629154" lon="-119.26422997377813">
        <ele>8.19</ele>
      </trkpt>
      <trkpt lat="34.261469934135675" lon="-119.26402998156846">
        <ele>8.36</ele>
      </trkpt>
      <trkpt lat="34.261339930817485" lon="-119.26391992717981">
        <ele>8.56</ele>
      </trkpt>
      <trkpt lat="34.26117514260113" lon="-119.26378514617682">
        <ele>8.75</ele>
      </trkpt>
      <trkpt lat="34.26100993528962" lon="-119.26364994607866">
        <ele>8.88</ele>
      </trkpt>
      <trkpt lat="34.26088999025524" lon="-119.26354994997382">
        <ele>9.08</ele>
      </trkpt>
      <trkpt lat="34.26063526421785" lon="-119.26335020922124">
        <ele>9.2</ele>
      </trkpt>
      <trkpt lat="34.26037995144725" lon="-119.26314996555448">
        <ele>9.27</ele>
      </trkpt>
      <trkpt lat="34.2601699847728" lon="-119.26298995502293">
        <ele>9.44</ele>
      </trkpt>
      <trkpt lat="34.259939985349774" lon="-119.26281997002661">
        <ele>9.53</ele>
      </trkpt>
      <trkpt lat="34.259809982031584" lon="-119.26273992285132">
        <ele>9.67</ele>
      </trkpt>
      <trkpt lat="34.25971996039152" lon="-119.26267999224365">
        <ele>9.73</ele>
      </trkpt>
      <trkpt lat="34.25957998260856" lon="-119.26258997060359">
        <ele>9.76</ele>
      </trkpt>
      <trkpt lat="34.25939532928169" lon="-119.26248016767204">
        <ele>9.86</ele>
      </trkpt>
      <trkpt lat="34.25920992158353" lon="-119.26236994564533">
        <ele>9.9</ele>
      </trkpt>
      <trkpt lat="34.2591199837625" lon="-119.26231998950243">
        <ele>9.92</ele>
      </trkpt>
      <trkpt lat="34.25891362130642" lon="-119.26218688488007">
        <ele>10.0</ele>
      </trkpt>
      <trkpt lat="34.25870734266937" lon="-119.26205369643867">
        <ele>10.0</ele>
      </trkpt>
      <trkpt lat="34.258499974384904" lon="-119.26191992126405">
        <ele>10.03</ele>
      </trkpt>
      <trkpt lat="34.25822714343667" lon="-119.26177022047341">
        <ele>10.0</ele>
      </trkpt>
      <trkpt lat="34.25795431248844" lon="-119.26162051968277">
        <ele>10.03</ele>
      </trkpt>
      <trkpt lat="34.25767997279763" lon="-119.2614699807018">
        <ele>9.98</ele>
      </trkpt>
      <trkpt lat="34.25751996226609" lon="-119.26136998459697">
        <ele>10.02</ele>
      </trkpt>
      <trkpt lat="34.25735995173454" lon="-119.2612799629569">
        <ele>9.96</ele>
      </trkpt>
      <trkpt lat="34.257127018645406" lon="-119.26114023663104">
        <ele>9.91</ele>
      </trkpt>
      <trkpt lat="34.25689408555627" lon="-119.26100042648613">
        <ele>9.88</ele>
      </trkpt>
      <trkpt lat="34.25665997900069" lon="-119.26085994578898">
        <ele>9.84</ele>
      </trkpt>
      <trkpt lat="34.25640542060137" lon="-119.2607151903212">
        <ele>9.8</ele>
      </trkpt>
      <trkpt lat="34.2561499401927" lon="-119.26056993193924">
        <ele>9.75</ele>
      </trkpt>
      <trkpt lat="34.25607995130122" lon="-119.26052995026112">
        <ele>9.7</ele>
      </trkpt>
      <trkpt lat="34.25605991855264" lon="-119.26051997579634">
        <ele>9.64</ele>
      </trkpt>
      <trkpt lat="34.25589529797435" lon="-119.26043515093625">
        <ele>9.58</ele>
      </trkpt>
      <trkpt lat="34.255729923024774" lon="-119.26034999080002">
        <ele>9.51</ele>
      </trkpt>
      <trkpt lat="34.25551040098071" lon="-119.26024680957198">
        <ele>9.44</ele>
      </trkpt>
      <trkpt lat="34.25529087893665" lon="-119.26014371216297">
        <ele>9.36</ele>
      </trkpt>
      <trkpt lat="34.25506993196905" lon="-119.26003994420171">
        <ele>9.28</ele>
      </trkpt>
      <trkpt lat="34.25479550845921" lon="-119.25991522148252">
        <ele>9.2</ele>
      </trkpt>
      <trkpt lat="34.25451999530196" lon="-119.25978999584913">
        <ele>9.11</ele>
      </trkpt>
      <trkpt lat="34.25438999198377" lon="-119.25974993035197">
        <ele>9.02</ele>
      </trkpt>
      <trkpt lat="34.25424029119313" lon="-119.25969008356333">
        <ele>8.91</ele>
      </trkpt>
      <trkpt lat="34.25408991985023" lon="-119.25962998531759">
        <ele>8.82</ele>
      </trkpt>
      <trkpt lat="34.253835529088974" lon="-119.25952521152794">
        <ele>8.74</ele>
      </trkpt>
      <trkpt lat="34.253579964861274" lon="-119.25941993482411">
        <ele>8.66</ele>
      </trkpt>
      <trkpt lat="34.25334996543825" lon="-119.2593099642545">
        <ele>8.56</ele>
      </trkpt>
      <trkpt lat="34.253199929371476" lon="-119.25923997536302">
        <ele>8.45</ele>
      </trkpt>
      <trkpt lat="34.25300999544561" lon="-119.25915992818773">
        <ele>8.35</ele>
      </trkpt>
      <trkpt lat="34.252760550007224" lon="-119.25907015800476">
        <ele>8.22</ele>
      </trkpt>
      <trkpt lat="34.25251110456884" lon="-119.2589803878218">
        <ele>8.1</ele>
      </trkpt>
      <trkpt lat="34.25225998274982" lon="-119.25888994708657">
        <ele>8.03</ele>
      </trkpt>
      <trkpt lat="34.25201992504299" lon="-119.25881995819509">
        <ele>7.92</ele>
      </trkpt>
      <trkpt lat="34.25179051235318" lon="-119.25876011140645">
        <ele>7.79</ele>
      </trkpt>
      <trkpt lat="34.25155992619693" lon="-119.25869992934167">
        <ele>7.65</ele>
      </trkpt>
      <trkpt lat="34.2513854149729" lon="-119.2586550861597">
        <ele>7.54</ele>
      </trkpt>
      <trkpt lat="34.25120998173952" lon="-119.25860999152064">
        <ele>7.41</ele>
      </trkpt>
      <trkpt lat="34.251109985634685" lon="-119.25858995877206">
        <ele>7.28</ele>
      </trkpt>
      <trkpt lat="34.25092994235456" lon="-119.25853991881013">
        <ele>7.17</ele>
      </trkpt>
      <trkpt lat="34.250695584341884" lon="-119.25848007202148">
        <ele>7.06</ele>
      </trkpt>
      <trkpt lat="34.25045996904373" lon="-119.25841997377574">
        <ele>6.92</ele>
      </trkpt>
      <trkpt lat="34.250229969620705" lon="-119.25835995934904">
        <ele>6.81</ele>
      </trkpt>
      <trkpt lat="34.250059984624386" lon="-119.2583099193871">
        <ele>6.7</ele>
      </trkpt>
      <trkpt lat="34.249799977988005" lon="-119.25823993049562">
        <ele>6.59</ele>
      </trkpt>
      <trkpt lat="34.249580539762974" lon="-119.25818008370697">
        <ele>6.44</ele>
      </trkpt>
      <trkpt lat="34.24936101771891" lon="-119.25812023691833">
        <ele>6.33</ele>
      </trkpt>
      <trkpt lat="34.24913998693228" lon="-119.25805997103453">
        <ele>6.21</ele>
      </trkpt>
      <trkpt lat="34.24901995807886" lon="-119.25802996382117">
        <ele>6.1</ele>
      </trkpt>
      <trkpt lat="34.24888995476067" lon="-119.25799995660782">
        <ele>5.98</ele>
      </trkpt>
      <trkpt lat="34.24859072081745" lon="-119.25792267546058">
        <ele>5.86</ele>
      </trkpt>
      <trkpt lat="34.24829148687422" lon="-119.2578453104943">
        <ele>5.73</ele>
      </trkpt>
      <trkpt lat="34.24799216911197" lon="-119.25776802934706">
        <ele>5.62</ele>
      </trkpt>
      <trkpt lat="34.24769293516874" lon="-119.25769074819982">
        <ele>5.5</ele>
      </trkpt>
      <trkpt lat="34.24739370122552" lon="-119.25761338323355">
        <ele>5.4</ele>
      </trkpt>
      <trkpt lat="34.247094467282295" lon="-119.2575361020863">
        <ele>5.31</ele>
      </trkpt>
      <trkpt lat="34.24679514952004" lon="-119.25745882093906">
        <ele>5.21</ele>
      </trkpt>
      <trkpt lat="34.246489964425564" lon="-119.25737994723022">
        <ele>5.11</ele>
      </trkpt>
      <trkpt lat="34.246200704947114" lon="-119.2573035042733">
        <ele>4.94</ele>
      </trkpt>
      <trkpt lat="34.24591136164963" lon="-119.25722697749734">
        <ele>4.8</ele>
      </trkpt>
      <trkpt lat="34.24561992287636" lon="-119.25714994780719">
        <ele>4.66</ele>
      </trkpt>
      <trkpt lat="34.24540995620191" lon="-119.25710996612906">
        <ele>4.56</ele>
      </trkpt>
      <trkpt lat="34.245179956778884" lon="-119.25705992616713">
        <ele>4.47</ele>
      </trkpt>
      <trkpt lat="34.24493998289108" lon="-119.257019944489">
        <ele>4.37</ele>
      </trkpt>
      <trkpt lat="34.2449199501425" lon="-119.257019944489">
        <ele>4.27</ele>
      </trkpt>
      <trkpt lat="34.244669917970896" lon="-119.25698993727565">
        <ele>4.12</ele>
      </trkpt>
      <trkpt lat="34.24450043588877" lon="-119.25697996281087">
        <ele>4.0</ele>
      </trkpt>
      <trkpt lat="34.24432994797826" lon="-119.2569699883461">
        <ele>3.89</ele>
      </trkpt>
      <trkpt lat="34.24420991912484" lon="-119.25691994838417">
        <ele>3.81</ele>
      </trkpt>
      <trkpt lat="34.24391076900065" lon="-119.25690662115812">
        <ele>3.74</ele>
      </trkpt>
      <trkpt lat="34.243611535057425" lon="-119.25689337775111">
        <ele>3.66</ele>
      </trkpt>
      <trkpt lat="34.24330995418131" lon="-119.25687996670604">
        <ele>3.61</ele>
      </trkpt>
      <trkpt lat="34.24325999803841" lon="-119.25687996670604">
        <ele>3.55</ele>
      </trkpt>
      <trkpt lat="34.243005607277155" lon="-119.25686999224126">
        <ele>3.49</ele>
      </trkpt>
      <trkpt lat="34.24274995923042" lon="-119.25685993395746">
        <ele>3.44</ele>
      </trkpt>
      <trkpt lat="34.24252054654062" lon="-119.25684995949268">
        <ele>3.39</ele>
      </trkpt>
      <trkpt lat="34.24228996038437" lon="-119.25683998502791">
        <ele>3.35</ele>
      </trkpt>
      <trkpt lat="34.241990726441145" lon="-119.25683001056314">
        <ele>3.32</ele>
      </trkpt>
      <trkpt lat="34.24168998375535" lon="-119.25681995227933">
        <ele>3.31</ele>
      </trkpt>
      <trkpt lat="34.2414456512779" lon="-119.25680997781456">
        <ele>3.28</ele>
      </trkpt>
      <trkpt lat="34.24119997769594" lon="-119.25679991953075">
        <ele>3.26</ele>
      </trkpt>
      <trkpt lat="34.24093569628894" lon="-119.25678751431406">
        <ele>3.23</ele>
      </trkpt>
      <trkpt lat="34.240671414881945" lon="-119.25677502527833">
        <ele>3.21</ele>
      </trkpt>
      <trkpt lat="34.240407133474946" lon="-119.2567625362426">
        <ele>3.19</ele>
      </trkpt>
      <trkpt lat="34.24013991840184" lon="-119.25674996338785">
        <ele>3.17</ele>
      </trkpt>
      <trkpt lat="34.23986993730068" lon="-119.25673998892307">
        <ele>3.16</ele>
      </trkpt>
      <trkpt lat="34.23957992345095" lon="-119.25672993063927">
        <ele>3.14</ele>
      </trkpt>
      <trkpt lat="34.23931564204395" lon="-119.25671995617449">
        <ele>3.13</ele>
      </trkpt>
      <trkpt lat="34.23904993571341" lon="-119.25670998170972">
        <ele>3.12</ele>
      </trkpt>
      <trkpt lat="34.23880560323596" lon="-119.25669003278017">
        <ele>3.11</ele>
      </trkpt>
      <trkpt lat="34.238559929654" lon="-119.25666991621256">
        <ele>3.1</ele>
      </trkpt>
      <trkpt lat="34.23828994855285" lon="-119.25664996728301">
        <ele>3.1</ele>
      </trkpt>
      <trkpt lat="34.2380231525749" lon="-119.25662750378251">
        <ele>3.09</ele>
      </trkpt>
      <trkpt lat="34.23775635659695" lon="-119.25660504028201">
        <ele>3.08</ele>
      </trkpt>
      <trkpt lat="34.237489560619" lon="-119.25658266060054">
        <ele>3.08</ele>
      </trkpt>
      <trkpt lat="34.237219998613" lon="-119.25655994564295">
        <ele>3.07</ele>
      </trkpt>
      <trkpt lat="34.237040458247066" lon="-119.25654997117817">
        <ele>3.07</ele>
      </trkpt>
      <trkpt lat="34.23685999587178" lon="-119.2565399967134">
        <ele>3.07</ele>
      </trkpt>
      <trkpt lat="34.23661993816495" lon="-119.25651996396482">
        <ele>3.07</ele>
      </trkpt>
      <trkpt lat="34.236589930951595" lon="-119.25650998950005">
        <ele>3.07</ele>
      </trkpt>
      <trkpt lat="34.23653997480869" lon="-119.25650998950005">
        <ele>3.07</ele>
      </trkpt>
      <trkpt lat="34.236252726987004" lon="-119.25649599172175">
        <ele>3.08</ele>
      </trkpt>
      <trkpt lat="34.235965479165316" lon="-119.25648199394345">
        <ele>3.09</ele>
      </trkpt>
      <trkpt lat="34.23567831516266" lon="-119.25646807998419">
        <ele>3.09</ele>
      </trkpt>
      <trkpt lat="34.23539106734097" lon="-119.25645408220589">
        <ele>3.08</ele>
      </trkpt>
      <trkpt lat="34.23509996384382" lon="-119.25643991678953">
        <ele>3.08</ele>
      </trkpt>
      <trkpt lat="34.23480408266187" lon="-119.25642667338252">
        <ele>3.07</ele>
      </trkpt>
      <trkpt lat="34.23450820147991" lon="-119.25641334615648">
        <ele>3.07</ele>
      </trkpt>
      <trkpt lat="34.23420997336507" lon="-119.2563999351114">
        <ele>3.11</ele>
      </trkpt>
      <trkpt lat="34.23394066281617" lon="-119.2563933134079">
        <ele>3.15</ele>
      </trkpt>
      <trkpt lat="34.2336714360863" lon="-119.25638669170439">
        <ele>3.18</ele>
      </trkpt>
      <trkpt lat="34.23339994624257" lon="-119.25637998618186">
        <ele>3.22</ele>
      </trkpt>
      <trkpt lat="34.2331032268703" lon="-119.25636749714613">
        <ele>3.29</ele>
      </trkpt>
      <trkpt lat="34.23280659131706" lon="-119.2563550081104">
        <ele>3.35</ele>
      </trkpt>
      <trkpt lat="34.232509871944785" lon="-119.25634251907468">
        <ele>3.4</ele>
      </trkpt>
      <trkpt lat="34.23220996744931" lon="-119.25632994621992">
        <ele>3.46</ele>
      </trkpt>
      <trkpt lat="34.231935711577535" lon="-119.25632743164897">
        <ele>3.52</ele>
      </trkpt>
      <trkpt lat="34.23166145570576" lon="-119.25632500089705">
        <ele>3.58</ele>
      </trkpt>
      <trkpt lat="34.23138719983399" lon="-119.2563224863261">
        <ele>3.66</ele>
      </trkpt>
      <trkpt lat="34.231109926477075" lon="-119.25631997175515">
        <ele>3.75</ele>
      </trkpt>
      <trkpt lat="34.23092996701598" lon="-119.25630999729037">
        <ele>3.81</ele>
      </trkpt>
      <trkpt lat="34.23066065646708" lon="-119.2563000228256">
        <ele>3.88</ele>
      </trkpt>
      <trkpt lat="34.23039142973721" lon="-119.25629004836082">
        <ele>3.95</ele>
      </trkpt>
      <trkpt lat="34.23012211918831" lon="-119.25628007389605">
        <ele>4.02</ele>
      </trkpt>
      <trkpt lat="34.22985289245844" lon="-119.25627009943128">
        <ele>4.09</ele>
      </trkpt>
      <trkpt lat="34.22958358190954" lon="-119.2562601249665">
        <ele>4.15</ele>
      </trkpt>
      <trkpt lat="34.22930999659002" lon="-119.25624998286366">
        <ele>4.22</ele>
      </trkpt>
      <trkpt lat="34.22922994941473" lon="-119.25624998286366">
        <ele>4.3</ele>
      </trkpt>
      <trkpt lat="34.229129953309894" lon="-119.25623992457986">
        <ele>4.37</ele>
      </trkpt>
      <trkpt lat="34.22891386784613" lon="-119.25623330287635">
        <ele>4.45</ele>
      </trkpt>
      <trkpt lat="34.22869778238237" lon="-119.25622668117285">
        <ele>4.51</ele>
      </trkpt>
      <trkpt lat="34.22847993671894" lon="-119.25621997565031">
        <ele>4.56</ele>
      </trkpt>
      <trkpt lat="34.228217331692576" lon="-119.25621000118554">
        <ele>4.62</ele>
      </trkpt>
      <trkpt lat="34.22795472666621" lon="-119.25620002672076">
        <ele>4.66</ele>
      </trkpt>
      <trkpt lat="34.22768994234502" lon="-119.25618996843696">
        <ele>4.71</ele>
      </trkpt>
      <trkpt lat="34.227417362853885" lon="-119.25617664121091">
        <ele>4.75</ele>
      </trkpt>
      <trkpt lat="34.227144783362746" lon="-119.2561633978039">
        <ele>4.78</ele>
      </trkpt>
      <trkpt lat="34.22686994075775" lon="-119.25614998675883">
        <ele>4.82</ele>
      </trkpt>
      <trkpt lat="34.226627284660935" lon="-119.25613665953279">
        <ele>4.84</ele>
      </trkpt>
      <trkpt lat="34.22638462856412" lon="-119.25612333230674">
        <ele>4.86</ele>
      </trkpt>
      <trkpt lat="34.22613996081054" lon="-119.25610992126167">
        <ele>4.88</ele>
      </trkpt>
      <trkpt lat="34.225863525643945" lon="-119.25610137172043">
        <ele>4.9</ele>
      </trkpt>
      <trkpt lat="34.22558717429638" lon="-119.2560928221792">
        <ele>4.9</ele>
      </trkpt>
      <trkpt lat="34.22531073912978" lon="-119.25608427263796">
        <ele>4.9</ele>
      </trkpt>
      <trkpt lat="34.225034387782216" lon="-119.25607572309673">
        <ele>4.91</ele>
      </trkpt>
      <trkpt lat="34.22475795261562" lon="-119.25606725737453">
        <ele>4.9</ele>
      </trkpt>
      <trkpt lat="34.22448160126805" lon="-119.25605870783329">
        <ele>4.89</ele>
      </trkpt>
      <trkpt lat="34.22419996932149" lon="-119.25604999065399">
        <ele>4.88</ele>
      </trkpt>
      <trkpt lat="34.22400550916791" lon="-119.25603498704731">
        <ele>4.86</ele>
      </trkpt>
      <trkpt lat="34.22380995936692" lon="-119.25601998344064">
        <ele>4.84</ele>
      </trkpt>
      <trkpt lat="34.2236899305135" lon="-119.25600992515683">
        <ele>4.82</ele>
      </trkpt>
      <trkpt lat="34.2234499566257" lon="-119.25597991794348">
        <ele>4.79</ele>
      </trkpt>
      <trkpt lat="34.223290365189314" lon="-119.25594999454916">
        <ele>4.76</ele>
      </trkpt>
      <trkpt lat="34.22312993556261" lon="-119.2559199873358">
        <ele>4.73</ele>
      </trkpt>
      <trkpt lat="34.22288996167481" lon="-119.25586994737387">
        <ele>4.69</ele>
      </trkpt>
      <trkpt lat="34.222710421308875" lon="-119.25582007505">
        <ele>4.66</ele>
      </trkpt>
      <trkpt lat="34.22252995893359" lon="-119.25576995126903">
        <ele>4.62</ele>
      </trkpt>
      <trkpt lat="34.22226995229721" lon="-119.25567992962897">
        <ele>4.58</ele>
      </trkpt>
      <trkpt lat="34.22207046300173" lon="-119.25561010837555">
        <ele>4.53</ele>
      </trkpt>
      <trkpt lat="34.221869967877865" lon="-119.255539951846">
        <ele>4.48</ele>
      </trkpt>
      <trkpt lat="34.22162546776235" lon="-119.25543023273349">
        <ele>4.42</ele>
      </trkpt>
      <trkpt lat="34.22137996181846" lon="-119.25531992688775">
        <ele>4.38</ele>
      </trkpt>
      <trkpt lat="34.221099922433496" lon="-119.2551599163562">
        <ele>4.35</ele>
      </trkpt>
      <trkpt lat="34.22081384807825" lon="-119.25500694662333">
        <ele>4.31</ele>
      </trkpt>
      <trkpt lat="34.220527773723006" lon="-119.25485389307141">
        <ele>4.28</ele>
      </trkpt>
      <trkpt lat="34.220239939168096" lon="-119.25469991751015">
        <ele>4.24</ele>
      </trkpt>
      <trkpt lat="34.21998546458781" lon="-119.25456019118428">
        <ele>4.22</ele>
      </trkpt>
      <trkpt lat="34.21972998417914" lon="-119.25441996194422">
        <ele>4.19</ele>
      </trkpt>
      <trkpt lat="34.219488417729735" lon="-119.25428417511284">
        <ele>4.17</ele>
      </trkpt>
      <trkpt lat="34.21924685128033" lon="-119.2541484721005">
        <ele>4.15</ele>
      </trkpt>
      <trkpt lat="34.21900528483093" lon="-119.25401268526912">
        <ele>4.13</ele>
      </trkpt>
      <trkpt lat="34.218763802200556" lon="-119.25387698225677">
        <ele>4.12</ele>
      </trkpt>
      <trkpt lat="34.218519972637296" lon="-119.25373993813992">
        <ele>4.12</ele>
      </trkpt>
      <trkpt lat="34.21827538870275" lon="-119.253602726385">
        <ele>4.11</ele>
      </trkpt>
      <trkpt lat="34.218030888587236" lon="-119.25346551463008">
        <ele>4.11</ele>
      </trkpt>
      <trkpt lat="34.21778630465269" lon="-119.25332821905613">
        <ele>4.12</ele>
      </trkpt>
      <trkpt lat="34.21753996051848" lon="-119.2531899176538">
        <ele>4.13</ele>
      </trkpt>
      <trkpt lat="34.21729998663068" lon="-119.25305999815464">
        <ele>4.15</ele>
      </trkpt>
      <trkpt lat="34.217105358839035" lon="-119.25297014415264">
        <ele>4.17</ele>
      </trkpt>
      <trkpt lat="34.21690997667611" lon="-119.25287995487452">
        <ele>4.19</ele>
      </trkpt>
      <trkpt lat="34.21663052402437" lon="-119.25273025408387">
        <ele>4.22</ele>
      </trkpt>
      <trkpt lat="34.21635107137263" lon="-119.25258055329323">
        <ele>4.26</ele>
      </trkpt>
      <trkpt lat="34.21607161872089" lon="-119.25243085250258">
        <ele>4.32</ele>
      </trkpt>
      <trkpt lat="34.21579216606915" lon="-119.25228115171194">
        <ele>4.37</ele>
      </trkpt>
      <trkpt lat="34.215509947389364" lon="-119.25212994217873">
        <ele>4.42</ele>
      </trkpt>
      <trkpt lat="34.215230494737625" lon="-119.25197822973132">
        <ele>4.47</ele>
      </trkpt>
      <trkpt lat="34.214951042085886" lon="-119.25182651728392">
        <ele>4.52</ele>
      </trkpt>
      <trkpt lat="34.21467158943415" lon="-119.25167480483651">
        <ele>4.57</ele>
      </trkpt>
      <trkpt lat="34.21439213678241" lon="-119.2515230923891">
        <ele>4.63</ele>
      </trkpt>
      <trkpt lat="34.21410991810262" lon="-119.25136995501816">
        <ele>4.69</ele>
      </trkpt>
      <trkpt lat="34.21394999139011" lon="-119.2512799333781">
        <ele>4.76</ele>
      </trkpt>
      <trkpt lat="34.21370373107493" lon="-119.25114691257477">
        <ele>4.82</ele>
      </trkpt>
      <trkpt lat="34.21345755457878" lon="-119.2510138079524">
        <ele>4.89</ele>
      </trkpt>
      <trkpt lat="34.21321137808263" lon="-119.25088070333004">
        <ele>4.96</ele>
      </trkpt>
      <trkpt lat="34.212965201586485" lon="-119.25074768252671">
        <ele>5.06</ele>
      </trkpt>
      <trkpt lat="34.21271902509034" lon="-119.25061457790434">
        <ele>5.13</ele>
      </trkpt>
      <trkpt lat="34.21246999874711" lon="-119.25047996453941">
        <ele>5.19</ele>
      </trkpt>
      <trkpt lat="34.21221292577684" lon="-119.25034023821354">
        <ele>5.27</ele>
      </trkpt>
      <trkpt lat="34.2119559366256" lon="-119.25020051188767">
        <ele>5.35</ele>
      </trkpt>
      <trkpt lat="34.21169894747436" lon="-119.2500607855618">
        <ele>5.43</ele>
      </trkpt>
      <trkpt lat="34.21144195832312" lon="-119.24992105923593">
        <ele>5.51</ele>
      </trkpt>
      <trkpt lat="34.21118496917188" lon="-119.24978133291006">
        <ele>5.59</ele>
      </trkpt>
      <trkpt lat="34.21092789620161" lon="-119.24964152276516">
        <ele>5.67</ele>
      </trkpt>
      <trkpt lat="34.21067090705037" lon="-119.24950179643929">
        <ele>5.76</ele>
      </trkpt>
      <trkpt lat="34.21040997840464" lon="-119.24935997463763">
        <ele>5.84</ele>
      </trkpt>
      <trkpt lat="34.210299924016" lon="-119.24933994188905">
        <ele>5.92</ele>
      </trkpt>
      <trkpt lat="34.21002055518329" lon="-119.2491952702403">
        <ele>6.0</ele>
      </trkpt>
      <trkpt lat="34.20973992906511" lon="-119.24904992803931">
        <ele>6.08</ele>
      </trkpt>
      <trkpt lat="34.20946994796395" lon="-119.24889997579157">
        <ele>6.16</ele>
      </trkpt>
      <trkpt lat="34.209310272708535" lon="-119.24881515093148">
        <ele>6.26</ele>
      </trkpt>
      <trkpt lat="34.209149926900864" lon="-119.24872999079525">
        <ele>6.33</ele>
      </trkpt>
      <trkpt lat="34.2088804487139" lon="-119.24858523532748">
        <ele>6.42</ele>
      </trkpt>
      <trkpt lat="34.20860996469855" lon="-119.24843997694552">
        <ele>6.53</ele>
      </trkpt>
      <trkpt lat="34.20840033330023" lon="-119.24832514487207">
        <ele>6.67</ele>
      </trkpt>
      <trkpt lat="34.20818994753063" lon="-119.24820997752249">
        <ele>6.71</ele>
      </trkpt>
      <trkpt lat="34.20800529420376" lon="-119.24811517819762">
        <ele>6.71</ele>
      </trkpt>
      <trkpt lat="34.207819970324636" lon="-119.2480199597776">
        <ele>6.71</ele>
      </trkpt>
      <trkpt lat="34.20763531699777" lon="-119.24792013131082">
        <ele>6.71</ele>
      </trkpt>
      <trkpt lat="34.207449993118644" lon="-119.24781996756792">
        <ele>6.74</ele>
      </trkpt>
      <trkpt lat="34.2072952631861" lon="-119.24773011356592">
        <ele>6.76</ele>
      </trkpt>
      <trkpt lat="34.20713994652033" lon="-119.2476399242878">
        <ele>6.78</ele>
      </trkpt>
      <trkpt lat="34.206939954310656" lon="-119.24751997925341">
        <ele>6.84</ele>
      </trkpt>
      <trkpt lat="34.20684993267059" lon="-119.24741998314857">
        <ele>6.88</ele>
      </trkpt>
      <trkpt lat="34.20675999484956" lon="-119.24738997593522">
        <ele>6.89</ele>
      </trkpt>
      <trkpt lat="34.20649797655642" lon="-119.24724522046745">
        <ele>6.63</ele>
      </trkpt>
      <trkpt lat="34.20623595826328" lon="-119.24710054881871">
        <ele>6.58</ele>
      </trkpt>
      <trkpt lat="34.205973939970136" lon="-119.24695579335093">
        <ele>6.76</ele>
      </trkpt>
      <trkpt lat="34.205709993839264" lon="-119.24680994823575">
        <ele>6.79</ele>
      </trkpt>
      <trkpt lat="34.20569993555546" lon="-119.24679997377098">
        <ele>6.76</ele>
      </trkpt>
      <trkpt lat="34.205689961090684" lon="-119.24679997377098">
        <ele>6.73</ele>
      </trkpt>
      <trkpt lat="34.205669928342104" lon="-119.2467899993062">
        <ele>6.69</ele>
      </trkpt>
      <trkpt lat="34.20560999773443" lon="-119.24674993380904">
        <ele>6.65</ele>
      </trkpt>
      <trkpt lat="34.20540992170572" lon="-119.24663996323943">
        <ele>6.61</ele>
      </trkpt>
      <trkpt lat="34.20526525005698" lon="-119.2465600837022">
        <ele>6.55</ele>
      </trkpt>
      <trkpt lat="34.20511999167502" lon="-119.24647995270789">
        <ele>6.5</ele>
      </trkpt>
      <trkpt lat="34.20483383350074" lon="-119.24633025191724">
        <ele>6.35</ele>
      </trkpt>
      <trkpt lat="34.2045477591455" lon="-119.2461805511266">
        <ele>6.2</ele>
      </trkpt>
      <trkpt lat="34.20425992459059" lon="-119.2460299283266">
        <ele>6.1</ele>
      </trkpt>
      <trkpt lat="34.2040104791522" lon="-119.24590520560741">
        <ele>6.01</ele>
      </trkpt>
      <trkpt lat="34.203759944066405" lon="-119.24577997997403">
        <ele>5.93</ele>
      </trkpt>
      <trkpt lat="34.20361996628344" lon="-119.24565995112062">
        <ele>5.84</ele>
      </trkpt>
      <trkpt lat="34.203350404277444" lon="-119.2455002758652">
        <ele>5.77</ele>
      </trkpt>
      <trkpt lat="34.2030799202621" lon="-119.24533993005753">
        <ele>5.71</ele>
      </trkpt>
      <trkpt lat="34.20281798578799" lon="-119.24520020373166">
        <ele>5.62</ele>
      </trkpt>
      <trkpt lat="34.202555967494845" lon="-119.24506047740579">
        <ele>5.52</ele>
      </trkpt>
      <trkpt lat="34.202294033020735" lon="-119.24492075107992">
        <ele>5.39</ele>
      </trkpt>
      <trkpt lat="34.20203201472759" lon="-119.24478102475405">
        <ele>5.31</ele>
      </trkpt>
      <trkpt lat="34.20176999643445" lon="-119.24464129842818">
        <ele>5.23</ele>
      </trkpt>
      <trkpt lat="34.20150806196034" lon="-119.24450157210231">
        <ele>5.17</ele>
      </trkpt>
      <trkpt lat="34.2012460436672" lon="-119.24436184577644">
        <ele>5.11</ele>
      </trkpt>
      <trkpt lat="34.2009799182415" lon="-119.24421994015574">
        <ele>5.05</ele>
      </trkpt>
      <trkpt lat="34.20069552026689" lon="-119.2440636176616">
        <ele>5.03</ele>
      </trkpt>
      <trkpt lat="34.20041103847325" lon="-119.24390721134841">
        <ele>5.06</ele>
      </trkpt>
      <trkpt lat="34.200126556679606" lon="-119.24375088885427">
        <ele>5.12</ele>
      </trkpt>
      <trkpt lat="34.199842158704996" lon="-119.24359448254108">
        <ele>4.99</ele>
      </trkpt>
      <trkpt lat="34.199557676911354" lon="-119.2434380762279">
        <ele>4.82</ele>
      </trkpt>
      <trkpt lat="34.199269926175475" lon="-119.24327999353409">
        <ele>4.76</ele>
      </trkpt>
      <trkpt lat="34.19912022538483" lon="-119.24319508485496">
        <ele>4.76</ele>
      </trkpt>
      <trkpt lat="34.198969937860966" lon="-119.24310992471874">
        <ele>4.75</ele>
      </trkpt>
      <trkpt lat="34.19871998950839" lon="-119.24296994693577">
        <ele>4.74</ele>
      </trkpt>
      <trkpt lat="34.1985070053488" lon="-119.24285352230072">
        <ele>4.72</ele>
      </trkpt>
      <trkpt lat="34.198294105008245" lon="-119.24273709766567">
        <ele>4.76</ele>
      </trkpt>
      <trkpt lat="34.19807994738221" lon="-119.24261991865933">
        <ele>4.77</ele>
      </trkpt>
      <trkpt lat="34.19793996959925" lon="-119.24255998805165">
        <ele>4.79</ele>
      </trkpt>
      <trkpt lat="34.19779999181628" lon="-119.24249997362494">
        <ele>4.81</ele>
      </trkpt>
      <trkpt lat="34.19765523634851" lon="-119.24241514876485">
        <ele>4.85</ele>
      </trkpt>
      <trkpt lat="34.19750997796655" lon="-119.24232998862863">
        <ele>4.89</ele>
      </trkpt>
      <trkpt lat="34.19731996022165" lon="-119.24221993423998">
        <ele>4.94</ele>
      </trkpt>
      <trkpt lat="34.197170259431005" lon="-119.24214013852179">
        <ele>5.0</ele>
      </trkpt>
      <trkpt lat="34.19701997190714" lon="-119.24205992370844">
        <ele>5.06</ele>
      </trkpt>
      <trkpt lat="34.196819979697466" lon="-119.24199999310076">
        <ele>5.11</ele>
      </trkpt>
      <trkpt lat="34.19671998359263" lon="-119.2419599276036">
        <ele>5.16</ele>
      </trkpt>
      <trkpt lat="34.196500377729535" lon="-119.24183520488441">
        <ele>5.22</ele>
      </trkpt>
      <trkpt lat="34.196279933676124" lon="-119.24170997925103">
        <ele>5.28</ele>
      </trkpt>
      <trkpt lat="34.19624992646277" lon="-119.24169992096722">
        <ele>5.34</ele>
      </trkpt>
      <trkpt lat="34.19606996700168" lon="-119.24159992486238">
        <ele>5.4</ele>
      </trkpt>
      <trkpt lat="34.195832423865795" lon="-119.24147218465805">
        <ele>5.46</ele>
      </trkpt>
      <trkpt lat="34.195594880729914" lon="-119.24134444445372">
        <ele>5.52</ele>
      </trkpt>
      <trkpt lat="34.19535733759403" lon="-119.24121670424938">
        <ele>5.57</ele>
      </trkpt>
      <trkpt lat="34.19511979445815" lon="-119.24108896404505">
        <ele>5.64</ele>
      </trkpt>
      <trkpt lat="34.19487998820841" lon="-119.24095996655524">
        <ele>5.7</ele>
      </trkpt>
      <trkpt lat="34.19462710618973" lon="-119.24082024022937">
        <ele>5.78</ele>
      </trkpt>
      <trkpt lat="34.19437422417104" lon="-119.2406805139035">
        <ele>5.79</ele>
      </trkpt>
      <trkpt lat="34.19411991722882" lon="-119.24053994938731">
        <ele>5.82</ele>
      </trkpt>
      <trkpt lat="34.193864185363054" lon="-119.24040148034692">
        <ele>5.83</ele>
      </trkpt>
      <trkpt lat="34.19360845349729" lon="-119.24026301130652">
        <ele>5.83</ele>
      </trkpt>
      <trkpt lat="34.19335272163153" lon="-119.24012454226613">
        <ele>5.85</ele>
      </trkpt>
      <trkpt lat="34.19309690594673" lon="-119.2399859894067">
        <ele>5.84</ele>
      </trkpt>
      <trkpt lat="34.19284117408097" lon="-119.23984752036631">
        <ele>5.83</ele>
      </trkpt>
      <trkpt lat="34.192585442215204" lon="-119.23970905132592">
        <ele>5.8</ele>
      </trkpt>
      <trkpt lat="34.19232971034944" lon="-119.23957058228552">
        <ele>5.79</ele>
      </trkpt>
      <trkpt lat="34.192069955170155" lon="-119.2394299339503">
        <ele>5.77</ele>
      </trkpt>
      <trkpt lat="34.19181380420923" lon="-119.23929020762444">
        <ele>5.74</ele>
      </trkpt>
      <trkpt lat="34.19155765324831" lon="-119.23915048129857">
        <ele>5.67</ele>
      </trkpt>
      <trkpt lat="34.19129999354482" lon="-119.23900991678238">
        <ele>5.59</ele>
      </trkpt>
      <trkpt lat="34.191040489822626" lon="-119.23887019045651">
        <ele>5.48</ele>
      </trkpt>
      <trkpt lat="34.190780986100435" lon="-119.23873046413064">
        <ele>5.42</ele>
      </trkpt>
      <trkpt lat="34.19051997363567" lon="-119.23858998343349">
        <ele>5.31</ele>
      </trkpt>
      <trkpt lat="34.19052307493985" lon="-119.23859459348023">
        <ele>5.2</ele>
      </trkpt>
      <trkpt lat="34.1905099991709" lon="-119.23840994015336">
        <ele>5.11</ele>
      </trkpt>
      <trkpt lat="34.19050664640963" lon="-119.23809603787959">
        <ele>5.01</ele>
      </trkpt>
      <trkpt lat="34.19050329364836" lon="-119.23778213560581">
        <ele>4.88</ele>
      </trkpt>
      <trkpt lat="34.19049994088709" lon="-119.2374699935317">
        <ele>4.76</ele>
      </trkpt>
      <trkpt lat="34.19049994088709" lon="-119.23723999410868">
        <ele>4.61</ele>
      </trkpt>
      <trkpt lat="34.19049994088709" lon="-119.23701996915042">
        <ele>4.43</ele>
      </trkpt>
      <trkpt lat="34.19049994088709" lon="-119.23681997694075">
        <ele>4.25</ele>
      </trkpt>
      <trkpt lat="34.19049994088709" lon="-119.23658452928066">
        <ele>4.1</ele>
      </trkpt>
      <trkpt lat="34.19049994088709" lon="-119.23634991981089">
        <ele>3.93</ele>
      </trkpt>
      <trkpt lat="34.19049491174519" lon="-119.23603937029839">
        <ele>3.77</ele>
      </trkpt>
      <trkpt lat="34.19048996642232" lon="-119.23572999425232">
        <ele>3.61</ele>
      </trkpt>
      <trkpt lat="34.19048493728042" lon="-119.23543436452746">
        <ele>3.43</ele>
      </trkpt>
      <trkpt lat="34.190479991957545" lon="-119.23513999208808">
        <ele>3.28</ele>
      </trkpt>
      <trkpt lat="34.190479991957545" lon="-119.23483991995454">
        <ele>3.13</ele>
      </trkpt>
      <trkpt lat="34.190479991957545" lon="-119.23448997549713">
        <ele>2.97</ele>
      </trkpt>
      <trkpt lat="34.190479991957545" lon="-119.23439995385706">
        <ele>2.85</ele>
      </trkpt>
      <trkpt lat="34.190479991957545" lon="-119.23426995053887">
        <ele>2.73</ele>
      </trkpt>
      <trkpt lat="34.19047496281564" lon="-119.23404950648546">
        <ele>2.6</ele>
      </trkpt>
      <trkpt lat="34.19046993367374" lon="-119.2338299844414">
        <ele>2.52</ele>
      </trkpt>
      <trkpt lat="34.19044998474419" lon="-119.23353997059166">
        <ele>2.44</ele>
      </trkpt>
      <trkpt lat="34.19040991924703" lon="-119.23330997116864">
        <ele>2.37</ele>
      </trkpt>
      <trkpt lat="34.19038997031748" lon="-119.23319991678">
        <ele>2.32</ele>
      </trkpt>
      <trkpt lat="34.190349988639355" lon="-119.23299992457032">
        <ele>2.3</ele>
      </trkpt>
      <trkpt lat="34.190334901213646" lon="-119.23276447691023">
        <ele>2.27</ele>
      </trkpt>
      <trkpt lat="34.190319981426" lon="-119.2325299512595">
        <ele>2.26</ele>
      </trkpt>
      <trkpt lat="34.190329955890775" lon="-119.23232995904982">
        <ele>2.25</ele>
      </trkpt>
      <trkpt lat="34.19031327590346" lon="-119.23199602402747">
        <ele>2.26</ele>
      </trkpt>
      <trkpt lat="34.19029659591615" lon="-119.23166200518608">
        <ele>2.28</ele>
      </trkpt>
      <trkpt lat="34.19027999974787" lon="-119.23132999800146">
        <ele>2.33</ele>
      </trkpt>
      <trkpt lat="34.19027999974787" lon="-119.23103998415172">
        <ele>2.37</ele>
      </trkpt>
      <trkpt lat="34.19027999974787" lon="-119.23076991923153">
        <ele>2.43</ele>
      </trkpt>
      <trkpt lat="34.19027999974787" lon="-119.23062994144857">
        <ele>2.49</ele>
      </trkpt>
      <trkpt lat="34.19027999974787" lon="-119.23054997809231">
        <ele>2.56</ele>
      </trkpt>
      <trkpt lat="34.19027999974787" lon="-119.2302243411541">
        <ele>2.64</ele>
      </trkpt>
      <trkpt lat="34.19027999974787" lon="-119.22989996150136">
        <ele>2.73</ele>
      </trkpt>
      <trkpt lat="34.19027999974787" lon="-119.2297599837184">
        <ele>2.83</ele>
      </trkpt>
      <trkpt lat="34.19027999974787" lon="-119.2296799365431">
        <ele>2.95</ele>
      </trkpt>
      <trkpt lat="34.19027999974787" lon="-119.22947994433343">
        <ele>3.07</ele>
      </trkpt>
      <trkpt lat="34.19027748517692" lon="-119.2291518766433">
        <ele>3.18</ele>
      </trkpt>
      <trkpt lat="34.19027497060597" lon="-119.22882372513413">
        <ele>3.3</ele>
      </trkpt>
      <trkpt lat="34.19027245603502" lon="-119.22849557362497">
        <ele>3.43</ele>
      </trkpt>
      <trkpt lat="34.19026994146407" lon="-119.22816993668675">
        <ele>3.56</ele>
      </trkpt>
      <trkpt lat="34.19026994146407" lon="-119.22789274714887">
        <ele>3.73</ele>
      </trkpt>
      <trkpt lat="34.19026994146407" lon="-119.22761555761099">
        <ele>3.86</ele>
      </trkpt>
      <trkpt lat="34.19026994146407" lon="-119.22733996063471">
        <ele>3.99</ele>
      </trkpt>
      <trkpt lat="34.1902665887028" lon="-119.22705941833556">
        <ele>4.13</ele>
      </trkpt>
      <trkpt lat="34.19026331976056" lon="-119.2267788760364">
        <ele>4.27</ele>
      </trkpt>
      <trkpt lat="34.19025996699929" lon="-119.22649992629886">
        <ele>4.41</ele>
      </trkpt>
      <trkpt lat="34.19025996699929" lon="-119.22628451138735">
        <ele>4.54</ele>
      </trkpt>
      <trkpt lat="34.19025996699929" lon="-119.22606993466616">
        <ele>4.7</ele>
      </trkpt>
      <trkpt lat="34.19025996699929" lon="-119.22591998241842">
        <ele>4.85</ele>
      </trkpt>
      <trkpt lat="34.19025996699929" lon="-119.22585996799171">
        <ele>4.98</ele>
      </trkpt>
      <trkpt lat="34.190256614238024" lon="-119.22551597468555">
        <ele>5.11</ele>
      </trkpt>
      <trkpt lat="34.190253261476755" lon="-119.22517198137939">
        <ele>5.24</ele>
      </trkpt>
      <trkpt lat="34.19024999253452" lon="-119.22482999972999">
        <ele>5.37</ele>
      </trkpt>
      <trkpt lat="34.190244963392615" lon="-119.22450939193368">
        <ele>5.49</ele>
      </trkpt>
      <trkpt lat="34.19023993425071" lon="-119.22418995760381">
        <ele>5.61</ele>
      </trkpt>
      <trkpt lat="34.190236581489444" lon="-119.22384931705892">
        <ele>5.73</ele>
      </trkpt>
      <trkpt lat="34.19023331254721" lon="-119.22350867651403">
        <ele>5.85</ele>
      </trkpt>
      <trkpt lat="34.19022995978594" lon="-119.22316996380687">
        <ele>5.96</ele>
      </trkpt>
      <trkpt lat="34.19022995978594" lon="-119.22291993163526">
        <ele>6.07</ele>
      </trkpt>
      <trkpt lat="34.19022995978594" lon="-119.22268993221223">
        <ele>6.17</ele>
      </trkpt>
      <trkpt lat="34.19024999253452" lon="-119.2224599327892">
        <ele>6.28</ele>
      </trkpt>
      <trkpt lat="34.19027999974787" lon="-119.22222993336618">
        <ele>6.39</ele>
      </trkpt>
      <trkpt lat="34.19027999974787" lon="-119.22217997722328">
        <ele>6.5</ele>
      </trkpt>
      <trkpt lat="34.19029994867742" lon="-119.22198995947838">
        <ele>6.6</ele>
      </trkpt>
      <trkpt lat="34.190309923142195" lon="-119.22183992341161">
        <ele>6.69</ele>
      </trkpt>
      <trkpt lat="34.190309923142195" lon="-119.22171997837722">
        <ele>6.78</ele>
      </trkpt>
      <trkpt lat="34.190309923142195" lon="-119.2213499173522">
        <ele>6.86</ele>
      </trkpt>
      <trkpt lat="34.19029994867742" lon="-119.2211699578911">
        <ele>6.94</ele>
      </trkpt>
      <trkpt lat="34.19029491953552" lon="-119.22088941559196">
        <ele>7.02</ele>
      </trkpt>
      <trkpt lat="34.19028997421265" lon="-119.22060996294022">
        <ele>7.09</ele>
      </trkpt>
      <trkpt lat="34.19028997421265" lon="-119.22035993076861">
        <ele>7.17</ele>
      </trkpt>
      <trkpt lat="34.19028997421265" lon="-119.22009447589517">
        <ele>7.24</ele>
      </trkpt>
      <trkpt lat="34.19028997421265" lon="-119.21982994303107">
        <ele>7.31</ele>
      </trkpt>
      <trkpt lat="34.19028662145138" lon="-119.21956616453826">
        <ele>7.38</ele>
      </trkpt>
      <trkpt lat="34.19028326869011" lon="-119.21930230222642">
        <ele>7.45</ele>
      </trkpt>
      <trkpt lat="34.19027999974787" lon="-119.21903994865716">
        <ele>7.51</ele>
      </trkpt>
      <trkpt lat="34.19027999974787" lon="-119.218759406358">
        <ele>7.58</ele>
      </trkpt>
      <trkpt lat="34.19027999974787" lon="-119.21847995370626">
        <ele>7.64</ele>
      </trkpt>
      <trkpt lat="34.19027999974787" lon="-119.21829999424517">
        <ele>7.71</ele>
      </trkpt>
      <trkpt lat="34.190276646986604" lon="-119.21798600815237">
        <ele>7.8</ele>
      </trkpt>
      <trkpt lat="34.190273294225335" lon="-119.21767210587859">
        <ele>7.87</ele>
      </trkpt>
      <trkpt lat="34.19026994146407" lon="-119.21735996380448">
        <ele>7.94</ele>
      </trkpt>
      <trkpt lat="34.19026994146407" lon="-119.21724999323487">
        <ele>8.0</ele>
      </trkpt>
      <trkpt lat="34.190264912322164" lon="-119.21688923612237">
        <ele>8.06</ele>
      </trkpt>
      <trkpt lat="34.19025996699929" lon="-119.21652998775244">
        <ele>8.12</ele>
      </trkpt>
      <trkpt lat="34.19025996699929" lon="-119.21627450734377">
        <ele>8.18</ele>
      </trkpt>
      <trkpt lat="34.19025996699929" lon="-119.21601994894445">
        <ele>8.24</ele>
      </trkpt>
      <trkpt lat="34.19025996699929" lon="-119.21575608663261">
        <ele>8.3</ele>
      </trkpt>
      <trkpt lat="34.19025996699929" lon="-119.2154923081398">
        <ele>8.36</ele>
      </trkpt>
      <trkpt lat="34.19025996699929" lon="-119.21522995457053">
        <ele>8.42</ele>
      </trkpt>
      <trkpt lat="34.19025493785739" lon="-119.21487431041896">
        <ele>8.49</ele>
      </trkpt>
      <trkpt lat="34.19024999253452" lon="-119.21451992355287">
        <ele>8.55</ele>
      </trkpt>
      <trkpt lat="34.19024999253452" lon="-119.21433996409178">
        <ele>8.61</ele>
      </trkpt>
      <trkpt lat="34.19024999253452" lon="-119.21408616006374">
        <ele>8.68</ele>
      </trkpt>
      <trkpt lat="34.19024999253452" lon="-119.21383235603571">
        <ele>8.76</ele>
      </trkpt>
      <trkpt lat="34.19024999253452" lon="-119.21357997693121">
        <ele>8.83</ele>
      </trkpt>
      <trkpt lat="34.190244963392615" lon="-119.21327185817063">
        <ele>8.91</ele>
      </trkpt>
      <trkpt lat="34.19023993425071" lon="-119.21296382322907">
        <ele>8.97</ele>
      </trkpt>
      <trkpt lat="34.19023490510881" lon="-119.21265570446849">
        <ele>9.03</ele>
      </trkpt>
      <trkpt lat="34.19022995978594" lon="-119.21234993264079">
        <ele>9.09</ele>
      </trkpt>
      <trkpt lat="34.19022995978594" lon="-119.21213451772928">
        <ele>9.15</ele>
      </trkpt>
      <trkpt lat="34.19022995978594" lon="-119.21191994100809">
        <ele>9.21</ele>
      </trkpt>
      <trkpt lat="34.190224930644035" lon="-119.21156932599843">
        <ele>9.27</ele>
      </trkpt>
      <trkpt lat="34.190219985321164" lon="-119.21121996827424">
        <ele>9.33</ele>
      </trkpt>
      <trkpt lat="34.1902179736644" lon="-119.21090740710497">
        <ele>9.39</ele>
      </trkpt>
      <trkpt lat="34.19021596200764" lon="-119.21059476211667">
        <ele>9.44</ele>
      </trkpt>
      <trkpt lat="34.19021395035088" lon="-119.2102822009474">
        <ele>9.5</ele>
      </trkpt>
      <trkpt lat="34.19021193869412" lon="-119.2099695559591">
        <ele>9.55</ele>
      </trkpt>
      <trkpt lat="34.19020992703736" lon="-119.20965992845595">
        <ele>9.62</ele>
      </trkpt>
      <trkpt lat="34.19021495617926" lon="-119.20937444083393">
        <ele>9.68</ele>
      </trkpt>
      <trkpt lat="34.190219985321164" lon="-119.20908995904028">
        <ele>9.74</ele>
      </trkpt>
      <trkpt lat="34.19022995978594" lon="-119.2088595405221">
        <ele>9.78</ele>
      </trkpt>
      <trkpt lat="34.19023993425071" lon="-119.20862996019423">
        <ele>9.82</ele>
      </trkpt>
      <trkpt lat="34.19024999253452" lon="-119.20835444703698">
        <ele>9.85</ele>
      </trkpt>
      <trkpt lat="34.19025996699929" lon="-119.20807993970811">
        <ele>9.88</ele>
      </trkpt>
      <trkpt lat="34.19025996699929" lon="-119.20795999467373">
        <ele>9.91</ele>
      </trkpt>
      <trkpt lat="34.190256614238024" lon="-119.20763938687742">
        <ele>9.94</ele>
      </trkpt>
      <trkpt lat="34.190253261476755" lon="-119.2073187790811">
        <ele>9.96</ele>
      </trkpt>
      <trkpt lat="34.19024999253452" lon="-119.20699993148446">
        <ele>9.98</ele>
      </trkpt>
      <trkpt lat="34.19024999253452" lon="-119.20689993537962">
        <ele>10.0</ele>
      </trkpt>
      <trkpt lat="34.19024999253452" lon="-119.2066199798137">
        <ele>10.01</ele>
      </trkpt>
      <trkpt lat="34.19024999253452" lon="-119.20644999481738">
        <ele>10.02</ele>
      </trkpt>
      <trkpt lat="34.19024999253452" lon="-119.20623952522874">
        <ele>10.03</ele>
      </trkpt>
      <trkpt lat="34.19024999253452" lon="-119.20602997764945">
        <ele>10.04</ele>
      </trkpt>
      <trkpt lat="34.19023993425071" lon="-119.20585999265313">
        <ele>10.04</ele>
      </trkpt>
      <trkpt lat="34.19023993425071" lon="-119.2056595813483">
        <ele>10.04</ele>
      </trkpt>
      <trkpt lat="34.19023993425071" lon="-119.20545992441475">
        <ele>10.04</ele>
      </trkpt>
      <trkpt lat="34.19023993425071" lon="-119.20519991777837">
        <ele>10.03</ele>
      </trkpt>
      <trkpt lat="34.19023498892784" lon="-119.20487436465919">
        <ele>10.03</ele>
      </trkpt>
      <trkpt lat="34.19022995978594" lon="-119.20454998500645">
        <ele>10.02</ele>
      </trkpt>
      <trkpt lat="34.19022995978594" lon="-119.20433993451297">
        <ele>10.01</ele>
      </trkpt>
      <trkpt lat="34.19022995978594" lon="-119.20424999669194">
        <ele>10.0</ele>
      </trkpt>
      <trkpt lat="34.19022995978594" lon="-119.20398999005556">
        <ele>9.98</ele>
      </trkpt>
      <trkpt lat="34.19022995978594" lon="-119.20376451686025">
        <ele>9.97</ele>
      </trkpt>
      <trkpt lat="34.19022995978594" lon="-119.20353996567428">
        <ele>9.96</ele>
      </trkpt>
      <trkpt lat="34.19022660702467" lon="-119.20324609614909">
        <ele>9.94</ele>
      </trkpt>
      <trkpt lat="34.1902232542634" lon="-119.20295214280486">
        <ele>9.93</ele>
      </trkpt>
      <trkpt lat="34.190219985321164" lon="-119.2026599496603">
        <ele>9.91</ele>
      </trkpt>
      <trkpt lat="34.190216632559896" lon="-119.20233934186399">
        <ele>9.9</ele>
      </trkpt>
      <trkpt lat="34.19021327979863" lon="-119.20201873406768">
        <ele>9.88</ele>
      </trkpt>
      <trkpt lat="34.19020992703736" lon="-119.20169997029006">
        <ele>9.87</ele>
      </trkpt>
      <trkpt lat="34.19020665809512" lon="-119.2013459187001">
        <ele>9.86</ele>
      </trkpt>
      <trkpt lat="34.19020330533385" lon="-119.20099195092916">
        <ele>9.85</ele>
      </trkpt>
      <trkpt lat="34.190199952572584" lon="-119.20063999481499">
        <ele>9.84</ele>
      </trkpt>
      <trkpt lat="34.190196599811316" lon="-119.20036942698061">
        <ele>9.84</ele>
      </trkpt>
      <trkpt lat="34.19019324705005" lon="-119.20009894296527">
        <ele>9.81</ele>
      </trkpt>
      <trkpt lat="34.19018997810781" lon="-119.1998299676925">
        <ele>9.82</ele>
      </trkpt>
      <trkpt lat="34.19018997810781" lon="-119.19950600713491">
        <ele>9.86</ele>
      </trkpt>
      <trkpt lat="34.19018997810781" lon="-119.19918204657733">
        <ele>9.86</ele>
      </trkpt>
      <trkpt lat="34.19018997810781" lon="-119.19885993003845">
        <ele>9.85</ele>
      </trkpt>
      <trkpt lat="34.19018595479429" lon="-119.1985032800585">
        <ele>9.89</ele>
      </trkpt>
      <trkpt lat="34.190181931480765" lon="-119.19814663007855">
        <ele>9.93</ele>
      </trkpt>
      <trkpt lat="34.19017790816724" lon="-119.19778989627957">
        <ele>9.95</ele>
      </trkpt>
      <trkpt lat="34.19017396867275" lon="-119.19743324629962">
        <ele>9.98</ele>
      </trkpt>
      <trkpt lat="34.19016994535923" lon="-119.19707994908094">
        <ele>10.02</ele>
      </trkpt>
      <trkpt lat="34.19016659259796" lon="-119.19671927578747">
        <ele>10.06</ele>
      </trkpt>
      <trkpt lat="34.19016323983669" lon="-119.196358602494">
        <ele>10.1</ele>
      </trkpt>
      <trkpt lat="34.190159970894456" lon="-119.19599994085729">
        <ele>10.15</ele>
      </trkpt>
      <trkpt lat="34.190139938145876" lon="-119.19574999250472">
        <ele>10.21</ele>
      </trkpt>
      <trkpt lat="34.1901299636811" lon="-119.19552996754646">
        <ele>10.27</ele>
      </trkpt>
      <trkpt lat="34.19009995646775" lon="-119.19521992094815">
        <ele>10.35</ele>
      </trkpt>
      <trkpt lat="34.19007992371917" lon="-119.19493996538222">
        <ele>10.41</ele>
      </trkpt>
      <trkpt lat="34.190069949254394" lon="-119.19484994374216">
        <ele>10.46</ele>
      </trkpt>
      <trkpt lat="34.190069949254394" lon="-119.19469999149442">
        <ele>10.53</ele>
      </trkpt>
      <trkpt lat="34.19006492011249" lon="-119.1944745182991">
        <ele>10.59</ele>
      </trkpt>
      <trkpt lat="34.19005997478962" lon="-119.19424996711314">
        <ele>10.66</ele>
      </trkpt>
      <trkpt lat="34.19005997478962" lon="-119.19398945756257">
        <ele>10.74</ele>
      </trkpt>
      <trkpt lat="34.19005997478962" lon="-119.19372995384037">
        <ele>10.81</ele>
      </trkpt>
      <trkpt lat="34.19005997478962" lon="-119.1934644151479">
        <ele>10.89</ele>
      </trkpt>
      <trkpt lat="34.19005997478962" lon="-119.19319996610284">
        <ele>10.98</ele>
      </trkpt>
      <trkpt lat="34.19005494564772" lon="-119.19294448569417">
        <ele>11.07</ele>
      </trkpt>
      <trkpt lat="34.190049916505814" lon="-119.19268992729485">
        <ele>11.16</ele>
      </trkpt>
      <trkpt lat="34.190049916505814" lon="-119.19243444688618">
        <ele>11.25</ele>
      </trkpt>
      <trkpt lat="34.190049916505814" lon="-119.1921799723059">
        <ele>11.35</ele>
      </trkpt>
      <trkpt lat="34.190049916505814" lon="-119.19191946275532">
        <ele>11.45</ele>
      </trkpt>
      <trkpt lat="34.190049916505814" lon="-119.19165995903313">
        <ele>11.56</ele>
      </trkpt>
      <trkpt lat="34.190049916505814" lon="-119.19139944948256">
        <ele>11.68</ele>
      </trkpt>
      <trkpt lat="34.190049916505814" lon="-119.19113994576037">
        <ele>11.79</ele>
      </trkpt>
      <trkpt lat="34.19004497118294" lon="-119.19087449088693">
        <ele>11.89</ele>
      </trkpt>
      <trkpt lat="34.19003994204104" lon="-119.19060995802283">
        <ele>11.98</ele>
      </trkpt>
      <trkpt lat="34.19003994204104" lon="-119.19034944847226">
        <ele>12.07</ele>
      </trkpt>
      <trkpt lat="34.19003994204104" lon="-119.19008994475007">
        <ele>12.16</ele>
      </trkpt>
      <trkpt lat="34.19003491289914" lon="-119.18980940245092">
        <ele>12.28</ele>
      </trkpt>
      <trkpt lat="34.190029967576265" lon="-119.18952994979918">
        <ele>12.36</ele>
      </trkpt>
      <trkpt lat="34.19002493843436" lon="-119.18924940750003">
        <ele>12.43</ele>
      </trkpt>
      <trkpt lat="34.19001999311149" lon="-119.18896995484829">
        <ele>12.5</ele>
      </trkpt>
      <trkpt lat="34.19001496396959" lon="-119.18870441615582">
        <ele>12.56</ele>
      </trkpt>
      <trkpt lat="34.190009934827685" lon="-119.18843996711075">
        <ele>12.62</ele>
      </trkpt>
      <trkpt lat="34.190004989504814" lon="-119.18823955580592">
        <ele>12.68</ele>
      </trkpt>
      <trkpt lat="34.18999996036291" lon="-119.18803998269141">
        <ele>12.73</ele>
      </trkpt>
      <trkpt lat="34.18999996036291" lon="-119.18768928386271">
        <ele>12.78</ele>
      </trkpt>
      <trkpt lat="34.18999996036291" lon="-119.18733992613852">
        <ele>12.83</ele>
      </trkpt>
      <trkpt lat="34.18999660760164" lon="-119.18696927838027">
        <ele>12.87</ele>
      </trkpt>
      <trkpt lat="34.189993254840374" lon="-119.186598546803">
        <ele>12.92</ele>
      </trkpt>
      <trkpt lat="34.18998998589814" lon="-119.18622999452055">
        <ele>12.95</ele>
      </trkpt>
      <trkpt lat="34.18998998589814" lon="-119.18594442307949">
        <ele>12.99</ele>
      </trkpt>
      <trkpt lat="34.18998998589814" lon="-119.18565994128585">
        <ele>13.02</ele>
      </trkpt>
      <trkpt lat="34.18998998589814" lon="-119.18531930074096">
        <ele>13.06</ele>
      </trkpt>
      <trkpt lat="34.18998998589814" lon="-119.18497991748154">
        <ele>13.09</ele>
      </trkpt>
      <trkpt lat="34.18998998589814" lon="-119.18489995412529">
        <ele>13.12</ele>
      </trkpt>
      <trkpt lat="34.18998998589814" lon="-119.18464950285852">
        <ele>13.15</ele>
      </trkpt>
      <trkpt lat="34.18998998589814" lon="-119.1843999736011">
        <ele>13.17</ele>
      </trkpt>
      <trkpt lat="34.18998998589814" lon="-119.18417994864285">
        <ele>13.2</ele>
      </trkpt>
      <trkpt lat="34.18998998589814" lon="-119.18388993479311">
        <ele>13.23</ele>
      </trkpt>
      <trkpt lat="34.18998998589814" lon="-119.18368994258344">
        <ele>13.26</ele>
      </trkpt>
      <trkpt lat="34.18998663313687" lon="-119.18338601477444">
        <ele>13.29</ele>
      </trkpt>
      <trkpt lat="34.1899832803756" lon="-119.18308217078447">
        <ele>13.32</ele>
      </trkpt>
      <trkpt lat="34.18997992761433" lon="-119.18277991935611">
        <ele>13.35</ele>
      </trkpt>
      <trkpt lat="34.18997992761433" lon="-119.18254991993308">
        <ele>13.39</ele>
      </trkpt>
      <trkpt lat="34.18997992761433" lon="-119.18236996047199">
        <ele>13.42</ele>
      </trkpt>
      <trkpt lat="34.18997498229146" lon="-119.1821345128119">
        <ele>13.46</ele>
      </trkpt>
      <trkpt lat="34.18996995314956" lon="-119.18189998716116">
        <ele>13.5</ele>
      </trkpt>
      <trkpt lat="34.18995997868478" lon="-119.18155431747437">
        <ele>13.54</ele>
      </trkpt>
      <trkpt lat="34.18994992040098" lon="-119.18120998889208">
        <ele>13.6</ele>
      </trkpt>
      <trkpt lat="34.18994992040098" lon="-119.18092944659293">
        <ele>13.64</ele>
      </trkpt>
      <trkpt lat="34.18994992040098" lon="-119.18064999394119">
        <ele>13.67</ele>
      </trkpt>
      <trkpt lat="34.18994992040098" lon="-119.18045955710113">
        <ele>13.71</ele>
      </trkpt>
      <trkpt lat="34.18994992040098" lon="-119.18026995845139">
        <ele>13.75</ele>
      </trkpt>
      <trkpt lat="34.1899399459362" lon="-119.18012998066843">
        <ele>13.78</ele>
      </trkpt>
      <trkpt lat="34.1899399459362" lon="-119.17976997792721">
        <ele>13.84</ele>
      </trkpt>
      <trkpt lat="34.1899399459362" lon="-119.17956998571754">
        <ele>13.87</ele>
      </trkpt>
      <trkpt lat="34.1899349167943" lon="-119.1793645452708">
        <ele>13.89</ele>
      </trkpt>
      <trkpt lat="34.18992997147143" lon="-119.17915994301438">
        <ele>13.91</ele>
      </trkpt>
      <trkpt lat="34.18992997147143" lon="-119.17893991805613">
        <ele>13.93</ele>
      </trkpt>
      <trkpt lat="34.18992997147143" lon="-119.17872995138168">
        <ele>13.95</ele>
      </trkpt>
      <trkpt lat="34.18992997147143" lon="-119.17842996306717">
        <ele>13.96</ele>
      </trkpt>
      <trkpt lat="34.18993500061333" lon="-119.17822460643947">
        <ele>13.98</ele>
      </trkpt>
      <trkpt lat="34.1899399459362" lon="-119.17801992036402">
        <ele>13.99</ele>
      </trkpt>
      <trkpt lat="34.1899399459362" lon="-119.17793995700777">
        <ele>14.0</ele>
      </trkpt>
      <trkpt lat="34.1899399459362" lon="-119.17775999754667">
        <ele>14.01</ele>
      </trkpt>
      <trkpt lat="34.18992997147143" lon="-119.1775499470532">
        <ele>14.02</ele>
      </trkpt>
      <trkpt lat="34.18990993872285" lon="-119.177419943735">
        <ele>14.03</ele>
      </trkpt>
      <trkpt lat="34.18990935198963" lon="-119.17741742916405">
        <ele>14.04</ele>
      </trkpt>
      <trkpt lat="34.18964993208647" lon="-119.17721995152533">
        <ele>14.04</ele>
      </trkpt>
      <trkpt lat="34.18951012194157" lon="-119.17709506116807">
        <ele>14.05</ele>
      </trkpt>
      <trkpt lat="34.18936997652054" lon="-119.17696991935372">
        <ele>14.05</ele>
      </trkpt>
      <trkpt lat="34.189319936558604" lon="-119.17690998874605">
        <ele>14.05</ele>
      </trkpt>
      <trkpt lat="34.189169984310865" lon="-119.17671997100115">
        <ele>14.05</ele>
      </trkpt>
      <trkpt lat="34.18909999541938" lon="-119.17662994936109">
        <ele>14.05</ele>
      </trkpt>
      <trkpt lat="34.18904995545745" lon="-119.17656993493438">
        <ele>14.05</ele>
      </trkpt>
      <trkpt lat="34.18898994103074" lon="-119.17648997157812">
        <ele>14.05</ele>
      </trkpt>
      <trkpt lat="34.18885499238968" lon="-119.17631001211703">
        <ele>14.04</ele>
      </trkpt>
      <trkpt lat="34.188719959929585" lon="-119.1761299688369">
        <ele>14.04</ele>
      </trkpt>
      <trkpt lat="34.188699927181005" lon="-119.17611999437213">
        <ele>14.04</ele>
      </trkpt>
      <trkpt lat="34.18862993828952" lon="-119.1760199982673">
        <ele>14.03</ele>
      </trkpt>
      <trkpt lat="34.18863044120371" lon="-119.17602234520018">
        <ele>14.04</ele>
      </trkpt>
      <trkpt lat="34.18874996714294" lon="-119.17594992555678">
        <ele>14.06</ele>
      </trkpt>
      <trkpt lat="34.18880998156965" lon="-119.1758899949491">
        <ele>14.06</ele>
      </trkpt>
      <trkpt lat="34.188889944925904" lon="-119.17579997330904">
        <ele>14.06</ele>
      </trkpt>
      <trkpt lat="34.18888885527849" lon="-119.17579553090036">
        <ele>14.05</ele>
      </trkpt>
      <trkpt lat="34.18898994103074" lon="-119.17579997330904">
        <ele>14.05</ele>
      </trkpt>
      <trkpt lat="34.18911994434893" lon="-119.17597993277013">
        <ele>14.05</ele>
      </trkpt>
      <trkpt lat="34.18911793269217" lon="-119.17597599327564">
        <ele>14.05</ele>
      </trkpt>
    </trkseg>
  </trk>
</gpx>
